unit_id,video_file,language,tradition,unit_index,text,char_start,char_end,time_start,time_end,n_words
kn_gita-1st_video_0000,gita-1st_video,kn,Dvaita,0,"ಹರಿಹಿ ಓಂ ಸಂಜಯ ಧೃತರಾಷ್ಟ್ರನ ಮುಂದೆ ಯುದ್ಧದ ಆರಂಭದಲ್ಲಿ ಶ್ರೀಕೃಷ್ಣನನ್ನು ಸಾರಥ್ಯದಲ್ಲಿ ನಿಲ್ಲಿಸಿ ಅರ್ಜುನ ಎಷ್ಟು ಉತ್ಸಾಹದಿಂದ ರಣರಂಗಕ್ಕೆ ಪ್ರವೇಶ ಮಾಡಿದನೋ ಅಷ್ಟು. ಅಷ್ಟೇ ನಿರುತ್ಸಾಹಗೊಂಡು ಯುದ್ಧದ ಅನರ್ಥಗಳನ್ನು ಶ್ರೀಕೃಷ್ಣನ ಮುಂದೆ ಹೇಳಿ ಶತ್ರುಗಳಿಂದ ನಾನು ಸಾಯೋದೇ ಲೇಸು ಈ ಯುದ್ಧ ಬೇಡ ಅಂತ. ಶಸ್ತ್ರವನ್ನು ಕೆಳಗಡೆ ಇಟ್ಟು ರಥದಲ್ಲಿ ಕೂತ. ಎಲ್ಲಿವರೆಗೆ ಹಠ ತಾಳಿದ್ದ ಅಂದ್ರೆ ಘ್ರತೋಪಿ ಮಧುಸೂದನ. ನಾನು ಶತ್ರು ಈ ಯುದ್ಧ ಮಾಡೋದಿಲ್ಲ. ಈ ಮನೋಭಾವ ಇದ್ದವರಿಗೆ ಶ್ರೀಕೃಷ್ಣ ಎಷ್ಟು ಉಪದೇಶ ಮಾಡಿದರು ಅದು ಮನಸ್ಸಿನ ಒಳಗಡೆ ಇಳಿಯುವುದಿಲ್ಲ. ವಿದ್ಯಾರ್ಥಿ ತರಗತಿಗೆ ಬಂದು ಇವತ್ತು ಅಧ್ಯಾಪಕರು ಹೇಳಿದ್ದನ್ನ ನಾನು ಒಪ್ಪೋದಿಲ್ಲ, ಏನು ಹೇಳಿದ್ರು ಅದಕ್ಕೆ ವಿರುದ್ಧವಾಗಿ ಪ್ರಶ್ನೆ ಮಾಡ್ತೇನೆ. ಅನ್ನೋ ಪೂರ್ವಗ್ರಹ ಪೀಡಿತನಾಗಿ ತರಗತಿಯ ಒಳಗೆ ಪ್ರವೇಶ ಮಾಡಿದ್ರೆ ಅಧ್ಯಾಪಕರು ಹೇಳಿದ್ದು ಅವನಿಗೆ ಅರ್ಥವಾಗೋದಿಲ್ಲ. ಕಿವಿ ಕೇಳಿಸುತ್ತೆ, ಮನಸ್ಸಲ್ಲಿ ಉಳಿಯೋದಿಲ್ಲ. ಹೀಗಾಗಿ ತನ್ನದೇ ದೃಷ್ಟಿಯಿಂದ ಯುದ್ಧದ ಪರಿಣಾಮವನ್ನ ವಿವೇಚಿಸಿ ನಾನು ಶತ್ರು ಯುದ್ಧ ಮಾಡಲ್ಲ ಅಂತ ಹಠ ತೊಟ್ಟು ಕೂತ ಅರ್ಜುನನಿಗೆ.",0,801,,,103
kn_gita-1st_video_0001,gita-1st_video,kn,Dvaita,1,"ಶ್ರೀಕೃಷ್ಣ ಎಷ್ಟು ಉಪದೇಶ ಮಾಡಿದ್ರು ಅದು ಮನಸ್ಸಿನ ಒಳಗೆ ಹಿಡಿಯೋದಿಲ್ಲ. ಅದಕ್ಕಾಗಿ ಉಪದೇಶ ಮಾಡುವ ಮೊದಲು ತಾನು ಯಾರನ್ನು ಕುರಿತು ಉಪದೇಶ ಮಾಡುತ್ತೇನೋ ಅರ್ಜುನನಿಗೆ ಅವನ ಮನೋಭಾವ ನಾನು ಹೇಳಿದ ಉಪದೇಶವನ್ನು ಗ್ರಹಿಸುವಂತೆ ಮಾಡಬೇಕು. ಅವನ ಮನಸ್ಸು ಅದಕ್ಕೆ ಅಣಿಯಾಗಬೇಕು, ಸಿದ್ಧವಾಗಬೇಕು. ಅರ್ಜುನನ ಮನಸ್ಸನ್ನ ಸಿದ್ಧಗೊಳಿಸುವ ದೃಷ್ಟಿಯಿಂದ ಶ್ರೀಕೃಷ್ಣ ಒಂದೆರಡು ಕಟು ಮಾತುಗಳನ್ನ ಆಡ್ತಾನೆ ಅರ್ಜುನನಿಗೆ. ಅಲ್ಲಿಂದ ದ್ವಿತೀಯ ಅಧ್ಯಾಯ ಆರಂಭ ಆಗುತ್ತೆ. ಮೊದಲು ಸಂಜಯನ ಮಾತು. ಶ್ರೀಕೃಷ್ಣನ ಮಾತಿಗೆ ಪೀಠಿಕೆಯಾಗಿ ವ್ಯಾಸರು ಸಂಜಯನ ಮಾತನ್ನ ಉಲ್ಲೇಖ ಮಾಡ್ತಾರೆ. ಸಂಜಯ ಉವಾಚ ತಂ ತಥಾ ಕೃಪಯಾವಿಷ್ಟಂ ಅಶ್ರುಪೂರ್ಣಾ ಆಕುಲೇಕ್ಷಣಂ ವಿಷೀದಂತಮಿದಂ ವಾಕ್ಯಂ ಉವಾಚ ಮಧುಸೂದನಃ ಪದ ವಿಭಾಗ ತಂ ತಥಾ ಕೃಪಯಾ ಆವಿಷ್ಟಂ ಅಶ್ರುಪೂರ್ಣ ಆಕುಲ ಈಕ್ಷಣಂ ವಿಷೀದಂತಂ ಇದಂ ವಾಕ್ಯಂ ಉವಾಚ ಮಧುಸೂದನಃ ಅರ್ಜುನನಿಗೆ ಎರಡು ವಿಶೇಷಣಗಳನ್ನು ಸಂಜೆ ಕೊಟ್ಟಿದ್ದಾನೆ. ಒಂದು ಕೃಪಯಾವಿಷ್ಟಂ ಕೃಪೆಯ ಆವೇಶಕ್ಕೆ ಒಳಗಾದವನು. ಅಶ್ರು ಪೂರ್ಣ ಆಕುಲ ಈ ಕ್ಷಣಂ. ಈ ಕ್ಷಣ ಅಂದ್ರೆ ದರ್ಶನ ಕಣ್ಣಿಂದ ನೋಡೋದು.",802,1574,,,102
kn_gita-1st_video_0002,gita-1st_video,kn,Dvaita,2,"ಅವನ ಕಣ್ಣು ಏನಾಗಿದೆ ಅಂದ್ರೆ ಅಶ್ರು ಪೂರ್ಣ. ಕಣ್ಣೀರಿಂದ ತುಂಬಿದೆ. ಅಶ್ರು ಅಂದ್ರೆ ಕಣ್ಣೀರು. ಅಶ್ರು ಪೂರ್ಣ ಈ ಕ್ಷಣ. ಅವನ ನೋಟ, ಅವನ ಕಣ್ಣು ಕಣ್ಣೀರಿಂದ ತುಂಬಿದೆ. ಕಣ್ಣು ನೀರಿನಿಂದ ತುಂಬಿದ್ರೆ ಎದುರುಗಡೆ ಇದ್ದರೂ ನಮಗೆ ಕಾಣಿಸೋದಿಲ್ಲ. ಕಾಣಿಸಿದ್ರು ಇದು ಇಂಥದ್ದು ಅಂತ ಗುರುತಿಸುವ ಸಾಮರ್ಥ್ಯ ಮನಸ್ಸು ಕಡೆದುಕೊಳ್ಳುತ್ತದೆ. ಹೀಗೆ ಅಶ್ರು ಪೂರ್ಣ ವಾದ್ರಿಂದ ಆಕುಲ ಗಲಿಬಿಲಿಗೊಂಡ ಈ ಕ್ಷಣ. ಏನು ಮಾಡಬೇಕು, ಏನು ಮಾಡಬಾರದು. ಎಲ್ಲಿದ್ದೇನೆ, ಏನು ಮಾಡಬೇಕಾಗಿದೆ. ಈ ವಿವೇಚನೆಯನ್ನ ಕಳೆದುಕೊಂಡ ದೃಷ್ಟಿ ಅರ್ಜುನನದು. ಅಶ್ರು ಪೂರ್ಣ ಆಕುಲ ಈ ಕ್ಷಣಂ. ಯಾಕೆ ಈ ಸ್ಥಿತಿಗೆ ಒಳಗಾಗಿದ್ದಾನೆ ಅಂದ್ರೆ ಕೃಪಯಾವಿಷ್ಟಂ. ಇದು ಒಂದು ಹೊಸ ಯುದ್ಧದ ಸನ್ನಿವೇಶ. ನಿವಾತ ಕವಚರೊಂದಿಗೆ ಯುದ್ಧ ಆಡಿದ್ದ ಆತ. ಉತ್ತರ ಗೋಗ್ರಹಣ ಕಾಲದಲ್ಲಿ ಇದೇ ಭೀಷ್ಮ ದ್ರೋಣರೊಂದಿಗೆ ಹೋರಾಡಿದ್ದ. ಆದರೆ ಇವತ್ತು ಗುರುಗಳು, ಹಿರಿಯರು, ಸಂಬಂಧಿಗಳು ಇನ್ನೇನು ಯುದ್ಧ ಆರಂಭವಾದರೆ ಅವರ ಮೈ ಚುಚ್ಚಬೇಕು, ಅವರು ಸಾಯಬೇಕು. ಇಂಥ ಬಂಧುಗಳ ವಿರುದ್ಧವಾಗಿ ನಿರ್ಣಾಯಕ ಯುದ್ಧವನ್ನು ಆಡೋದಕ್ಕೆ ನಿಂತಿದ್ದಾನೆ ಅರ್ಜುನ.",1575,2355,,,105
kn_gita-1st_video_0003,gita-1st_video,kn,Dvaita,3,ಈ ಸಂದರ್ಭದಲ್ಲಿ ಸಹಜವಾಗಿ ಅವನಿಗೆ ವೈರದ ಕೆಚ್ಚು ಮೂಡುವ ಬದಲು ಕಾರ್ಪಣ್ಯ ಕೃಪೆ ಮೂಡಿದೆ. ಹೀಗೆ ಕೃಪಯಾ ಆವಿಷ್ಟಂ ಬಂಧುಗಳ ಮೇಲೆ ಕೃಪೆಗೆ ಒಳಗಾದ ಆದ್ದರಿಂದಲೇ ಅಶ್ರು ಪೂರ್ಣ ಆಕುಲ ಈಕ್ಷಣಂ ತಂ ಅವನನ್ನು. ಇದರಿಂದ ಒಳಗಿನ ಪರಿಣಾಮ ಏನಾಗಿದೆ ಅಂದ್ರೆ ವಿಷೀದಂತಂ. ವಿಷಾದ ಅಂದ್ರೆ ಶ್ರೀ ಟೀಕಾಕೃತ್ಪಾದರು ಹೇಳ್ತಾರೆ ಎನ್ ಮನೋದೌರ್ಬಲ್ಯಂ. ಬಂಧುಗಳ ಮೇಲಿನ ಸ್ನೇಹದಿಂದ ಬಾಂಧವ್ಯದ ವ್ಯಾಮೋಹದಿಂದ ಏನು ಮಾಡಬೇಕು ಏನು ಮಾಡಬಾರದು. ಅನ್ನುವ ವಿವೇಚನೆಯನ್ನ ಕಳೆದುಕೊಂಡು ದುರ್ಬಲವಾದ ಮನಸ್ಸನ್ನ ಹೊಂದಿರುವುದೇ ವಿಷಾದ. ವಿಷೀದಂತಂ. ಇಂತಹ ಮನೋದೌರ್ಬಲ್ಯಕ್ಕೆ ಒಳಗಾಗಿರುವ ತಂ ಅರ್ಜುನನನ್ನು ಮಧುಸೂದನಃ ಅವನು ಕೃಷ್ಣ. ಅವನು ಲೋಕ ರಕ್ಷಣೆಗಾಗಿ ಇರುವವ. ಲೋಕ ರಕ್ಷಣೆಯ ಭಾರವನ್ನು ಹೊತ್ತ ದೇವ ದೇವ ಕೆಲವೊಮ್ಮೆ ಸಮಾಜಕ್ಕೆ ಅಹಿತವನ್ನು ಉಂಟುಮಾಡುವ. ದುಷ್ಟರನ್ನು ಸಂಹಾರ ಮಾಡಲೇಬೇಕು. ಆದ್ದರಿಂದ ಶಿಷ್ಟ ರಕ್ಷಣೆಯ ಒಂದು ಭಾಗ ದುಷ್ಟ ಶಿಕ್ಷಣ. ಆದ್ದರಿಂದ ಅವನು ಮಧುಸೂದನ. ಲೋಕ ಕಂಟಕನೆನಿಸಿದ ಮಧು ಎಂಬ ದೈತ್ಯನನ್ನು ನಾಶ ಮಾಡಿದ ಮಹಾತ್ಮ. ಹೀಗಾಗಿ ಅರ್ಜುನನ ತಲೆ ಯಾವುದೇ ಗಲಿಬಿಲಿಗೆ ಒಳಗಾಗಲಿಲ್ಲ.,2356,3139,,,104
kn_gita-1st_video_0004,gita-1st_video,kn,Dvaita,4,ಸಜ್ಜನರಿಗೆ ತೊಂದರೆ ಕೊಡುವ ಮಧು ಮುಂತಾದ ರಾಕ್ಷಸರನ್ನ ನಿರ್ದಾಕ್ಷಿಣ್ಯವಾಗಿ ಆತ ಸಂಹರಿಸಿದ ವ್ಯಕ್ತಿ. ಆದ್ದರಿಂದ ಅರ್ಜುನನಿಗೆ ಉಪದೇಶ ಮಾಡುವ ಅರ್ಹತೆ ಪೂರ್ಣ ಶ್ರೀಕೃಷ್ಣನಲ್ಲಿದೆ. ಉವಾಚ ಮಧುಸೂದನಃ ಹೀಗೆ ಕೃಪೆಯಿಂದ. ಮನೋದೌರ್ಬಲ್ಯಕ್ಕೆ ಒಳಗಾಗಿ ಶೋಕದಿಂದ ಕಣ್ಣು ಮಬ್ಬಾದ ಅರ್ಜುನನನ್ನು ಕುರಿತು ಮಧುಸೂದನನಾದ ಶ್ರೀಕೃಷ್ಣ ಉವಾಚ ಹೇಳಿದ. ಉಪದೇಶ ಮಾಡಿದ ಅಂತ ಹೇಳುವುದಿಲ್ಲ ಉವಾಚ. ಒಂದೆರಡು ಮಾತುಗಳನ್ನು ಹೇಳುತ್ತಾನೆ ಶ್ರೀಕೃಷ್ಣ ಅಷ್ಟೇ. ಮತ್ತ ಈ ಶ್ಲೋಕ ಸಂಜಯ ಉವಾಚ ತಂ ತಥಾ ಕೃಪಯಾವಿಷ್ಟಂ ಅಶ್ರುಪೂರ್ಣಾಕುಲೇಕ್ಷಣಂ ವಿಷೀದಂತಮಿದಂ ವಾಕ್ಯಂ ಉವಾಚ ಮಧುಸೂದನಃ ಶ್ರೀ ಭಗವಾನುವಾಚ ಪ್ರಥಮ ಅಧ್ಯಾಯದಲ್ಲಿ ಧೃತರಾಷ್ಟ್ರ ಉವಾಚ ಸಂಜಯ ಉವಾಚ ಅರ್ಜುನ ಉವಾಚ ಕೃಷ್ಣ ಉವಾಚ ಆದರೆ ಕೃಷ್ಣ ಉವಾಚ ಅಂತ ಒಂದು ಪ್ರತ್ಯೇಕ ಭಾಗ ಬರಲಿಲ್ಲ. ಸಮವೇತಾನ್ ಕುರು ನಿಧಿ ಅಂತ ಕೃಷ್ಣ ಹೇಳಿದ್ದಾನೆ ಅಲ್ಲಿ ಮಾತು. ಆದರೆ ಇಲ್ಲಿ ಇವಾಗ ಕೃಷ್ಣಾರ್ಜುನ ಸಂವಾದ ಅಷ್ಟೇ. ಶ್ರೀ ಭಗವಾನುಮಾಚ. ಕುತಸ್ತ್ವಾ ಕಷ್ಪಲಮಿದಂ ವಿಷಮೇ ಸಮುಪಸ್ಥಿತಂ ಅನಾರ್ಯಜುಷ್ಟಂ ಅಸ್ವರ್ಗ್ಯಂ ಅಕೀರ್ತಿಕರಮರ್ಜುನಾ ಪದವಿಭಾಗ ಕುತಃ ತ್ವಾ ಕಶ್ಮಲಂ ಇದಂ ವಿಷಮೇ ಸಮುಪಸ್ಥಿತಂ ಅನಾರ್ಯಜುಷ್ಟಂ ಅಸ್ವರ್ಗ್ಯಂ ಅಕೀರ್ತಿಕರಂ ಅರ್ಜುನಾ ವಿಷಮೇ ಅರ್ಜುನಾ ವಿಷಮೇ ಇಂತಹ ಸಂದಿಗ್ಧ ಪರಿಸ್ಥಿತಿಯಲ್ಲಿ ಇದು ನಿನ್ನ ಈ ಶೋಕಕ್ಕೆ ಯೋಗ್ಯವಾದ ಸಮಯ ಅಲ್ಲ.,3140,4080,,,122
kn_gita-1st_video_0005,gita-1st_video,kn,Dvaita,5,ಇದೇ ಮಾತನ್ನ ನಿನ್ನೆಯೋ ಮೊನ್ನೆಯೋ ಹೇಳಿದರೆ ಅದು ಸರಿಯಾಗ್ತಿತ್ತೋ ಏನೋ. ನೀನು ಯುದ್ಧ ಮಾಡುತ್ತೇನೆ ಅಂತ ತೀರ್ಮಾನ ಮಾಡಿ. ಸೈನ್ಯವನ್ನ ಜಮಾವಣೆ ಮಾಡಿ ರಣರಂಗದಲ್ಲಿ ಬಂದು ನಿಂತಿದ್ದಿ. ಇದು ಹಿಂಜರಿಯುವ ಸಂದರ್ಭ ಅಲ್ಲ. ಆದ್ದರಿಂದ ವಿಷಮೆ ಈ ಸಂಕಟದ ಸಂದರ್ಭದಲ್ಲಿ. ಕಶ್ಮಲಂ ನಿನ್ನ ಮನಸ್ಸಿಗೆ ಒಂದು ಕೆಟ್ಟ ಕೊಳೆ ಕಶ್ಮಲ ಅನ್ನೋದಕ್ಕೆ ಕೊಳೆ ಅಂತ ಅರ್ಥ. ಕಶ್ಮಲಂ ವಿಷಮೇ ಸಮುಪಸ್ಥಿತಂ. ಬರಬಾರದ ಸಂದರ್ಭದಲ್ಲಿ ನಿನ್ನ ಮನಸ್ಸಿಗೆ ಇದೊಂದು ಕೊಳೆ ಅಂಟಿದೆ. ನಾವು ದೊಡ್ಡ ಒಂದು ಮದುವೆಗೋ ಸಮಾರಂಭಕ್ಕೋ ಸಮ್ಮಾನ ಸಮಾರಂಭಕ್ಕೋ ಹೋಗುವಾಗ ಒಳ್ಳೆ ವೇಷಭೂಷಣಗಳನ್ನು ತೊಟ್ಟು ಹೋಗ್ತೇವೆ. ಆ ಹಾಕಿದ ಅಂಗಿಯೋ ಮತ್ತೊಂದರಲ್ಲೋ ಒಂದು ದೊಡ್ಡ ಕಲೆ ಎದ್ದು ಕಾಣಿದ್ರೆ ಅದು ಆ ಸಂದರ್ಭಕ್ಕೆ ಉಚಿತ ಅಲ್ಲ. ಹಾಗೆ ಈ ಸಂಕಟದ ಸಂದರ್ಭದಲ್ಲಿ ಅನುಚಿತವಾದ ಒಂದು ಕಪ್ಪು ಕಲೆ ಸಮುಪಸ್ಥಿತಂ ನಿನ್ನಲ್ಲಿ ಬಂದಿದೆ. ಅದು ಎಂಥದ್ದು ಅಂದ್ರೆ ಅನಾರ್ಯಜುಷ್ಟಂ. ಸಜ್ಜನರು ಒಳಗಾಗುವಂತದ್ದಲ್ಲ ಜುಷ್ಟ ಅಂದ್ರೆ ಪ್ರಿಯ ಸೇವಿತ ಅಂತ ಅರ್ಥ. ಸಜ್ಜನರು ಒಪ್ಪದ ಸಜ್ಜನರಿಗೆ ಹಿತವಾಗದ ಅನಾರ್ಯ ಜುಷ್ಟಂ ಆರ್ಯರು ಅಂದ್ರೆ ಸಜ್ಜನರು.,4081,4865,,,108
kn_gita-1st_video_0006,gita-1st_video,kn,Dvaita,6,"ಈ ಆರ್ಯ ಶಬ್ದವನ್ನ ಒಂದು ಜನಾಂಗ ಎಂಬ ಅರ್ಥದಲ್ಲಿ ನಮ್ಮ ಆರ್ಷ ಸಾಹಿತ್ಯ ಪ್ರಯೋಗ ಮಾಡಲಿಲ್ಲ. ಆರ್ಯರು, ದ್ರಾವಿಡರು ಆ ಶಬ್ದ ಅಲ್ಲ ಇದು. ಆರ್ಯರು ಅಂದ್ರೆ ನೋಡಿ ಹಿಂದಿನ ಕಾಲದಲ್ಲಿ ಹೆಂಡತಿ ಗಂಡನನ್ನ ಕರೆಯೋದರೆ ಆರ್ಯಪುತ್ರ ಅಂತ. ಆರ್ಯ ಜನಾಂಗಕ್ಕೆ ಸೇರಿದವ ಅಂತ ಅರ್ಥ ಅಲ್ಲ. ಅಂದ್ರೆ ಆರ್ಯರು ಅಂದ್ರೆ ಸಜ್ಜನರು, ಪೂಜ್ಯರು. ಇದು ಆರ್ಯ ಜುಷ್ಟ ಅಲ್ಲ. ಸಜ್ಜನರು ಒಪ್ಪುವ ಮನೋಭಾವ ಅಲ್ಲ. ಅನಾರ್ಯ ಜುಷ್ಟ. ಅಂದ್ರೆ ಅನಾಗರಿಕರು, ಸಂಸ್ಕೃತಿ ಇಲ್ಲದವರು ಮಾಡಿಕೊಳ್ಳುವ ಮನೋಭಾವ ಇದು. ಅವರಿಗೆ ಪ್ರಿಯವಾಗುವ ಮನೋಭಾವ. ಅನಾರ್ಯ ಜುಷ್ಟಂ ಅಷ್ಟೇ ಅಲ್ಲ ಅಸ್ವರ್ಗ್ಯಂ. ಸ್ವರ್ಗ ಅಂದ್ರೆ ಸುಖ, ಅಸ್ವರ್ಗ ಅಂದ್ರೆ ಸುಖಕ್ಕೆ ವಿರುದ್ಧವಾದ ನರಕ, ಅಸ್ವರ್ಗ್ಯಂ ನರಕಕ್ಕೆ ಕಾರಣವಾದ. ನೀನು ಯುದ್ಧ ಮಾಡಿದ್ರೆ ನಾವು ನರಕಕ್ಕೆ ಬೀಳ್ತೇವೆ ಅಂತೆ, ನಿನ್ನ ಈ ಮನೋಭಾವ ಯುದ್ಧ ಮಾಡದೆ ಇರುವ ಮನೋಭಾವ ಏನಿದೆಯೋ ವಸ್ತುತಃ ವಿಚಾರ ಮಾಡಿದ್ರೆ ಅದೇ ನರಕಕ್ಕೆ ಕಾರಣ. ಅನಾರ್ಯಜುಷ್ಟಂ. ಸಜ್ಜನರು ಇದನ್ನು ಒಪ್ಪುವಂತದ್ದಲ್ಲ ಅವರಿಗೆ ಪ್ರಿಯವಾಗದ ನರಕಕ್ಕೆ ಕಾರಣವಾದ ಅಸ್ವರ್ಗ್ಯಂ ಅಷ್ಟೇ ಅಲ್ಲ ನಿನಗೆ ಸತ್ತ ಮೇಲೆ ಇದರಿಂದ ನರಕ ಅಷ್ಟೇ ಅಲ್ಲ ಅಕೀರ್ತಿಕರಂ.",4866,5683,,,115
kn_gita-1st_video_0007,gita-1st_video,kn,Dvaita,7,"ನೀನು ಬದುಕಿದಾಗಲೂ ಸತ್ತಾಗಲೂ ನಿನ್ನ ಕೀರ್ತಿಯನ್ನು ಹಾಳು ಮಾಡುವಂತಹ ಮನೋಭಾವ ಇದು. ಅಕೀರ್ತಿಕರಂ. ಅಲ್ಲಿಗೆ ಕಶ್ಮಲಕ್ಕೆ ಮೂರು ವಿಶೇಷಣ ಕೊಟ್ಟಿದ್ದಾನೆ ಶ್ರೀಕೃಷ್ಣ. ಒಂದು ಅನಾರ್ಯ ಜುಷ್ಟ, ಒಳ್ಳೆ ಸಜ್ಜನರಿಗೆ ಸಂತರಿಗೆ ಪ್ರಿಯವಾಗದ್ದು ಇದು. ಅಸ್ವರ್ಗ್ಯಂ ನರಕಕ್ಕೆ ಕಾರಣವಾದ ಮನೋಭಾವನೆ ಇದು ಈ ಕಶ್ಮಲ. ಅಕೀರ್ತಿಕರಂ. ಅರ್ಜುನ ಅಂದ್ರೆ ಇವತ್ತು ಎಲ್ಲ ಸಮಾಜದಲ್ಲಿ ಒಂದು ದೊಡ್ಡ ಸ್ಥಾನದಲ್ಲಿದ್ದಾನೆ. ಧಬ್ ಅಂತ ಬೀಳ್ತೀಯ ನೀನು ಅಲ್ಲಿಂದ. ನಿನಗೆ ಅಕೀರ್ತಿಯನ್ನು ಅಪಯಶಸ್ಸನ್ನು ಉಂಟುಮಾಡುವ ಅರ್ಜುನ ಕುತಸ್ತ್ವ ಕಶ್ಮಲಮಿದಂ ಸಮುಪಸ್ಥಿತಂ. ನಿನ್ನೆ ಮೊನ್ನೆ ಬರದೆ ಇಂತಹ ವಿಷಮ ಸನ್ನಿವೇಶದಲ್ಲಿ ಈ ಕಶ್ಮಲ ಕುತಃ ಹೇಗೆ ಬಂತು ತ್ವ ಅಂದ್ರೆ ನಿನಗೆ. ನಿನಗೆ ಈ ಕಶ್ಮಲ ವಿಷಮೇ ಕಥಂ ಸಮುಪಸ್ಥಿತಂ. ಹೇಗೆ ಬಂತು ಅರ್ಜುನ ನಾನು ನಿರೀಕ್ಷೆ ಮಾಡೇ ಇಲ್ವೋ ಅರ್ಜುನ. ಇಂತಹ ಯೋಚನೆಗೆ ಬಾರದ ಒಂದು ಕಶ್ಮಲ ದೌರ್ಬಲ್ಯ ನಿನ್ನ ಮನಸ್ಸಿಗೆ ಕುತಃ. ಆಶ್ಚರ್ಯಪಟ್ಟ ಅಂತ ಅರ್ಥ. ಅಂದ್ರೆ ಈ ಮಾತನ್ನ ಕೇಳಿದ ಕೂಡಲೇ ಕೃಷ್ಣನಿಗೆ ನಾನು ಹೇಳಿದ ಮಾತು ಅನಿರೀಕ್ಷಿತ.",5684,6431,,,103
kn_gita-1st_video_0008,gita-1st_video,kn,Dvaita,8,ನನ್ನಿಂದ ಈ ಮಾತನ್ನು ಅವನು ನಿರೀಕ್ಷೆ ಮಾಡಿರಲಿಲ್ಲ. ಅಂತಹ ಆಘಾತವನ್ನು ನಾನು ಕೃಷ್ಣನಿಗೆ ಉಂಟುಮಾಡಿದ್ದೇನೆ ಅಂತ ಈ ಒಂದು ಮಾತಿನಿಂದ. ಅರ್ಜುನನಿಗೆ ಅರ್ಥ ಆಗಬೇಕು ಎಂಥ ತಪ್ಪು ಮಾಡಿದ್ದೇನೆ ನಾನು ಅಂತ. ಮತ್ತೊಮ್ಮೆ ಶ್ಲೋಕ ಶ್ರೀ ಭಗವಾನುಮಾಚ ಕುತಸ್ತ್ವಾಕಶ್ಮಲಮಿದಂ ವಿಷಮೇ ಸಮುಪಸ್ಥಿತಂ. ಅನಾರ್ಯ ಜುಷ್ಟಂ ಅಸ್ವರ್ಗ್ಯಂ ಅಕೀರ್ತಿ ಕರಮರ್ಜುನಾ ಇಷ್ಟು ಹೇಳಿ ಒಂದು ಚಿವುಟುತ್ತಾನೆ ಅರ್ಜುನನಿಗೆ ನೋಡ್ರಿ ಕೃಷ್ಣ. ಕ್ಲೈವ್ಯಂ ವಾಸ್ಮಗಮಃ ಪಾರ್ಥ ನೈತತ್ವಯ್ಯುಪದ್ಯತೆ ಕ್ಷುದ್ರಂ ಹೃದಯ ದೌರ್ಬಲ್ಯಂ ತ್ಯಕ್ತೋತ್ತಿಷ್ಠ ಪರಂ ತಪಾ ಪದ ವಿಭಾಗ ಕ್ಲೈವ್ಯಂ ಮಾ ಸ್ಮ ಗಮಃ ಸ್ಮ ಅನ್ನೋದು ಅವ್ಯಯ. ಮಾ ಅನ್ನೋದು ನಿಷೇಧಾರ್ಥಕವಾದ ಒಂದು ಅವ್ಯಯ. ಗಮಃ ಗಮಃ ಅಂದ್ರೆ ಅಗಮಃ ಅಂತ ಆ ಸೇರಿಸಬೇಕು. ಪಾರ್ಥ ಸಂಬೋಧನೆ ನ ಏತತ್ ತ್ವಯಿ ಉಪಪದ್ಯತೆ ಕ್ಷುದ್ರಂ ಹೃದಯ ದೌರ್ಬಲ್ಯಂ ತ್ಯಕ್ತ್ವಾ ಉತ್ತಿಷ್ಠ ಪರಂ ತಪ ಒಳ್ಳೆ ಶಬ್ದ. ನಮ್ಮಲ್ಲಿ ಯಾರಾದರೂ ಮಾಡಿದ ಕೆಲಸಗಳೆಲ್ಲ ನಿಷ್ಫಲವಾಗೋದನ್ನ ನೋಡಿ ನಿರಾಶೆಯಿಂದ ತಲೆ ಮೇಲೆ ಕೈ ಇಟ್ಟು ಕೂತರೆ ತೆಕ್ತೋತ್ತಿಷ್ಠ ಪರಂತಪ ಅಂತ ಬಳಸುವ ಮಾತು ಇದು.,6432,7197,,,106
kn_gita-1st_video_0009,gita-1st_video,kn,Dvaita,9,"ಏ ಕ್ಷುಲ್ಲಕ ಇದನ್ನ ಬಿಡು. ಧೈರ್ಯವಾಗಿ ಮುನ್ನುಹೋಗುವಂತೆ. ಆ ಧಾಟಿಯಲ್ಲಿ ಕೃಷ್ಣನ ಚಾಟಿಯ ಏಟು ಇದೆ. ನೋಡಿ ಏನು ಮಾತಾಡ್ತಾನೆ ಅವನು ಅಂದ್ರೆ ಕ್ಲೈಬ್ಯಂಮಾಸ್ಮಗಮಹ ಪಾರ್ಥ ಪಾರ್ಥ. ಕ್ಲೀಬ ಅನ್ನೋ ಶಬ್ದಕ್ಕೆ ಸಂಸ್ಕೃತದಲ್ಲಿ ನಪುಂಸಕ ಅಂತ ಅರ್ಥ. ಹೆಣ್ಣು, ಗಂಡು, ಕ್ಲೀಬ. ನಮ್ಮಲ್ಲಿ ಪುಲ್ಲಿಂಗ, ಸ್ತ್ರೀಲಿಂಗ, ನಪುಂಸಕಲಿಂಗ ಅಂತ ಮೂರು ಶಬ್ದ ಇದೆ. ಕ್ಲೀಬ ಅಂತ ಅಂತೀವಿ ನಪುಂಸಕಲಿಂಗದ ಶಬ್ದಗಳಿಗೆ. ಕ್ಲೈವ್ಯ ಅಂದ್ರೆ ಕ್ಲೀವನ ಮನೋಭಾವ, ನಪುಂಸಕತನದ ಮನೋಭಾವ ಅಂತ ಶಬ್ದ ಕೊಡುವ ಅರ್ಥ. ಮಾಸ್ಮಗಮತ್ಪಾರ್ಥ. ನೇರವಾಗಿ ಇದನ್ನು ಹೇಳಿದರೆ ಅರ್ಜುನ ನಪುಂಸಕತನದ ಮನೋಭಾವವನ್ನು ಬಿಡು. ಈ ಮಾತನ್ನ ಕೃಷ್ಣ ಹೇಳಿದ. ಇದನ್ನ ಬೇರೆ ಯಾರಾದರೂ ಹೇಳಿದರೆ ಅರ್ಜುನನ ಪ್ರತಿಕ್ರಿಯೆ ಬೇರೆ ಇರ್ತಿತ್ತು. ಈ ಶಬ್ದವನ್ನು ಯಾರಿಂದಲೂ ಆಡಿಸಿಕೊಂಡವನಲ್ಲ ಅರ್ಜುನ. ಧೀರ, ಶೂರ, ಪರಾಕ್ರಮಿ. ಇದಕ್ಕೆ ವಿರುದ್ಧವಾದ ಶಬ್ದಗಳನ್ನು ಹೊಗಳಿಕೆಯ ಶಬ್ದಗಳನ್ನು ಕೇಳಿಸಿಕೊಂಡವನು. ಅರ್ಜುನನನ್ನ ಕ್ಲೀಬಾ ಅಂತ ಕರೆದವರು ಯಾರೂ ಇಲ್ಲ. ಆ ಮನಸ್ಸು ಯೋಚನೆಯೇ ಅರ್ಜುನನ ವ್ಯಕ್ತಿತ್ವಕ್ಕೆ ಶೋಭಿಸುವುದಿಲ್ಲ ಯಾರಿಗೂ ಅರ್ಜುನನ ಹಾಗೆ ಕರೆಯುವುದಕ್ಕೆ.",7198,7999,,,103
kn_gita-1st_video_0010,gita-1st_video,kn,Dvaita,10,"ಶ್ರೀಕೃಷ್ಣ ಕರೆದ ಪಾರ್ಥ ಕ್ಲೈಭ್ಯಂ ಮಾಸ್ಮಗಮಃ ನೀನು ಪಾರ್ಥನೋ? ಪಾರ್ಥ ಅಂದ್ರೆ ಪೃಥ್ವಿಯ ಮಗ. ಕುಂತಿಯ ಮಗ. ಕುಂತಿ ನಿನಗೆ ರಣರಂಗಕ್ಕೆ ಹೋಗುವ ಹಾಗೆ ಏನು ಸಂದೇಶ ಕಳಿಸಿದ್ದಾಳೆ ಅಂತ ವೀರೋಚಿತವಾದ ಸಂದೇಶವನ್ನು ಕೊಟ್ಟಿದ್ದಾಳೆ ಜ್ಞಾಪಿಸಿಕೋ. ಆ ತಾಯಿಯ ಮಗ ನೀನು. ನಪುಂಸಕತನವನ್ನ ತಾಳಬೇಡ. ನ ಏತತ್ ತ್ವೈ ಉಪಪದ್ಯತೆ. ಆ ನಪುಂಸಕತನ ಕ್ಲೈಭ್ಯ ಅದು ನಿನಗೆ ಒಪ್ಪುವಂತದ್ದಲ್ಲ. ಅರ್ಜುನ ಅಂದ್ರೆ ಏನು ಶೂರ? ಕ್ಲೈಬ್ಯ ಅಂದ್ರೆ ಎಂಥ ನೀಚವಾದ ಶಬ್ದ. ಈ ಭಾವ, ಈ ಕ್ಲೈಬ್ಯತನ, ನಪುಂಸಕತನ ತ್ವಯಿ ನ ಉಪಪದ್ಯತೆ. ನಿನಗೆ ಶೋಭಿಸುವುದಿಲ್ಲ. ನಿನಗೆ ಯುಕ್ತವಾಗುವುದಿಲ್ಲ ಅದು ಬೇರೆಯವರಿಗೆ ಹೋಗಬೇಕು ಹೊರತು ಪುಕ್ಕಲುತನ ಅನ್ನೋ ಹೆಸರು ಅದು ಅರ್ಜುನನಂತ ಧೀರನಿಗೆ ಬರಬಾರದು. ಆದ್ದರಿಂದ ಕ್ಷುದ್ರಂ ಹೃದಯ ದೌರ್ಬಲ್ಯಂ. ಈ ಹೃದಯದ ದೌರ್ಬಲ್ಯ, ಹೃದಯ ಅಂದ್ರೆ ಮನಸ್ಸು. ಮನಸ್ಸಿನ ದೌರ್ಬಲ್ಯ ಇದೆಯಲ್ಲ, ಎಂಥ ಉತ್ಸಾಹದಲ್ಲಿ ಇದಿಯೋ ನೀನು. ರಣರಂಗಕ್ಕೆ ಬಂದು ಶಂಖನಾದ ಮಾಡುವವರೆಗೂ ಯುದ್ಧದ ತಲ. ಉತ್ಸಾಹ, ಉನ್ಮಾದ ನಿನ್ನಲ್ಲಿತ್ತು.",8000,8727,,,100
kn_gita-1st_video_0011,gita-1st_video,kn,Dvaita,11,"ಅಷ್ಟು ಬೇಗ ಕುರುಗಳನ್ನ ಕಂಡ ಕೂಡಲೇ ಕೃಪಾವಿಷ್ಟನಾಗಿ ಮನೋದೌರ್ಬಲ್ಯಕ್ಕೆ ಒಳಗಾಗಿದ್ದಿ ಇದು ಕ್ಷುದ್ರ ನೀನು ಹೇಳಿದಂತೆ ಮಹಾ ಒಂದು ಮೇಧಾವಿತನದ ಪ್ರಜ್ಞಾವಾದ ಅಲ್ಲ ಅದು. ಅದರಿಂದ ಬಂದ ಮನೋದೌರ್ಬಲ್ಯ ಯಾವುದೋ ಇದು. ಕ್ಷುಲ್ಲಕವಾದ ಮನೋದೌರ್ಬಲ್ಯವನ್ನು ತ್ಯಕ್ತ್ವ ಬಿಟ್ಟು ಉತ್ತಿಷ್ಠ ಪರಂತಪ ಅರ್ಜುನ. ನಿನ್ನನ್ನ ಇವತ್ತಿನ ಸಮಾಜ ಹೇಳೋದೇ ಪರಂತಪ ಅಂತ. ಪರಂತಪ ಅಂದ್ರೆ ಪರ ಅಂದ್ರೆ ಶತ್ರುಗಳು. ಶತ್ರುಗಳಿಗೆ ತಾಪವನ್ನುಂಟು ಮಾಡುವವನು. ಅರ್ಜುನನ ಎದುರುಗಡೆ ಬಂದ ಯಾವ ಶತ್ರುವೂ ಕೂಡ ಅರ್ಜುನನನ್ನು ನಾನು ಗೆದ್ದೆ ಅಂತ ಹೇಳಿಕೊಂಡಿರುವ ಇತಿಹಾಸವೇ ಇಲ್ಲ. ಎಲ್ಲರೂ ನಿನ್ನಿಂದ ಸೋಲುಂಡು ಹೋದವರು. ಶತ್ರುಗಳಿಗೆ ತಾಪವನ್ನು ಉಂಟುಮಾಡುವ ಅರ್ಜುನನಲ್ಲಿ ಇವತ್ತು ಮನೋದೌರ್ಬಲ್ಯಕ್ಕೆ ಒಳಗಾಗಿ ಯುದ್ಧ ಆಡೋದಿಲ್ಲ ಅಂತ ಹೇಳುವ ದುರ್ಬಲ ಮನೋಭಾವದ ಅರ್ಜುನನಲ್ಲಿ. ಆದ್ದರಿಂದ ಕ್ಷುದ್ರಂ ಹೃದಯ ದೌರ್ಬಲ್ಯಂ ಮನೋ ದೌರ್ಬಲ್ಯ ತುಂಬಾ ಕ್ಷುದ್ರವಾದದ್ದು ಇದು. ಬಹಳ ಅಲ್ಪವಾದದ್ದು ಇದು. ತ್ಯಕ್ತ್ವ ಇದನ್ನು ಬಿಡು ನೀನು ಅಂದುಕೊಂಡಿರಬಹುದು ಯುದ್ಧದಿಂದ ದೊಡ್ಡ ಅನರ್ಥವನ್ನು ಹೇಳಿದ್ದೇನೆ. ಆದ್ದರಿಂದ. ಸಕಾರಣವಾಗಿ ನಾನು ಈ ಹಿಂಜರಿಕೆ ಅಂತ ಅಲ್ಲ, ಕ್ಷುದ್ರವಾದದ್ದು ಇದು, ಅಲ್ಪವಾದದ್ದು.",8728,9576,,,106
kn_gita-1st_video_0012,gita-1st_video,kn,Dvaita,12,"ತ್ಯಕ್ತ್ವ ಉತ್ತಿಷ್ಠ ಪರಂ ತಪ ಇದನ್ನ ದೂರ ಮಾಡು, ಯುದ್ಧೋತ್ಸಾಹದಿಂದ ಎದ್ದು ನಿಲ್ಲು. ಇದು ಕೃಷ್ಣ ಅರ್ಜುನನಿಗೆ ಕೊಟ್ಟ ಒಂದು ಚುಚ್ಚು ಮದ್ದು. ಕಿವಿ ಹಿಂಡಿದ ಮಕ್ಕಳು ತಪ್ಪು ಕೆಲಸ ಮಾಡಿ ಹೀಗೆ ಮಾಡಿದೆ ಅಂತ ಹೇಳ್ಕೊತಾವ ಅವರು. ನೀನು ಒಳ್ಳೆ ಕೆಲಸ ಮಾಡಿದ್ದಲ್ಲ ಅಂತ ತಂದೆ ಕಿವಿ ಹಿಣ್ಣಿದಾಗ ಓ ನಾನು ಮಾಡಿದ್ದು ತಪ್ಪು ಅಂತ ಅರ್ಥ ಆಗುತ್ತೆ. ಹಾಗೆ ಅರ್ಜುನ ನಾನೇನೋ ದೊಡ್ಡ ಉಪನ್ಯಾಸ ಮಾಡಿದೆ ಇದು ಕೃಷ್ಣನಿಗೆ ಮನವರಿಕೆ ಆಯಿತು ಅಂದ್ರೆ ಕೃಷ್ಣನ ಪ್ರತಿಕ್ರಿಯೆ ಕ್ಲೈಬ್ಯಂ. ಇದು ದೊಡ್ಡತನ ಅಲ್ಲ, ಇದು ನಪುಂಸಕತನ ಅಂತ. ಹೀಗೆ ಅರ್ಜುನನಿಗೆ ಚಿವಿಟಿದ. ಅವನು ಯುದ್ಧದಿಂದ ಹಿಂಜರಿಯೋದಕ್ಕೆ ದೊಡ್ಡ ದೊಡ್ಡ ಕಾರಣಗಳನ್ನು ಹೇಳಿದ್ದಾನೆ. ಇದು ತೋರಿಕೆಗೆ ಮುಂದಿಟ್ಟ ಕಾರಣ. ನಿಜವಾಗಿ ಅರ್ಜುನನ ಮನೋಭಾವ ಏನು ಅಂತ ಉಳಿದವರಿಗೆ ತಿಳಿಸುವ ಕಾರಣದಿಂದ ಈ ಕಟು ಮಾತನ್ನ ಚುಚ್ಚು ಮಾತನ್ನ ಅರ್ಜುನನಿಗೆ ಕೃಷ್ಣ ಹೇಳಿದ ಕ್ಲೈವ್ಯಂ. ಇದನ್ನು ಕೇಳಿದ ಕೂಡಲೇ ಅಷ್ಟು ದುಃಖಕ್ಕೆ ಒಳಗಾಗಿ ಮನೋಭಾವವನ್ನ ಕಳಚಿ ಕೂತ ಅರ್ಜುನ ತಟ್ಟ ಅಂತ ಎದ್ದು ನಿಂತ.",9577,10315,,,108
kn_gita-1st_video_0013,gita-1st_video,kn,Dvaita,13,"ಬೂದಿ ಮುಚ್ಚಿದ ಕೆಂಡ ಆದ. ಬೂದಿ ಹೋಯಿತು ಎದ್ದು ನಿಂತ. ತಾನು ಯಾತಕ್ಕೋಸ್ಕರ ಹಿಂಜರಿದಿದ್ದೇನೆ ಅಂತ ಇನ್ನೊಂದು ಮುಖವನ್ನು ತೋರಿಸಿದ. ಸ್ವಲ್ಪ ಮೆತ್ತಗಾದ. ಶಿಷ್ಯಸ್ತೇಹಂ ಶಾಧಿಮಾಂ ತ್ವಾಂ ಪ್ರಪನ್ನಂ ಅಂದ. ಕೃಷ್ಣ, ನನಗೆ ಏನು ಮಾಡಬೇಕು ಅಂತ ಗೊತ್ತಾಗ್ತಿಲ್ಲ. ನಾನು ನಿನ್ನ ಶಿಷ್ಯ, ನೀನು ಗುರು, ನೀನು ಹೇಳಿದಂಗೆ ಮಾಡುತ್ತೇನೆ. ಇವಾಗ ಆರಂಭ ಮಾಡು ಕೃಷ್ಣ ಗೀತೆಯನ್ನು. ಆರಂಭದಲ್ಲಿ ಶತ್ರು ಯುದ್ಧ ಆಡಲ್ಲ ಅಂತ ಕೂತಿದ್ದ. ಉಪದೇಶ ಕೊಟ್ರೆ ನಾಡೋಲ್ಲ ಆ ಸಂದರ್ಭದಲ್ಲಿ. ಯಾವತ್ತು ಈ ಚುಚ್ಚು ಮಾತನ್ನ ಕೇಳಿ ತನ್ನ ಒಳಭಾವವನ್ನ ಅರ್ಜುನ ಹೊರಗೆ ಹಾಕಿ ಶಿಷ್ಯಸ್ತೇಹಂ ನೀನು ಹೇಳಿದ್ದನ್ನ ಕೇಳ್ತೀನಿ ಮಾರಾಯ ಅಂತ ಶರಣಾಗತನಾದನೋ ಆವಾಗ ಕೃಷ್ಣ. ಗೀತೋಪದೇಶಕ್ಕೆ ಆರಂಭ ಮಾಡಿದ. ಹೀಗೆ ದ್ವಿತೀಯಾಧ್ಯಾಯದ ಈ ಆರಂಭದ ಕೆಲವು ಶ್ಲೋಕಗಳು ಅರ್ಜುನನ ದೌರ್ಬಲ್ಯವನ್ನ ಒಳಗಿನ ಕಾರಣ ಆ ದೌರ್ಬಲ್ಯಕ್ಕೆ ಹುಡುಕಿ ತೆಗೆದು ಅರ್ಜುನನ ಮನಸ್ಸನ್ನ ಉಪದೇಶಕ್ಕೆ ಅಣಿ ಮಾಡೋದು. ದೊಡ್ಡ ಒಂದು ಮನೋವಿಜ್ಞಾನ ಈ ಆರಂಭದಲ್ಲಿ ಸೇರಿಕೊಂಡಿದೆ ಭಗವದ್ಗೀತೆಯಲ್ಲಿ.",10316,11051,,,100
kn_gita-1st_video_0014,gita-1st_video,kn,Dvaita,14,ಮುಂದೆ ಅರ್ಜುನ ಇದಕ್ಕೆ ಏನು ಪ್ರತಿಕ್ರಿಯೆಯನ್ನು ನೀಡಿದ ಅನ್ನೋದನ್ನ ಮುಂದೆ ನೋಡೋಣ. ಮತ್ತೊಮ್ಮೆ ಶ್ಲೋಕ. ಕ್ಲೈಭ್ಯಂ ಮಾಸ್ಮಗಮಪಾರ್ಥ ನೈತತ್ವಯ್ಯುಪಪದ್ಯತೆ ಕ್ಷುದ್ರಂ ಹೃದಯ ದೌರ್ಬಲ್ಯಂ ತ್ಯಕ್ತೋತ್ತಿಷ್ಠ ಪರಂ ತಪಾ ಶ್ರೀ ಕೃಷ್ಣಾರ್ಪಣಂ ಈ ಗೀತೆಯ ಪ್ರತಿಪದಾರ್ಥ ನಿರೂಪಣೆಯ ಕಾರ್ಯಕ್ರಮಕ್ಕೆ ಸಹಕಾರವನ್ನು ನೀಡಿದ ಶ್ರೀಯುತ ಮುರಳೀಧರ ರಾಯರಿಗೆ ಭಗವದ್ಗೀತಾ ಪ್ರತಿಪಾದ್ಯನಾದ ಶ್ರೀಕೃಷ್ಣ ಅವನು ವಿಶೇಷ ಅನುಗ್ರಹವನ್ನು ನೀಡಲಿ ಶ್ರೀಕೃಷ್ಣಾರ್ಪಣಮಃ,11052,11407,,,40
kn_gita-2nd_video_0000,gita-2nd_video,kn,Dvaita,0,ಶ್ರೀ ಗುರುಭ್ಯೋ ನಮಃ ಹರಿಃ ಓಂ ಧರ್ಮಕ್ಷೇತ್ರೇ ಕುರುಕ್ಷೇತ್ರೇ ಸಮವೇತಾಯುಯುತ್ಸವಃ ಮಾಮಕಾ ಪಾಂಡವಾಶ್ಚೈವ ಕಿಮ ಕುರುವತ ಸಂಜಯ ಇದುವರೆಗೆ ಎರಡನೆಯ ಅಧ್ಯಾಯದಲ್ಲಿ ಮೂರು ಶ್ಲೋಕಗಳನ್ನು ಆ ಶ್ಲೋಕಗಳಲ್ಲಿ ಶ್ರೀಕೃಷ್ಣ ಅರ್ಜುನನ ಸ್ವಾಭಿಮಾನವನ್ನು ಕೆದಕಿ ಆಡಿದ ಮಾತುಗಳು. ಅವು ತುಂಬಿವೆ. ಕ್ಷುದ್ರಂ ಹೃದಯ ದೌರ್ಬಲ್ಯಂ ತ್ಯಕ್ತ್ವ ಉತ್ತಿಷ್ಠ ಧನಂಜಯ. ಇದು ಅರ್ಜುನನಿಗೆ ಶ್ರೀಕೃಷ್ಣ ಕೊಟ್ಟ ಬಿರುಸಾದ ಸಂದೇಶ. ಹೃದಯ ದೌರ್ಬಲ್ಯಂ ತ್ಯಕ್ತ್ವ ಉತ್ತಿಷ್ಠ ಇದು ನಿನ್ನ ಮನಸ್ಸಿನ ದೌರ್ಬಲ್ಯ ಅದನ್ನ ಬಿಟ್ಟು ಯುದ್ಧಕ್ಕೆ ಸಿದ್ಧನಾಗು ಅಂತ. ಅರ್ಜುನನನ್ನ ಕ್ಲೀಬಾ ಕ್ಲೀವ್ಯಂ ಮಾಸ್ಮ ಅನ್ನೋ ಮಾತಿನಿಂದ ಕೆಣಕಿ ಅವನ ನಿಜವಾದ ಭಾವವನ್ನು ಹೊರಹಾಕುವ ದೃಷ್ಟಿಯಿಂದ ಹಾಗೂ ಘ್ರತೋಪಿ ಮಧುಸೂದನ ನಾನು ಶತ್ರು ಈ ಯುದ್ಧದಲ್ಲಿ ತೊಡಗೋದಿಲ್ಲ ಅನ್ನೋ ಹಠವನ್ನು. ಕಡಿಮೆ ಮಾಡುವುದಕ್ಕೋಸ್ಕರ ಈ ಎರಡು ಉದ್ದೇಶಗಳಿಂದ ಶ್ರೀಕೃಷ್ಣ ಕೆಲವು ಮಾತುಗಳನ್ನ ಆಡಿದ. ಈಗ ಅರ್ಜುನನ ನಿಜವಾದ ಭಾವ ಹೊರಬಂತು. ಅದನ್ನ ಭಗವದ್ಗೀತೆಯ ಎರಡನೇ ಅಧ್ಯಾಯದ ನಾಲ್ಕನೇ ಶ್ಲೋಕದಲ್ಲಿ ವ್ಯಾಸರು ತಿಳಿಸಿದ್ದಾರೆ. ಅರ್ಜುನ ಉವಾಚಾ ಕಥಂ ಭೀಷ್ಮಮಹಂ ಸಂಖ್ಯೆ ದ್ರೋಣಂಚ ಮಧುಸೂದನ ಇಶುಭಿ ಪ್ರತಿಯೋತ್ಸ್ಯಾಮಿ ಪೂಜಾರ್ಹ ವರಿಸೂದನಾ ಪದವಿಭಾಗ ಕಥಂ ಭೀಷ್ಮಂ ಅಹಂ ಸಂಖ್ಯೆ ದ್ರೋಣಂ ಚ ಮಧುಸೂದನ ಇಶುಭಿಹಿ ಪ್ರತಿಯೋಶ್ಯಾಮಿ ಪೂಜಾರ್ಹೌ ಅರಿಸೂದನ ಮಧುಸೂದನ ಮೊದಲನೆಯ ಭಾಗದಲ್ಲಿರುವ ಕೃಷ್ಣನ ಸಂಬೋಧನೆ ಮಾಡುವ ಶಬ್ದ.,0,989,,,127
kn_gita-2nd_video_0001,gita-2nd_video,kn,Dvaita,1,"ಮಧುಸೂದನನೇ ಮಧು ಎಂಬ ದೈತ್ಯನನ್ನು ನಾಶ ಮಾಡಿದ ಮಹಾತ್ಮನೇ ಸಂಖ್ಯೆ ಅಂದ್ರೆ ಯುದ್ಧದಲ್ಲಿ ಭೀಷ್ಮಂ ದ್ರೋಣಂಚ ಅಹಂ ಇಶುಭಿಹಿ ಕಥಂ ಪ್ರತಿಯೋಸ್ಯಾಮಿ ಸಂಖ್ಯೆ ಅಂದ್ರೆ ಯುದ್ಧದಲ್ಲಿ ಭೀಷ್ಮಾಚಾರ್ಯರನ್ನು ದ್ರೋಣಾಚಾರ್ಯರನ್ನು ಇಶುಭಿಹಿ ಅಂದ್ರೆ ಬಾಣಗಳಿಂದ ಉಪಲಕ್ಷಣ ಆಯುಧಗಳಿಂದ ಕಥಂ ಪ್ರತಿಯೋಶ್ಯಾಮಿ. ನಾನು ಹೇಗೆ ಎದುರಿಸಲು ಸಾಧ್ಯ? ಯಾಕೆ ಪೂಜಾರ್ಹವು. ಅವರು ನನ್ನಿಂದ ಪೂಜೆಗೆ ಅರ್ಹರಾದವರು. ದ್ರೋಣಾಚಾರ್ಯರು ಗುರುಗಳು, ಭೀಷ್ಮ ಪಿತಾಮಹರು ತಾತಂದಿರು, ಒಬ್ಬರು ನನ್ನ ಕುಲದ ಹಿರಿಯರಾಗಿ. ನಮ್ಮ ಕುಲದ ರಕ್ಷಣೆಗೆ ತಮ್ಮ ಸರ್ವಸ್ವವನ್ನು ಧಾರೆ ಎರೆಯದು ಕುಲ ರಕ್ಷಣೆಗಾಗಿಯೇ ಪ್ರತಿಜ್ಞೆ ತೊಟ್ಟು ಭೀಷ್ಮ ಅಂತ ಪ್ರಸಿದ್ಧಿ ಪಡೆದವರು ಅವರ ಅನ್ನ, ಅಸನ, ವಸನಗಳನ್ನು ನಾನು ಪಡೆದವ ಕುಲದ ಹಿರಿಯರು ಅವರು. ಪೂಜಾರ್ಹರು. ನನ್ನಿಂದ ಗೌರವಕ್ಕೆ ಪಾತ್ರರಾದವರು ಅವರು. ಮತ್ತೊಬ್ಬರು ದ್ರೋಣಂಚ. ನನ್ನ ಶಸ್ತ್ರ ವಿದ್ಯೆಯ ಗುರುಗಳು ದ್ರೋಣಾಚಾರ್ಯರು. ಅಯೋನಿಜರು ದ್ರೋಣ ಅಂದ್ರೆ ದೊನ್ನೆ, ದೊನ್ನೆಯಲ್ಲಿ ಹುಟ್ಟಿ ಬಂದವರು. ಇಂತಹ ಪೂಜಾರ್ಹರಾದ ಇಬ್ಬರು. ಒಬ್ಬರು ಕುಲದ ಹಿರಿಯರು. ಭೀಷ್ಮ ಪ್ರತಿಜ್ಞೆಯನ್ನ ಮಾಡಿ ಕುಲ ರಕ್ಷಣೆಗಾಗಿ ಭೀಷ್ಮರೆಂದು ಖ್ಯಾತಿ ಪಡೆದವರು.",990,1821,,,104
kn_gita-2nd_video_0002,gita-2nd_video,kn,Dvaita,2,"ಮತ್ತೊಬ್ಬರು ನನಗೆ ಶಸ್ತ್ರ ವಿದ್ಯಾಭ್ಯಾಸವನ್ನ ಮಾಡಿಸಿದ. ದ್ರೋಣಾಚಾರ್ಯರಂತ ಗುರುಗಳು. ಹೀಗಾಗಿ ಅವರಿಬ್ಬರೂ ಪೂಜಾರ್ಹೌ. ನನ್ನಿಂದ ಪೂಜೆಗೆ ಅರ್ಹರಾದವರು. ಅವರ ಕಾಲು ಹಿಡಿದು ನಮಸ್ಕರಿಸಿ ಅವರಿಗೆ ಪೂಜೆಯನ್ನು ಗೌರವವನ್ನು ನಾನು ಸಲ್ಲಿಸಬೇಕಾದವನು. ಅಂತ ನಾನು ಅವರು ನನ್ನ ಎದುರುಗಡೆ ನಿಂತಿದ್ದಾರೆ. ಇನ್ನೇನು ಕೆಲವು ಕ್ಷಣದಲ್ಲಿ ಯುದ್ಧ ಆರಂಭವಾಗುತ್ತದೆ. ಶಸ್ತ್ರ ಪ್ರಹಾರ ಮಾಡ್ತಾರೆ ಅವರು ಮಾಡಿದರು ಅನ್ಕೊಂಡು ಗೌರವಾನ್ವಿತರಾದ ಅವರ ಬಗ್ಗೆ ನಾನು ಪ್ರತ್ಯಸ್ತ್ರವನ್ನು ಹೇಗೆ ತಾನೇ ಪ್ರಯೋಗಿಸಲಿ ಶ್ರೀಕೃಷ್ಣ. ನೀನು ಮಧುಸೂದನ. ಮಧು ಎಂಬ ರಾಕ್ಷಸನನ್ನು ಕೊಂದವ. ಅರಿಸೂದನ. ಅರಿ ಅಂದ್ರೆ ಶತ್ರು. ಶತ್ರುಗಳನ್ನು ನಾಶ ಮಾಡಿದವ. ಆದರೆ ದ್ರೋಣರು, ಭೀಷ್ಮರು ನನ್ನ ಶತ್ರುಗಳಲ್ಲ. ಒಬ್ಬರು ಕುಲದ ಹಿರಿಯರು, ನನ್ನ ತಾತ ಮತ್ತೊಬ್ಬರು ಗುರುಗಳು. ಶತ್ರುಗಳನ್ನು ಕೊಲ್ಲೋದಕ್ಕೂ ಗುರು ಹಿರಿಯರನ್ನು ಕೊಲ್ಲೋದಕ್ಕೂ ವ್ಯತ್ಯಾಸ ಇದೆ ಅಲ್ವಾ ಶ್ರೀಕೃಷ್ಣ. ಆದ್ದರಿಂದ ನೀನು ಮಧುವನ್ನು, ಅರಿಯನ್ನು, ಶತ್ರುಗಳನ್ನು ಕೊಂದಷ್ಟು ಸುಲಭದ ಮಾತು ಇದಲ್ಲ. ಇಂತಹ ಗುರು ಹಿರಿಯರನ್ನು ಕೊಲ್ಲೋದು ಅಥವಾ ಅವರ ಜೊತೆ ಪ್ರತಿಯುದ್ಧವನ್ನು ಮಾಡೋದು ನನಗೆ ಸಾಧ್ಯವಿಲ್ಲ.",1822,2650,,,102
kn_gita-2nd_video_0003,gita-2nd_video,kn,Dvaita,3,"ಕಥಂ ನಾನು ಹೇಗೆ ಅವರನ್ನ ಎದುರಿಸಲಿ ಇದು ನನ್ನ ಸಮಸ್ಯೆ ಅಂತ ಅರ್ಜುನ. ಮೊದಲು ತನ್ನ ಹೃದಯದಲ್ಲಿ ಇದ್ದಿದ್ದನ್ನ ಹೊರಹಾಕಿದ. ಮತ್ತೊಮ್ಮೆ ಶ್ಲೋಕ ಕಥಂ ಭೀಷ್ಮಮಹಂ ಸಂಖ್ಯೆ ದ್ರೋಣಂಚ ಮಧುಸೂದನ ಇಶುಭಿ ಪ್ರತಿಯೋತ್ಸ್ಯಾಮಿ ಪೂಜಾರ್ಹಾವರಿಸೂದನ ಪೂಜಾರ್ಹೌ ಅರಿಸೂದನ ಅಂತ ಅಲ್ಲಿ ಪದ ವಿಭಾಗವನ್ನ ಮಾಡಬೇಕು. ಹೀಗೆ. ಹಿಂದೆ ಗುರು ಹಿರಿಯರು ತಂದೆ ತಾಯಿ ಪಿತೃ ಪಿತಾಮಹ ಬಂಧುಗಳು ಎಲ್ಲ ಮಾತನ್ನ ಬಿಟ್ಟು ಇಬ್ಬರನ್ನು ಮಾತ್ರ ಇವಾಗ ಉಲ್ಲೇಖಿಸಿದ್ದಾನೆ ಅರ್ಜುನ. ಒಂದು ಭೀಷ್ಮರು ಇನ್ನೊಂದು ತ್ರೋಣರು. ಒಂದು ಗುರುಗಳು ಒಂದು ಕುಲದ ಹಿರಿಯರು. ಮುಂದೆ ತನ್ನ ಸಮಸ್ಯೆಯನ್ನು ಪೂರ್ಣವಾಗಿ ಬಿಚ್ಚಿಡುತ್ತಾನೆ ಒಂದೊಂದು ಶ್ಲೋಕದಲ್ಲಿ ಅರ್ಜುನ ಮುಂದಿನ ಶ್ಲೋಕ. ಗುರು ನಹತ್ವಾಹಿ ಮಹಾನುಭಾವಾನ್ ಶ್ರೇಯೋ ಭೋಕ್ತುಂ ಭೈಕ್ಷಮಪೀಹ ಲೋಕೆ ತ್ವಾರ್ಥ कामांस्तु गुरु निह्यैव भुंजीय भोगान् रुधिरप्रदिग्धान् ಪದ ವಿಭಾಗ ಗುರುನ್ ಅಹತ್ವ ಶಿ ಮಹಾನುಭಾವನ್ ಶೇಯಃ ಭೋಕ್ತುಂ ಭೈಕ್ಷಮ್ ಅಪಿ ಇಹ ಲೋಕೆ ಹತ್ವಾ ಅರ್ಥಕಾಮಾನ್ ತು ಅರ್ಥಕಾಮಾಸ್ತು ಎಂಬಲ್ಲಿ ಅರ್ಥಕಾಮಾನ್ ತು ಗುರುನ್ ಇಹ ಏವ ಭುಂಜೀಯ ಭೋಗಾನ್ ರುಧಿರ ಪ್ರತಿಗ್ಧಾನ್ ಮಹಾನುಭಾವನ್ ಗುರುನ್ ಅಹತ್ವ ಮಹಾತ್ಮರಾದ ಗುರು ಹಿರಿಯರನ್ನು ಕೊಲ್ಲದೆ ಆಹತ್ವ, ಹತ್ವ ಅಂದ್ರೆ ಕೊಂದು, ಆಹತ್ವ ಅಂದ್ರೆ ಕೊಲ್ಲದೆ, ಅವರನ್ನು ಕೊಲ್ಲುವ ಈ ಯುದ್ಧವನ್ನು ಬಿಟ್ಟು.",2651,3590,,,127
kn_gita-2nd_video_0004,gita-2nd_video,kn,Dvaita,4,ನಾನು ಕ್ಷೇಯಹ ಭೋಕ್ತುಂ ಭೈಕ್ಷಂ ಅಪಿ ಇಹಲೋಕೆ ಇಹಲೋಕೆ ಈ ಲೋಕದಲ್ಲಿ ಮನುಷ್ಯ ಲೋಕದಲ್ಲಿ ಭೈಕ್ಷ್ಯಂ ಭೋಕ್ತುಂ ಕ್ಷೇಯಃ ಭಿಕ್ಷಾನ್ನವನ್ನು ತಿನ್ನೋದೇ ಲೇಸು ಈ ಲೋಕದಲ್ಲಿ ಮಹಾನುಭಾವರಾದ ಗುರುಗಳನ್ನು ಹಿರಿಯರನ್ನು ಕೊಲ್ಲೋದರ ಬದಲು ನಾಲ್ಕು ಮನೆಗೆ ಭಿಕ್ಷೆ ಬೇಡಿ ಜೀವನ ನಡೆಸೋದೇ ಲೇಸು. ಜೀವನ ನಡೆಸುತ್ತೇನೆ ಅಂತ ಹೇಳಲಿಲ್ಲ ಅರ್ಜುನ. ಯಾಕೆ ಅಂದ್ರೆ ಕ್ಷತ್ರಿಯನಿಗೆ ಭಿಕ್ಷಾಟನೆ ಉಚಿತವಲ್ಲ. ಅವರು ತಮ್ಮ ಭುಜಬಲದಿಂದ ದುಡಿದು ತಿನ್ನಬೇಕು ಹೊರತು ಬೇಡಿ ತಿನ್ನಬಾರದು. ಆದರೆ ಅರ್ಜುನ ಹೇಳ್ತಾನೆ. ಗುರುಗಳನ್ನು ಕೊಲ್ಲುವುದು ಒಂದು ಕಡೆ. ಕ್ಷತ್ರಿಯ ಧರ್ಮಕ್ಕೆ ವಿರುದ್ಧವಾಗಿ ಭಿಕ್ಷೆ ಬೇಡುವುದು ಮತ್ತೊಂದು ಕಡೆ. ಇವೆರಡೂ ಧರ್ಮಕ್ಕೆ ವಿರುದ್ಧ. ಆದರೆ ಧರ್ಮಕ್ಕೆ ವಿರುದ್ಧವಾದರೂ ಈ ಎರಡು ಧರ್ಮ ವಿರುದ್ಧವಾದ ಆಚರಣೆಗಳಲ್ಲಿ ಗುರುಗಳನ್ನು ಕೊಂದು ನಾವು ಕ್ಷತ್ರಿಯ ವೃತ್ತಿಯಲ್ಲಿ ಇರೋದರ ಬದಲು ಕ್ಷತ್ರಿಯ ವೃತ್ತಿಯನ್ನೇ ಬಿಟ್ಟು ಅದಕ್ಕೆ ವಿರುದ್ಧವಾಗಿ ಭಿಕ್ಷಾಟನೆ ನಡೆಸೋದೇ ಶ್ರೇಯಸ್ಸು ಅಂತ ಅನಿಸುತ್ತೆ. ಎರಡು ತಪ್ಪು. ಆದರೆ ಎರಡು ತಪ್ಪುಗಳಲ್ಲಿ ಸ್ವಲ್ಪ ಕಡಿಮೆ ತಪ್ಪು ಯಾವುದು ಅಂದ್ರೆ ಭಿಕ್ಷೆ ಬಿಡೋದು.,3591,4388,,,103
kn_gita-2nd_video_0005,gita-2nd_video,kn,Dvaita,5,ಕ್ಷತ್ರಿಯರಿಗೆ ಉಚಿತವಲ್ಲದಿದ್ದರೂ ಕೂಡ ನನಗೆ ಎರಡು ಕೈಗಳಲ್ಲಿ ಎರಡು ಆಯ್ಕೆಗಳಿವೆ. ಒಂದು ಕುರು ಹಿರಿಯರನ್ನು ಕೊಂದು. ನಮ್ಮ ಕ್ಷತ್ರಿಯ ವೃತ್ತಿಯನ್ನು ನಾವು ಅನುಸರಿಸಿಕೊಂಡು ಇರೋದು. ಇನ್ನೊಂದು ಕ್ಷತ್ರಿಯ ವೃತ್ತಿಗೆ ವಿರುದ್ಧವಾಗಿ ಭಿಕ್ಷೆ ಬೇಡಿ ಜೀವನ ನಡೆಸುವುದು. ಇವೆರಡೂ ತಪ್ಪೇ. ಆದರೆ ಗುರು ಹಿರಿಯರನ್ನು ಕೊಂದು ಕ್ಷತ್ರಿಯ ವೃತ್ತಿಯಲ್ಲಿ ಇರೋದಕ್ಕಿಂತ ಕ್ಷತ್ರಿಯ ವೃತ್ತಿಯನ್ನ ಬಿಟ್ಟು ಭಿಕ್ಷಾಟನೆ ಮಾಡೋದೇ ಲೇಸು ಅಂತ ನನಗೆ ಅನಿಸ್ತಾ ಇದೆ. ಅರ್ಜುನ ಕ್ಷತ್ರಿಯ ವೃತ್ತಿಯ ಬಗ್ಗೆಯೇ ಜುಗುಪ್ಸೆಗೊಂಡು ನಾನು ಭಿಕ್ಷಾಟನೆಗೆ ಹಿಡಿಯುತ್ತೇನೆ ಅಂತ ಬ್ರಾಹ್ಮಣ ವೃತ್ತಿಯ ಕಡೆ ದೈನ್ಯ ವೃತ್ತಿಯ ಕಡೆ ದೃಷ್ಟಿ ಹಾಯಿಸಿದ. ಯಾಕೆ? ಗುರುಗಳನ್ನು ಕೊಂದು ನೀವು ಕ್ಷತ್ರಿಯರಾಗಿದ್ದು ರಾಜ್ಯದ ಆಡಳಿತವನ್ನು ನಡೆಸಿ ಬೇಕಾದ ರಾಜಭೋಗವನ್ನು ಅನುಭವಿಸಬಹುದಲ್ಲ ಅಂದ್ರೆ ಅರ್ಜುನ ಹೇಳ್ತಾನೆ 10. ಹತ್ವ ಅರ್ಥ ಕಾಮಾನ್ ಗುರುನ್ ಭುಂಜೀಯ ಭೋಗಾನ್ ರುಧಿರ ಪ್ರದಿಗ್ಧಾನ್ ಅರ್ಥ ಕಾಮಾನ್ ಗುರುನ್ ಹತ್ವ ನಮಗೆ ಇರುವ ಮತ್ತೊಂದು ಆಯ್ಕೆ ಗುರು ಹಿರಿಯರನ್ನು ಕೊಲ್ಲೋದು. ಅವರು ಅರ್ಥ ಕಾಮರು. ಅರ್ಥ ಅಂದ್ರೆ ಐಹಿಕ ಸುಖ.,4389,5182,,,103
kn_gita-2nd_video_0006,gita-2nd_video,kn,Dvaita,6,"ಸುಖಕ್ಕೆ ಸಾಧನವಾದ ವಿಷಯ ಪದಾರ್ಥಗಳು. ದುರ್ಯೋಧನ ರಾಜ್ಯದ ಆಸೆಯಿಂದ ಈ ಯುದ್ಧಕ್ಕೆ ಸಿದ್ಧನಾಗಿ ಬಂದಿದ್ದಾನೆ. ಹಿರಿಯರು ಎಷ್ಟು ಬುದ್ಧಿವಾದ ಹೇಳಿದರು ಕೇಳದೆ ರಾಜ್ಯದ ಅಧಿಕಾರದ ಕಾಮನೆಯಿಂದ ಅರ್ಥ ಕಾಮನೆಯಿಂದ ಅರ್ಥದ ಮೇಲೆ ವಿಷಯದ ಮೇಲೆ ಅಭಿಲಾಷೆಯಿಂದ ಈ ಯುದ್ಧಕ್ಕೆ ತೊಡಗಿದ್ದಾನೆ. ಅವನಿಗೆ ಸಹಾಯಕರಾಗಿ ನಿಂತಿದ್ದಾರೆ ನಮ್ಮ ಗುರುಗಳು ಹಿರಿಯರು. ಆದ್ದರಿಂದ ಅವರು ಅರ್ಥಕಾಮರು. ವಿಷಯ ಪದಾರ್ಥಗಳ ಕಡೆಗೆ ಅವರ ಮನಸ್ಸು ಹರಿದಿದೆ. ಹೀಗೆ ವಿಷಯದ ಸೆಳೆತಕ್ಕೆ ಒಳಗಾದ ಗುರುಗಳನ್ನು ಗುರುನ್ ಹತ್ವ ಈ ಯುದ್ಧದಲ್ಲಿ ಕೊಂದು ಅವರ ರಕ್ತದಿಂದ ರುಧಿರ ಪ್ರದಿಗ್ಧಾನ್ ರುಧಿರ ಅಂದ್ರೆ ರಕ್ತ. ರಕ್ತದಿಂದ ಪ್ರತಿಗ್ಧ ಅಂದ್ರೆ ಮೆತ್ತಲ್ಪಟ್ಟ ರಕ್ತ ಸಿಕ್ತವಾದ ಭೋಗ ವಿಷಯ ಪದಾರ್ಥಗಳನ್ನು ನಾವು ಭುಂಜೀಯ ಇಶೈವ ಭುಂಜೀಯ ನಾನು ಇಲ್ಲೇ ಉಣ್ಣಲೇನು ಅಂತಾನೆ ಅರ್ಜುನ. ಅಂದ್ರೆ ಅವರಿಗೆ ವಿಷಯ ಪದಾರ್ಥದ ಅಭಿಲಾಷೆ ಇದೆ. ಅಂಥವರನ್ನು ಕೊಂದು ನಮಗೆ ವಿಷಯದ ಆಕರ್ಷಣೆ ಇಲ್ಲ. ಅವರನ್ನು ಕೊಂದಾಗ ನಮಗೆ ಪ್ರತಿದಿನ ರಾಜ್ಯದ ಅಧಿಕಾರ ಸಿಗಲಿ, ಬೇಕಾದ ಭೋಗ ವೈಭವ ಸಿಗಲಿ.",5183,5929,,,102
kn_gita-2nd_video_0007,gita-2nd_video,kn,Dvaita,7,"ನಾವು ಉಣ್ಣುವಾಗ, ತಿನ್ನುವಾಗ, ಕುಡಿಯುವಾಗ ಇದು ಗುರು ಹಿರಿಯರನ್ನು ಕೊಂದು ಗಳಿಸಿದ ಸಂಪತ್ತು. ಅನ್ನೋ ಭಾವ ನಮ್ಮ ಹೃದಯದಲ್ಲಿ ಚೂಚಿತದೆ. ಹೀಗಾಗಿ ಅರ್ಥಕಾಮರಾದ ಗುರುಗಳನ್ನ ಅವರು ಒಂದು ವೇಳೆ ವಿರಕ್ತರಾಗಿದ್ರೆ ಸರಿ, ಆದರೆ ರಾಜ್ಯದ ಅಪೇಕ್ಷೆ ಇದೆ. ಅಂತಹ ಗುರು ಹಿರಿಯರನ್ನ ಕೊಂದು ಅಮರ ಜಾಗದಲ್ಲಿ ನಾವು ಕೂತು ವಿಷಯ ಪದಾರ್ಥಗಳನ್ನ ಭೋಗಿಸಿದರೆ ಪ್ರತಿಯೊಂದು ವಸ್ತುಗಳು ಕೂಡ ಗುರು ಹಿರಿಯರ ರಕ್ತದಿಂದ ಸಿಕ್ತವಾದ ಭಾವನೆ ನಮಗೆ ಬರುತ್ತದೆ. ಸುಖವಾಗಿ ನಾವು ಉಂಡೆವೋ, ತಿಂದೆವೋ, ಕುಡಿದೆವೋ ಕೃಷ್ಣ. ಆದ್ದರಿಂದ ಕಥಂ ಇಹೈವ ಕಥಂ ಭುಂಜೀಯ ಈ ಲೋಕದಲ್ಲೇ ಪರಲೋಕದಲ್ಲಿ ಇದಕ್ಕೆ ಶಿಕ್ಷೆ ಬೇರೆ ಇದೆ ಈ ಲೋಕದಲ್ಲೇ. ಈ ಶಿಕ್ಷೆಯನ್ನು ನಾವು ಅನುಭವಿಸಬೇಕಾ ಶ್ರೀಕೃಷ್ಣ? ಗುರು ಹಿರಿಯರನ್ನು ಕೊಂದು ಅವರ ರಕ್ತ ಸಿಕ್ತವಾದ ವಿಷಯ ಪದಾರ್ಥಗಳನ್ನ ಉಂಡು ತಿಂದು ಜೀವನ ಕಳೆಯುವುದಕ್ಕಿಂತ ಈ ಯುದ್ಧದ ಹಂಗನ್ನೇ ಬಿಟ್ಟು ಅವರಿಗೆ ಅರ್ಥದ ಅಪೇಕ್ಷೆ ಇದೆ. ಅವರು ಬೇಕಾದರೆ ಅದನ್ನು ಭೋಗಿಸಿಕೊಳ್ಳಿ, ಅನುಭವಿಸಿಕೊಳ್ಳಿ. ನಾನು ಭಿಕ್ಷೆ ಬೇಡಿಯಾದರೂ ಜೀವನ ಮಾಡುತ್ತೇನೆ ಶ್ರೀಕೃಷ್ಣ.",5930,6691,,,104
kn_gita-2nd_video_0008,gita-2nd_video,kn,Dvaita,8,"ಬಹಳ ಸೊಗಸಾಗಿ ತನ್ನ ವಾದವನ್ನ ಅರ್ಜುನ ಇಲ್ಲಿ ಮಂಡಿಸಿದ್ದಾನೆ ನೋಡ್ರಿ. ಮತ್ತೊಮ್ಮೆ ಶ್ಲೋಕ ಗುರುನ್ ಅಹತ್ವಾಶಿ ಮಹಾನುಭಾವಾನ್ ಕ್ಷೇಯೋ ಭೋಕ್ತುಂ ಭೈಕ್ಷಮಪೀಹಲೋಕೇ ಹತ್ವಾರ್ಥ ಕಾಮಾಂಸ್ತು ಗುರುನಿಹೈವ ಭುಂಜೀಯ ಭೋಗಾನ್ ರುಧಿರ ಪ್ರತಿಗ್ಧಾನ್ ಮುಂದಿನ ಆರನೆಯ ಶ್ಲೋಕ ದ್ವಿತೀಯ ಅಧ್ಯಾಯದಲ್ಲಿ ನಚೈತದ್ವಿದ್ಮಃ ಕತರನ್ನೋಗರೀಯೋ ಯದ್ವಾಜಯೇಮ ಯದಿವಾನೋಜಯೇಯುಹು ಯಾನೇವ ಹತ್ವಾ ನಜಿಜೀವಿಷಾಮಃ ತೇವಸ್ಥಿತಾ ಪ್ರಮುಖೇ ಧಾರ್ತರಾಷ್ಟ್ರಾಃ ರಾಯರು ಈ ಶ್ಲೋಕಕ್ಕೆ ಅವತಾರಿಕೆಯನ್ನು ಕೊಟ್ಟಿದ್ದಾರೆ, ಮುಂದೆ ನೋಡೋಣ. ಪದ ವಿಭಾಗ ನ ಚ ಏತತ್ ವಿದ್ಮಃ ಕತರತ್ ನಃ ಗರೀಯಃ ಯದ್ ವಾ ಜಯೇಮ ಯಜಿ ವಾ ನೋ ಅಂದ್ರೆ ನಃ ಜಯೇಯುಃ ಯಾನ್ एव ಹತ್ವ ನ ಜಿಜೀವಿಷಾಮಃ ತೆ ಅವಸ್ಥಿತಾಹ ಪ್ರಮುಖೇ ಧಾರ್ತರಾಷ್ಟ್ರಾಹ ಶ್ಲೋಕಕ್ಕೆ ರಾಘವೇಂದ್ರ ಸ್ವಾಮಿಗಳು ಯಾಕೆ ಹೊರಟಿದೆ ಅನ್ನೋದಕ್ಕೆ ಅವತಾರಿಕೆ ಕೊಟ್ಟಿದ್ದಾರೆ ಪಾಪಮಂಗೀಕೃತ್ಯ ಯುದ್ಧ ಕರಣೇಪಿ ಜಯ ಸಂದಿಗ್ಧ ಏವ ಇತ್ಯಾಹ ಗುರು ಹಿರಿಯರನ್ನು ಕೊಂದುವು ಈ ಯುದ್ಧದಲ್ಲಿ. ಅದರ ಪ್ರಯುಕ್ತ ಪಾಪ ಬಂತು ನಮಗೆ. ಪಾಪ ಬಂದ್ರೂ ಪರವಾಗಿಲ್ಲ ರಾಜ್ಯ ಸಿಗ್ತದಲ್ಲ.",6692,7458,,,102
kn_gita-2nd_video_0009,gita-2nd_video,kn,Dvaita,9,"ಆದ್ದರಿಂದ ಕೊಲ್ಲು, ಪಾಪ ಬಂದ್ರೂ ರಾಜ್ಯ ಸಿಗ್ತದೆ. ಅನ್ನೋ ಅರ್ಜುನನ ಮೇಲೆ ಪ್ರಶ್ನೆ ಮಾಡಿದ್ರೆ ಈ ಪ್ರಶ್ನೆಗೆ ಅರ್ಜುನನ ಉತ್ತರ ಕೃಷ್ಣ ಜಯ ನಮಗೆ ಬಂದೇ ಬರುತ್ತದೆ ಅಂತ ನಿಶ್ಚಯನೋ? ಹಾಗಿದ್ದಲ್ಲಿ ಗುರುಗಳನ್ನು ಕೊಂದು ನಾವು ರಾಜ್ಯ ಆಡೋಣ. ಆದರೆ ಅರ್ಜುನ ಹೇಳ್ತಾನೆ ನಚ ಏತದ್ವಿದ್ಮಃ ಏತತ್ ಇದನ್ನು ನವಿದ್ಮಃ ನಾವು ತಿಳಿಯಲಾರೆವು. ಇದನ್ನು ನಾವು ನಿರ್ಧರಿಸಲಾರೆವು. ಯಾವುದನ್ನ ಕತರತ್ ನಹ ಗರೀಯಃ. ನಮಗೆ ಯಾವುದು ಒಳ್ಳೆಯದು ಗರೀಯಃ ಅಂದ್ರೆ ಬೆಟರ್ ಅಂತ ಅರ್ಥ. ಯಾವುದನ್ನ ಮಾಡಿದ್ರೆ ಹೆಚ್ಚು ಹಿತ ಅನ್ನೋದನ್ನ ನವಿದ್ಮಃ ಯಾಕೆ ಯದ್ವಾಜೇವ ಯದಿವಾ ನಹ ಜಯೇಯು ನಾವು ಗೆಲ್ತೇವೋ ಅಥವಾ ನಮ್ಮನ್ನೇ ಅವರು ಗೆಲುತ್ತಾರೋ ಯದ್ವಾ ಜಯೇಮ ಯದ್ವಾ ಅಂದ್ರೆ ಆ ಸಂದೇಹವನ್ನು ಉಂಟುಮಾಡುವ ಶಬ್ದ ಅದು ಜಯೇಮ ಯದ್ವಾ ನಾವು ಗೆಲ್ತೀವೋ ಅಥವಾ ನಹ ನಮ್ಮನ್ನೇ ಅವರು ಜಯೇಯುಹು ಗೆದ್ದಾರೋ. ಹೀಗಾಗಿ ಯುದ್ಧದಲ್ಲಿ ಜಯ ಅನಿಶ್ಚಿತ. ಅಂದಮೇಲೆ ಒಂದು ವೇಳೆ ಗುರು ಹಿರಿಯರನ್ನು ಕೊಂದು ನಾವು ಸತ್ತು ರಾಜ್ಯ ಅವರ ಪಾಲಿಗಾದರೆ ಎಂಥ ದುರಂತ.",7459,8181,,,106
kn_gita-2nd_video_0010,gita-2nd_video,kn,Dvaita,10,"ಇಹವು ಇಲ್ಲ ಪರವು ಇಲ್ಲ. ಕೃಷ್ಣ, ನೀನು ಜಯ ನಿಶ್ಚಿತ ಅಂತ ಹೇಳು. ಗುರು ಹಿರಿಯರನ್ನ ಕೊಂದರು ರಾಜ್ಯ ಸಿಕ್ತಲ್ಲ ಅಂತ ಒಂದು ಸಮಾಧಾನವನ್ನು ಪಟ್ಕೊಳ್ಳಬಹುದೋ ಏನೋ. ಆದರೆ ಅದು ನನಗೆ ಇಷ್ಟ ಇಲ್ಲ. ಆದರೆ ಜಯ ಅನಿಶ್ಚಿತ. ಅಂದಮೇಲೆ ಆ ಕಡೆ ಗುರುಗಳನ್ನು ಕೊಳ್ಳುವುದು, ಈ ಕಡೆ ಯುದ್ಧದಲ್ಲೂ ಸೋಲುವುದು ಇಹವೂ ಇಲ್ಲ ಪರವೂ ಇಲ್ಲ. ಅಂದಮೇಲೆ ಈ ಯುದ್ಧದ ಅಗತ್ಯ ನಮಗಿದೆಯೋ ಕೃಷ್ಣ? ಯಾನೇವ ಹತ್ವಾ ನ ಜಿಜೀವಿಷಾಮಃ ಒಂದು ವೇಳೆ ನಮಗೆ ಜಯ ಬಂತು ಅಂತಲೇ ಇಟ್ಟುಕೊಳ್ಳಿ. ಯಾನ್ ಯಾವ ಗುರು ಹಿರಿಯರನ್ನು ಹತ್ವ ಕೊಂದು ನ ಜಿಜೀವಿಷಾಮಃ ನಾವು ಜೀವನದಲ್ಲಿ ಇರಲಿಕ್ಕೆ ಸಾಧ್ಯವೇ ಇಲ್ವೋ. ಯಾಕೆ ಅಂದ್ರೆ ಕುಲದಲ್ಲಿ ನಮ್ಮವನು ಅಂತ ಅಭಿಮಾನವಿಟ್ಟ ಒಬ್ಬ ವ್ಯಕ್ತಿ ಸಾವಿಗೆ ತುತ್ತಾದರೂ ಅಳ್ತಾ ಕೂಡುವವರು ನಾವು. ಅಂದಮೇಲೆ ನಮ್ಮ ಗುರು ಹಿರಿಯರು ಬಂಧುಗಳನ್ನೆಲ್ಲ ಕೊಂದು ಯಾನೇವ ಹತ್ವ ನಜಿಜೀವಿಷಾಮಃ ನಾವು ಜೀವನದಲ್ಲಿ ಇರೋದಕ್ಕೆ ಬಯಸೋದಿಲ್ಲವೋ ತೇ ಅಂತಹ ಧಾರ್ತರಾಷ್ಟ್ರಾಹ ಪ್ರಮುಖೇ ಅವಸ್ಥಿತಾಹ ಧೃತರಾಷ್ಟ್ರನ ಮಕ್ಕಳಾದ ದುರ್ಯೋಧನಾದಿಗಳು ನಮ್ಮ ಎದುರುಗಡೆ ಇದ್ದಾರೆ, ಅಣ್ಣ ತಮ್ಮಂದಿರು.",8182,8949,,,110
kn_gita-2nd_video_0011,gita-2nd_video,kn,Dvaita,11,"ಅವರು ದುಷ್ಟರು ಕೊಲ್ಲೋಣ. ಆದರೆ ಅವರ ಹಿತೈಷಿಗಳಾಗಿ ಭೀಷ್ಮ ದ್ರೋಣಾದಿಗಳಿದ್ದಾರೆ ಯಾರನ್ನು ಕೊಂದು ನಾವು ಜೀವಿಸುವುದಕ್ಕೆ ಇಷ್ಟಪಡುವುದಿಲ್ಲವೋ ಅಂತಹ ಗುರು ಹಿರಿಯರು ಅಣ್ಣ ತಮ್ಮಂದಿರು ನನ್ನ ಎದುರುಗಡೆ ಇದ್ದಾರೆ ಇವರನ್ನು ಕೊಂದು ನಮಗೆ ಜಯ ಸಿಕ್ಕರು ಆ ಜಯವು ಜಯವಾದೀತೋ ಕೃಷ್ಣ. ಇಷ್ಟಾಗಿ ಆ ಜಯವು ಸಂದಿಗ್ಧ. ಅಂದಮೇಲೆ ಈ ಯುದ್ಧ ನನಗೆ ಹಿಡಿಸುವುದಿಲ್ಲ. ಮತ್ತೊಮ್ಮೆ ಶ್ಲೋಕ ನಚೈತದ್ವಿದ್ಮಹ ಕತರನ್ನೋಗರೀಯಹ ಯದ್ವಾಜಯೇವ यदिवानो जयेयुः याने वहत्वा न जिजीविषामः तेवस्थिताः प्रमुखे धार्तराष्ट्राः ಇಲ್ಲಿ ಧೃತರಾಷ್ಟ್ರನ ಮಕ್ಕಳನ್ನು ಬಿಟ್ಟು ನಾವು ಜೀವಿಸಲು ಸಾಧ್ಯವಿಲ್ಲ ಅಂತ ಹೇಳ್ತಿದ್ದಾನೆ. ಮೇಲ್ಮೈಗೆ ಆ ಅರ್ಥ ಕಾಣಿಸುತ್ತದೆ. ಅಂದ್ರೆ ದುರ್ಯೋಧನಾದಿಗಳನ್ನ ಬಿಟ್ಟು ನಾವು ಜೀವಿಸಲು ಸಾಧ್ಯವಿಲ್ಲ ಅನ್ನೋದನ್ನ ಅವರ ಜೊತೆಯಲ್ಲಿ ಜೀವಿಸಬೇಕು ಅನ್ನೋ ಅರ್ಥದಲ್ಲಿ ಹೇಳ್ತಿದ್ದಾನೆ ಅರ್ಜುನ. ಆದರೆ ಧರ್ತರಾಷ್ಟ್ರ ಅಂದ್ರೆ ದುರ್ಯೋಧನಾದಿಗಳು ಮಾತ್ರ ಅಲ್ಲ. ದುರ್ಯೋಧನಾದಿಗಳು ಅವರಿಗೆ ಸಹಾಯಕರಾಗಿ ನಿಂತ ಭೀಷ್ಮಾದಿಗಳು. ಇವರನ್ನು ಬಿಟ್ಟು ನಾವಿರೋದಕ್ಕೆ ಸಾಧ್ಯವಿಲ್ಲವೋ ಅಂತವರೆಲ್ಲ ಈ ಯುದ್ಧದಲ್ಲಿ ಸೇರಿದ್ದಾರೆ, ನನಗೆ ಈ ಯುದ್ಧ ಬೇಡ.",8950,9786,,,103
kn_gita-2nd_video_0012,gita-2nd_video,kn,Dvaita,12,ಮುಂದಿನ ಅರ್ಜುನನ ಸಮರ್ಥನೆಯನ್ನ ಮುಂದಿನ ಭಾಗದಲ್ಲಿ ನೋಡೋಣ. ಶ್ರೀ ಕೃಷ್ಣಾರ್ಪಣಮಸ್ತು. ಭಗವದ್ಗೀತೆಯ ಈ ಪ್ರವಚನ ಧಾರೆಯನ್ನು ಶ್ರೀ ಮರವೇಕೆರೆ ಮುರಳೀಧರ ಇವರು ಪ್ರಾಯೋಜಿಸಿದ್ದಾರೆ ಭಗವಂತ ಅವರಿಗೆ ಸಕಲ ಅಭಿಷ್ಟಗಳನ್ನು ಅನುಗ್ರಹಿಸಿ ಮತ್ತಷ್ಟು ಜ್ಞಾನ ಸೇವೆಯನ್ನು ಮಾಡಿಸಲಿ ಅಂತ ಪ್ರಾರ್ಥನೆ ಮಾಡುತ್ತೇನೆ.,9787,10032,,,29
kn_gita-3rd_video_0000,gita-3rd_video,kn,Dvaita,0,ಮಹಾಹರಿಹಿ ಓಂ ಅರ್ಜುನ ಕೃಷ್ಣನ ಹಿತವಚನಕ್ಕೆ ಪ್ರತಿಯಾಗಿ ತನ್ನ ಮನೋಭಾವವನ್ನು ಸ್ಪಷ್ಟಪಡಿಸುತ್ತಾ ಇದ್ದಾನೆ. ತನ್ನ ಹಿಂಜರಿಕೆಗೆ ಒಳಗಿರುವ ನಿಜ ಕಾರಣವನ್ನು ಕೃಷ್ಣನ ಮುಂದೆ ಹೇಳ್ತಾ ಇದ್ದಾನೆ. ನನ್ನ ಮುಂದೆ ಗುರು ಹಿರಿಯರಿದ್ದಾರೆ. ಅವರನ್ನು ಕೊಲ್ಲೋದಕ್ಕೆ ನಾನು ಇಷ್ಟಪಡೋದಿಲ್ಲ. ಅವರನ್ನು ಕೊಂದು ಜಯ ಸಿಕ್ಕರು ಅದು ರಕ್ತ ಸಿಕ್ತವಾದ ಸುಖ. ಅದು ನನಗೆ ಅಗತ್ಯವಿಲ್ಲ. ಅದಕ್ಕಿಂತ ಭಿಕ್ಷೆ ಬೇಡಿ ಕ್ಷತ್ರಿಯ ವೃತ್ತಿಗೆ ವಿರುದ್ಧವಾದ ಜೀವನವೇ ಲೇಸು. ತನ್ನ ವಾದವನ್ನು ಮುಂದುವರಿಸಿ ಅರ್ಜುನ ಶ್ರೀಕೃಷ್ಣನಿಗೆ ಶರಣಾಗ್ತಾನೆ. ಏಳನೆಯ ಶ್ಲೋಕದಲ್ಲಿ ಶ್ರೀಕೃಷ್ಣನಿಗೆ ಅರ್ಜುನ ಶರಣಾಗ್ತಾನೆ. ಕಾರ್ಪಣ್ಯ ದೋಷೋಪಹತ ಸ್ವಭಾವಃ पृच्छामि त्वां धर्म सम्मूढ चेताः यच्छ्रेयस्यान् निश्चितं ब्रूहितन् मे शिष्यस्तेहं शाधिमां त्वां प्रपन्नम् ಪದ ವಿಭಾಗ ಕಾರ್ಪಣ್ಯ ದೋಷೋಪಹತ ಸ್ವಭಾವಃ ಅದು ಒಂದೇ ಶಬ್ದ ಅದು. ಪೃಚ್ಛಾಮಿ ತ್ವಾಂ ಧರ್ಮ ಸಮ್ಮೂಢ ಚೇತಾಹ ಯತ್ ಶ್ರೇಯಃ ಶ್ರೇ ಅಂತ ಮಹಾಪ್ರಾಣ ಇದೆ. ಪದ ವಿಭಾಗದಲ್ಲಿ ಅದು ಅಲ್ಪಪ್ರಾಣ ಆಗ್ತದೆ ಶ್ರೇಯಃ ಸ್ಯಾತ್.,0,766,,,100
kn_gita-3rd_video_0001,gita-3rd_video,kn,Dvaita,1,"निश्चितं ब्रूहि तत् मे शिष्यः ते अहं शाधि माम् ತ್ವಾಂ ಪ್ರಪನ್ನಂ ಅರ್ಜುನ ತನ್ನ ಹಿನ್ನೆಡೆಗೆ ನಿಜವಾದ ಕಾರಣವನ್ನು ಇಲ್ಲಿ ಸ್ಪಷ್ಟವಾಗಿ ಕೃಷ್ಣನ ಮುಂದೆ ಇಡುತ್ತಾನೆ. ಕಾರ್ಪಣ್ಯ ದೋಷ ಉಪಹತ ಸ್ವಭಾವಃ ಕೃಪಣ ಅಂದ್ರೆ ದೀನ ಅಂತ ಅರ್ಥ. ದೀನ ಅಂದ್ರೆ ದುಃಖದಿಂದ ಜರ್ಜರಿತನಾದವನು. ಅಲ್ಲಿಗೆ ಕಾರ್ಪಣ್ಯ ಎಂಬ ದೋಷದಿಂದ ದುಃಖ ಪ್ರಯುಕ್ತವಾದ ವಿವೇಚನಾ ಶಕ್ತಿಯನ್ನು ಕಳೆದುಕೊಂಡು ದೀನನಾದ. ಆ ಜೀನತೆಯೇ ಒಂದು ದೋಷ. ಅದರಿಂದ ಉಪಹತ ಸ್ವಭಾವಃ. ಉಪಹತ ಅಂದ್ರೆ ನಾಶವಾದ ಸ್ವಭಾವ ಉಳ್ಳವನು ನಾನು ಅಂತ ಅರ್ಜುನ ಹೇಳ್ತಾನೆ. ನಾನು ಕ್ಷತ್ರಿಯ ಕೃಷ್ಣ. ಕ್ಷತ್ರಿಯನಿಗೆ ಕೆಚ್ಚದೆ ಇರಬೇಕು. ಇದು ಕ್ಷತ್ರಿಯನ ಸ್ವಭಾವ. ಯುದ್ಧಕ್ಕೆ ಅವನೆಂದು ಬೇಡ ಅನ್ನಬಾರದು, ಹಿಂಜರಿಯಬಾರದು. ಈ ನನ್ನ ಕ್ಷತ್ರಿಯ ಸ್ವಭಾವ ದೋಷದಿಂದ ಮುಚ್ಚಿದೆ. ಏನು ದೋಷ? ಕಾರ್ಪಣ್ಯವೇ ಒಂದು ದೋಷ. ಕಾರ್ಪಣ್ಯ ಅಂದ್ರೆ ಬಂಧುಗಳ ಮೇಲಿನ ಮಮತೆಯಿಂದ ದುಃಖ, ಆ ದುಃಖದಿಂದ ನಾನು ದೀನನಾಗಿದ್ದೇನೆ. ಈ ದೀನತೆಯೇ ಒಂದು ದೋಷ, ಆ ದೋಷ ನನ್ನ ಕ್ಷತ್ರಿಯ ಸಹಜ ಸ್ವಭಾವವನ್ನ ಮುಚ್ಚಿದೆ.",767,1511,,,106
kn_gita-3rd_video_0002,gita-3rd_video,kn,Dvaita,2,"ಆದ್ದರಿಂದ ಕ್ಷತ್ರಿಯನಾಗಿ. ಯುದ್ಧಕ್ಕೆ ಅಂಜದೆ, ಬೆದರದೆ, ಕೆಚ್ಚಿದೆಯಿಂದ ನಿಲ್ಲಬೇಕಾದ ನನ್ನ ಸ್ವಭಾವ ಬಂಧುಗಳ ಮೇಲಿನ ವ್ಯಾಮೋಹ, ದುಃಖ ಅದರಿಂದ ದೀನತೆ ಎಂಬ ದೋಷದಿಂದ ಅದು ಮುಚ್ಚಿದೆ. ನನಗೆ ಆ ಕ್ಷತ್ರಿಯರ ಗಡಸುತನವನ್ನ ಅವಲಂಬಿಸಿ ನಿಲ್ಲೋದಕ್ಕೆ ಆಗ್ತಾ ಇಲ್ಲ. ಕಾರ್ಪಣ್ಯ ದೋಷ ಉಪಹತ ಸ್ವಭಾವಃ ನಾನು. ತ್ವಾಂ ಧರ್ಮ ಸಮ್ಮೂಢ ಚೇತಾಹ ಪೃಚ್ಛಾಮಿ. ಧರ್ಮದ ಬಗ್ಗೆ. ಮೋಹಗೊಂಡ ಮನಸ್ಸುಳ್ಳವನಾಗಿ ಧರ್ಮ ಸಮ್ಮೂಢ ಚೇತಾಹ ಧರ್ಮದ ಬಗ್ಗೆ ಸಮ್ಮೋಹಗೊಂಡ, ಸಮ್ಮೋಹ ಅಂದ್ರೆ ಇದು ಧರ್ಮವೋ ಇದು ಧರ್ಮವೋ ಅಂತ ಮೋಹಕ್ಕೆ ಒಳಗಾಗಿದ್ದೇನೆ ನಾನು. ಇಂತಹ ಮೋಹಕ್ಕೆ ಒಳಗಾದ ಚೇತಾಹ ಚಿತ್ತವುಳ್ಳವನಾಗಿ ಮನಸ್ಸುಳ್ಳವನಾಗಿ ನನ್ನ ಮನಸ್ಸು ಹೊಯ್ದಾಡ್ತಾ ಇದೆ. ಕ್ಷತ್ರಿಯರಿಗೆ ಹೇಳಿದ ಯುದ್ಧ ಧರ್ಮವನ್ನು ನಾನು ಕ್ಷತ್ರಿಯನಾಗಿ ಅನುಷ್ಠಾನ ಮಾಡಬೇಕು ಅಥವಾ ಗುರು ಹಿರಿಯರನ್ನು ಕೊಲ್ಲೋದು ಬಿಟ್ಟು ನಾನು ಕ್ಷತ್ರಿಯ ಧರ್ಮಕ್ಕೆ ವಿರುದ್ಧವಾದ ವೃತ್ತಿಯನ್ನು ಅವಲಂಬಿಸಬೇಕು. ಹೀಗೆ ಧರ್ಮದ ಬಗ್ಗೆ ಸಮ್ಮೋಹಗೊಂಡ ಮನಸ್ಸುಳ್ಳವನಾಗಿ ತ್ವಾಂ ನಿನ್ನನ್ನು ಪೃಚ್ಛಾಮಿ ಕೇಳ್ತಾ ಇದ್ದೇನೆ. ಯಚ್ಛ್ರೆಯಸ್ಯಾನ್ ನಿಶ್ಚಿತಂ ಬ್ರೂಹಿತನ್ಮೇ ಮೇ ನನಗೆ ಯತ್ ಶ್ರೇಯಸ್ಯಾತ್ ನನಗೆ ಯಾವುದು ಶ್ರೇಯಸ್ಸಾದೀತೋ ಇವೆರಡರಲ್ಲಿ ಬ್ರೂಹಿ ತತ್ ಮೇ ತತ್ ಮೇ ಬ್ರೂಹಿ ಅದನ್ನು ನನಗೆ ಹೇಳು.",1512,2410,,,116
kn_gita-3rd_video_0003,gita-3rd_video,kn,Dvaita,3,"ನನ್ನಲ್ಲಿ ಎರಡು ಆಯ್ಕೆಗಳಿವೆ. ಒಂದು ಗುರು ಹಿರಿಯರನ್ನ ಕೊಂದು ಕ್ಷತ್ರಿಯ ವೃತ್ತಿಯಲ್ಲಿ ಇರೋದು, ಇನ್ನೊಂದು ಕ್ಷತ್ರಿಯ ವೃತ್ತಿಯನ್ನ ಬಿಟ್ಟು ಭಿಕ್ಷಾಟನೆ ಮಾಡೋದು. ಇವೆರಡರಲ್ಲಿ ನನಗೆ ಯಾವುದು ಮಾಡಿದ್ರೆ ಶ್ರೇಯಸ್ಸು ತತ್ ಮೇ ಬ್ರೂಹಿ ಅದನ್ನು ನನಗೆ ಹೇಳು. ಶ್ರೇಯಸ್ಸು ಅದು ಕೇಳ್ತಾ ಇಲ್ಲ ನಾನು. ಸಾಮಾನ್ಯ ಜನಕ್ಕೆ ಹೇಳಿದರೆ ನಿಂಗೆ ಅಧಿಕಾರ ಸಿಗುತ್ತೋ ಸುಖ ಸಿಗುತ್ತೋ ಅಂತ ಹೇಳಿ ಯಾರವರು. ನನಗೆ ಶ್ರೇಯಸ್ಸಿನ ಮಾತಲ್ಲ ಶ್ರೇಯಸ್ಸು ಇಹದಲ್ಲೂ ಪರದಲ್ಲೂ. ಒಳ್ಳೆಯದಾಗಬೇಕು. ಈ ಎರಡು ಕೆಲಸಗಳಲ್ಲಿ ಯಾವುದನ್ನು ಮಾಡಿದ್ರೆ ಇಹಪರಗಳಲ್ಲಿ ನನಗೆ ಒಳಿತಾದೀತು ತತ್ ಮೇ ನಿಶ್ಚಿತಂ ಬ್ರೂಹಿ. ದೃಢವಾಗಿ ಹೇಳು. ತೇ ಅಹಂ ಶಿಷ್ಯಃ. ನಾನು ನಿನ್ನ ಶಿಷ್ಯ. ಶಾಜಿ ಮಾಂ ತ್ವಾಂ ಪ್ರಪನ್ನಂ. ನಿನ್ನನ್ನ ಶರಣಾದ ಪ್ರಪನ್ನ ಅಂದ್ರೆ ಶರಣಾದ ಮಾಂ ನನ್ನನ್ನು ನೀನು ಶಾಜಿ ಅಂದ್ರೆ. ಶಿಕ್ಷಣ ಕೊಡು. ಹೀಗೆ ಮಾಡು ಅಂತ ನಿರ್ಧಾರವಾಗಿ ಹೇಳು. ಶಾಸನೆ ಅಂದ್ರೆ ಆದೇಶ ಕೊಡೋದು. ಶಾಚಿ ಅಂದ್ರೆ ಆದೇಶ ಕೊಡು. ನಾನು ನಿನ್ನ ಶಿಷ್ಯ, ನೀನು ನನ್ನ ಗುರು.",2411,3144,,,105
kn_gita-3rd_video_0004,gita-3rd_video,kn,Dvaita,4,"ನನಗೆ ಇವೆರಡರಲ್ಲಿ ಯಾವುದು ಮಾಡಬೇಕು ಅಂತ ಗೊಂದಲ ಮೂಡಿದೆ. ನೀನು ನನಗೆ ಉಪದೇಶ ಮಾಡಬೇಕು ಶ್ರೀಕೃಷ್ಣ. ನಾನು ಶಿಷ್ಯ, ನೀನು ಗುರು, ನೀನು ಹೇಳಿದಂತೆ ನಾನು ಮಾಡುತ್ತೇನೆ ಅರ್ಜುನ. ನೋಡಿ ಎಲ್ಲಿದ್ದ ಅರ್ಜುನ. ಪ್ರಥಮ ಅಧ್ಯಾಯದಲ್ಲಿ ಪೂರ್ಣ ಯುದ್ಧದಿಂದ ಆಗುವ ಅನರ್ಥಗಳನ್ನು ಹೇಳಿ ತನ್ನ ವೈಯಕ್ತಿಕ ಬಾಂಧು ವ್ಯಾಮೋಹವನ್ನು ಕೃಷ್ಣನ ಮುಂದೆ ತೋಡಿಕೊಂಡು. ಶತ್ರು ನಾನು ಯುದ್ಧ ಮಾಡೋದಿಲ್ಲ ಅಂತ ನಿರ್ಧಾರ ಮಾಡಿ ಯೋಧನಾಗಿ ರಥದ ಮೇಲೆ ನಿಲ್ಲಬೇಕಾದ ಅರ್ಜುನ ರಥದಲ್ಲಿ ಮಧುಮಗನಂತೆ ಕೂತ ತಲೆ ಕೆಳಗೆ ಹಾಕಿ. ಈ ಹಠ ತೊಟ್ಟ ಅರ್ಜುನ ಎಲ್ಲಿ ಕೃಷ್ಣ ಒಂದು ಚಾಟಿ ಬೀಸಿದ ನೋಡಿ ಕ್ಲೈವ್ಯಂ ಮಾಸ್ಮ ಅಂತ ಮೆತ್ತಗಾದ ಇಲ್ಲಿ ಕೃಷ್ಣನಿಗೆ ಶರಣಾಗ್ತಾನೆ ಅರ್ಜುನ ನನಗೆ ಏನು ಮಾಡಬೇಕು ಅಂತ ಗೊತ್ತಾಗ್ತಾ ಇಲ್ಲ ಶ್ರೀಕೃಷ್ಣ ಹಠ ಹಿಡಿಯೋದಿಲ್ಲ ನಾನು ಯುದ್ಧ ಮಾಡೋದಿಲ್ಲ ಅಂತ ನನ್ನ ಮುಂದೆ ಎರಡು ಆಯ್ಕೆ ಇದೆ. ಈ ಎರಡರಲ್ಲಿ ಯಾವುದನ್ನ ಮಾಡಿದ್ರೆ ನನಗೆ ಶ್ರೇಯಸ್ಸಾಗುತ್ತೆ ಅದನ್ನ ನೀನು ಹೇಳು, ನಾನು ಶಿಷ್ಯ, ನೀನು ಗುರು, ನೀನು ಹೇಳಿದಂತೆ ನಾನು ಮಾಡುತ್ತೇನೆ ಅಂತ.",3145,3893,,,110
kn_gita-3rd_video_0005,gita-3rd_video,kn,Dvaita,5,"ನೋಡಿ ಇವಾಗ ಕೃಷ್ಣ ಉಪದೇಶಕ್ಕೆ ಆರಂಭ ಮಾಡು. ಯಾವತ್ತೂ ಯುದ್ಧ ಆಡೋದೇ ಇಲ್ಲ ಅಂತ ಹಠ ತೊಟ್ಟು ಕೂತನೋ ಉಪದೇಶ ಶುರು ಮಾಡಿಲ್ಲ. ಅವನ ಮನಸ್ಸನ್ನ ಕೆದಕಿದ. ಇಲ್ಲಿ ಸ್ಪಷ್ಟವಾಗಿ ಹೇಳಿದ ಯುದ್ಧದಿಂದ ಅನರ್ಥ ಆಗ್ತದೆ ಅಂತ ಅಂದ್ರೆ ಅವನು ಲೋಕ ಕುಲಗಳೆಲ್ಲ ಹಾಳಾಗುತ್ತೆ. ಹಿರಿಯರಿಗೆಲ್ಲ. ಕೊಡಬೇಕಾದ ಜಲಾಂಜಲಿಗಳು ಸಿಗೋದಿಲ್ಲ, ದೊಡ್ಡ ಅನರ್ಥಗಳನ್ನೆಲ್ಲ ಸಾಮಾಜಿಕವಾದ ಧಾರ್ಮಿಕವಾದ ಅನರ್ಥಗಳನ್ನು ಕೃಷ್ಣನ ಮುಂದೆ ಇಟ್ಟಿದ್ದಾನೆ. ಇವಾಗ ಅದನ್ನೆಲ್ಲ ಆ ಕಡೆ ಇಟ್ಟ. ಇವಾಗ ನಿಜವಾದ ಭಾವವನ್ನು ಹೇಳ್ತಿದ್ದಾನೆ. ಗುರು ಹಿರಿಯರನ್ನು ಕೊಲ್ಲೋದಕ್ಕೆ ನನಗೆ. ಆಗ್ತಾ ಇಲ್ಲ. ನಾನು ಅವರನ್ನು ಕೊಂದು ರಾಜ್ಯ ಆಳಬೇಕೋ ಅಥವಾ ಕ್ಷತ್ರಿಯ ವೃತ್ತಿಯನ್ನು ಬಿಟ್ಟು ಅವರನ್ನು ಉಳಿಸಿ ನಾನು ಭಿಕ್ಷಾಟನೆ ಮಾಡಬೇಕು. ಇವೆರಡರಲ್ಲಿ ಯಾವುದನ್ನು ನನಗೆ ಶ್ರೇಯಸ್ಸಾಗುತ್ತೋ ಅದನ್ನು ಹೇಳು ಅಂತ ಶರಣಾದ ಆಗ ಕೃಷ್ಣಗೆ. ಭಗವದ್ಗೀತೆಯ ಉಪದೇಶವನ್ನು ಶುರು ಮಾಡಿದ. ಮತ್ತೊಮ್ಮೆ ಶ್ಲೋಕ ಕಾರ್ಪಣ್ಯ ದೋಷೋಪಹತ ಸ್ವಭಾವಃ ಪೃಚ್ಛಾಮಿತ್ವಾಂ ಧರ್ಮ ಸಮ್ಮೂಢಚೇತಾಃ ಯಚ್ಛ್ರೆಯಸ್ಯಾ ನಿಶ್ಚಿತಂ ಬ್ರೂಹಿತನ್ಮೇ ಶಿಷ್ಯಸ್ತೇಹಂ ಶಾಧಿಮಾಂ ತ್ವಾಂ ಪ್ರಪನ್ನಂ ದೇವರ ಮುಂದೆ ಹೋಗುವಾಗ ನಾನು ಹೀಗೆ ನಿರ್ಧಾರ ಮಾಡಿದ್ದೇನೆ ಭಗವಂತ ನೀನು ಹೀಗೆ ಮಾಡಲೇಬೇಕು ಒತ್ತಾಯ ಮಾಡುವ ಹಕ್ಕಿಲ್ಲ ನಮಗೆ.",3894,4794,,,117
kn_gita-3rd_video_0006,gita-3rd_video,kn,Dvaita,6,"ನೋಡಿ ಹೀಗೆ ಒಳ್ಳೆ ಕೆಲಸವನ್ನು ಸಂಕಲ್ಪ ಮಾಡಿದ್ದೇನೆ ನೀನು ನಿನ್ನ ಪ್ರಭುತ್ವದಿಂದ ಆ ಕೆಲಸವನ್ನು ನಡೆಸುವಂತೆ ಮಾಡಿ ಆ ಫಲವನ್ನು ನನಗೆ ಕೊಡಬೇಕು ಅಂತ ಅರ್ಜುನನ ಹಠದ ಸ್ವಭಾವವನ್ನು ಬಿಟ್ಟು ಅರ್ಜುನನ ಶಿಷ್ಯ ಬುದ್ಧಿಯನ್ನು ಭಕ್ತ ಬುದ್ಧಿಯನ್ನು ನಾವು ಅನುಸರಿಸಿದರೆ ಭಗವಂತ ಅದಕ್ಕೆ ಸ್ಪಂದಿಸುತ್ತಾನೆ ಅನ್ನೋದು ಈ ಶ್ಲೋಕದಲ್ಲಿ ಅರ್ಜುನನ ಭಾವದಿಂದ ನಾವು ಕಲಿತುಕೊಳ್ಳಬೇಕಾದ ಪಾಠ. ಕೊನೆಯ ಶ್ಲೋಕ ಅರ್ಜುನನಾಡಿದ್ದು ನಹಿ ಪ್ರಪಶ್ಯಾಮಿ ಮಮಾಪನುದ್ಯಾತ್ ಯಚ್ಚೋಕಮುಚ್ಚೋಷಣ ಇಂದ್ರಿಯಾಣಾಂ ಅವಾಪ್ಯ ಭೂಮಾ ವಸಪತ್ನಮೃದ್ಧಂ ರಾಜ್ಯಂ ಸುರಾಣಾಂ ಅಪಿಚಾಧಿಪತ್ಯಂ ಪದವಿಭಾಗ ನ ಹಿ ಪ್ರಪಶ್ಯಾಮಿ ಮಮ ಅಪನುದ್ಯಾತ್ ಯತ್ ಶೋಕಮ್ ಉಚ್ಛೋಷಣಮ್ ಇಂದ್ರಿಯಾಣಾಮ್ ಅವಾಪ್ಯ ಭೂಮೌ ಅಸಪತ್ನಂ ಋದ್ಧಮ್ ವೃದ್ಧ ಮೃದ್ಧಮಲ್ಲ ಅಸಪತ್ನಂ ವೃದ್ಧಂ ರಾಜ್ಯಂ ಸುರಾಣಾಂ ಅಪಿ ಚ ಆಧಿಪತ್ಯಂ ಉತ್ತರಾರ್ಧದಿಂದ ಪೂರ್ವಾರ್ಧಕ್ಕೆ ಬರಬೇಕು. ಭೂಮೌ ಅಸಪತ್ನಂ ಋದ್ಧಂ ರಾಜ್ಯಂ ಅವಾಪ್ಯ. ಈ ಭೂಮಿಯಲ್ಲಿ ಇಹದಲ್ಲಿ. ಅಸಪತ್ನಂ, ಸಪತ್ನ ಅಂದ್ರೆ ಶತ್ರುಗಳು. ಅಸಪತ್ನಂ ಶತ್ರುಗಳಿಲ್ಲದ ನಮಗೆ ಶತ್ರುಗಳು ನಮ್ಮವರೇ ದುರ್ಯೋಧನಾದಿಗಳು. ಅವರನ್ನ ಕೊಂದು.",4795,5588,,,100
kn_gita-3rd_video_0007,gita-3rd_video,kn,Dvaita,7,"ಶತ್ರುಗಳೇ ಇಲ್ಲದ ಅಸಪತ್ತಂ ಋದ್ಧಂ ಕುರು ರಾಜ್ಯ ಇಂದ್ರಪ್ರಸ್ಥ ಬಹಳ ಸಮೃದ್ಧವಾದ ರಾಜ್ಯ ಅದು. ಹಸ್ತಿನಾಪುರ ಆಗಲಿ ಇಂದ್ರಪ್ರಸ್ಥ ಆಗಲಿ. ಪಾಂಡುರಾಜ ದಿಗ್ವಿಜಯ ಮಾಡಿ ಸಂಪ ಸಮೃದ್ಧಗೊಳಿಸಿದ್ದ. ಇಂದ್ರಪ್ರಸ್ಥದಲ್ಲಿ ಪಾಂಡವರು ರಾಜ್ಯ ಕಟ್ಟಿ. ದೇಶ ದೇಶಗಳಿಗೆ ಹೋಗಿ ಕಪ್ಪ ಸಂಗ್ರಹ ಮಾಡಿ ಇಂದ್ರಪ್ರಸ್ಥವನ್ನು ಸಮೃದ್ಧಗೊಳಿಸಿದ್ದಾರೆ. ಹೀಗೆ ವೃದ್ಧಂ ಅಂದರೆ ಸಮೃದ್ಧವಾದ ಅಸಪತ್ನಂ ಶತ್ರುಗಳಿಲ್ಲದ. ರಾಜ್ಯಂ ಈ ರಾಜ್ಯವನ್ನು ಅಷ್ಟೇ ಅಲ್ಲ ಸುರಾಣಾಮಪಿಚ ಆಧಿಪತ್ಯಂ ದೇವತೆಗಳ ಆಧಿಪತ್ಯವನ್ನು ಈ ರಾಜ್ಯ ಅಷ್ಟೇ ಅಲ್ಲ. ದೇವತೆಗಳ ಒಡೆತನವನ್ನು ಅಂದ್ರೆ ಇಂದ್ರಲೋಕದ ಆಧಿಪತ್ಯವನ್ನು ಅವಾಪ್ಯ ಹೊಂದಿ. ಈ ರಾಜ್ಯವನ್ನು ಅಥವಾ ಇಂದ್ರಲೋಕದ ಐಶ್ವರ್ಯವನ್ನು ಅಧಿಕಾರವನ್ನು ಅವಾಪ್ಯ ಹೊಂದಿ. ಮಮ ಶೋಕಂ ಯತ್ ಅಪನುದ್ಯಾತ್ ನನ್ನ ದುಃಖವನ್ನು ಯಾವುದರಿಂದ ನಾನು ಕಳೆದುಕೊಂಡೇನೋ ಗುರುಕುಲದ ರಾಜ್ಯವನ್ನು ಇಂದ್ರಲೋಕದ ಆಧಿಪತ್ಯವನ್ನು ಹೊಂದಿ ಹೊಂದಿದರು ಇದರಿಂದ ಉಂಟಾಗುವ ದುಃಖವನ್ನು ನಾವು ಯಾವುದರಿಂದ ಯಾವ ಧಾರ್ಮಿಕ ಸಮಾಧಾನದಿಂದ ಬಂದ ದುಃಖವನ್ನು ತಡೆದುಕೊಳ್ಳಬಹುದೋ, ಎಂಥ ದುಃಖ ಅದು? ಇಂದ್ರಿಯಾಣಾಂ ಉಚ್ಛೋಷಣಂ. ನನ್ನ ಜ್ಞಾನೇಂದ್ರಿಯ ಕರ್ಮೇಂದ್ರಿಯಗಳನ್ನು ಒಣಹಾಕಿದೆ ಈ ದುಃಖ.",5589,6432,,,103
kn_gita-3rd_video_0008,gita-3rd_video,kn,Dvaita,8,"ಈ ಮಹಾಭಾರತದ ಯುದ್ಧವನ್ನ ಆಡಿ ಬಂಧುಗಳನ್ನು ಕೊಂದು ನಾನು ರಾಜ್ಯದ ಅಧಿಪತ್ಯವನ್ನು ಅನುಭವಿಸಬೇಕಲ್ಲ. ಅನ್ನೋ ವ್ಯಥೆ, ದುಃಖ ನನ್ನ ಇಂದ್ರಿಯಗಳನ್ನ ನಿಷ್ಕ್ರಿಯವನ್ನಾಗಿ ಮಾಡಿದೆ, ಒಣಗಿಸಿದೆ. ಅಂದ್ರೆ ಅವುಗಳು ತಮ್ಮ ಕೆಲಸವನ್ನ ಮಾಡದೇ ಇರುವಂತೆ. ತಡೆ ಒಡ್ಡಿದೆ ಈ ದುಃಖ. ಈ ದುಃಖವನ್ನು ಯಾವುದು ಅಪನುದ್ಯಾತ್ ನಾಶ ಮಾಡಿತೋ ಅಂತಹ ದುಃಖವನ್ನು ನಾಶ ಮಾಡುವ ಒಂದು ಸಮಾಧಾನವನ್ನು. ಒಂದು ಧಾರ್ಮಿಕ ಪರಿಹಾರವನ್ನು ನಹಿಪ್ರಪಶ್ಯಾಮಿ. ನನಗಂತೂ ಕಾಣ್ತಾ ಇಲ್ಲ. ನೀನು ಹೇಳಬೇಕು ಅದನ್ನ. ಒಟ್ಟಿನಲ್ಲಿ ತಾತ್ಪರ್ಯ ಈ ಸಮೃದ್ಧವಾದ ರಾಜ್ಯವನ್ನು ಪಡೆದಾಗ. ಈಗ ಬಂಧು ವ್ಯಾಮೋಹದಿಂದ ನನ್ನ ಹೃದಯದಲ್ಲಿ ಏನು ದುಃಖ ಬಂದಿದೆಯೋ, ಯಾವ ದುಃಖವು ನನ್ನ ಇಂದ್ರಿಯಗಳನ್ನೆಲ್ಲ ನಿಷ್ಕ್ರಿಯವನ್ನಾಗಿ ಮಾಡಿದೆಯೋ, ಈ ದುಃಖವನ್ನು ಪರಿಹಾರ ಮಾಡುವ ಉಪಾಯವನ್ನು ನಾನು ಕಾಣಲಾರೆ. ಈ ದುಃಖಕ್ಕೆ ಒಂದು ಪರಿಹಾರ ಸಿಕ್ಕರೆ ನಾನು ಈ ರಾಜ್ಯದ ಅಧಿಕಾರಕ್ಕಾಗಿ ನಿನ್ನ ಆದೇಶದಂತೆ ತೊಡಗಿಯೇನು. ಆದ್ದರಿಂದ ಮೊದಲು ಈ ದುಃಖವನ್ನು ಪರಿಹರಿಸಬಹುದಾದ ಒಂದು ಮಾರ್ಗವನ್ನು, ಒಂದು ಉಪದೇಶವನ್ನು ನನಗೆ ನೀಡು ಅಂತ.",6433,7199,,,101
kn_gita-3rd_video_0009,gita-3rd_video,kn,Dvaita,9,ಅಷ್ಟು ದೊಡ್ಡ ಕುಸಿತಕ್ಕೆ ಅರ್ಜುನ ಒಳಗಾಗಿದ್ದಾನೆ. ಇಲ್ಲಿ ಎರಡು ಅಂಶಗಳನ್ನು ನಾವು ಗಮನಿಸಬೇಕು. ಅರ್ಜುನ ಈ ಯುದ್ಧದಿಂದ ರಾಜ್ಯದ ಅಧಿಕಾರ ಸೇಡನ್ನು ತೀರಿಸೋದು. ಇವೆರಡನ್ನು ಮಾತ್ರ ಕಾಣ್ತಾ ಇದ್ದಾನೆ. ಇದಕ್ಕಾಗಿ ಬಂಧುಗಳಿಗೆ ಅವರ ಸಂಹಾರವನ್ನು ಮಾಡುವಂತದ್ದು ಅವರಿಗೆ ತೊಂದರೆ ಕೊಡತಕ್ಕಂತದ್ದು. ಈ ತೊಂದರೆಯಿಂದ ನನಗೆ ಪಾಪ ಬರುತ್ತದೆ. ಈ ಪಾಪ ಪ್ರಜ್ಞೆಯಿಂದ ಇಂದ್ರಿಯಗಳಿಗೆ ದುಃಖ ಬಂದು ಅವು ಯಾವುದು ಕೆಲಸ ಮಾಡ್ತಾ ಇಲ್ಲ. ಇದಕ್ಕೆ ಪರಿಹಾರವನ್ನು ನೀನು ಕೊಟ್ರೆ ರಾಜ್ಯದ ಪ್ರಾಪ್ತಿಗೆ ಕಾರಣವಾದ ಈ ಯುದ್ಧದಲ್ಲಿ ನಾನು ತೊಡಗಿಯೇನು ಶಾಧಿಮಾಂ ತ್ವಂ ಪ್ರಭವ್ನಂ ಇವಿಷ್ಟು ಹೇಳಿ ಅರ್ಜುನ. ಅದುವರೆಗೆ ಯುದ್ಧ ಆಡಲ್ಲ ಅಂತ ಕುಸಿದವನು ಒಂದು ಜಿಜ್ಜಾಸುವಾಗಿ ಸ್ವಲ್ಪ ಮೆತ್ತಗಾಗಿ ಶ್ರೀಕೃಷ್ಣನಿಗೆ ಶರಣಾಗ್ತಾನೆ. ನಾವು ಗೀತೋಪದೇಶದ ಚಿತ್ರಗಳನ್ನು ನೋಡ್ತೀವಿ ನೋಡಿ. ಅಲ್ಲಿ ಅರ್ಜುನ ಕೈ ಮುಗಿದು ಕೃಷ್ಣನ ಮುಂದೆ ಕೂತಿರ್ತಾನೆ. ಕೃಷ್ಣ ವಿಶ್ವರೂಪವನ್ನು ತೋರುತ್ತಾ ಇದ್ದಾನೆ. ಅವನ ಆರಂಭದಲ್ಲಿ ಕೈ ಮುಗಿದು ಕೂತಿಲ್ಲ ಅವನು. ನಾನು ಶತ್ರು ಯುದ್ಧ ಮಾಡೋದಿಲ್ಲ ಅಂತ ಹಠದಲ್ಲಿ ಕೂತಿದ್ದ.,7200,7976,,,102
kn_gita-3rd_video_0010,gita-3rd_video,kn,Dvaita,10,ಕೈ ಕಟ್ಟಿ ಕೂತಿದ್ದ ಅವನು ರಥದ ಮಧ್ಯದಲ್ಲಿ. ಆದರೆ ಮಧ್ಯದಲ್ಲಿ ಕೃಷ್ಣ ಕ್ಲೈಬ್ಯಂ ಮಾಸ್ಮ ಅಂತ ಯಾವತ್ತು ಎಚ್ಚರಿಸಿದನೋ ಆವಾಗ ಅವನದು ಆ ದೃಶ್ಯ ಕೈಕಟ್ಟಿ ಶಿಷ್ಯಸ್ತೇಹಂ ಶಾಧಿಮಾಂ ತ್ವಾಂ ಪ್ರಪನ್ನಂ ಇದು ಅರ್ಜುನನ ಶರಣಾಗತಿ ಈ ಶರಣಾಗತಿ. ಗೆ ಒಳಗಾದಾಗ ನಾನು ಶಿಷ್ಯ ನೀನು ಗುರು ಅಂತ ಹೇಳಿದಾಗ ಶ್ರೀಕೃಷ್ಣ ತನ್ನ ಉಪದೇಶಕ್ಕೆ ಆರಂಭ ಮಾಡ್ತಾನೆ. ಮತ್ತೊಮ್ಮೆ ಶ್ಲೋಕ ನಹಿ ಪ್ರಪಶ್ಯಾಮಿ ಮಮಾಪನುದ್ಯಾತ್. ಯಚ್ಚೋಕಮುಚ್ಚೋಷಣಮಿಂದ್ರಿಯಾಣಾಂ ಅವಾಪ್ಯ ಭೂಮಾವಸಪತ್ತಮೃದ್ಧಂ ರಾಜ್ಯಂ ಸುರಾಣಾಮಪಿಚಾಧಿಪತ್ಯಂ ಇಲ್ಲಿಗೆ ಅರ್ಜುನನ ಅಳಲು ಮುಗಿಯಿತು. ಮುಂದೆ ಸಂಜಯ ಒಂದೆರಡು ಮಾತುಗಳನ್ನ ಆಡ್ತಾನೆ ಅಂದ್ರೆ ಧೃತರಾಷ್ಟ್ರನ ಮುಂದೆ. ಇದರ ನಂತರ ಏನಾಯ್ತು ಅಂತ. ಸಂಜಯ ಉವಾಚ ಏವಮುಕ್ತ್ವಾ ಹೃಷಿಕೇಶಂ ಗುಡಾಕೇಶಃ ಪರಂತಪಃ ನಯೋತ್ಸ್ಯ ಇತಿ ಗೋವಿಂದಂ ಉಕ್ತ್ವಾ ತೂಷ್ಣೀಂ ಬಭೂವಃ ಪದವಿಭಾಗ एवं ಉಕ್ತ್ವಾ ಹೃಷಿಕೇಶಂ ಗುಡಾಕೇಶಃ ಪರಂತಪಃ ನ ಯೋಶ್ಯೆ ಯೋಶ್ಯ ಇದೆ ಪದ ವಿಭಾಗ ಮಾಡುವಾಗ ಯೋಶ್ಯೆ ಇತಿ ಗೋವಿಂದಂ ಉಕ್ತ್ವ ತೂಷ್ಣಿಂ ಬಭೂವ ಗುಡಾಕೇಶನು ಹೃಷಿಕೇಶನಿಗೆ ಹೀಗೆ ಹೇಳಿ ಗುಡಾಕೇಶಃ ಅವನಿಗೊಂದು ವಿಶೇಷಣ ಪರಂತಪಃ ಪರ ಅನ್ನೋ ಶಬ್ದಕ್ಕೆ ಸಂಸ್ಕೃತದ ರೂಢಾರ್ಥ ಶತ್ರುಗಳು ಅಂತ.,7977,8811,,,113
kn_gita-3rd_video_0011,gita-3rd_video,kn,Dvaita,11,ಇದುವರೆಗಿನ ಯುದ್ಧದಲ್ಲಿ ಶತ್ರುಗಳಿಗೆ ತಾಪವನ್ನ ನೀಡುವಷ್ಟು ಪರಾಕ್ರಮಿಯಾದ ಗುಡಾಕೇಶನು. ಕೃಷಿಕೇಶನಿಗೆ ಇಷ್ಟು ಹೇಳಿ ಏವಂ ಉಕ್ತ್ವ ಇಷ್ಟು ಹೇಳಿ ನಯೋಸ್ಯೇ ನಾನು ಯುದ್ಧ ಮಾಡೋದಿಲ್ಲ ಇತಿ ಉಕ್ತ್ವ ಹೇಳಿ ತೂಷ್ಣೀಂ ಬಭೂವ ಸುಮ್ಮನೆ ಆಗ ಋಷಿಕೇಶಂ ಗುಡಾಕೇಶಃ ಪರಂತಪಃ ಉಕ್ತ್ವಾ ನಯೋಸ್ಯೇ ಇತಿ ಉಕ್ತ್ವಾ ತುಷ್ಣೀಂ ಬಭೂವ ಇಲ್ಲಿ ಕೃಷ್ಣನನ್ನ ಋಷಿಕೇಶ ಗೋವಿಂದ ಎರಡು ಮಾತುಗಳಿಂದ ಉಲ್ಲೇಖಿಸಿದ್ದಾರೆ ವ್ಯಾಸರು. ಅರ್ಜುನ ಗುಡಾಕೇಶ. ಗುಡಾಕಾ ಈಶ ನಿದ್ದೆಯನ್ನು ಗೆದ್ದವ ಕೃಷ್ಣ ಹೃಷಿಕೇಶ ನಮ್ಮ ಇಂದ್ರಿಯಗಳ ಒಳಗಡೆ ಇದ್ದು ಆ ಇಂದ್ರಿಯಗಳು ಕ್ರಿಯಾಶೀಲವಾಗುವಂತೆ ಮಾಡುವ ಪರಮಶಕ್ತಿ ಆದ್ದರಿಂದ ಅರ್ಜುನ ನಿದ್ದೆಯನ್ನಷ್ಟೇ ಗೆದ್ದಿದ್ರೆ ಶ್ರೀಕೃಷ್ಣ ಐದು ಜ್ಞಾನೇಂದ್ರಿಯ ಐದು ಕರ್ಮೇಂದ್ರಿಯವನ್ನು ನಿಯಂತ್ರಿಸುವ ಸ್ವಾಮಿ. ಹೀಗಾಗಿ ಅರ್ಜುನನ ಬಾಯಿಯಿಂದ ಇಷ್ಟು ಆಡಿಸಿದವನು ಅವನೇ. ಅರ್ಜುನ ಬರೆ ನಿದ್ದೆಯನ್ನ ಗೆದ್ದರೆ ಇವನು ಇಂದ್ರಿಯಗಳನ್ನೆಲ್ಲ ನಮ್ಮ ಇಂದ್ರಿಯಗಳನ್ನೆಲ್ಲ ತನ್ನ ಹತೋಟಿಯಲ್ಲಿ ಇಟ್ಟುಕೊಂಡವನಾದ್ದರಿಂದ ಇಷ್ಟು ಆಡಿಸಿ ಅದಕ್ಕೆ ಪರಿಹಾರವನ್ನು ಕೊಡುವವನು ಅವನೇ ಯಾಕೆ ಅಂದ್ರೆ ಅವನು ಗೋವಿಂದ. ಗೋವಿಂದ ಅಂದ್ರೆ ಗೋಭಿಹಿ ವಿಂದತೆ ಇತಿ ಗೋವಿಂದಃ ಸಕಲ ವೈದಿಕ ವಾಂಗ್ಮಯದಿಂದ ಪ್ರತಿಪಾದ್ಯ.,8812,9675,,,107
kn_gita-3rd_video_0012,gita-3rd_video,kn,Dvaita,12,ವೇದೇ ರಾಮಾಯಣೇ ಚೈವ ಪುರಾಣೆ ಭಾರತೇ ತಥಾ ಆದಾ ವಂತೇಚ ಮಧ್ಯೇಚ ವಿಷ್ಣು ಸರ್ವತ್ರ ಗೀಯತೆ. ಸಕಲ ವೈಯಕ್ತಿಕ ವಾಂಗ್ಮಯಗಳು ಶ್ರೀಕೃಷ್ಣನನ್ನ ಸರ್ವೋತ್ತಮ ಅಂತ ಸಾರ್ತಾ ಇವೆ. ಅಲ್ಲಿಗೆ ವೇದ ಪ್ರತಿಪಾದ್ಯನಾದ ದೇವದೇವನಿಗೆ ಬುದ್ಧಿ ಹೇಳಿದ ಅರ್ಜುನ ಅವನು ಗುಡಾಕೇಶ ಅಷ್ಟೇ. ಇವನು ಹೃಷಿಕೇಶ. ವೇದಗಳಿಂದ ಪ್ರತಿಪಾದ್ಯನಾದವನ ಅದ್ಭುತ ಜ್ಞಾನ ಶಕ್ತಿಯಲ್ಲಿ ಅಂತಹ ಕೃಷ್ಣನಿಗೆ ಅರ್ಜುನ ಯುದ್ಧ ಮಾಡುವುದಿಲ್ಲ ಅಂತ ಮುಂಡು ಹಠ ಮಾಡಿ ಧರ್ಮದ ಉಪದೇಶ ಅವನ ಮುಂದೆ ಆಡಿದ್ದು ಎಲ್ಲಿ ಅಂತ ಹೇಳುವ ಮೂಲಕ ಅರ್ಜುನ ಹೇಳಿದ್ದು ಯತ್ಕಿಂಚಿತ್ ಕೃಷ್ಣ ಹೇಳಿದ್ದೆ ತತ್ವ ಅನ್ನೋದನ್ನ. ಗೋವಿಂದ ಗುಡಾಕೇಶ ಅನ್ನೋ ಪದ ಹೃಷಿಕೇಶ ಗುಡಾಕೇಶ ಅನ್ನೋ ಪದ ಇಲ್ಲಿ ತಿಳಿಸ್ತಾ ಇದೆ. ಮತ್ತೊಮ್ಮೆ ಶ್ಲೋಕ ಏವಮುಕ್ತ್ವಾ ಹೃಷಿಕೇಶಂ ಗುಡಾಕೇಶ ಪರಂತಪಃ ನಯೋಸ್ಯ ಇತಿ ಗೋವಿಂದಂ ಉಕ್ತ್ವಾ ತೂಷ್ಣೀಂ ಬಭೂವಃ ಅರ್ಜುನ ಕೂತಾಂತ ಸಂಜಯ ಧೃತರಾಷ್ಟ್ರನಿಗೆ ಹೇಳಿದ ಮುಂದೆ ಏನು? ಮುಂದಿನ ಯುದ್ಧರಂಗದ ರಣರಂಗದ ಸಮಾಚಾರ ಏನಾಯಿತು? ಅನ್ನೋದನ್ನ ಮುಂದಿನ ಭಾಗದಲ್ಲಿ ನೋಡೋಣ.,9676,10404,,,101
kn_gita-3rd_video_0013,gita-3rd_video,kn,Dvaita,13,ಶ್ರೀ ಕೃಷ್ಣಾರ್ಪಣಮಸ್ತು. ಭಗವದ್ಗೀತೆಯ ಈ ಪ್ರವಚನ ಧಾರೆಯನ್ನು ಶ್ರೀ ಮರವೇಕೆರೆ ಮುರಳೀಧರ ಇವರು ಪ್ರಾಯೋಜಿಸಿದ್ದಾರೆ. ಭಗವಂತ ಅವರಿಗೆ ಸಕಲ ಅಭಿಷ್ಟಗಳನ್ನು ಅನುಗ್ರಹಿಸಿ ಮತ್ತಷ್ಟು ಜ್ಞಾನ ಸೇವೆಯನ್ನು ಮಾಡಿಸಲಿ ಅಂತ ಪ್ರಾರ್ಥನೆ ಮಾಡುತ್ತೇನೆ.,10405,10601,,,23
kn_gita-4th_video_0000,gita-4th_video,kn,Dvaita,0,ಶ್ರೀ ಗುರುಭ್ಯೋ ನಮಃ ಹರಿಃ ಓಂ ಅರ್ಜುನ ತನ್ನ ನಿಜವಾದ ಸಮಸ್ಯೆಯನ್ನು ಕೃಷ್ಣನ ಮುಂದೆ ತೋಡಿಕೊಂಡು ನಾನು ಶಿಷ್ಯ ನೀನು ಗುರು. ನೀನು ಹೇಳಿದಂತೆ ನಾನು ಮಾಡುತ್ತೇನೆ. ಹೇಳಿ ನಯೋಸ್ಯೇ ಯುದ್ಧ ಮಾಡೋದಿಲ್ಲ ಅಂತ ತೂಷ್ಣೀಂ ಬಭೂವ ಸುಮ್ಮನಾದ. ಇದು ಸಂಜಯ ಧೃತರಾಷ್ಟ್ರನಿಗೆ ನಿರೂಪಿಸಿದ ಸಂದರ್ಭ. ಮುಂದಿನ ನಡೆಯನ್ನು ಸಂಜಯ ಧೃತರಾಷ್ಟ್ರನಿಗೆ ಹೇಳ್ತಾ ಇದ್ದಾನೆ. ದ್ವಿತೀಯ ಅಧ್ಯಾಯದ 10ನೇ ಶ್ಲೋಕ ತಮುವಾಚ ಹೃಷಿಕೇಶಃ ಪ್ರಹಸನ್ನಿವ ಭಾರತ ಸೇನಯೋರುಭಯೋರ್ಮಧ್ಯೆ ವಿಷೀದಂತಮಿದಂ ವಚಃ ಪದವಿಭಾಗ ತಂ ಉವಾಚ ಹೃಷಿಕೇಶಃ ಪ್ರಹಸನ್ ಇವ ಭಾರತ ಸೇನಯೋಹು ಉಭಯೋಹು ಮಧ್ಯೆ. ವಿಷೀದಂತಂ ಇದಂ ವಚಃ ಹೃಷಿಕೇಶಃ ತಂ ಉವಾಚ ಶ್ರೀಕೃಷ್ಣನು ಆ ಅರ್ಜುನನಿಗೆ ಪ್ರಹಸನ್ನಿವ ಮಂದಹಾಸ ಬೀರುವವನಂತೆ ಉವಾಚ ಹೇಳಿದ. ಯಾರಿಗೆ ಸೇನಯೋಹು ಉಭಯೋಹು ಮಧ್ಯೆ ಉಭಯೋಹು ಸೇನಯೋರ್ ಮಧ್ಯೆ ಕೌರವ ಪಾಂಡವರ ಸೇನೆಯ ಮಧ್ಯದಲ್ಲಿ ವಿಷೀದಂತಂ ವಿಷಾದಕ್ಕೆ ಒಳಗಾಗಿರುವ ತಂ ಆ ಅರ್ಜುನನನ್ನು ಕುರಿತು ಉವಾಚ ಇದಂ ವಚಹ ಉವಾಚ ಈ ಮಾತನ್ನು ಹೇಳಿದ. ಋಷಿಕೇಶನು ಎರಡು ಸೇನೆಗಳ ಮಧ್ಯದಲ್ಲಿ ವಿಷಾದಕ್ಕೆ ಒಳಗಾದ ಅರ್ಜುನನನ್ನು ಕುರಿತು ಈ ಮಾತನ್ನು ಹೇಳಿದ.,0,786,,,110
kn_gita-4th_video_0001,gita-4th_video,kn,Dvaita,1,"ಮುಂದಿನ ಶ್ರೀಕೃಷ್ಣನ ಗೀತೋಪದೇಶ. ಇಲ್ಲಿ ಪ್ರಹಸನ್ನಿವ ಅರ್ಜುನನ ಈ ಮಾತನ್ನ ಕೇಳಿ ಅಂದ್ರೆ ಮೊದಲ ಘಟ್ಟದ ಮಾತಲ್ಲ. ಎರಡನೆಯ ಹಂತದ ಅರ್ಜುನನ ಮಾತನ್ನ ಕೇಳಿ. ಪ್ರಹಾಸ ಮಾಡುವಂತೆ ನಗುವಿನಲ್ಲಿ ತುಂಬಾ ವೈವಿಧ್ಯ ಇದೆ. ಅಟ್ಟಹಾಸ, ಮಂದಹಾಸ, ಪ್ರಹಾಸ ಅಂತ. ಇಲ್ಲಿ ಮಂದಹಾಸವು ಅಲ್ಲ, ಅಟ್ಟಹಾಸವು ಅಲ್ಲ, ಪ್ರಹಾಸ. ಏನು ಪ್ರಹಾಸ ಅಂದ್ರೆ, ಪರಾಪರಾಧ ಪ್ರಕಾಶನೇನ ಪರಸ್ಯ ಲಜ್ಜಾ ಜನನಂ ಪ್ರಹಾಸಃ. ನಮ್ಮ ಎದುರುಗಡೆ ಇರುವ ವ್ಯಕ್ತಿ ಅವನ ತಪ್ಪನ್ನ ಹೊರಹಾಕುವ ಮೂಲಕ ಅವನಿಗೆ ನಾಚಿಕೆಯನ್ನು ಉಂಟುಮಾಡುವ ನಗು. ಇದು ಪ್ರಹಾಸ. ಉದಾಹರಣೆಗೆ ನಾನು ಗೀತಾ ಪ್ರವಚನ ಮಾಡ್ತಾ ಇದ್ದೆ ಅಂತ ಇಟ್ಕೊಳ್ಳಿ. ಆಚೆ ಕಡೆ ಬಂದು ನಾನು ಹೋಗಬಾರದ ಜಾಗಕ್ಕೆ ಹೋಗಿದ್ದೆ. ಅಲ್ಲಿ ನೀವು ಭೇಟಿಯಾದ್ರಿ. ಆ ಹರಿಯಾಚಾರ್ಯ ಅಂತ ಒಂದು ನಗುತ್ತೀರಿ ನೋಡಿ ಅದು. ಗೀತೋಪದೇಶ ಮಾಡುವ ವ್ಯಕ್ತಿ ಉನ್ನತ ಮಟ್ಟದಲ್ಲಿದ್ದಾನೆ ಅಂತ ನಿಮ್ಮ ಭಾವನೆಯಲ್ಲಿ ಇರುತ್ತದೆ. ನಾನು ಕೀಳುತನಕ್ಕೆ ಹೋದಾಗ ನೀವು ನನ್ನನ್ನು ನೋಡಿ ಮಾಡುವ ನಗು ಇದೆಯಲ್ಲ ಅದು ಪ್ರಹಾಸ.",787,1505,,,102
kn_gita-4th_video_0002,gita-4th_video,kn,Dvaita,2,"ಅದನ್ನ ಇಲ್ಲಿ ಶ್ರೀಕೃಷ್ಣ ಮಾಡಿದ. ಅರ್ಜುನ ಪ್ರಥಮ ಅಧ್ಯಾಯದಲ್ಲಿ ಹೇಳಿದ್ದು ಯುದ್ಧದಿಂದ ಇಡೀ ಕುಲ ಹಾಳಾಗುತ್ತೆ. ಸಾಂಕರಿಯ ಬರುತ್ತದೆ. ಅರಾಜಕತೆ ಮೂಡುತ್ತದೆ. ಆದ್ದರಿಂದ ಯುದ್ಧ ಬೇಡ. ಆದರೆ ತನ್ನ ದೌರ್ಬಲ್ಯವನ್ನು ಮುಚ್ಚಿಟ್ಟುಕೊಂಡಿದ್ದ ಆತ. ಯುದ್ಧ ಅಧರ್ಮ ಅಂತ ಧರ್ಮಕ್ಕೆ ವಿರುದ್ಧ ಅಂತ ಅನ್ನೋ ಮಾತನ್ನ ಆಡಿದ ಹೊರತು. ನನ್ನ ಬಂಧುಗಳು ಅವರನ್ನು ಕೊಲ್ಲೋದಕ್ಕೆ ನನಗೆ ಸಂಕೋಚವಾಗುತ್ತದೆ ಅಂತ ತನ್ನ ಹೃದಯದ ದೌರ್ಬಲ್ಯವನ್ನು ಮುಚ್ಚಿಟ್ಟು ಅದಕ್ಕೆ ಧರ್ಮದ ಮುಖವಾಡವನ್ನು ಹಾಕಿದ್ದಾನೆ. ಅದಕ್ಕೆ ಶ್ರೀಕೃಷ್ಣ ಕ್ಲೈಭ್ಯಂ ಮಾಸ್ಮಗಮಃ ಅಂತ ಒಂದು ಹೊಡೆದ. ಆವಾಗ ನಿಜ ಭಾವ ಬಂತು. ಹೀಗೆ. ಅರ್ಜುನ ಧರ್ಮದ ಮುಖವಾಡವನ್ನು ಏನು ಹಾಕಿದ್ನೋ ಅದನ್ನ ಕಳಚಿ ತನ್ನ ಹೃದಯದ ದೌರ್ಬಲ್ಯವನ್ನ ಹೊರಹಾಕಿದಾಗ ಕೃಷ್ಣ ಪ್ರಹಾಸವನ್ನ ಮಾಡಿದ. ಓ ಇದಾ? ನಿನ್ನ ಹಿಂಜರಿಕೆಗೆ ಕಾರಣ ಅಂತ. ಹಾಗಾದರೆ ನೀನು ಯುದ್ಧದಿಂದ ಧರ್ಮ ನಾಶ ಆಗುತ್ತೆ, ಕುಲ ನಾಶ ಆಗುತ್ತೆ, ಸಾಮಾಜಿಕ ಅನರ್ಥ ಆಗುತ್ತೆ, ಇದೆಲ್ಲ ಹೇಳಿದ್ದು ಅದು ಸುಮ್ಮನೆ ವ್ಯರ್ಥ ಅದು. ಬರೆ ಒಂದು ನೆಪ.",1506,2247,,,102
kn_gita-4th_video_0003,gita-4th_video,kn,Dvaita,3,"ನಿಜವಾಗಿ ನೀನು ಯುದ್ಧದಿಂದ ಹಿಂದಿರೋದು ಇವಾಗ ಆಡಿದ್ದಿ. ಕಾರ್ಪಣ್ಯ ದೋಷೋಪಹತ ಸ್ವಭಾವಃ ಹಾಗಾದರೆ ಬಂಧು ವ್ಯಾಮೋಹ ಕರ್ತವ್ಯದ ಹಿಮ್ಮುಖಕ್ಕೆ ಕರ್ತವ್ಯವನ್ನ ಬಿಡೋದಕ್ಕೆ ಕಾರಣ. ಹೀಗೆ ಅರ್ಜುನನ ಬಾಯಿಯಿಂದಲೇ ಅವನ ಹೃದಯ ದೌರ್ಬಲ್ಯವನ್ನ ಕೃಷ್ಣ ಹೊರಬರುವಂತೆ ಮಾಡಿ ಪ್ರಹಾಸ ಮಾಡಿದ. ಅವನಿಗೆ ಆ ನಗುವೇ ಒಂದು ರೀತಿಯ ನಾಚಿಕೆಯನ್ನು ಕೊಡುವ ಈಗ ಅಂತ. ಪ್ರಹಸನ್ನಿವ ಭಾರತ ತಂ ಉವಾಚ ಈ ಮಾತನ್ನ ಮುಂದಿನ ಉಪದೇಶದ ಮಾತುಗಳನ್ನ ಶ್ರೀಕೃಷ್ಣ ಅರ್ಜುನನಿಗೆ ಆಡಿದ. ಇಲ್ಲಿ ನೋಡಿ ಸೇನಯೋರುಭಯೋರ್ಮಧ್ಯೆ ವಿಷೀದಂತಂ ಉಪದೇಶವನ್ನು ಧರ್ಮರಾಜನಿಗೂ ಭೀಷ್ಮರು ಮಾಡಿದ್ದಾರೆ. ಯುದ್ಧ ಮುಗಿದ ಮೇಲೆ ಅದು ಶಾಂತವಾದ ಪರಿಸ್ಥಿತಿ. ಯುದ್ಧ ಮುಗಿದ ಮೇಲೆ ನಾವು ಮಾಡಿದ್ದು ತಪ್ಪು ಅಂತ ಧರ್ಮರಾಜನಿಗೆ ಅನಿಸ್ತು. ಕೃಷ್ಣ ರಣರಂಗದಲ್ಲಿ ಶರಪಂಜರದಲ್ಲಿ ಮಲಗಿದ್ದ ಭೀಷ್ಮರಲ್ಲಿಗೆ ಧರ್ಮರಾಜನನ್ನು ಕರ್ಕೊಂಡು ಹೋಗಿ ಅವನ ಸಂಶಯಗಳಿಗೆಲ್ಲ ಪರಿಹಾರ ಮಾಡಿದ. ಅನುಶಾಸನ ಪರ್ವ, ಶಾಂತಿ ಪರ್ವ ದೀರ್ಘವಾದ ಉಪದೇಶಗಳು ಹೊರಬಂತು. ಆದರೆ ಇಲ್ಲಿ ದೀರ್ಘವಾದ ಉಪನ್ಯಾಸಕ್ಕೆ ಸಂದರ್ಭ ಅಲ್ಲ. ಎರಡು ಸೇನೆಗಳ ಮಧ್ಯೆ ಇವರು ನಿಂತಿದ್ದಾರೆ.",2248,3031,,,102
kn_gita-4th_video_0004,gita-4th_video,kn,Dvaita,4,ಅಷ್ಟು ದೀರ್ಘವಾದ ಕಾಲವನ್ನು ತೆಗೆದುಕೊಳ್ಳುವ ಸಂದರ್ಭ ಇದಲ್ಲ. ಆದ್ದರಿಂದ ಸೇನಯೋಹು ಉಭಯೋರ್ ಮಧ್ಯೆ ವಿಷಯದಂತಂ ಇಲ್ಲಿ ಬರುವ ಮುಂಚೆಯಾದರೂ ಅರ್ಜುನ ಈ ಮಾತನ್ನ ಆಡಿದ್ರೆ ಅರ್ಜುನನ ರಥವನ್ನ ಹಿಂದಕ್ಕೆ ತೆಗೆದುಕೊಂಡು ಹೋಗಿ ಶಿಬಿರದಲ್ಲಿ ಉಪದೇಶ ಮಾಡಬಹುದಿತ್ತು. ಆದರೆ ತುಂಬಾ ವಿಷಮ ಸನ್ನಿವೇಶದಲ್ಲಿದ್ದಾನೆ. ಅರ್ಜುನ ಶ್ರೀಕೃಷ್ಣ ಅಂತಹ. ಎರಡು ಸೇನೆಗಳ ಮಧ್ಯದಲ್ಲಿ ಈ ವಿಷಾದದಿಂದ ನಿಷ್ಕ್ರಿಯತೆಗೆ ಒಳಗಾದ ಅರ್ಜುನನನ್ನ ಶ್ರೀಕೃಷ್ಣ ತನ್ನ ಉಪದೇಶದಿಂದ ಕರ್ತವ್ಯದಲ್ಲಿ ತೊಡಗಿಸಿದ ಇದು ಕೃಷ್ಣನಿಂದ ಸಾಧ್ಯ ಹೊರತು ನಮ್ಮ ನಿಮ್ಮಿಂದ ಸಾಮಾನ್ಯರಿಂದ ಆಗುವ ಕೆಲಸ ಅಲ್ಲ ಅನ್ನೋದನ್ನ ತಿಳಿಸುವ ದೃಷ್ಟಿಯಿಂದ ಸೇನಯೋರುಭಯೋರ್ಮಧ್ಯೆ ವಿಷಯದಂತಂ ಅನ್ನೋ ಮಾತನ್ನ ವ್ಯಾಸರು ಈ ಶ್ಲೋಕದಲ್ಲಿ ಆಡಿದ್ದಾರೆ. ಮತ್ತೊಮ್ಮೆ ಶ್ಲೋಕ ತಮುವಾಚ ಹೃಷಿಕೇಶಃ ಪ್ರಹಸನ್ನಿವ ಭಾರತ ಸೇನಯೋರುಭಯೋರ್ಮಧ್ಯೆ ವಿಷೀದಂತಮಿದಂ ವಚಃ ಇಲ್ಲಿಂದ ಮುಂದೆ ಶ್ರೀಕೃಷ್ಣನ ಉಪದೇಶ ಮಾತುಗಳು ಆರಂಭವಾಗುತ್ತವೆ. ಕೃಷ್ಣನ ಮಾತು. ಜಿತ್ಯಾಧ್ಯಾಯದ ಆರಂಭದಲ್ಲೂ ಎರಡು ಶ್ಲೋಕಗಳಲ್ಲಿ ಬಂದಿತ್ತು. ಅದು ಗೀತೋಪದೇಶಕ್ಕೆ ಅರ್ಜುನನನ್ನ ಅಣಿಗೊಳಿಸುವ ದೃಷ್ಟಿಯಿಂದ ಆಡಿದ ಮಾತು. ಇಲ್ಲಿಂದ ಉಪದೇಶ ಆರಂಭ ಮಾಡ್ತಾನೆ ಶ್ರೀಕೃಷ್ಣ.,3032,3879,,,101
kn_gita-4th_video_0005,gita-4th_video,kn,Dvaita,5,"ಶ್ರೀ ಭಗವಾನ್ ಉಮಾಚ ಅಶೋಚ್ಯಾನನ್ವಶೋಚಸ್ತ್ವಂ ಪ್ರಜ್ಞಾವಾದಾಂಶ್ಚ ಭಾಷಸಿ ಗತಾಸು ನಗತಾಸುಂಶ್ಚ ನಾನು ಶೋಚಂತಿ ಪಂಡಿತಾಹ ಶ್ಲೋಕದ ಪದ ವಿಭಾಗ. ಅಶೋಚ್ಯಾನ್ ಅನ್ವಶೋಚಃ ತ್ವಂ ಪ್ರಜ್ಞಾವಾದಾನ್ ಚ ಭಾಷಸೆ ಗತಾಸೂನ್ ಅಗತಾಸೂನ್ ಚ ನ ಅನುಶೋಚಂತಿ ಪಂಡಿತಾಹ ಬಹಳ ಗಂಭೀರವಾದ ಆರಂಭದ ಮಾತು. ಇಲ್ಲಿ ಮೇಲ್ಮೈಗೆ ಕಾಣುವ ಅರ್ಥವನ್ನ ನಿಮಗೆ ಹೇಳ್ತೀನಿ ನಾನು. ಪ್ರಾಯಃ ಅನೇಕ ಗೀತಾ ವ್ಯಾಖ್ಯಾನಕಾರರು ಈ ಅರ್ಥವನ್ನೇ ಹೇಳಿದ್ದಾರೆ. ಅರ್ಜುನ ಅಶೋಚ್ಯಾನ್ ತ್ವಂ ಅನ್ವಶೋಚಃ. ಯಾರ ಬಗ್ಗೆ ನಾವು ಅಳಬಾರದು, ಶೋಕ ಮಾಡಬಾರದು, ಅಶೋಚ್ಯರು. ನಿನ್ನ ಮುಂದೆ ಇರುವ ಭೀಷ್ಮ ದ್ರೋಣ ದುರ್ಯೋಧನಾದಿಗಳು ಅಶೋಚ್ಯರು. ನಿನ್ನ ಶೋಕಕ್ಕೆ ಅರ್ಹರಲ್ಲ. ಅಂಥವರನ್ನು ಕುರಿತು ತ್ವಂ ನೀನು ಅನ್ವಶೋಚಃ ದುಃಖ ಪಡ್ತಾ ಇದ್ದಿ. ನಿನ್ನ ದುಃಖಕ್ಕೆ ಅರ್ಹರಲ್ಲದವರ ಮೇಲೆ ನೀನು ದುಃಖ ಪಡ್ತಾ ಇದ್ದಿ. ನೀನು ಮಾಡುವ ಕೆಲಸ ಸರಿಯಲ್ಲ ಒಂದು. ಪ್ರಜ್ಞಾವಾದಾಂಶ್ಚ ಭಾಷಸೆ. ಆದರೆ ತಪ್ಪು ಕೆಲಸ ಮಾಡಿ ಒಳ್ಳೆ ಬುದ್ಧಿವಂತರ ಮಾತನ್ನ ಆಡ್ತಾ ಇದ್ದೀ. ನಿನ್ನ ಮಾತನ್ನು ನೋಡಿದರೆ ಎಂಥ ಪ್ರಜ್ಞಾವಂತನಪ್ಪ ಇವನು ಅಂತ ಅನ್ನಬೇಕು.",3880,4648,,,105
kn_gita-4th_video_0006,gita-4th_video,kn,Dvaita,6,"ಆದರೆ ನೀನು ಮಾಡುವ ಕೆಲಸ ನೋಡಿದರೆ ಮೂರು ಕಾಸಿನ ಕೆಲಸ. ಇದು ಪೂರ್ವಾರ್ಥದಲ್ಲಿ ನಮಗೆ ಕಾಣುವ ಅರ್ಥ. ಅಂದ್ರೆ ಒಂದು ಅಂಶದಲ್ಲಿ ಶ್ರೀಕೃಷ್ಣ ಅರ್ಜುನನನ್ನ ಮೆಚ್ಚಿದ್ದಾನೆ ಅಂತ ಅರ್ಥ. ಅವನು ಮಾಡುವ ಕೆಲಸ ತಪ್ಪು, ಆಡಿದ ಮಾತು ಸರಿ ಅಂತ. ಇದು ಮೇಲ್ಮೈಗೆ ಈ ಗೀತಾ ಶ್ಲೋಕಕ್ಕೆ ತೋರುವ ಅರ್ಥ. ಇದರ ಮೇಲೆ ನಮಗೆ ತಟ್ಟನೆ ಬರುವ ಪ್ರಶ್ನೆ ಅವನು ಆಡಿದ ಮಾತು ಸರಿ ಅಂತ ಆದರೆ. ಕೃಷ್ಣನಿಗೆ ಗೀತ ಉಪದೇಶ ಮಾಡುವ ಕೆಲಸವೇ ಇಲ್ಲ. ಯಾಕೆ ಅವನು ಆಡಿದ್ದೆ ಸರಿ? ಅವನು ಆಡಿದ್ದೆಲ್ಲ ಸರಿ ಅಂತ ಆದಮೇಲೆ ಕೃಷ್ಣ ಪ್ರತಿ ಏನು ಆಡಬೇಕು? ಆದ್ದರಿಂದ ಪ್ರಜ್ಞಾವಾದಾಂಶ ಭಾಷಸೆ ಅಂತಂದ್ರೆ ಪ್ರಜ್ಞಾವಂತರ ಮಾತನ್ನ ಆಡ್ತಾ ಇದ್ದಿ ಅಂತ ಅರ್ಥ ಅಲ್ಲ ಅದಕ್ಕೆ. ಮತ್ತೆ ಅದಕ್ಕೆ ಭಾಷ್ಯಕಾರರು ಹೇಳಿದ ಅರ್ಥ ಸ್ವಮನೀಶೋತ್ಥ ವಚನಾನಿ ಅಂತ ಅರ್ಥ. ಪ್ರಜ್ಞಾವಾದ ಅಂದ್ರೆ ಅದು ಹೊಗಳಿಕೆ ಶಬ್ದ ಅಲ್ಲ. ನಿನ್ನ ಮನಸ್ಸಿಗೆ ಬಂದಂತೆ ಮಾತಾಡ್ತಾ ಇದ್ದಿ ಅಂತ ಅರ್ಥ.",4649,5302,,,101
kn_gita-4th_video_0007,gita-4th_video,kn,Dvaita,7,"ಅಲ್ಲಿಗೆ ಅರ್ಜುನ ಆಡಿದ ಮಾತಿಗೆ ಕೃಷ್ಣ ಸರಿ ಅಂತ ಮುದ್ರೆ ಒತ್ತಿಲ್ಲ. ಬಾಯಿಗೆ ಬಂದಂತೆ ಮಾತಾಡ್ತಿದ್ದಿ, ಮಾಡಬಾರ ಈ ಕೆಲಸ ಮಾಡ್ತಿದ್ದಿ. ಅಲ್ಲಿಗೆ ನೀನು ಮಾಡೋದು ತಪ್ಪು, ಆಡಿದ್ದು ತಪ್ಪು ಅಂತ ಅರ್ಥ. ಮಾಡಿದ್ದು ತಪ್ಪು, ಆಡಿದ್ದು ಸರಿ ಅಂತ ಅಲ್ಲ, ಯಾವ ಅಂಶದಲ್ಲೂ ನೀನು ಸರಿ ಇಲ್ಲ. ಯಾರ ಬಗ್ಗೆ ನೀನು ಅಳಬಾರದೋ ಅವರ ಬಗ್ಗೆ ಅಳುತ್ತಾ ಇದ್ದಿ, ಯಾವ ಮಾತನ್ನ ಆಡಬಾರದೋ ಅದನ್ನ ಆಡ್ತಾ ಇದ್ದಿ. ನಿನ್ನ ಮಾತು, ನಿನ್ನ ಕೃತಿ ಇವೆರಡೂ ಸರಿ ಇಲ್ಲ ಅಂತ. ಇದಕ್ಕೆ ಭಾಗವತದ ಸಮ್ಮತಿ ಇದೆ ಈ ಅರ್ಥಕ್ಕೆ. ನೀನು ಆಡುವುದು ತಪ್ಪು ಅಂತ. ಭಾಗವತದಲ್ಲಿ ಕುಮತಿ ಮಹಾರತ್ ಆತ್ಮ ವಿದ್ಯೆಯಾ ಅಂತ ಹೇಳ್ತಾರೆ ವೇದವ್ಯಾಸರು. ಅರ್ಜುನನ ಕೆಟ್ಟ ಬುದ್ಧಿಯನ್ನ ಸರಿಪಡಿಸಿದ ಕುಮತಿಂ. ಇಲ್ಲಿ ಅರ್ಜುನ ಆಡಿದ ಮಾತನ್ನ ತಪ್ಪು ಅಂತ ವ್ಯಾಸರು ಹೇಳಿದ್ದಾರೆ. ಅವನ ಮಾತು ಕುಮತಿ. ಕೆಟ್ಟ ಬುದ್ಧಿಯಿಂದ ಆಡಿದ ಮಾತು ಸರಿಯಾದ ವಿವೇಚನೆಯಿಂದ ಬಂದ ಮಾತಲ್ಲ. ಬಂಧು ಶೋಕದಿಂದ ಮೋಹಕ್ಕೆ ಒಳಗಾಗಿ ಧರ್ಮಶಾಸ್ತ್ರವನ್ನು ತನಗೆ ಬೇಕಾದಂತೆ ಬಳಸಿ ಆಡಿದ ಮಾತು ಅಂತ ಅರ್ಥ.",5303,6041,,,111
kn_gita-4th_video_0008,gita-4th_video,kn,Dvaita,8,"ಅಲ್ಲಿಗೆ ಅಶೋಚ್ಯಾನ್ ತ್ವಂ ಅನ್ವಶೋಚಃ ದುಃಖ ಪಡಬಾರದವರ ಬಗ್ಗೆ ನೀನು ದುಃಖ ಪಡ್ತಾ ಇದ್ದಿ ಪ್ರಜ್ಞಾ ವಾದಾಂಶ್ಚ ಭಾಷಸೆ ನಿನ್ನ ಪ್ರಜ್ಞೆಗೆ ಬಂದಂತೆ ನೀನು ಆಡುತ್ತಾ ಇದ್ದಿ. ನೀನು ಆಡುವ ಮಾತಿಗೆ ಧರ್ಮಶಾಸ್ತ್ರದ ಸಮ್ಮತಿ ಇಲ್ಲ. ನೀನೇನು ಆಡಿದ್ದಿ? ಬಂಧುಗಳು, ಹಿರಿಯರು ಅವರನ್ನು ಕೊಲ್ಲುವುದು ಹೇಗೆ ಅಂತ ತಾನೇ? ಹಾಗಾದರೆ ಹಿರಿಯರು, ಬಂಧುಗಳು ತಪ್ಪು ಮಾಡಿದರೆ ಸರಿಯಾಗಿಬಿಡುತ್ತದ? ನೀನು ಕ್ಷತ್ರಿಯ. ಬಂಧುಗಳು ಅನ್ನೋ ಕಾರಣಕ್ಕೋಸ್ಕರ ಮಾಡಿದ ತಪ್ಪನ್ನ ಸರಿ ಅಂತ ಅನ್ನೋದಲ್ಲ. ಬಂಧುವೇ ಆಗಲಿ, ಹಿರಿಯರೇ ಆಗಲಿ, ಗುರುಗಳೇ ಆಗಲಿ ಆಡಳಿತ ಪೀಠದಲ್ಲಿ ಕೂತವನೇ. ಯಾರು ತಪ್ಪು ಮಾಡಿದರು ಅದಕ್ಕೆ ಯೋಗ್ಯವಾದ ಶಿಕ್ಷೆಯನ್ನು ಕೊಡುವ ಹಕ್ಕು ನಿನಗಿದೆ. ಅಂದಮೇಲೆ ನೀನು ತಪ್ಪು ಮಾಡಿದ ಆಚಾರ್ಯರು. ಭೀಷ್ಮರು ತಾತಂದಿರು ಇವರನ್ನು ಕೊಲ್ಲೋದು ಹೇಗೆ ಇವರಿಗೆ ಶಿಕ್ಷೆ ಕೊಡುವುದು ಹೇಗೆ ಅಂದ್ರೆ ಹಾಗಾದ್ರೆ ಉಳಿದವರು ಮಾಡಿದ ತಪ್ಪು ತಪ್ಪು ಅದು ಶಿಕ್ಷಾರ್ಹ. ನಿನ್ನ ಬಂಧುಗಳು ಗುರುಗಳು ಹಿರಿಯರು ಮಾಡಿದ್ರೆ ತಪ್ಪು ಅದು ಶಿಕ್ಷಾರ್ಹ ಅಲ್ವಾ?",6042,6778,,,100
kn_gita-4th_video_0009,gita-4th_video,kn,Dvaita,9,"ತಪ್ಪು ಯಾರು ಮಾಡಿದ್ರು ತಪ್ಪೇ. ಶಿಕ್ಷೆಯಲ್ಲಿ ವ್ಯತ್ಯಾಸ ಇರಲಿ. ಆದರೆ ಶಿಕ್ಷೆ ಕೊಡಬೇಕಾಗುತ್ತೆ. ಪ್ರಕೃತ ಈಗ ಬಂದಿರೋದು ಅರ್ಜುನ, ರಾಜ್ಯ ನಿನಗೆ ಬೇಕೋ ಬೇಡವೋ, ರಾಜ್ಯದ ಅಧಿಕಾರ ನಿನಗೆ ದಕ್ಕುತ್ತೋ ಇಲ್ವೋ ಅಲ್ಲ. ನೀನೊಬ್ಬ ಕ್ಷತ್ರಿಯ. ತಪ್ಪು ಮಾಡಿದವರಿಗೆ ಶಿಕ್ಷೆ ಕೊಡುವುದು ನಿನ್ನ ಕರ್ತವ್ಯ. ಅದು ಬಂಧುಗಳಾಗಿರಬಹುದು, ಗುರುಗಳಾಗಿರಬಹುದು, ಹಿರಿಯರಾಗಿರಬಹುದು. ಜಯ. ಜಯಕ್ಕೋಸ್ಕರ ಯುದ್ಧವೇ ಅಲ್ಲ ಇದು. ನಾನು ನಿನಗೆ ರಾಜ್ಯದ ಅಧಿಕಾರ ಸಿಗ್ತದೆ ಯುದ್ಧ ಮಾಡು ಅಂತ ಉಪದೇಶ ಮಾಡೋದೇ ಇಲ್ಲ ನಾನು ನಿನಗೆ. ನಿನ್ನ ಕರ್ತವ್ಯ ನೀನು ಕ್ಷತ್ರಿಯನಾಗಿದ್ದಿ. ಕ್ಷತ್ರಿಯನಾದವನು ಇಂತಹ ತಪ್ಪು ಮಾಡುವ ವ್ಯಕ್ತಿಗಳಿಗೆ ಶಿಕ್ಷೆಯನ್ನು ಕೊಡುವುದು ನಿನ್ನ ಕರ್ತವ್ಯ ಅನ್ನೋ ದೃಷ್ಟಿಯಿಂದ ನಾನು ಹೇಳ್ತಾ ಇದ್ದೇನೆ ಹೊರತು ನೀನು ರಾಜ್ಯ ಸಿಕ್ಕಿದ್ರು ಬಿಟ್ರು ಅಷ್ಟೇ ರಾಜ್ಯದ ಫಲದ ಬಗ್ಗೆ ಮಾತನಾಡಬೇಡ ನೀನು ನಿನ್ನ ಕರ್ತವ್ಯವನ್ನು ನೀನು ಮಾಡು. ಇದು ಮಾಡಿದ್ರು ಫಲ ಸಿಗ್ತದೋ ಇಲ್ವೋ ಅದು ನನಗೆ ಬಿಡು. ಇದೇ ಗೀತೆಯ ಮುಖ್ಯವಾದ ಅಂಶ. ಆದ್ದರಿಂದ ನೀನು ಯಾರ ಬಗ್ಗೆ ದುಃಖ ಪಡ್ತಾ ಇದ್ದೀಯೋ ಭೀಷ್ಮ, ದ್ರೋಣ ನಿನ್ನ ಅಣ್ಣ ತಮ್ಮಂದಿರ ಬಗ್ಗೆ.",6779,7593,,,112
kn_gita-4th_video_0010,gita-4th_video,kn,Dvaita,10,ಅವರು ನಿನ್ನ ಶೋಕಕ್ಕೆ ಅರ್ಹರಲ್ಲ. ಒಬ್ಬರು ಅಂದ್ರೆ ನಿನ್ನ ಅಣ್ಣ ತಮ್ಮಂದಿರು ಅಪರಾಧ ಮಾಡಿದವರು. ಮೋಸದ ಜೂಜನ್ನ ಆಡಿ ರಾಜ್ಯ ಸಂಪತ್ತನ್ನ ಕಸಿದುಕೊಂಡು. ಕರಾರಿನಂತೆ ಮತ್ತೆ ಪಾಂಡವರು ಬಂದಾಗ ಕೊಡೋದಿಲ್ಲ ಅಂತ ಹಠ ಹಿಡಿಯುವ ದುರ್ಯೋಧನ. ದೊಡ್ಡ ತಪ್ಪಲ್ವಾ ಇದು? ಅವನಿಗೆ ಅವನು ಮಾಡಿದ್ದು ತಪ್ಪು ಅಂತ ಹೇಳದೆ ಅವನು ಮಾಡಿದ್ದಕ್ಕೆ ಅವನ ಹಿಂದೆ ಅವನ ಜಯಕ್ಕಾಗಿ ಪಣತೊಟ್ಟು ನಿಂತ. ನಿನ್ನ ಗುರು ಹಿರಿಯರು. ಅಪರಾಧಿಗಳಲ್ಲೋ ತಪ್ಪು ಮಾಡಿ ಒಬ್ಬನು ತಪ್ಪು ಮಾಡಿದವ ಇನ್ನು ಕೆಲವರು ತಪ್ಪು ಮಾಡಿದವರ ಸಹಾಯಕ್ಕೆ ನಿಂತವರು. ಅಲ್ಲಿಗೆ ನಿನ್ನ ಮುಂದೆ ಇರೋದು ಭಗವದ್ಭಿಟ್ ತದನುಬದ್ಧಿ. ಧರ್ಮ ದ್ವೇಷಿಗಳು ಧರ್ಮ ದ್ವೇಷಿಗಳನ್ನು ಬೆಂಬಲಿಸುವವರು. ಆದ್ದರಿಂದ ಅವರ್ಯಾರು ನಿನ್ನ ಶೋಕಕ್ಕೆ ಅರ್ಹರಲ್ಲ. ಅಶೋಚ್ಯಾನ್ ಅನ್ವಶೋಚಸ್ತ್ವಂ ಪ್ರಜ್ಞಾವಾದಾಂಶ್ಚ ಭಾಷಸೇ. ಮನೆಯಲ್ಲಿ ಒಬ್ಬನೇ ಗಂಡಸು. ದೊಡ್ಡ ವಧಾರ್ಹವಾದ ತಪ್ಪನ್ನ ಮಾಡಿದ್ದಾನೆ. ಅವನು ಮಾಡಿದ ತಪ್ಪಿಗೆ ಮರಣದಂಡನೆ ಶಿಕ್ಷೆ. ಅವನಿಗೆ ಮರಣದಂಡನೆಯನ್ನು ವಿಧಿಸುವ ನ್ಯಾಯಾಧೀಶ ಇವನು ಒಬ್ಬರನ್ನು ಕೊಂದರೆ ಇಡೀ ಕುಲ ನಾಶ ಆಗುತ್ತೆ ಅನ್ಕೊಂಡು ಕ್ಷಮಿಸಿಬಿಡಬಹುದಾ ಹೇಳು.,7594,8393,,,104
kn_gita-4th_video_0011,gita-4th_video,kn,Dvaita,11,"ಆದರೆ ನೀನು ಆ ಮಾತನ್ನಾಡ್ತಾ ಇದ್ದಿ. ಆದ್ದರಿಂದ ನಾನು ಈ ಯುದ್ಧವನ್ನ ಮಾಡಿದರೆ ಕುಲವೆಲ್ಲ ನಾಶ ಆಗುತ್ತೆ, ದೇಶ ನಾಶ ಆಗುತ್ತೆ, ಧರ್ಮ ನಾಶ ಆಗುತ್ತೆ ಅಂತ ಮಾತನಾಡುತ್ತಿದ್ದಿ, ಅದನ್ನ ಆಡಬಾರದು. ಯಾರು ತಪ್ಪು ಮಾಡಿದ್ದಾರೋ ಅವರಿಗೆ ಸೂಕ್ತವಾದ ಶಿಕ್ಷೆಯನ್ನು ಕೊಡಬೇಕು. ಆದ್ದರಿಂದ ನಿನ್ನ ಮಾತು ಶಾಸ್ತ್ರ ಸಮ್ಮತ ಅಲ್ಲ. ನಿನ್ನ ತರ್ಕದಿಂದ ಶಾಸ್ತ್ರವನ್ನ ತಿರುಚಿ ನೀನು ಮಾತನಾಡುತ್ತಿದ್ದೀಯ. ಪ್ರಜ್ಞಾವಾದಾಂಶ ಭಾಷಸಿ. ನೀನು ಮಾಡುವುದು ತಪ್ಪು ಯಾಕೆ? ಅಶೋಚ್ಯಾ ನನ್ನ ಶೋಚಃ ಯಾಕೆ? ಗತಾಸೂನ್ ಅಗತಾಸೂಂಶ್ಚ ನಾನು ಶೋಚಂತಿ ಪಂಡಿತಾಹ. ನೋಡಿ ಇಲ್ಲೂ ಚಮತ್ಕಾರದ ಶಬ್ದ ಇದೆ. ಹಸು ಅಂದ್ರೆ ಪ್ರಾಣ. ಗತ ಹಸು ಅಂದ್ರೆ ಸತ್ತವರು. ಹಸುವನ್ನ ಬಿಟ್ಟವರು ಗತಾಸುಗಳು. ಅಂದ್ರೆ ಸತ್ತ ಜನರು ಪ್ರಾಣ ಇಲ್ಲದ ದೇಹ ಅಗತಾಸು ಅಂದ್ರೆ ಅದಕ್ಕೆ ವಿರುದ್ಧ ಬದುಕಿರುವವರು ಅಲ್ಲಿಗೆ ಆ ಮಾತಿನ ಅರ್ಥ ಏನಾಯ್ತು ಅಂದ್ರೆ ಪಂಡಿತಾಹ ತಿಳಿದವರು, ಬಲ್ಲವರು, ಸತ್ತವರ ಬಗ್ಗೆ, ಬದುಕಿರುವವರ ಬಗ್ಗೆ ನಾನು ಶೋಚಂತಿ, ದುಃಖ ಪಡೋದಿಲ್ಲ.",8394,9111,,,100
kn_gita-4th_video_0012,gita-4th_video,kn,Dvaita,12,"ಇದು ಒಂದು ರೀತಿ ಅಬದ್ಧ. ಸತ್ತವರ ಬಗ್ಗೆ ದುಃಖ ಪಡೋದಿಲ್ಲ ಸರಿ. ಬದುಕಿರುವವರ ಬಗ್ಗೆ ದುಃಖ ಪಡೋದಿಲ್ಲ. ಬದುಕಿರುವವರ ಬಗ್ಗೆ ಯಾರು ಅಳ್ತಾರೆ? ಅವನು ಬದುಕಿದ್ದಾನಲ್ಲಪ್ಪ ಅಂತ ಯಾರಾದ್ರೂ ಅಳ್ತಾರಾ? ಮೇಲ್ಮೈಗೆ ಈ ಅರ್ಥ ಸರಿ ಅನಿಸೋದಿಲ್ಲ. ಇನ್ನೊಂದು ದೃಷ್ಟಿಯಲ್ಲಿ ನೋಡಿದ್ರೆ ಗತಾಸೂನ್ ಸತ್ತವರ ಬಗ್ಗೆ ಪಂಡಿತರು ದುಃಖ ಪಡೋದಿಲ್ಲ. ಇದು ಸಂದರ್ಭಕ್ಕೆ ಉಚಿತ ಅಲ್ಲ. ಇಲ್ಲಿ ಇನ್ನು ಯಾರು ಸತ್ತಿಲ್ಲ, ಸಾಯಬೇಕು ಅಷ್ಟೇ. ಆದ್ದರಿಂದ. ಗತಾಸೂನ್ ಅಗತಾಸೂಂಶ್ಚ ಅಂದ್ರೆ ಪ್ರಾಣ ಬಿಡೋದಕ್ಕೆ ಸಿದ್ಧರಾದವರು ಗತಾಸುಗಳು. ಅಗತಾಸೂನ್ ಅಂದ್ರೆ ಬದುಕಿರುವವರು. ಬದುಕಿರುವವರ ಬಗ್ಗೆ ಶೋಕ ಮಾಡುವುದಿಲ್ಲ ಅಂತ ಅರ್ಥ ಅಲ್ಲ. ಪಂಡಿತರು ಜೀವಂತದಲ್ಲಿ ಇರುವವರ ಬಗ್ಗೆ ಹೇಗೆ ದುಃಖ ಪಡುವುದಿಲ್ಲವೋ ಅದರಂತೆ ಗತಾಸೂಂ ಸತ್ತವರ ಬಗ್ಗೆ ಅಂತ ಅರ್ಥ ಅಲ್ಲ. ಆಸನ್ನ ವಿನಾಶ. ಇನ್ನೇನು ಸಾವಿಗೆ ಹೊರಟಿದ್ದಾರೆ, ಸಾವಿನ ದವಡೆಯಲ್ಲಿ ಸಿಕ್ಕಿದ್ದಾರೆ, ಅವರ ಬಗ್ಗೆಯೂ ದುಃಖ ಪಡುವುದಿಲ್ಲ. ತಿಳಿದವರು ಬದುಕಿರುವವರ ಬಗ್ಗೆ ಹೇಗೋ ಹಾಗೆ ಸಾವಿಗೆ ಸಿದ್ಧರಾದವರ ಬಗ್ಗೆಯೂ ದುಃಖ ಪಡೋದಿಲ್ಲ.",9112,9870,,,100
kn_gita-4th_video_0013,gita-4th_video,kn,Dvaita,13,"ಇದು ಶ್ರೀಕೃಷ್ಣನ ಮಾತಿನ ಅರ್ಥ. ಅಂದರೆ ಸರಿಯಾದ ವಿವೇಕ ಇರುವವರು ಒಬ್ಬ ಯಾವುದೇ ವ್ಯಥೆ ಇಲ್ಲದೆ ಸಮೃದ್ಧವಾದ ಜೀವನವನ್ನು ನಡೆಸ್ತಾ ಇದ್ದಾನೆ. ಪ್ರಾಮಾಣಿಕ. ಇವರ ಬಗ್ಗೆ ಅಯ್ಯೋ ಇವನೊಂದು ದಿವಸ ಸಾಯಬೇಕಲ್ಲ ಅಂತ ವ್ಯಥೆ ಪಡುತ್ತಾರೋ? ಹೇಗೆ ವ್ಯಥೆ ಪಡೋಲ್ವೋ ಹಾಗೆ ಒಳ್ಳೆ ಧಾರ್ಮಿಕರಾಗಿದ್ದುಕೊಂಡು. ಇನ್ನೇನು ವಯಸ್ಸಾಯಿತು, ಮರಣಶಯ್ಯೆಯಲ್ಲಿದ್ದಾರೆ, ಸಾಯೋಕ್ಕೆ ಸಿದ್ಧರಾಗಿದ್ದಾರೆ, ಅವರ ಬಗ್ಗೆಯೂ ದುಃಖ ಮಾಡುವುದಿಲ್ಲ. ಬದುಕಿದ ಸಜ್ಜನರ ಬಗ್ಗೆ ಹೇಗೆ ದುಃಖ ಮಾಡುವುದಿಲ್ಲವೋ ಅದರಂತೆ. ಸಾವಿಗೆ ಸಮೀಪದಲ್ಲಿರುವ ವ್ಯಕ್ತಿಗಳ ಬಗ್ಗೆಯೂ ಕೂಡ ತಿಳಿದವರು ದುಃಖ ಪಡೋದಿಲ್ಲ. ಇದು ಈ ಶ್ಲೋಕದ ಅರ್ಥ. ಗತಾಸೂನ್ ಅಗತಾಸೂಂಶ್ಚ ಅಂದ್ರೆ ಒಂದು ದೃಷ್ಟಾಂತ ಒಂದು ದಾಷ್ಟಾಂತಿಕ. ಅಗತಾಸೂನಿವ ಗತಾಸೂನ್ ಅಂದ್ರೆ ಆಸನ್ನ ವಿನಾಶಾನ್ ಪಂಡಿತಾಹ ನಾನು ಶೋಚಂತಿ. ತಿಳಿದವರು. ಬದುಕಿರುವವರ ಬಗ್ಗೆ ಹೇಗೆ ದುಃಖಿಸುವುದಿಲ್ಲವೋ, ಸಾವಿಗೆ ಸಿದ್ಧರಾದವರ ಬಗ್ಗೆಯೂ ದುಃಖ ಪಡುವುದಿಲ್ಲ. ಆದರೆ ನೀನು ದುಃಖ ಪಡ್ತಾ ಇದ್ದಿ. ಆದ್ದರಿಂದ ನಿನ್ನ ಕೃತಿ ಸರಿಯಲ್ಲ, ಮಾತು ಸರಿಯಲ್ಲ. ಮತ್ತೊಮ್ಮೆ ಶ್ಲೋಕ ಅಶೋಚ್ಯಾನನ್ವಶೋಚಸ್ತ್ವಂ ಪ್ರಜ್ಞಾವಾದಾಂಶ್ಚ ಭಾಷಸೆ.",9871,10685,,,101
kn_gita-4th_video_0014,gita-4th_video,kn,Dvaita,14,ಗತಾಸೂ ನಗತಾಸೂಂಶ್ಚ ನಾನುಶೋಚಂತಿ ಪಂಡಿತಾಹ ಇಲ್ಲಿಗೆ ಭಗವದ್ಗೀತೆಯ ಶ್ರೀಕೃಷ್ಣನ ಉಪದೇಶದ ಆರಂಭದ ಮೊದಲನೇ ಶ್ಲೋಕ ಮುಗಿದಿದೆ. ತಾನು ಇಲ್ಲಿ ಒಂದು ವಿಷಯವನ್ನ ನಮ್ಮ ಮುಂದೆ ಇಟ್ಟಿದ್ದಾನೆ ಶ್ರೀಕೃಷ್ಣ. ಇದನ್ನ ಸಮರ್ಥನೆ ಮಾಡಬೇಕು ಅವನು. ಮುಂದಿನ ಶ್ಲೋಕಗಳಲ್ಲಿ ಅದನ್ನ ಸಮರ್ಥನೆ ಮಾಡ್ತಾನೆ ಶ್ರೀಕೃಷ್ಣ. ಇಲ್ಲಿಗೆ ಈ ಭಾಗವನ್ನು ನಿಲ್ಲಿಸಿ ಮುಂದಿನ ಅವನ ಶ್ರೀಕೃಷ್ಣನ ಮಾತನ್ನ ಮುಂದಿನ ಭಾಗದಲ್ಲಿ ನೋಡೋಣ ಅಂತ ಇದನ್ನ ಇಲ್ಲಿ ಶ್ರೀಕೃಷ್ಣಾರ್ಪಣಮಸ್ತು ಶ್ರೀಕೃಷ್ಣಾಯ ನಮಃ ಭಗವದ್ಗೀತೆಯ ಈ ಪ್ರವಚನ ಧಾರೆಯನ್ನು ಶ್ರೀ ಮರವೇಕೆರೆ ಮುರಳೀಧರ ಇವರು ಪ್ರಾಯೋಜಿಸಿದ್ದಾರೆ ಭಗವಂತ. ಅವರಿಗೆ ಸಕಲ ಅಭಿಷ್ಟಗಳನ್ನು ಅನುಗ್ರಹಿಸಿ ಮತ್ತಷ್ಟು ಜ್ಞಾನ ಸೇವೆಯನ್ನು ಮಾಡಿಸಲಿ ಅಂತ ಪ್ರಾರ್ಥನೆ ಮಾಡುತ್ತೇನೆ.,10686,11233,,,68
kn_gita-5th_video_0000,gita-5th_video,kn,Dvaita,0,"ಶ್ರೀ ಗುರುಭ್ಯೋ ನಮಃ ಹರಿಃ ಓಂ ಭಗವದ್ಗೀತೆಯ ಎರಡನೆಯ ಅಧ್ಯಾಯದ 11ನೆಯ ಶ್ಲೋಕದವರೆಗೆ ನಾವು ಅರ್ಥವನ್ನು ತಿಳಿದಿದ್ದೇವೆ. ಶ್ರೀಕೃಷ್ಣ ಪ್ರಹಸನ್ ಮುಗುಳ್ನಗುತ್ತಾ. ಅರ್ಜುನನ ಹಿಂಜರಿಕೆಗೆ ಏನು ಕಾರಣ ಅವನು ಹೇಳಿದ್ನೋ ಅದಕ್ಕೆ ಉತ್ತರವನ್ನು ಕೊಡುವುದಕ್ಕೆ ಆರಂಭ ಮಾಡ್ತಿದ್ದ. ನೀನು ಶೋಕ ಪಡಬಾರದವರ ಬಗ್ಗೆ ಶೋಕ ಮಾಡಿ ಆಡಬಾರದ ಮಾತುಗಳನ್ನು ಮನಸ್ಸಿಗೆ ಬಂದಂತೆ ಆಡ್ತಾ ಇದ್ದಿ. ಇದು ಕೃಷ್ಣನ ಮೊದಲ ಅಭಿಪ್ರಾಯ. ಇದರ ನಂತರ ನಾನು ಆಡಿದ ಮಾತು ಯಾಕೆ ಸೂಕ್ತವಲ್ಲ? ಈ ಯುದ್ಧದಲ್ಲಿ ಪ್ರಾಣಹಾನಿ ಆಗ್ತದೆ. ಬಂಧುಗಳ ನಾಶ ಆಗ್ತದೆ. ಅದಕ್ಕಾಗಿ ನಾನು ದುಃಖ ಪಡ್ತಾ ಇದ್ದೇನೆ, ಅವರು ಅಶೋಚ್ಯರು. ಹೇಗೆ? ಮರಣಕ್ಕೆ ಸನ್ನಿಹಿತರಾದ್ದರಿಂದ ಅವರು ಶೋಕಾರ್ಹರೇ ಆಗಿರುವಾಗ ಅಶೋಚ್ಯರು ಅನ್ನೋ ಮಾತು ಅವರಿಗೆ ಹೇಗೆ ಅನ್ವಯಿಸುತ್ತದೆ ಅನ್ನೋ ಪ್ರಶ್ನೆಗೆ ಶ್ರೀಕೃಷ್ಣ. ನಿನ್ನ ಬಂಧುಗಳು ಗುರು ಹಿರಿಯರು ಅಂದ್ರೆ ಯಾರು? ಅವರು ಸಾಯ್ತಾರೆ ಅಂತ ನೀನು ಶೋಕ ಮಾಡ್ತಾ ಇದ್ದೀಯ, ದುಃಖ ಪಡ್ತಾ ಇದ್ದೀಯ. ಗುರು ಹಿರಿಯರು ಬಂಧುಗಳು ಅಂದ್ರೆ ಯಾರು?",0,728,,,100
kn_gita-5th_video_0001,gita-5th_video,kn,Dvaita,1,"ನಿನ್ನ ಎದುರುಗಡೆ ಕಣ್ಣಿಗೆ ಕಾಣುವ ದೇಹವೇ ನಿನ್ನ ಗುರು ಹಿರಿಯರು ಅಥವಾ ದೇಹದ ಒಳಗಡೆ ಇರುವ ಆತ್ಮನನ್ನ ನನ್ನ ಗುರು ಹಿರಿಯರು ಬಂಧುಗಳು ಅಂತ ನೀನು ಹೇಳ್ತಿಯೋ? ಆತ್ಮನನ್ನು ಗುರು ಹಿರಿಯರು ಅಂತ ತಿಳಿದು ಅವರ ಮರಣಕ್ಕಾಗಿ ಶೋಕ ಅಂದ್ರೆ ಅದು ಸರಿಯಲ್ಲ ಅನ್ನೋದನ್ನ ಶ್ರೀಕೃಷ್ಣ 12ನೆಯ ಶ್ಲೋಕದಲ್ಲಿ ಹೇಳ್ತಾ ಇದ್ದಾನೆ. 12ನೇ ಶ್ಲೋಕ ಹೀಗಿದೆ ನತ್ವೇವಾಹಂ ಜಾತುನಾಸಂ ನತ್ವಂ ನೇಮೇ ಜನಾಧಿಪಾಹ ನಚೈವ ನ ಭವಿಷ್ಯಾಮಃ ಸರ್ವೇ ವಯಮತಃ ಪರಂ ಪದವಿಭಾಗ ನ ತು ಏವ ಅಹಂ ನತ್ವೇವಾಹಂ ಎಂಬಲ್ಲಿ ಇಷ್ಟು ಪದಗಳಿವೆ. ನ ತು ಏವ ಅಹಂ. ನಾಲ್ಕು ಪದಗಳು. ಜಾತು ನ ಆಸಂ. ನ ತ್ವಂ ನ ಇಮೆ ಜನಾಧಿಪಾಹ ನ ಚ ಏವ ನ ಚೈವ ನ ಚ ಏವ ನ ಭವಿಷ್ಯಾಮಃ ಸರ್ವೇ ವಯಂ ಅತಃ ಪರಂ. ಈ ಶ್ಲೋಕದಲ್ಲಿ ಶ್ರೀಕೃಷ್ಣ ಹೇಳ್ತಿದ್ದಾನೆ, ನಿನ್ನ ಬಂಧುಗಳು ಅಂದ್ರೆ ಶರೀರದ ಒಳಗಡೆ ಇರುವ ಆತ್ಮರು ಅಂತ ನೀನು ಪರಿಗಣಿಸುವುದಾದರೆ ಅವರಿಗೆ ಉತ್ಪತ್ತಿಯೇ ಇಲ್ಲ ಆದ್ದರಿಂದ ನಾಶವು ಇಲ್ಲ.",729,1387,,,108
kn_gita-5th_video_0002,gita-5th_video,kn,Dvaita,2,"ಅವರು ಹುಟ್ಟಿಲ್ಲ ಆದ್ದರಿಂದ ಅವರಿಗೆ ಎಂದೂ ಸಾವಿಲ್ಲ. ಆದ್ದರಿಂದ ಅವರನ್ನ ಕೊಲ್ಲೋಕೆ ಯಾರಿಂದಲೂ ಸಾಧ್ಯವಿಲ್ಲ. ಅವರ ನಾಶಕ್ಕಾಗಿ ನೀನು ಅಳುವ ಅಗತ್ಯ ಇಲ್ಲ. ಇದು ಶ್ರೀಕೃಷ್ಣ ಅರ್ಜುನನಿಗೆ ಹೇಳಿದ ಪರಿಹಾರ. ಶಬ್ದದ ಅರ್ಥವನ್ನು ಗಮನಿಸುವಾಗ ಬಹಳ ಸೊಗಸಾಗಿ ಈ ಶ್ಲೋಕ ನಿರೂಪಿಸ್ತಾ ಇದೆ. ಅರ್ಜುನ ಅಹಂ ನಾಸಂ ಇತಿ ನತ್ವೇವ. ನಾನು ಕೃಷ್ಣ ಹೇಳ್ತಾ ಇದ್ದಾನೆ, ನಾನು ಇದುವರೆಗೆ ಇಲ್ಲ ಅಂತ ಇಲ್ಲ. ನಾನು ಇದುವರೆಗೆ ಇರಲಿಲ್ಲ ಅಂತ ಇಲ್ಲ. ಅರ್ಥಾತ್ ನಾನು ಯಾವತ್ತಿಂದಲೂ ಇದ್ದೇನೆ. ನಾನು ಅನಾದಿ ಕಾಲದಿಂದ ಹುಟ್ಟು ಇಲ್ಲದ ಒಬ್ಬ ಚೇತನ ಅಹಂ. ತ್ವಂ ನೀನು ನತ್ವೇವ ನಾಸೀಹಿ ಆ ಅಸಿ ಅನ್ನೋ ಪದ ಕ್ರಿಯಾಪದ ಇಲ್ಲಿ ಇಲ್ಲ. ತ್ವಂ ಅನ್ನೋ ಮಧ್ಯಮ ಪುರುಷಕ್ಕೆ ಅನುಗುಣವಾಗಿ ಅದನ್ನ ಅಧ್ಯಾಹಾರ ಮಾಡಿ ಸೇರಿಸಿಕೊಳ್ಳಬೇಕು. ತ್ವಂ ನಾಸೀಹಿ ಇತಿ ನಾ ನೀನು ಇದುವರೆಗೆ ಇರಲಿಲ್ಲ ಅಂತ ಇಲ್ಲ. ನಾನು ಹೇಗೆ ಅನಾದಿ ಕಾಲದಿಂದ ಇದ್ದೇನೋ, ನೀನು ಅನಾದಿ ಕಾಲದಿಂದ ಇದ್ದಿ ಇದುವರೆಗೆ ಇಲ್ಲ ಅಂತ ಆಗ್ಲಿಲ್ಲ ನೀನು.",1388,2089,,,105
kn_gita-5th_video_0003,gita-5th_video,kn,Dvaita,3,"ಇಮೇ ಜನಾಧಿಪಾಹ. ನೀನು ಯಾರ ಯಾರು ಸಾಯ್ತಾರೆ ಅಂತ ಅಳ್ತಾ ಇದ್ದೀಯೋ ಇಮೇ ಜನಾಧಿಪಾಹ ನಿನ್ನ ಎದುರುಗಡೆ ಇರುವ ಈ ರಾಜಾಧಿರಾಜರು ನಾಸನ್ ಇತಿ ನ ಇರಲಿಲ್ಲ ಅಂತ ಇಲ್ಲ. ಅಂದ್ರೆ ಅವರು ಅನಾದಿ ಕಾಲದಿಂದ ನನ್ನಂತೆ ನಿನ್ನಂತೆ ಇದ್ದವರು. ಅಲ್ಲಿಗೆ ನನಗೂ ಹುಟ್ಟಿಲ್ಲ, ನಿನಗೂ ಹುಟ್ಟಿಲ್ಲ. ಈ ನಿನ್ನ ಮುಂದೆ ನಿಂತಿರುವ ರಾಜರಿಗೂ ಯಾರಿಗೂ ಹುಟ್ಟು ಅನ್ನೋದು ಇಲ್ಲ. ಆತ್ಮ ಅದು ಅಜ ಹುಟ್ಟಿಲ್ಲದ ಒಂದು ತತ್ವ. ಅಲ್ಲಿಗೆ ನಾನು ಹಿಂದೆ ಇರಲಿಲ್ಲ ಅಂತ ಇಲ್ಲ, ನೀನು ಹಿಂದೆ ಇರಲಿಲ್ಲ ಅಂತ ಆಗಿಲ್ಲ, ನಿನ್ನ ಮುಂದೆ ಇರುವ ಈ ರಾಜ ಕ್ಷತ್ರಿಯರು ಕೂಡ ಹಿಂದೆಂದು ಇಲ್ಲ ಅಂತ ಆಗಿಲ್ಲ. ನಾನು, ನೀನು, ಇವರೆಲ್ಲರೂ ಕೂಡ. ಅನಾದಿ ಚೇತನರು, ಹುಟ್ಟಿಲ್ಲದ ಚೇತನರು. ಇಲ್ಲಿ ಅಹಂತ ಉತ್ತಮ ಪುರುಷ, ತ್ವಂತ ಮಧ್ಯಮ ಪುರುಷ, ಈಮೆ ಅಂತ ಪ್ರಥಮ ಪುರುಷ, ಮೂರು. ಪುರುಷಗಳಲ್ಲಿ ನಾನು, ನೀನು ಇವರೆಲ್ಲರೂ ಎಲ್ಲರೂ ಅನಾದಿ ಹುಟ್ಟಿಲ್ಲದ ಚೇತನರು ಅನ್ನೋದನ್ನ ಪೂರ್ವಾರ್ಧದಲ್ಲಿ ಶ್ರೀಕೃಷ್ಣ ಹೇಳಿ.",2090,2774,,,103
kn_gita-5th_video_0004,gita-5th_video,kn,Dvaita,4,"ಆದ್ದರಿಂದಲೇನೆ ಯಾವತ್ತೂ ಒಂದು ವಸ್ತುವಿಗೆ ಉತ್ಪತ್ತಿ ಇಲ್ಲವೋ, ಉತ್ಪತ್ತಿ ಇಲ್ಲದ ವಸ್ತು, ಹುಟ್ಟದ ವಸ್ತು ಸಾಯೋದು ಇಲ್ಲ. ಉತ್ಪತ್ತಿ ಇಲ್ಲದ ವಸ್ತುವಿಗೆ ನಾಶವಿಲ್ಲ. ಯಾವುದು ಹುಟ್ಟಲ್ವೋ ಅದು ಸಾಯಲ್ಲ. ಇದು ವೇದಾಂತದ ತತ್ವ ಇದು. ಎಲ್ಲ ದಾರ್ಶನಿಕರು ಇದನ್ನು ಒಪ್ಪಿಕೊಂಡಿದ್ದಾರೆ. ಆದ್ದರಿಂದ ಉತ್ತರಾರ್ಧದಲ್ಲಿ ಶ್ರೀಕೃಷ್ಣ ಹೇಳುತ್ತಾನೆ ಅತಃಪರಂ ಸರ್ವೇ ವಯಂ ನ ಭವಿಷ್ಯಾಮಃ ಇತಿ ನಾ. ಅತಃಪರಂ ಇನ್ನು ಮುಂದೆ ವಯಂ ಸರ್ವೆ ನಾವೆಲ್ಲರೂ ನ ಭವಿಷ್ಯಾಮಃ ಇತಿ ನ ಇರೋದಿಲ್ಲ ಅಂತ ಇಲ್ಲ ಅರ್ಥಾತ್ ಇದ್ದೇ ಇರುತ್ತೇವೆ. ನಾವು ಹಿಂದೆಂದಿಗೂ ಇದ್ದೆವು, ಮುಂದೆಯೂ ಇರ್ತೇವೆ. ಹಿಂದೆ ಎಂದಿಗೂ ಇರೋದ್ರಿಂದ ನಮಗೆ ಉತ್ಪತ್ತಿ ಇಲ್ಲ, ಆದ್ದರಿಂದ ಮುಂದೆಯೂ ನಾವಿರ್ತೇವೆ, ನಾಶ ಇಲ್ಲ. ಅಲ್ಲಿಗೆ ಆತ್ಮನಿಗೆ ಹುಟ್ಟು. ಇಲ್ಲ ಆದ್ದರಿಂದ ಸಾವು ಇಲ್ಲ. ಪೂರ್ವಾರ್ಧದಲ್ಲಿ ಅಹಂ ತ್ವಂ ಇಮೆ ಅಂತ ಮೂರು ಪುರುಷಗಳಲ್ಲಿ ಶಬ್ದವನ್ನ ಪ್ರಯೋಗ ಮಾಡಿದ್ದ ಶ್ರೀಕೃಷ್ಣ ಉತ್ತರಾರ್ಧದಲ್ಲಿ ವಯಂ. ಎಲ್ಲರನ್ನು ಸೇರಿಸಿ ನಾನು, ನೀನು, ಇವರು ನಾವೆಲ್ಲರೂ ಇನ್ನು ಮುಂದೆ ಇಲ್ಲ ಅಂತ ಆಗಲ್ಲ.",2775,3533,,,103
kn_gita-5th_video_0005,gita-5th_video,kn,Dvaita,5,"ಅಲ್ಲಿಗೆ ಶ್ರೀಕೃಷ್ಣನ ಭಾವ ನೀನು ನಿನ್ನ ಬಂಧುಗಳು ಅಂತ ದೇಹದ ಒಳಗಡೆ ಇರುವ ಆತ್ಮನನ್ನು ಗುರುತಿಸ್ತೀ ಅಂತ ಆದರೆ ಅವರು ಹುಟ್ಟು ಇಲ್ಲ, ಮುಂದೆ ಸಾಯೋದು ಇಲ್ಲ. ಆತ್ಮನನ್ನು ಯಾರು ಕೊಲ್ಲಲಾರರು. ಆತ್ಮ ನಾಶದ ಬಗ್ಗೆ ನೀನು ದುಃಖ ಪಡುವ ಅಗತ್ಯ ಇಲ್ಲ. ಇದು ಶ್ರೀಕೃಷ್ಣ ಅರ್ಜುನನಿಗೆ ಈ ಸಾಮಾನ್ಯವಾದ ತತ್ವ ತಿಳಿದಿಲ್ಲ ಅಂತ ಅಲ್ಲ ಅವನಿಗೆ ಇದು. ಗೊತ್ತಿದೆ ಆತ್ಮ ಅಜರ ಅಮರ ಅಂತ. ಆದರೆ ಅವನನ್ನ ಮುಂದಿಟ್ಟುಕೊಂಡು ಮನುಷ್ಯ ಸಾವು ಸಾಯುತ್ತಾನೆ ಅಂದ್ರೆ. ಆತ್ಮನಿಗೆ ಎಂದು ಸಾವಿಲ್ಲ. ಆದ್ದರಿಂದ ನಮ್ಮ ಆತ್ಮೀಯರು, ಬಂಧುಗಳು, ಸ್ನೇಹಿತರು ನಮ್ಮನ್ನ ಅಗಲಿದಾಗ ಶರೀರ ಅಷ್ಟೇ ನಮ್ಮನ್ನ ಅಗಲಿತು ಹೊರತು ಅದರ ಒಳಗಡೆ ಇರುವ ಆತ್ಮ ಅದು. ನಮ್ಮನ್ನ ಬಿಟ್ಟು ಹೋದ್ರು ನಾಶವಾಗಿಲ್ಲ. ಅದು ಯಾವತ್ತೂ ಇರುವ ಸತ್ಯ. ಶರೀರಕ್ಕೆ ನಾಶ, ಆತ್ಮನಿಗೆ ಎಂದು ನಾಶ ಇಲ್ಲ. ಇದು. ದುಃಖದ ಸಂದರ್ಭದಲ್ಲಿ ನಾವು ಧೈರ್ಯ ತುಂಬಿಕೊಳ್ಳಬಲ್ಲ ಒಂದು ಪ್ರಮೇಯ. ಶರೀರ ಅಷ್ಟೇ ನಮ್ಮಿಂದ ದೂರವಾಯಿತು ಹೊರತು ಆತ್ಮ ಯಾವತ್ತೂ ನಾಶವಾಗುವುದಿಲ್ಲ.",3534,4251,,,104
kn_gita-5th_video_0006,gita-5th_video,kn,Dvaita,6,"ಇದು ಶ್ರೀಕೃಷ್ಣ ಅರ್ಜುನನ ಒಂದು. ಆಶಂಕೆಗೆ ಸಂಶಯಕ್ಕೆ ಸಂದೇಹಕ್ಕೆ ಉತ್ತರವನ್ನ ಕೊಟ್ಟ ಶ್ಲೋಕ. ಮತ್ತೊಮ್ಮೆ ಶ್ಲೋಕ ನತ್ವೇವಾಹಂ ಜಾತುನಾಸಂ ನತ್ವಂ ನೇಮೇಜನಾಧಿಪಾಹ ನಚೈವ ನ ಭವಿಷ್ಯಾಮಃ ಸರ್ವೇ ವಯಂ ಅತಃಪರಂ ಅತಃಪರಂ ಅಂದ್ರೆ ಇನ್ನು ಮುಂದೆ ಅಂತ ಅರ್ಥ. ಮುಂದಿನ 13ನೆಯ ಶ್ಲೋಕ ಸರಿ ಆತ್ಮನಿಗೆ ಹುಟ್ಟು ಇಲ್ಲ ಸಾವು ಇಲ್ಲ. ಆತ್ಮ ಅವನಿಗೆ ನಾಶ ಇದೆ ಅವನು ಸಾಯುತ್ತಾನೆ ಅಂತ ನಾನು ಅಳೋದಲ್ಲ ಶ್ರೀಕೃಷ್ಣ. ಅವನಿಗೆ ಈ ದೇಹ ಇದೆಯಲ್ಲ ಆ ದೇಹ ನಾಶ ಆಗ್ತದೆ ಅಂತ ನನಗೆ ದುಃಖ ಅಂದ್ರೆ. ಆ ದುಃಖವನ್ನು ನೀನು ಹೀಗೆ ಪರಿಹರಿಸಿಕೋ ಅಂತಾನೆ ಶ್ರೀಕೃಷ್ಣ. ದೇಹಿನೋಸ್ಮಿನ್ ಯಥಾ ದೇಹೆ ಕೌಮಾರಂ ಯವ್ವನಂ ಜರಾ ತಥಾ ದೇಹಾಂತರ ಪ್ರಾಪ್ತಿಹಿ ಧೀರಸ್ತತ್ರ ನಮುಹ್ಯತಿ ಪದವಿಭಾಗ ದೇಹಿನಃ ಅಸ್ಮಿನ್ ಯಥಾ ದೇಹೆ ಕೌಮಾರಂ ಯವ್ವನಂ ಜರ ತಥಾ ದೇಹಾಂತರ ಪ್ರಾಪ್ತಿಹಿ ಧೀರಹ ತತ್ರ ನ ಮುಹ್ಯತಿ ಅರ್ಜುನ, ದೇಹ ನಾಶ ಆಗ್ತದೆ ಅಂತ ಯಾಕೆ ಅಳ್ತಿ? ದೇಹಿನಃ ಈ ದೇಹದ ಒಳಗೆ ಒಬ್ಬ ಆತ್ಮ ಇದ್ದಾನಲ್ಲ ದೇಹಿ ಅಂತ ಕರಿಸಿಕೊಳ್ಳುತ್ತದೆ.",4252,4962,,,109
kn_gita-5th_video_0007,gita-5th_video,kn,Dvaita,7,"ಮನೆಯ ಒಳಗಡೆ ಇರುವವ ಗೃಹದ ಒಳಗಡೆ ಇರುವವ ಗೃಹಿ ಹಾಗೆ ದೇಹದ ಒಳಗಡೆ ಇರುವವ ದೇಹಿ ದೇಶಿನಹ ಅಂದ್ರೆ ದೇಹದ ಒಳಗಡೆ ಇರುವ ಆ ಹುಟ್ಟು ಸಾವುಗಳಿಲ್ಲದ ಆತ್ಮನಿಗೆ ದೇಹೇ ದೇಹದಲ್ಲಿ ಯಥಾ ಹೇಗೆ ಕೌಮಾರಂ ಯವ್ವನಂ ಜರ ಅವನ ದೇಹದಲ್ಲಿ ಕೌಮಾರಾವಸ್ಥೆ ಇದೆ. ಅವನು ಕೆಲವು ವರ್ಷಗಳ ಹಿಂದೆ ಕುಮಾರಾವಸ್ಥೆಯಲ್ಲಿದ್ದ. ಮಕ್ಕಳ ಜೊತೆ ಆಟ ಆಡ್ತಾ ಸಂತೋಷವಾಗಿ ಚಟುವಟಿಕೆಯಿಂದ ಕೂಡಿದ ದೇಹ ಅವನಿಗಿತ್ತು. ಯೌವನಂ. ಆ ಕೌಮಾರ ಹೋಯಿತು ದೇಹ ಯೌವನಾವಸ್ಥೆಗೆ ಬಂತು ಯುವಕ. ಆತನ ಭಾವನೆಗಳಲ್ಲಿ ದೇಹದಲ್ಲಿ ವ್ಯತ್ಯಾಸಗಳಾಗಿವೆ. ಅದು ಹೋಯಿತು ಜರಾ ಮುದಿತನ ಬಂತು. ಕೌಮಾರಾವಸ್ಥೆಯಲ್ಲಿ ಲವಲವಿಕೆಯಿಂದ ಇದ್ದ ದೇಹ, ಯವ್ವನ ಅವಸ್ಥೆಯಲ್ಲಿ ಗಟ್ಟಿಮುಟ್ಟಾಗಿದ್ದ ದೇಹ, ಈಗ ಮುಪ್ಪು ಬಂದಾಗ ನಡುಗೋಕೆ ಆರಂಭವಾಗಿದೆ. ಮನಸ್ಸು ಅಸ್ಥಿರವಾಗಿದೆ. ಯವ್ವನಂ ಜರ. ಈ ಯಾವ ಹಂತದಲ್ಲಾದರೂ ನೀನು ಅಳ್ತೀಯಾ? ನಾನು ಮಗುವಾಗಿದ್ದೆ, ಅಯ್ಯೋ ದೊಡ್ಡವನಾಗಿಬಿಟ್ಟೆ, ಆ ದೇಹ ಹೋಯಿತು, ಯೌವ್ವನದ ದೇಹ ಬಂತು, ಅಳ್ತೀಯಾ? ಇಲ್ಲ. ಹೋಗ್ಲಿ. ಮಗುವಿನ ದೇಹ ಯವ್ವನಕ್ಕೆ ಬಂತು, ನೀನು ಉದ್ದಾರ ಆಗಿದ್ದೇನೆ ಅಂತ ಸಮಾಧಾನ ಪಟ್ಕೋ.",4963,5731,,,108
kn_gita-5th_video_0008,gita-5th_video,kn,Dvaita,8,"ಯವ್ವನದ ಗಟ್ಟಿಮುಟ್ಟಾದ ದೇಹ ಹೋಯಿತು, ಮುದಿತನ ಬಂತು. ಅಯ್ಯೋ ಆ ದೇಹ ಹೋಯಿತಲ್ಲ ನನಗೆ ಮುದಿತನ ಬಂತು ಅಂತ ಅಳ್ತಾ ಕೊಡ್ತೀಯಾ ನೀನು? ಅದು ಲೋಕದಲ್ಲಿ ಎಲ್ಲ ಶರೀರಗಳಿಗೂ ಆಗಬೇಕಾದ ಅವಸ್ಥೆಗಳು ಅಂತ ಸಮಾಧಾನ ಪಡ್ಕೊಳ್ತಿ. ಒಂದು ದೇಹ ಹೋದ್ರೆ ಮತ್ತೊಂದು. ಕೌಮಾರ ದೇಹ ಹೋಯಿತು, ಯೌವ್ವನದ ಗಟ್ಟಿಮುಟ್ಟಾದ ದೇಹ ಬಂತು. ಗಟ್ಟಿಮುಟ್ಟಾದ ದೇಹ ಬಂತು, ಅದು ಹೋಗಿ ಮುದಿತನದ ನಡುಗುವ ದೇಹ ಬಂತು, ದುರ್ಬಲ ದೇಹ ಬಂತು. ಯಾವ ಹಂತದಲ್ಲೂ ನಾವು ಅಳೋದಿಲ್ಲ. ಹೇಗೋ ಯಥಾ ತಥಾ ದೇಹಾಂತರ ಪ್ರಾಪ್ತಿಹಿ. ಈ ನಡುಗುವ ಜರ್ಜಿರಿತವಾದ ಮುದಿ ದೇಹ ಹೋಗಿ. ಆ ದೇಹ ಮಣ್ಣಾಗಿ ಬೂದಿಯಾಗಿ ಇನ್ನೊಂದು ಹೊಸ ದೇಹ ಬರೋದೇ ಸಾವು ಅಥವಾ ಹುಟ್ಟು. ಅದಕ್ಕೆ ಯಾಕೆ ಅಳ್ತಿ ನೀನು ತಥಾ ದೇಹಾಂತರ ಪ್ರಾಪ್ತಿಹಿ. ಹೇಗೆ ಈ ಮೂರು ದೇಹಗಳು ಬೇರೆ ಬೇರೆ ಆದಾಗ ನಿನಗೆ ದುಃಖವಾಗಿಲ್ವೋ. ಅದರಂತೆ ಮುದಿತನದ ಈ ದೇಹ ಕಳೆದು ಇನ್ನೊಂದು ಹೊಸ ಕೌಮಾರ ದೇಹ ಬರುತ್ತದೆ ಅಂತಾದರೆ ಯಾಕೆ ಅಳಬೇಕು ತಥಾ ದೇಹಾಂತರ ಪ್ರಾಪ್ತಿಹಿ.",5732,6421,,,107
kn_gita-5th_video_0009,gita-5th_video,kn,Dvaita,9,"ಈ ವಿವೇಕವನ್ನ ಮಾಡಿ ಧೀರಃ ಧೀರಃ ಅಂದ್ರೆ ಧೈರ್ಯವಂತ ಅಂತ ನಮ್ಮ ಕನ್ನಡ ಭಾಷೆಯಲ್ಲಿ ಅರ್ಥ. ಆದರೆ ಸಂಸ್ಕೃತದಲ್ಲಿ ಧೀಯಾರಮತೇ ಇತಿ ಧೀರಃ ಧೀ ಅಂದ್ರೆ ಬುದ್ಧಿ ವಿವೇಕ. ಉಳ್ಳವನು ವಿವೇಕಶಾಲಿ. ಒಬ್ಬ ವಿಚಾರವಂತನಾದವನು ತತ್ರ ಈ ಮರಣದ ಬಗ್ಗೆ ಒಂದು ದೇಹ ಹೋಗಿ ಇನ್ನೊಂದು ದೇಹ ಬರುವ. ಮರಣದ ಬಗ್ಗೆ ನಮೂಹ್ಯತಿ. ಮೋಹಕ್ಕೊಳಗಾಗುವುದಿಲ್ಲ, ಅಳೋದಿಲ್ಲ. ಆದ್ದರಿಂದ ನಿನ್ನ ಬಾಂಧವರು ಗುರು ಹಿರಿಯರು ಯುದ್ಧದಲ್ಲಿ ನಿಂತಿದ್ದಾರೆ ಶಸ್ತ್ರಾಘಾತದಿಂದ. ನೀನು ಕಾಣುವ ಅವರ ಈ ದೇಹ ನಾಶವಾಗಬಹುದು ಹಾಗೆ ಅಂತ ಅದು ಕೊನೆ ಅಲ್ಲ. ಆ ದೇಹ ಹೋದರೆ ಅವರಿಗೆ ಮತ್ತೊಂದು ದೇಹ ಬಂದೇ ಬರುತ್ತದೆ. ಆದ್ದರಿಂದ ಯೌವ್ವನದ ದೇಹ ಬಂದು ಮುದಿತನದ ದೇಹ ಬಂದಾಗ ಹೇಗೆ ಸಮಾಧಾನ ಪಟ್ಟುಕೊಳ್ಳುತ್ತಿಯೋ, ಅಳೋದಿಲ್ಲವೋ, ಮುದಿತನದ ದೇಹ ಹೋಗಿ ಮತ್ತೊಂದು ದೇಹ ಬರುವುದೇ ಮರಣ ಜನನಗಳಾದ್ದರಿಂದ ಅಲ್ಲೂ ಅಳುವ ಅಗತ್ಯ ಇಲ್ಲ. ಆದ್ದರಿಂದ ಆತ್ಮ ನಾಶಕ್ಕಾಗಿಯೂ ನೀನು ಅಳಬೇಕಾದ ಅಗತ್ಯ ಇಲ್ಲ, ಆತ್ಮನಿಗೆ ನಾಶವೇ ಇಲ್ಲ.",6422,7114,,,100
kn_gita-5th_video_0010,gita-5th_video,kn,Dvaita,10,"ದೇಹ ನಾಶಕ್ಕಾಗಿಯೂ ಅಳುವ ಅಗತ್ಯ ಇಲ್ಲ, ಒಂದು ದೇಹ ಹೋದರೆ ಮತ್ತೊಂದು ದೇಹ ಬರುತ್ತದೆ. ಆದ್ದರಿಂದ ಆತ್ಮ ದೇಹ ಇವೆರಡರ ಬಗ್ಗೆಯೂ. ಜ್ಞಾನಿಗಳು, ತಿಳಿದವರು, ವಿವೇಕಿಗಳು ದುಃಖ ಪಡೋದಿಲ್ಲ ಆದ್ದರಿಂದ ಅಶೋಚ್ಯಾನ್ ಅನ್ನುವ ಶೋಚಸ್ತ್ವಂ. ನೀನು ಯಾರ ಬಗ್ಗೆ ದುಃಖ ಪಡುತ್ತಿದ್ದೀಯೋ ಅವರು ನಿನ್ನ ದುಃಖಕ್ಕೆ, ಶೋಕಕ್ಕೆ ಅರ್ಹರಲ್ಲ ಅನ್ನೋದನ್ನ ಶ್ರೀಕೃಷ್ಣ. ಈ ಎರಡು ಶ್ಲೋಕಗಳಲ್ಲಿ ಸಮರ್ಥನೆ ಮಾಡಿದ್ದಾನೆ. ಆತ್ಮ ನಿತ್ಯ, ದೇಹ ಅನಿತ್ಯವಾದರೂ ಒಂದು ಹೋದರೆ ಮತ್ತೊಂದು ಬರುತ್ತದೆ. ಆದ್ದರಿಂದ ಆತ್ಮನಾಶಕ್ಕಾಗಲಿ, ದೇಹನಾಶಕ್ಕಾಗಲಿ ದುಃಖ ಪಡಬೇಕಾದ ಅಗತ್ಯ ಇಲ್ಲ. ನಾವು ಆಕಸ್ಮಿಕವಾಗಿ ಇಂತಹ ದುರ್ಘಟನೆಗಳು ನಮ್ಮ ಮನೆಯಲ್ಲಿ ನಡೆದರೆ ಸಮಾಧಾನ ಪಟ್ಟುಕೊಳ್ಳುವುದಕ್ಕೆ ಇದು ಮುಖ್ಯವಾದ ಎರಡು ಅಂಶಗಳು. ಮತ್ತೊಮ್ಮೆ ಶ್ಲೋಕ. ದೇಹಿನೋಸ್ಮಿನ್ ಯಥಾ ದೇಹೆ ಕೌಮಾರಂ ಯವ್ವನಂ ಜರಾ ತಥಾ ದೇಹಾಂತರ ಪ್ರಾಪ್ತಿಹಿ ಧೀರಸ್ತತ್ರ ನಮುಹ್ಯತಿ ಹೀಗೆ ಶ್ರೀಕೃಷ್ಣ ಅಶೋಚ್ಯಾನ್ ಅನ್ವಶೋಚಸ್ತ್ವಂ ಅಂತ ಆರಂಭದಲ್ಲಿ ಏನು ಹೇಳಿದಾನೋ ಅದನ್ನ ಈ ಎರಡು ಶ್ಲೋಕಗಳಲ್ಲಿ ಸಮರ್ಥನೆ ಮಾಡಿದ್ದಾನೆ. ಇದರಲ್ಲಿ ಮಾಧ್ವ ಭಾಷ್ಯಕ್ಕೆ ಅನುಗುಣವಾಗಿ ಹೌದು ದೇಹ ಬಿಟ್ಟು ಆತ್ಮ ಅಂತ ಒಂದು ತತ್ವ ಇದ್ರೆ ಸರಿ ನೀನು ಹೇಳಿದ್ದು.",7115,7967,,,112
kn_gita-5th_video_0011,gita-5th_video,kn,Dvaita,11,"ದೇಹ ಬಿಟ್ಟರೆ ಇನ್ನೇನು ಇಲ್ಲ. ಭಸ್ಮೀಭೂತಸ್ಯ ದೇಹಸ್ಯ ಪುನರಾಗಮನಂ ಕುತಃ? ದೇಹ ಬಿಟ್ಟರೆ ಆತ್ಮ ಅಂತ ಒಂದು ಇಲ್ಲವೇ ಇಲ್ಲ ಅನ್ನೋ ಪ್ರಶ್ನೆಗೂ ದೇಹಿನಃ ಎಂಬ ಪದ ಉತ್ತರವನ್ನು ಕೊಡುತ್ತದೆ. ಇದು ಮಾಧ್ವ ಭಾಷ್ಯದಂತೆ ಇರುವ ಅರ್ಥ. ಈ ದೇಹದಲ್ಲಿ ನಾವು ಬಾಲ್ಯದಲ್ಲಿರುವಾಗ ಅನೇಕ ಅನುಭವಗಳಿವೆ ನಮಗೆ. ತಾರುಣ್ಯದಲ್ಲಿದ್ದಾಗ ವಿಭಿನ್ನವಾದ ಚಿಂತನೆಗಳು ಭಾವನೆಗಳು ನಮ್ಮಲ್ಲಿ ಬೆಳೆಯುತ್ತದೆ. ವೃದ್ಧಾಪ್ಯದಲ್ಲಿ ಮಾಗಿ ಇದ ಮನಸ್ಸು. ಈ ಅನುಭವಗಳೆಲ್ಲ ಯಾರಿಗೆ? ಬರೆ ದೇಹಕ್ಕೋ, ದೇಹ ಜಡ. ಕಲ್ಲು, ಮಣ್ಣು ಅದಕ್ಕೆ ಸುಖ, ದುಃಖ, ಸಮ್ಮೇದನೆ, ಜ್ಞಾನ, ಭಯ ಯಾವುದು ಇಲ್ಲ. ಆದರೆ ಈ ದೇಹದಲ್ಲಿ ನಮಗೆ ಅವೆಲ್ಲ ಇದೆ, ಸುಖ ಇದೆ, ದುಃಖ ಇದೆ, ಭಾವನೆಗಳಿವೆ, ಹೆದರಿಕೆ ಇದೆ. ಹಾಗಾದರೆ ಉಳಿದ ಜಡ ವಸ್ತುಗಳಲ್ಲಿ ಇಲ್ಲದ ಈ ಸಂವೇದನೆಗಳು. ಈ ದೇಹದಲ್ಲಿ ನಮಗೆ ಇದೆ ಅಂದ್ರೆ ಈ ದೇಹದಲ್ಲಿ ಉಳಿದ ಜಡ ವಸ್ತುಗಳಲ್ಲಿ ಇಲ್ಲದ ಒಂದು ತತ್ವ ಇಲ್ಲಿದೆ. ಅದು ಯಾವುದು ಆತ್ಮ. ಹೀಗೆ ದೇಹಿ ಅಂತ ಹೇಳುವ ಮೂಲಕ ಶ್ರೀಕೃಷ್ಣ ದೇಹವೇ ಆತ್ಮ ಅಲ್ಲ ದೇಹದ ಒಳಗಡೆ ಒಬ್ಬ ಆತ್ಮ ಆತ್ಮನಿದ್ದಾನೆ ಜಡವಲ್ಲದ ಒಂದು ಚೇತನ ಇದೆ.",7968,8744,,,116
kn_gita-5th_video_0012,gita-5th_video,kn,Dvaita,12,"ನಾನು ಹಿಂದೆ ದೇಹಿ ಅನ್ನೋದಕ್ಕೆ ಸರಿಯಾದ ಶಬ್ದವನ್ನ ಗೃಹಿ ಅನ್ನೋದನ್ನ ಕೊಟ್ಟೆ. ಗೃಹಿ ಅಂದ್ರೆ ಮನೆಯ ಒಳಗಡೆ ಇರುವವನು ಅಂತ ಅರ್ಥ. ಮನೆ ಬೇರೆ, ಒಳಗಡೆ ಇರುವ ವ್ಯಕ್ತಿ ಬೇರೆ. ದೇಹಿ ಅಂದ್ರೆ ದೇಹ ಬೇರೆ, ದೇಹದ ಒಳಗಡೆ ಇರುವ ವ್ಯಕ್ತಿ ಬೇರೆ. ಆದ್ದರಿಂದ. ಬರೆ ದೇಹವೇ ಆತ್ಮ ಅಂತಾದರೆ ಕಲ್ಲು ಮಣ್ಣುಗಳಿಗೆ ಹೊಡೆದರೆ ಅಥವಾ ಪೂಜೆ ಮಾಡಿದರೆ ಅವುಗಳಿಗೆ ದುಃಖವೂ ಇಲ್ಲ ಸುಖವೂ ಇಲ್ಲ. ಹಾಗೆ ಈ ದೇಹಕ್ಕೂ ಸುಖ ದುಃಖಾದಿಗಳು ಬರೋದಕ್ಕೆ ಸಾಧ್ಯವಿಲ್ಲ. ದೇಹದಲ್ಲಿ ಆ ವಿಲಕ್ಷಣ ಗುಣಗಳು ಇವೆ ಅಂದ್ರೆ ಉಳಿದ ಜಡ ಪದಾರ್ಥಗಳಲ್ಲಿ ಇಲ್ಲದ ಒಂದು ತತ್ವ ಈ ದೇಹದಲ್ಲಿ ಅಡಗಿದೆ. ಅದು ಆತ್ಮ ತತ್ವ. ಆದ್ದರಿಂದ ದೇಹವೇ ಆತ್ಮ ಅಲ್ಲ. ದೇಹದ ಒಳಗಡೆ ಒಬ್ಬ ಆತ್ಮ ಇದ್ದಾನೆ. ಆ ಆತ್ಮ ಅಜರ ಅಮರ. ಅವನಿಗೆ ಉತ್ಪತ್ತಿ ಇಲ್ಲ, ನಾಶ ಇಲ್ಲ. ಆದ್ದರಿಂದ ಈ ದೇಹ ಹೋದರೆ ಹೋಯಿತು ಅಂದುಕೊಂಡು. ನಾವು ಜೀವನದಲ್ಲಿ ಸ್ವಚ್ಛಂದವಾಗಿ ಇರಬಾರದು.",8745,9386,,,100
kn_gita-5th_video_0013,gita-5th_video,kn,Dvaita,13,ದೇಹದ ಒಳಗಡೆ ಇದ್ದ ಆತ್ಮ ಮುಂದುವರೆಯುತ್ತಾನೆ ಅವನು ಅನೇಕ ದೇಹಗಳಲ್ಲಿ. ಹೀಗಾಗಿ ನೀವು ತಪ್ಪು ಮಾಡಿದರೆ ಅದರ ಫಲವನ್ನು ದುಃಖವನ್ನು ಮುಂದೆ ಉಣಬೇಕು. ನೀವು ಒಳ್ಳೆ ಕೆಲಸವನ್ನು ಮಾಡಿದರೆ ಅದರ ಫಲವಾಗಿ ಸುಖವನ್ನು ನೀವು ಮುಂದೆ ಉಣ್ಣುತ್ತೀರಿ. ಆದ್ದರಿಂದ ಇಲ್ಲಿಗೆ ಮುಗಿದು ಹೋಯಿತು ಅಂತ ಸ್ವಚ್ಛಂದವಾಗಿ ಮಾಡಬಾರದನ್ನು ಮಾಡೋದು ಅಥವಾ ಮಾಡಬೇಕಾದನ್ನು ಬಿಡೋದು. ಒಳ್ಳೆ ಕೆಲಸವನ್ನು ಮಾಡಿದ್ರೂ ನನಗೆ ದುಃಖ ಆಯಿತು ಅಂತ. ವ್ಯಥೆ ಪಡೋದು ಇದಕ್ಕೆಲ್ಲ ಉತ್ತರ ನೀವು ಒಳ್ಳೆ ಕೆಲಸ ಮಾಡಿದ್ದು ಯಾವತ್ತೂ ನಿಮಗೆ ಸಿಗದೆ ಹೋಗೋದಿಲ್ಲ. ದೇಹ ಹೋದ್ರು ಆತ್ಮ ಮುಂದುವರೆಯುತ್ತಾನೆ ಅವನಿಗೆ ದೇಹಾಂತರಗಳಲ್ಲಿ ಆ ಒಳ್ಳೆ ಕೆಲಸದಿಂದ ಆದ ಸುಖದ ಪ್ರಾಪ್ತಿ ಇದೆ. ಏನು ಕೆಟ್ಟದು ಮಾಡಿದ್ರೆ ಏನು ದೇಹ ಹೋದ್ರೆ ಹೋಯ್ತು ಅಂತ ದುಷ್ಟತನ ಮಾಡೋಕೆ ಹೋಗಬೇಡ್ರಿ. ಕೆಟ್ಟತನ ಮಾಡಿದ ಕೆಟ್ಟ ಕೆಲಸವನ್ನ ಮಾಡಿದ. ಪಾಪದಿಂದ ಆಗುವ ದುಃಖವನ್ನ ಇವತ್ತಲ್ಲ ಜನ್ಮಾಂತರದಲ್ಲಿ ಆದರೂ ನಾವು ಅನುಭವಿಸಲೇಬೇಕು. ಹೀಗೆ ಈ ಶ್ಲೋಕ ಎರಡು ತತ್ವಗಳನ್ನ ವಿಶದಪಡಿಸುತ್ತದೆ.,9387,10119,,,100
kn_gita-5th_video_0014,gita-5th_video,kn,Dvaita,14,"ದೇಹ ಬಿಟ್ಟು ಆತ್ಮ ಅಂತ ಒಂದು ತತ್ವ ಇದೆ. ಆ ತತ್ವ ಅಜರ ಅಮರ. ಅವನಿಗೆ ಈ ದೇಹ ಹೋದರು ಬೇರೆ ಬೇರೆ ದೇಹಗಳು ಬರುತ್ತವೆ. ಆದ್ದರಿಂದ ನಮ್ಮ ಎದುರುಗಡೆ ಕಾಣುವ ದೇಹವು ಬಿದ್ದು ಹೋಯಿತು, ಮಣ್ಣಾಯಿತು, ಬೂದಿಯಾಯಿತು ಅಂತ ವ್ಯಥೆ ಪಡಬೇಡಿ. ಅವನಿಗೆ ಜನ್ಮಾಂತರ ಇದೆ. ಹೊಸ ದೇಹವನ್ನ ಪಡೀತಾನೆ ಅವನು. ಆದ್ದರಿಂದ. ಮರಣಕ್ಕೆ ಅಳೋದು ಹೇಗೆ ಸಹಜವೋ ವಿವೇಕಿಯಾದವ ಅಳದೆ ಅದನ್ನು ಸ್ವಾಗತಿಸುತ್ತಾನೆ. ಯಾಕೆ ಅಂದ್ರೆ ಈ ಜೀರ್ಣವಾದ ದೇಹ ಬಿಟ್ಟು ಹೋಗಿ ಒಳ್ಳೆ ಗಟ್ಟಿ ಮುಟ್ಟಾದ ಇನ್ನೊಂದು ದೇಹ ಬರೋದೇ ಮರಣ. ಒಂದು ಅರ್ಥದಲ್ಲಿ ಒಂದು ಮೈಯಿಂದ ಇದ್ದದ್ದನ್ನ ಕಳೆದುಕೊಳ್ಳುವುದಾದರೆ ಇನ್ನೊಂದು ಮಗ್ಗುಲಲ್ಲಿ ನೋxಡಿದಾಗ ನಮ್ಮಲ್ಲಿ ಇದುವರೆಗೆ ಇಲ್ಲದ್ದನ್ನ ಪಡೆದುಕೊಳ್ಳುವುದು ಮರಣ. ಅನ್ನ ಮರಣ ಅಂದ್ರೆ ಇದ್ದದ್ದು ಹೋಗೋದು ಇಲ್ಲದೆ ಇದ್ದದ್ದು ಬರೋದು. ಇದ್ದದ್ದು ಹೋಗೋದಕ್ಕೆ ಅಳ್ತೀರಿ ಅಂತ ಆದ್ರೆ ಇಲ್ಲದೆ ಇದ್ದಿದ್ದು ಬರೋದಕ್ಕೆ ಸಂತೋಷ ಯಾಕೆ ಪಡಬಾರದು. ಆದ್ದರಿಂದ. ಮರಣಕ್ಕೆ ಅಂಜಬಾರದು, ಜ್ಞಾನಿಯಾದವನು, ವಿವೇಕಿಯಾದವನು ಧೀರಹ ತತ್ರ ನಮುಹ್ಯತಿ ಅಂತ.",10120,10864,,,103
kn_gita-5th_video_0015,gita-5th_video,kn,Dvaita,15,"ಈ ಶ್ಲೋಕ ಬಹಳ ಅರ್ಥವತ್ತಾದ ಒಂದು ಪ್ರಮೇಯವನ್ನು ನಮ್ಮ ಮುಂದೆ ಶ್ರೀಕೃಷ್ಣ ಇಲ್ಲಿ ಇಟ್ಟಿದ್ದಾನೆ. ಇದರ ನಂತರ ಇದು ಈ ಎರಡು ವಿಷಯಗಳು ಅರ್ಜುನನಿಗೆ ಗೊತ್ತಿರೋದು. ಆತ್ಮ ನಿತ್ಯ, ದೇಹ ಅನಿತ್ಯ. ಈ ದೇಹ ಹೋದ್ರು ಇನ್ನೊಂದು ದೇಹ ಬರುತ್ತದೆ ಯಾಕೆಂದ್ರೆ ಅವನು ದೇವಲೋಕದಲ್ಲಿದ್ರೆ ಇಂದ್ರ. ಈ ದೇಹವನ್ನು ಪಡೆದು ಬಂದಿದ್ದಾನೆ. ಅಲ್ಲಿಗೆ ಆತ್ಮ ನಿತ್ಯ, ದೇಹ ಅನಿತ್ಯ ಅನ್ನೋ ತತ್ವ ಬಹಳ ಸರಳವಾದ ಆರಂಭದ ಹೆಜ್ಜೆ ಅದು ವೇದಾಂತದಲ್ಲಿ. ಆದ್ದರಿಂದ ಕೃಷ್ಣ ಅರ್ಜುನನಿಗೋಸ್ಕರ ಅದನ್ನು ಹೇಳಬೇಕಾದ ಅಗತ್ಯ ಇಲ್ಲ. ಅರ್ಜುನನನ್ನ ಮುಂದೆ ಇಟ್ಟುಕೊಂಡು ನಮಗೆ ಈ ತತ್ವವನ್ನು ತಿಳಿಸಿದ ಶ್ರೀಕೃಷ್ಣ. ಆದರೆ ಅರ್ಜುನನ ಮತ್ತು ನಮ್ಮ ನಿಮ್ಮೆಲ್ಲರ ಪ್ರಶ್ನೆ ಅಥವಾ ಸತ್ತಾಗ ಆಗುವ ದುಃಖ ಇದಲ್ಲ. ಆತ್ಮ ಸಾಯ್ತಾನೆ ಅಂತಲೂ ನಾವು ಅಳೋದಲ್ಲ. ಈ ದೇಹ ಹೋಗುತ್ತೆ ಅಂತಲೂ ಅಳೋದಲ್ಲ. ಆತ್ಮ ಇನ್ನೊಂದು ಕಡೆ ಹುಟ್ಟುತ್ತಾನೆ. ದೇಹ ಇದು ಹೋದ್ರೆ ಇನ್ನೊಂದು ಬರುತ್ತದೆ. ಅದನ್ನ ದೇಹ ನಾಶಕ್ಕಾಗಿ ಆಗಲಿ ಆತ್ಮ ನಾಶಕ್ಕಾಗಿ ಆಗಲಿ ನಾವು ವ್ಯಥೆ ಪಡೋದಲ್ಲ.",10865,11593,,,105
kn_gita-5th_video_0016,gita-5th_video,kn,Dvaita,16,"ಮತ್ತೆ ಯಾಕೆ ಅಂದ್ರೆ ಇವತ್ತು ನಮ್ಮ ಬಂಧುಗಳು, ಗುರುಗಳು, ಹಿರಿಯರು ನಮ್ಮ ಮುಂದೆ ಇದ್ದಾರೆ. ಅವರ ಸಂಪರ್ಕದಿಂದ, ಅವರ ಒಡನಾಟದಿಂದ, ಅವರ ಜೊತೆ ಬೆರೆತು ಮಾತನಾಡುವುದರಿಂದ ನಾವು ಸುಖವನ್ನು ಸಂತೋಷವನ್ನು ಹಂಚಿಕೊಂಡಿದ್ದೇವೆ. ಈ ದೇಹ ಬಿದ್ದು ಹೋಯಿತು ಅಂದ್ರೆ ಅವರು ಇನ್ನೆಲ್ಲೋ ನಾವು ಇನ್ನೆಲ್ಲೋ ಅವರ ಸಂಪರ್ಕವೇ ನಮಗಿಲ್ಲ. ಇದುವರೆಗೆ ನನ್ನ ತಂದೆ ನನ್ನ ತಾತ ಅಂತ ನಾನು ಆತ್ಮೀಯತೆಯಿಂದ ಗೌರವದಿಂದ ಅವರ ಒಡನಾಟದಿಂದ ಸುಖವನ್ನು ಅನುಭವಿಸಿದ್ದೆ. ಆತ್ಮ ನಿತ್ಯ ಆ ಒಳಗಡೆ ಇರುವ ಆತ್ಮ ಇನ್ನೊಂದು ಕಡೆ ಹುಟ್ಟುತ್ತಾನೆ, ಇನ್ನೊಂದು ಕಡೆ ಹುಟ್ಟುತ್ತಾನೆ, ಎಲ್ಲಿ ಹುಟ್ಟುತ್ತಾನೆ ಅಂತ ನಮಗೆ ಗೊತ್ತಿಲ್ಲ. ಅಂದಮೇಲೆ ನಮಗೂ ಅವನಿಗೂ ಇರುವ ಈ ದೈಹಿಕವಾದ ಸಂಪರ್ಕ ಕಡೆದು ಹೋಗುತ್ತದೆ. ಈ ಕಾರಣಕ್ಕೋಸ್ಕರ ನಮ್ಮ ಆತ್ಮೀಯರು, ಗುರುಹಿರಿಯರು ಗತಿಸಿದಾಗ ನಮಗೆ ದುಃಖವಾಗುವುದು ಸಹಜ. ಅಷ್ಟೇ ಅಲ್ಲ ಅರ್ಜುನನ ವೈಯಕ್ತಿಕ ಸಮಸ್ಯೆ ಇನ್ನೊಂದಿದೆ. ನನ್ನ ತಾತ ನನ್ನನ್ನು ಮುದ್ದಾಡಿದವರು ಅವರು. ಅವರ ಮೈಮೇಲೆ ತೊಡೆ ಮೇಲೆ ಕೂತು ನಾನು ಸಂತಸವನ್ನ ಅನುಭವಿಸಿದ್ದೆ.",11594,12342,,,102
kn_gita-5th_video_0017,gita-5th_video,kn,Dvaita,17,ನನ್ನನ್ನ ಪ್ರೇಮದಿಂದ ಮುದ್ದಿನಿಂದ ಬೆಳೆಸಿದ್ದಾರೆ ಅವರು. ನನ್ನ ಗುರುಗಳು ದ್ರೋಣಾಚಾರ್ಯರು ಪುಟ್ಟ ಪುಟ್ಟ ಕೈಗಳನ್ನ ಎತ್ತಿ ಶಸ್ತ್ರಾಸ್ತ್ರ ವಿದ್ಯೆಯನ್ನ ಹೇಳಿಕೊಟ್ಟಿದ್ದಾರೆ ಅವರು. ನಾನು ಅಂಥವರಿಗೆ ನನ್ನ ಬತ್ತಡಿಕೆಯಿಂದ ಚೂಪಾದ ಬಾಣವನ್ನು ತೆಗೆದು ಗುರಿಯಿಟ್ಟು ಹೊಡೆದಾಗ ಅವರ ದೇಹದಲ್ಲಿ ರಕ್ತ ಸೋರಿದರೆ ನನ್ನ ಕಣ್ಣಲ್ಲಿ ನೀರು ಬರುತ್ತದೆ ಕೃಷ್ಣ. ಆತ್ಮ ಸಾಯುತ್ತದೆ ಅಂತಲೂ ನಾನು ದುಃಖ ಪಡೋದಲ್ಲ. ದೇಹ ಹೋಗ್ತದೆ ಅಂತಲೂ ದುಃಖ ಪಡೋದಲ್ಲ. ನನ್ನನ್ನು ಆತ್ಮೀಯವಾಗಿ ಕಂಡ ನನ್ನನ್ನು ಬೆಳೆಸಿದ ನನಗೆ ವಿದ್ಯೆ ಕೊಟ್ಟ ಹಿರಿಯರು ಗುರುಗಳು ನನ್ನ ಕಾರಣದಿಂದಾಗಿ ಮೈಯಲ್ಲಿ ಗಾಯವನ್ನು ಅನುಭವಿಸಿ ವ್ಯಥೆ ಪಡ್ತಾ ಇದ್ರೆ ನಾನು ಸಹಿಸಿಕೊಳ್ಳುವುದು ಹೇಗೆ? ಇದು ನನ್ನ ದುಃಖಕ್ಕೆ ಕಾರಣ ಅಂತ ಅರ್ಜುನ ಈ ಒಂದು ಪ್ರಶ್ನೆಯನ್ನ ಕೃಷ್ಣನ ಮುಂದಿಟ್ಟರೆ ಅದಕ್ಕೆ 14ನೇ ಶ್ಲೋಕದಲ್ಲಿ ಶ್ರೀಕೃಷ್ಣ ಉತ್ತರವನ್ನು ಕೊಡುತ್ತಾನೆ. ಅದು ಏನು ಅಂತ ಮುಂದಿನ ಭಾಗದಲ್ಲಿ ನಾವು ನೋಡೋಣ. ಈ ಗೀತಾ ಪ್ರತಿಪದಾರ್ಥ ಚಿಂತನೆಯ ಪ್ರವಚನ ಸೇವೆಯನ್ನು ಶ್ರೀಯುತರಾದ ಮರಬೇಕೆರೆ ಮುರಳೀಧರ ರಾವ್ ಅವರು ಇದಕ್ಕೆ ಧನ ಸಹಾಯವನ್ನ ಮಾಡಿ ಪ್ರಾಯೋಜಕರಾಗಿ ಪುಣ್ಯಭಾಜನರಾಗಿದ್ದಾರೆ.,12343,13166,,,107
kn_gita-5th_video_0018,gita-5th_video,kn,Dvaita,18,ಶ್ರೀಕೃಷ್ಣನ ವಿಶೇಷ ಅನುಗ್ರಹ ಅವರಿಗೆ ಆಗಲಿ ಅಂತ ಪ್ರಾರ್ಥಿಸೋಣ. ಶ್ರೀಕೃಷ್ಣಾರ್ಪಣಮಸ್ತು.,13167,13241,,,8
kn_gita-6th_video_0000,gita-6th_video,kn,Dvaita,0,"ಶ್ರೀ ಗುರುಭ್ಯೋ ನಮಃ ಹರಿಃ ಓಂ ಶೋಕಕ್ಕೆ ಕಾರಣವನ್ನು ಕೇಳಿ ಶ್ರೀಕೃಷ್ಣ ಆತ್ಮ ನಿತ್ಯ, ದೇಹ ಬದಲಾಗ್ತಾ ಇರುತ್ತೆ. ಎರಡರ ಕುರಿತು ದುಃಖ ಪಡುವ ಅಗತ್ಯ ಇಲ್ಲ. ಈ ಸಮಾಧಾನವನ್ನು ಎರಡು ಶ್ಲೋಕಗಳಿಂದ ಹೇಳಿ ಇದಕ್ಕೆ ದುಃಖವಲ್ಲ ಬಂಧುಗಳ ವಿಯೋಗ ಆ ಶರೀರದ ಸಂಪರ್ಕ ನಮಗೆ ಕಡಿದು ಹೋಗುತ್ತದೆ. ಅದಕ್ಕಾಗಿ ಶೋಕ ಅಂತ ಅರ್ಜುನನ ಆಶಂಕೆಗೆ ಈ ಶ್ಲೋಕದಲ್ಲಿ 14ನೇ ಶ್ಲೋಕದಲ್ಲಿ ಶ್ರೀಕೃಷ್ಣ ಉತ್ತರವನ್ನು ಕೊಡ್ತಾ ಇದ್ದಾನೆ. ಮಾತ್ರಾಸ್ಪರ್ಶಾಸ್ತು ಕೌಂತೇಯ ಶೀತೋಷ್ಣ ಸುಖ ದುಃಖದಾಹ ಆಗಮಾಪಾಯಿನೋ ನಿತ್ಯಾಹ ತಾಂತಿತಿಕ್ಷಸ್ವ ಭಾರತ ಪದವಿಭಾಗ ಮಾತ್ರಾಸ್ಪರ್ಶಾಹ ತು ಕೌಂತೇಯ ಶೀತೋಷ್ಣ ಸುಖ ದುಃಖದಾಹ ಅದು ಒಂದೇ ಪದ ಆಗಮಾಪಾಯಿನಹ ಅನಿತ್ಯಾಹ ತಾನ್ ತಿತಿಕ್ಷಸ್ವ ಭಾರತ ಈ ಶ್ಲೋಕ ಯಾಕೆ ಹೊರಟಿದೆ ಅನ್ನೋದನ್ನ ಶ್ರೀ ರಾಘವೇಂದ್ರ ಸ್ವಾಮಿಗಳು ಗೀತಾರ್ಥ ಸಂಗ್ರಹದಲ್ಲಿ ತಿಳಿಸ್ತಾ ಇದ್ದಾರೆ ತಥಾಪಿ ತನ್ಮೃತೌ ಆದರೂ ಅಂದ್ರೆ ಅವರಿಗೆ ಆತ್ಮ ನಿತ್ಯ ದೇಹ ಇನ್ನೊಂದು ಬರುತ್ತದೆ ಆದರೂ ತನ್ಮೃತೌ ಈ ದೇಹ. ನಾಶವಾದರೆ ಮಮೈವ ಸುಖ ಹಾನಿಹಿ ದುಃಖ ಪ್ರಾಪ್ತಿಶ್ಚಸ್ಯಾತ್ ನನಗೆ ಸುಖ ಹಾನಿ ಆಗ್ತದೆ ಇದ್ದ ಸುಖ ಹೋಗ್ತದೆ ದುಃಖ ಬರ್ತದೆ.",0,793,,,113
kn_gita-6th_video_0001,gita-6th_video,kn,Dvaita,1,"ಯಾಕೆ ತದ್ದೇಹ ದರ್ಶನ ಸ್ಪರ್ಶನ ಸಂಭಾಷಣಾದೇಹೆ ಸುಖ ಹೇತೋಹೋ ಅಭಾವ ಅವರ ದೇಹ ನಮ್ಮ ತಾತಂದಿರ ಗುರುಹಿರಿಯರ ದೇಹದ ದರ್ಶನ ಸ್ಪರ್ಶನ ಅವರ ಜೊತೆ ಸಂಲಾಪ ಮಾತನಾಡುವುದು. ಇದರಿಂದ ಏನೋ ಒಂದು ಖುಷಿ ಇತ್ತು ನನಗೆ. ಆ ಖುಷಿ ಮುಂದೆ ಹೋಗ್ತದೆ, ಸಂತೋಷ ಹೋಯಿತು. ಛೇದ ಭೇದಾದಿನ ವಿಕೃತ ತದ್ದೇಹ ದರ್ಶನಸ್ಯ ದುಃಖ ಶೇತೋಹೋ ಭಾವ. ದುಃಖ ಯಾಕೆ ಅಂದ್ರೆ ಶಸ್ತ್ರಗಳಿಂದ ಚಿನ್ನವಾದ ಗಾಯಗೊಂಡ ರಕ್ತ ಸುರಿಯುವ ಅವರ ವಿಕೃತ ದೇಹದಿಂದ ದೇಹದ ದರ್ಶನದಿಂದ ನನಗೆ ಕಣ್ಣಲ್ಲಿ ನೀರು ಬರುತ್ತೆ ಅಳು ಬರುತ್ತೆ ಕೃಷ್ಣ. ಹೀಗೆ ಅವರ ದೇಹದಲ್ಲಾಗುವ ಗಾಯದಿಂದ ತೊಂದರೆಯಿಂದ ನನಗೆ ದುಃಖ ಅವರ ಸಂಪರ್ಕ ಕಡಿದು ಹೋಗುವುದರಿಂದ ಸುಖದ ಹಾನಿ. ಇದಕ್ಕಾಗಿ ನಾನು ಅಳುತ್ತೇನೆ ಶೋಕ. ಇದಕ್ಕೆ ಕೃಷ್ಣನ ಉತ್ತರ ಈ ಶ್ಲೋಕ. ಪ್ರಾಯಃ ಭಗವದ್ಗೀತೆಯಲ್ಲಿ ಶಬ್ದಗಳು ಬಹಳ ಸರಳವಾಗಿ ಇರುತ್ತದೆ, ಆಡು ಭಾಷೆಯ ಶಬ್ದಗಳು. ಅದಕ್ಕೆ ಅಪವಾದ ಎಂಬಂತೆ ಇಲ್ಲೊಂದು ಶಬ್ದ ಇದೆ ಮಾತ್ರಾಸ್ಪರ್ಶಾಃ. ಇದು ಸರಳವಾದ ಶಬ್ದ ಅಲ್ಲ ಶಾಸ್ತ್ರೀಯವಾದ ಶಬ್ದ.",794,1497,,,104
kn_gita-6th_video_0002,gita-6th_video,kn,Dvaita,2,"ಇಲ್ಲಿ ಮಾತ್ರ ಶಬ್ದಕ್ಕೆ ಆಡು ಭಾಷೆಯಲ್ಲಿ ಸಂಸ್ಕೃತದ ಭಾಷೆಯಲ್ಲಿ ಏನು ಅರ್ಥ ಇದೆಯೋ ಆ ಅರ್ಥ ಅಲ್ಲ. ಮೀಯಂತೆ ಇತಿ ಮಾತ್ರಾಹ. ಅಂದ್ರೆ ನಾವು ಯಾವುದನ್ನು ತಿಳಿದುಕೊಳ್ಳುತ್ತೇವೋ ವಿಷಯ ಪದಾರ್ಥಗಳು ಅಂತ ಅದಕ್ಕೆ ಶಾಸ್ತ್ರದಲ್ಲಿ ಹೆಸರು. ಕಣ್ಣು ಬಣ್ಣವನ್ನು ನೋಡುತ್ತದೆ, ವಸ್ತುಗಳನ್ನು ಗ್ರಹಿಸುತ್ತದೆ. ಕಿವಿ ಸಂಗೀತವನ್ನು ಕೇಳುತ್ತದೆ ಅಂದ್ರೆ ಇಂಪಾದ ಶಬ್ದವನ್ನು ಕೇಳುತ್ತದೆ. ಮೂಗು ಪರಿಮಳವನ್ನು ತಿಳಿದುಕೊಳ್ಳುತ್ತದೆ, ನಾಲಿಗೆ ರುಚಿಯನ್ನ. ನಮ್ಮ ದೇಹದ ತ್ವಗೇಂದ್ರಿಯ ಬಿಸಿ ತಣ್ಣಗೆ ಇವುಗಳ ಸಂವೇದನೆಯನ್ನ ನಮಗೆ ಕೊಡುತ್ತವೆ. ಈ ಇಂದ್ರಿಯಗಳು ಗ್ರಹಿಸುವ ವಸ್ತುಗಳೇನಿದೆಯೋ ಅದನ್ನ ಮಾತ್ರ ಅನ್ನೋ ಶಬ್ದದಿಂದ ಭಗವದ್ಗೀತೆ ಇಲ್ಲಿ ಕರೆದಿವೆ. ನಮ್ಮ ಪಂಚೇಂದ್ರಿಯಗಳು ಗ್ರಹಿಸುವ ವಿಷಯಗಳು, ವಸ್ತುಗಳು, ರೂಪ, ರಸ, ಗಂಧ, ಶಬ್ದ, ರುಚಿ, ಬಿಸಿ ತಂಡಿ ಇವೆಲ್ಲ ಮಾತ್ರ. ಸ್ಪರ್ಶ ಅಂದ್ರೆ ಅದರ ಸಂಬಂಧ. ಟಚ್ ಅಂತ ಅರ್ಥ ಸ್ಪರ್ಶ ಶಬ್ದಕ್ಕೆ. ಕಣ್ಣಿಗೆ ಕೆಂಪಾದ ಒಂದು ರೂಪದ ಸಂಬಂಧ ಅದನ್ನ ನೋಡಿದೆವು ಅಂತ ಅರ್ಥ. ಕಿವಿಗೆ ಇಂಪಾದ ಶಬ್ದ ಸೋಂಕು ಅದರ ಸಂಬಂಧ ಆಗೋದು.",1498,2257,,,102
kn_gita-6th_video_0003,gita-6th_video,kn,Dvaita,3,"ಇದನ್ನ ಮಾತ್ರ ಸ್ಪರ್ಶ. ನಮ್ಮ ಇಂದ್ರಿಯಗಳಿಗೆ ಅವುಗಳಿಗೆ ಸಂಬಂಧಪಟ್ಟ ವಿಷಯದೊಂದಿಗೆ ಆಗುವ ಏರ್ಪಡುವ ಸಂಬಂಧ ಏನಿದೆಯೋ ಅದನ್ನ ಮಾತ್ರ ಸ್ಪರ್ಶ ಅಂತಾರೆ. ಭಗವದ್ಗೀತೆಯಲ್ಲಿ ಕರೆದಿದ್ದಾರೆ. ಕಣ್ಣು ಬಣ್ಣವನ್ನು ನೋಡೋದು, ಕಿವಿ ಶಬ್ದವನ್ನು ಕೇಳೋದು, ಮೂಗು ಪರಿಮಳವನ್ನು ಗ್ರಹಿಸೋದು. ಈ ಆಯಾಯ ಇಂದ್ರಿಯಗಳಿಗೆ ಅವುಗಳಿಗೆ ಸಂಬಂಧಪಟ್ಟ ವಸ್ತುಗಳೊಂದಿಗೆ ಆಗುವ ಸಂಪರ್ಕ ಏನಿದೆಯೋ ಅದು ಮಾತ್ರ ಸ್ಪರ್ಶಾಹ. ಕೌಂತೇಯ ಕುಂತಿಯ ಮಗನೇ ಅಂತ ಅರ್ಜುನನಿಗೆ ಸಂಬೋಧನೆ ಕೃಷ್ಣನದು. ಶೀತ, ಉಷ್ಣ, ಸುಖ, ದುಃಖದ. ಉದಾಹರಣೆಗೆ ತ್ವಗಿಂದ್ರಿಯಕ್ಕೆ ನಮ್ಮ ಮೈಗೆ. ಚಳಿಗಾಲದಲ್ಲಿ ಬಿಸಿಯ ಸಂಪರ್ಕವಾದರೆ ಆವಾಗ ಚಳಿಗಾಲದಲ್ಲಾದರೆ ಸುಖ. ಬೇಸಿಗೆಗಾಲದಲ್ಲಿ ಅದೇ ಬಿಸಿಯ ಸಂಪರ್ಕವಾದರೆ ದುಃಖ. ಅದರಂತೆ ತ್ವಗೇಂದ್ರಿಯಕ್ಕೆ ಚಳಿಗಾಲದಲ್ಲಿ ತಣ್ಣಗಿನ ವಸ್ತುವಿನ ಸಂಪರ್ಕವಾದರೆ ದುಃಖ. ಸೆಕೆಗಾಲದಲ್ಲಿ ಅದೇ ಶೀತ ವಸ್ತುವಿನ ಸಂಪರ್ಕವಾದರೆ ಸುಖ. ಅಲ್ಲಿಗೆ ಒಂದು ಇಂದ್ರಿಯವನ್ನು ತಗೊಂಡಿದ್ದಾನೆ ಶ್ರೀಕೃಷ್ಣ ಇಲ್ಲಿ. ನಮ್ಮ ತ್ವಗಿಂದ್ರಿಯಕ್ಕೆ ಶೀತ, ಉಷ್ಣ ಇವುಗಳ ಸಂಪರ್ಕವಾದಾಗ ಆ ಬಿಸಿ ಮತ್ತು ತಂಡಿಯ ಅನುಭವ ನಮಗಾಗುತ್ತೆ. ವಿಷಯ ಅನುಭವದಿಂದ ಕೆಲವು ಕಾಲದಲ್ಲಿ ಸುಖ, ಕೆಲವು ಕಾಲದಲ್ಲಿ ದುಃಖ.",2258,3100,,,104
kn_gita-6th_video_0004,gita-6th_video,kn,Dvaita,4,"ತಣ್ಣಗೆ ವಸ್ತುವಿನ ಅನುಭವದಿಂದ, ತಂಡಿಯ ಅನುಭವದಿಂದ ಒಂದು ಕಾಲದಲ್ಲಿ ಸುಖ, ಒಂದು ಕಾಲದಲ್ಲಿ ದುಃಖ. ಹೀಗೆ. ಇಂದ್ರಿಯಗಳಿಗೆ ವಿಷಯದ ಸಂಪರ್ಕವು ಆ ವಿಷಯ ವಸ್ತುವಿನ ಜ್ಞಾನವನ್ನು ತಿಳುವಳಿಕೆಯನ್ನು ನಮಗೆ ಉಂಟುಮಾಡಿ ಆ ಮೂಲಕ ನಮಗೆ ಸುಖವನ್ನು ದುಃಖವನ್ನು ಉಂಟುಮಾಡುತ್ತವೆ. ಇದು ವಸ್ತುಸ್ಥಿತಿ. ಕಣ್ಣಿಗೆ ಇಲ್ಲಿ ಚರ್ಮಕ್ಕೆ ತ್ವಗೇಂದ್ರಿಯಕ್ಕೆ ಹೇಳಿದ್ದಾನೆ ಶ್ರೀಕೃಷ್ಣ. ಇದನ್ನ ಕಣ್ಣಿಗೆ. ಅಪ್ಲೈ ಮಾಡಿದ್ರೆ ಅಂದ್ರೆ ಅನ್ವಯಿಸಿದ್ರೆ ಕಣ್ಣಿಗೆ ಒಂದು ದೃಶ್ಯ ಒಂದು ಘಟನೆಯನ್ನ ಕಣ್ಣು ನೋಡ್ತು. ಕಣ್ಣಿಗೂ ಆ ಘಟನೆಗೂ ಸಂಪರ್ಕ ಬಂತು. ಅದು ಒಳ್ಳೆಯ ಘಟನೆಯಾದರೆ, ಆ ಘಟನೆಯ ಅನುಭವ ನಮಗೆ ಬಂದು ಸಮ್ಮೇದನೆ ಬಂದು, ಅದು ಒಳ್ಳೆಯ ಘಟನೆ ಆದ್ರಿಂದ ಸುಖ ಆಗುತ್ತೆ. ದುರ್ಘಟನೆಯಾದರೆ ಅದನ್ನ ಕಣ್ಣಿಂದ ನೋಡಿದ್ರೆ ಅದರ ಅನುಭವ ನಮಗೆ ಬಂದು ಅದರಿಂದ ದುಃಖ ಆಗ್ತದೆ. ಹೀಗೆ ಎಲ್ಲ ಇಂದ್ರಿಯಕ್ಕೂ ಕಿವಿಗೂ ನಾಲಿಗೆಗೂ. ನಾಲಿಗೆಗೆ ಸಿಹಿಯಾದ ಪದಾರ್ಥದ ಸಂಬಂಧ ಬಂದ್ರೆ, ಬೆಲ್ಲ ಹಾಕೊಂಡ್ರೆ ಸಿಹಿಯ ಅನುಭವ ಆಗ್ತದೆ. ಅದರಿಂದ ಸುಖ ಆಗುತ್ತೆ. ಖಾರವಾದ ಮೆಣಸಿನ ಸಂಪರ್ಕವಾದರೆ ಆ ಖಾರದ ಅನುಭವ ಬರ್ತದೆ.",3101,3879,,,106
kn_gita-6th_video_0005,gita-6th_video,kn,Dvaita,5,"ಅನುಭವ ಅಂದ್ರೆ ಜ್ಞಾನ ಬರ್ತದೆ. ಅದರಿಂದ ದುಃಖ ಆಗ್ತದೆ. ಹೀಗೆ ಆಯಾಯ ಇಂದ್ರಿಯಗಳಿಗೆ ಅವುಗಳಿಗೆ ಸಂಬಂಧಪಟ್ಟ ವಸ್ತುಗಳ ವಿಷಯಗಳ ಪದಾರ್ಥಗಳ ಸಂಬಂಧ ಬಂದಾಗ ಆತ್ಮನಿಗೆ ಸಂಬಂಧ ಬಂದಿದ್ದು ಇಂದ್ರಿಯಗಳಿಗೆ ಆದ್ದರಿಂದ ಆತ್ಮನಲ್ಲಿ ಅವುಗಳ ಜ್ಞಾನ ಬಂದು ಆ ಮೂಲಕ ಆ ಜ್ಞಾನವು ನಮಗೆ ಬೇಕಾದ ವಸ್ತುವಿನದ್ದಾದರೆ ಸುಖ. ಬೇಡವಾದ ವಸ್ತುವಿನದ್ದಾದರೆ ದುಃಖ. ಹೀಗೆ ಇಂದ್ರಿಯದ ಸಂಪರ್ಕವು ವಿಷಯ ವಸ್ತುಗಳ ಜ್ಞಾನವನ್ನು ಉಂಟುಮಾಡುತ್ತದೆ. ಮಾಡುವ ಮೂಲಕ ಆತ್ಮನ ಸುಖಕ್ಕೋ ದುಃಖಕ್ಕೋ ಕಾರಣವಾಗ್ತವೆ. ಇದು ಪೂರ್ವಾರ್ಥದ ಅರ್ಥ. ಇಷ್ಟೇ ಅರ್ಥವನ್ನು ನಾವು ಹೇಳಿದರೆ ಅರ್ಜುನನ ಆಶಂಕೆಗೆ ಸಂದೇಹಕ್ಕೆ ಅವನ ಪ್ರಶ್ನೆಗೆ ಇಲ್ಲಿ ಉತ್ತರ ಇಲ್ಲ. ಎಲ್ಲ ಭಾಷ್ಯಕಾರರು. ವಿಷಯ ಸಂಬಂಧವು ಜ್ಞಾನದ ಮೂಲಕ ಆತ್ಮನ ಸುಖ ದುಃಖಗಳಿಗೆ ಕಾರಣ ಅಂತ ಈ ಪೂರ್ವಾರ್ಧಕ್ಕೆ ಅರ್ಥ ಮಾಡಿದ್ದಾರೆ. ಆದರೆ, ಆಚಾರ್ಯರ ಮಾಧ್ವ ಭಾಷ್ಯದಲ್ಲಿ ಮಾತ್ರಾಸ್ಪರ್ಶಾಸ್ತು ತು ಅನ್ನೋದಕ್ಕೆ ಏವ ಅಂತ ಅರ್ಥ. ಅದನ್ನ ಕಾಕು ಸ್ವರದಲ್ಲಿ ಹೇಳಬೇಕು. ಅರ್ಜುನ, ವಿಷಯ ಸಂಬಂಧವೇ ಸುಖ ದುಃಖಗಳಿಗೆ ಕಾರಣ.",3880,4623,,,100
kn_gita-6th_video_0006,gita-6th_video,kn,Dvaita,6,"ಆ ಕಾರಣ ಅಂತ ನಿಲ್ಲಿಸೋದಕ್ಕೂ ಕಾರಣ ಅಂತ ಆ ಕಾಕು ಸ್ವರ ಹಿಡಿಯೋದಕ್ಕೂ ವ್ಯತ್ಯಾಸ ಇದೆ. ವಿಷಯ ಸಂಪರ್ಕವು ಸುಖ ದುಃಖಗಳಿಗೆ ಕಾರಣವಾಗಿದೆ. ಇದೊಂದು ಸ್ಟೇಟ್ಮೆಂಟ್ ಇದು. ವಸ್ತುಸ್ಥಿತಿ ಕಥನ. ವಿಷಯ ಸಂಬಂಧ ಅಷ್ಟೇ ಸುಖ ದುಃಖಗಳಿಗೆ ಕಾರಣ ಅಲ್ಲ. ಈ ಕಾಕುವಿನ ಅಭಿಪ್ರಾಯ ನೆಗೇಶನ್. ಅಂದ್ರೆ, ವಿಷಯದ ಸಂಪರ್ಕವಷ್ಟೇ ಸುಖ ದುಃಖಗಳಿಗೆ ಕಾರಣವೋ ಅರ್ಜುನ? ಅಲ್ಲ ಇನ್ನೇನೋ ಬೇರೆ ಇದೆ. ಅದು ಆಚಾರ್ಯರು ತಮ್ಮ ಭಾಷ್ಯದಲ್ಲಿ ಈ ಅರ್ಥವನ್ನು ಹೇಳುವ ಮೂಲಕ ಈ ಶ್ಲೋಕಕ್ಕೆ ಒಂದು ಅಪೂರ್ವವಾದ ಗೀತೆಯ ಭಾವವನ್ನು ಹೊರತೆಗೆಯುವುದಕ್ಕೆ ದೊಡ್ಡ ಕಾಣಿಕೆಯನ್ನು ಕೊಟ್ಟಿದ್ದಾರೆ. ಅಲ್ಲಿಗೆ ಇಂದ್ರಿಯ ಮತ್ತು ಅವುಗಳ ಸಂಬಂಧವಷ್ಟೇ. ಜ್ಞಾನದ ಮೂಲಕ ನಮಗೆ ಸುಖ ದುಃಖಗಳಿಗೆ ಕಾರಣವಾಗುತ್ತೆ ಅನ್ನೋದು ತಪ್ಪು. ಅದರ ಜೊತೆ ಇನ್ನೊಂದೇನೋ ಸೇರಿದೆ. ಇವಿಷ್ಟು ಪೂರ್ವಾರ್ಥದ ಅರ್ಥ. ಏನದು ಸೇರಿದೆ? ನೋಡಿ. ಒಂದು ಸೇಬು ಹಣ್ಣು. ನನ್ನ ಎದುರುಗಡೆ ಹಣ್ಣಿದೆ. ಆ ಹಣ್ಣನ್ನ ನಾನು ಕಣ್ಣಿಂದ ನೋಡ್ದೆ. ನನಗೆ ಆ ಸೇಬು ಹಣ್ಣಿನ ರುಚಿ ಹಿಡಿಸಲ್ಲ.",4624,5343,,,102
kn_gita-6th_video_0007,gita-6th_video,kn,Dvaita,7,"ಅಂದಮೇಲೆ ಆ ಹಣ್ಣಿನ ಅನುಭವ ನನಗಾಯಿತು. ಆದರೆ ಅದನ್ನು ತಗೊಳ್ಳಬೇಕು ಅಂತ ನನಗೆ ಅನಿಸಿಲ್ಲ. ಅದರ ಮೇಲೆ ಆಸೆ ಹುಟ್ಟಿಲ್ಲ. ನನಗೆ ಅದು ಸುಖವನ್ನು ಕೊಡುವುದಿಲ್ಲ. ಅದೇ ಸೇಬು ಹಣ್ಣನ್ನ ತುಂಬಾ ಇಷ್ಟಪಡುವ ಅದರ ರುಚಿಯನ್ನು ಇಷ್ಟಪಡುವ ಒಬ್ಬ ವ್ಯಕ್ತಿಗೆ ಆ ಸೇಬು ಹಣ್ಣಿನ ಜ್ಞಾನ. ಅದನ್ನ ತಗೊಳೋಣ ಅಂತ ಮನಸ್ಸು ಕೊಡುತ್ತದೆ, ತಿಂತಾನೆ ಸುಖ ಬರುತ್ತದೆ. ನಾನು ತಿನ್ನುತ್ತೇನೆ ಥೂ ಅಂತ ಉಗುಳುತ್ತೇನೆ, ನನಗೆ ದುಃಖಕ್ಕೆ ಕಾರಣವಾಗುತ್ತದೆ. ಅದೇ ಹಣ್ಣು ಮತ್ತೊಬ್ಬನ ಸುಖಕ್ಕೆ ಕಾರಣವಾಗುತ್ತದೆ. ಹಾಗಾದರೆ ವಿಷಯದ ಸಂಪರ್ಕವಷ್ಟೇ ಸುಖ ದುಃಖಗಳಿಗೆ ಕಾರಣ ಆಗೋದಾದ್ರೆ, ನಾನು ಸೇಬು ಹಣ್ಣನ್ನ ಸವಿದೆ, ಅವನು ಸೇಬು ಹಣ್ಣನ್ನ ಸವಿದ, ಒಬ್ಬನಿಗೆ ಸುಖ ಆಯ್ತು ಒಬ್ಬನಿಗೆ ದುಃಖ ಆಯ್ತು ಯಾಕೆ? ಆದ್ದರಿಂದ ಸೇಬು ಹಣ್ಣನ್ನ ತಿನ್ನೋದೇ ಸುಖ ದುಃಖಗಳಿಗೆ ಕಾರಣವೋ ಅರ್ಜುನ? ಅಲ್ಲ. ಯಾಕೆಂದರೆ ಇಬ್ಬರು ತಿಂದಿದ್ದಾರೆ. ಒಬ್ಬನಿಗೆ ಸುಖ ಆಯ್ತು, ಒಬ್ಬನಿಗೆ ದುಃಖ ಆಯ್ತು. ಯಾಕಿದು? ಆದ್ದರಿಂದ. ಸೇಬು ಹಣ್ಣಿನ ಸವಿಯ ಆಸ್ವಾದನೆ ಅಷ್ಟೇ ಸುಖ ದುಃಖಗಳಿಗೆ ಕಾರಣ ಅಲ್ಲ, ಮತ್ತೆ ಅದರ ಮೇಲೆ ನನಗೆ ಬೇಕು ಅನ್ನೋ ಆತ್ಮನ ಆಸೆ ಇರಬೇಕು ಅದನ್ನ ಅಭಿಮಾನ ಅಂತ ಹೇಳ್ತಾರೆ.",5344,6167,,,118
kn_gita-6th_video_0008,gita-6th_video,kn,Dvaita,8,"ವಿಷಯಾಭಿಮಾನ ಅಂತ ಹೇಳ್ತಾರೆ. ಅದು ನನಗೆ ಬೇಕು, ನನಗೆ ಇಷ್ಟವಾದದ್ದು. ಸೇಬು ಹಣ್ಣು ನನಗೆ ಇಷ್ಟ ಅಂತ ಆದಾಗ ತಿಂದಾಗ ಸುಖ ಆಗುತ್ತೆ. ಸೇಬು ಹಣ್ಣು ಅನಿಷ್ಟ ಅಂತ ಆದಾಗ ತಿಂದಾಗ ದುಃಖ ಆಗುತ್ತೆ. ಹಾಗಾದರೆ ಸೇಬು ಹಣ್ಣು ತಿನ್ನೋದೇ ಸುಖ ದುಃಖಕ್ಕೆ ಕಾರಣ ಅಲ್ಲ. ಆ ಹಣ್ಣಿನ ಮೇಲೆ ಇಷ್ಟ ಇದ್ರೆ ಅದು ಸುಖಕ್ಕೆ ಕಾರಣ ಆಗುತ್ತೆ. ಅದು ಬೇಡ ಅಂತ ಇದ್ದವನಿಗೆ ದುಃಖಕ್ಕೆ ಕಾರಣವಾಗುತ್ತದೆ. ಅಲ್ಲಿಗೆ ವಿಷಯ ಸಂಪರ್ಕವೇ ಸುಖ ದುಃಖಗಳಿಗೆ ಕಾರಣ ಅಲ್ಲ. ಆ ವಿಷಯದ ಮೇಲೆ ಇರುವ ಅಭಿಮಾನ ಅದು ವಿಷಯ ಸಂಪರ್ಕದ ಜೊತೆ ಸೇರಿದಾಗ ಸುಖ ದುಃಖಗಳಿಗೆ ಕಾರಣವಾಗುತ್ತದೆ ಅರ್ಜುನ. ಅಲ್ಲಿಗೆ ನಮ್ಮ ಸುಖ ದುಃಖಗಳಿಗೆ ಮೂಲ ಕಾರಣ ಒಂದು ಘಟನೆಯನ್ನು ನೋಡೋದಷ್ಟೇ ಅಲ್ಲ. ಮತ್ತೆ ಆ ಯಾರ ಕುರಿತಾದ ಆ ಘಟನೆ ಆ ವ್ಯಕ್ತಿಯ ಮೇಲೆ ನನ್ನವನು ಅಂತ ಅಭಿಮಾನ ಇದ್ರೆ ಅದು ಒಳ್ಳೆ ಘಟನೆ ಆದರೆ ಸುಖ ಆಗುತ್ತೆ, ಕೆಟ್ಟ ಘಟನೆ ಆದರೆ ದುಃಖ ಆಗುತ್ತೆ.",6168,6808,,,103
kn_gita-6th_video_0009,gita-6th_video,kn,Dvaita,9,"ನನ್ನವನು ಅನ್ನೋ ಅಭಿಮಾನ ಇಲ್ಲವೋ, ಒಳ್ಳೆಯದಾದರೂ ಸುಖ ಇಲ್ಲ, ಕೆಟ್ಟದಾದರೂ ದುಃಖ ಇಲ್ಲ. ನೋಡಿ, ಸರಳವಾದ ಒಂದು ಉದಾಹರಣೆ. ನಾನು ರಸ್ತೆಯಲ್ಲಿ ದಾರಿಯಲ್ಲಿ ಹೋಗ್ತಾ ಇರುವಾಗ ಒಂದು ಮಗು ಬಿತ್ತು ಗಾಯವಾಯಿತು. ನಾನು ಎತ್ತಿದೆ, ನೋಡಿ ನಿಮ್ಮ ಮಗು ಬಿದ್ದಿದೆ ಅಂತ ಅವರ ಮನೆಗೆ ಒಪ್ಪಿಸಿಬಿಟ್ಟೆ. ಅದು ಮನಸ್ಸಿನಿಂದ ಮರೆತು ಹೋಯಿತು ನನಗೆ. ಆದರೆ ಆ ಬಿತ್ತ ಮಗು ನನ್ನ ಮಗು ಆಗಿದ್ರೆ ನಾನು ಅಲ್ಲೇ ಮುಗಿಸೋದಿಲ್ಲ. ಅದರ ಗಾಯಕ್ಕೆ ವೈದ್ಯರ ಬಳಿಗೆ ಕರ್ಕೊಂಡು ಹೋಗಿ ಚಿಕಿತ್ಸೆ ಕೊಡ್ಸಿ ಅದಕ್ಕೆ ಗಾಯ ಆಳವಾದ್ದಾಗಿದ್ರೆ ಅದರ ಅಡುವಿನ ಜೊತೆ ನಾನು ಅಳ್ತೇನೆ. ಅಲ್ಲಿಗೆ ಮಗು ಬಿದ್ದಿದ್ದು ಎರಡು ಕಡೆಯಲ್ಲೂ ಒಂದೇ. ಮತ್ತೊಬ್ಬರ ಮಗು ಬಿದ್ದಿದ್ದೆ, ನನ್ನ ಮಗು ಬಿದ್ದಿದ್ದೆ. ಒಂದು ಮಗು ಬಿದ್ದಾಗ ಅದರ ಅಳುವಿಗೆ ನಾನು ಅತ್ತೆ. ಇನ್ನೊಂದು ಮಗು ಬಿದ್ದಾಗ ಅದು ಅಳ್ತು ನಾನು. ಉದಾಸೀನನಾಗಿದ್ದೆ ಆ ಮಗುವಿನ ತಂದೆ ತಾಯಿಗೆ ಒಪ್ಪಿಸಿದೆ. ಹಾಗಾದರೆ ಮಗು ಬಿದ್ದದ್ದನ್ನ ನೋಡಿದ್ದಷ್ಟೇ ನನ್ನ ಸುಖ ದುಃಖಗಳಿಗೆ ಕಾರಣ ಅಲ್ಲ, ಆ ಮಗು ನನ್ನದು ಅನ್ನೋ ಅಭಿಮಾನ ಇದ್ದಾಗ ಸುಖವೋ ದುಃಖವೋ ಆಗ್ತದೆ.",6809,7580,,,113
kn_gita-6th_video_0010,gita-6th_video,kn,Dvaita,10,"ನನ್ನದು ಅನ್ನೋ ಅಭಿಮಾನ ಬಿಟ್ಟಾಗ ಸುಖವೂ ಇಲ್ಲ ದುಃಖವೂ ಇಲ್ಲ. ನಾವು ಬಾಡಿಗೆ ಮನೆಯಲ್ಲಿ ವಾಸ ಮಾಡುತ್ತೇವೆ. ನನ್ನದಲ್ಲ ಅಂತಲೇ ಇವತ್ತಲ್ಲ ನಾಳೆ ಇದನ್ನು ಬಿಟ್ಟು ಹೋಗಬೇಕು ಅಂತಲೇ. ನಮ್ಮ ಅನುಕೂಲತೆಗಾಗಿ ದೊಡ್ಡ ಒಂದು ಮೊಳೆ ಹಿಡಿದು ಪಟಾಪಟ ಅಂತ ಗೋಡೆಗೆ ಬಡಿಯುತ್ತೇವೆ ನಾವು. ಯಾವ ಮುಲಾಜು ಇಲ್ಲ. ಅದೇ ನಾವು ಸ್ವಂತ ಮನೆಯನ್ನ ನಿರ್ಮಿಸಿ ಅಲ್ಲಿ ನಮ್ಮ ಅಗತ್ಯಕ್ಕೆ ದೊಡ್ಡ ಮೊಳೆಯನ್ನ ಹೊಡೆದರೆ ಗೋಡೆಗೆ ಮೊಳೆ ಹೊಡೆದ ಏಟು ನಮ್ಮ ಎದೆಗೆ ಹೊಡೆದಷ್ಟು ದುಃಖ ಆಗುತ್ತೆ. ಯಾಕೆ ಅದು ನನ್ನ ಮನೆ. ಹಾಗಾದರೆ ಮನೆಗೆ ಮೊಳೆ ಹೊಡೆಯುವುದೇ ದುಃಖಕ್ಕೆ ಕಾರಣವಲ್ಲ. ಅದು ಬೇರೆಯವರ ಮನೆ ಆದರೆ ನನಗೆ ದುಃಖ ಇಲ್ಲ. ನನ್ನ ಮನೆ ಅಂತ ಆ ಮನೆಯ ಮೇಲೆ ಅಭಿಮಾನ ನನಗೆ ಇದ್ದರೆ ಆವಾಗ ಅದು ನನಗೆ ನೋವು ಕೊಡುತ್ತದೆ. ಅರ್ಜುನ. ವಿಷಯದ ಅನುಭವ ಅಷ್ಟೇ ನಮ್ಮ ಸುಖ ದುಃಖಗಳಿಗೆ ಕಾರಣ ಅಲ್ಲ, ವಿಷಯದ ಮೇಲೆ ನಮಗೆ ಇರುವ ನನ್ನದು ಅನ್ನೋ ಅಭಿಮಾನ ಏನಿದೆಯೋ ಇದು ಸುಖ ದುಃಖಕ್ಕೆ ಕಾರಣ.",7581,8260,,,107
kn_gita-6th_video_0011,gita-6th_video,kn,Dvaita,11,"ಇವಾಗ ಇದನ್ನ ಅರ್ಜುನನ ಪ್ರಶ್ನೆಗೆ ಅನ್ವಯಿಸೋಣ. ಬಂಧುಗಳು, ಗುರುಹಿರಿಯರು ಅವರ ದೇಹಕ್ಕೆ ನೋವಾದಾಗ ನನ್ನ ಕಣ್ಣಲ್ಲಿ ನೀರು ಬರುತ್ತದೆ. ಅವರ ಜೊತೆ ಸಂಪರ್ಕದಿಂದ ಸಂಭಾಷಣೆಯಿಂದ ನನಗೆ ಸುಖ ಆಗುತ್ತೆ ಅಂತೆ. ನೋಡು, ನಿನ್ನ ಗುರುಗಳಿಗೆ ಹೊಡೆದಾಗ ನಿನಗೆ ನೋವಾಗುತ್ತೆ. ಅವರ ದೇಹಕ್ಕೆ ಛೇದವಾದರೂ ನಿನ್ನ ಕಣ್ಣಲ್ಲಿ ನೀರು ಬರುತ್ತೆ. ಯಾಕೆ? ನನ್ನ ಗುರು, ನನ್ನ ತಾತ. ಅದೇ ಅವರ ಪಕ್ಕದಲ್ಲಿರುವ ಒಬ್ಬ ಯೋಧನನ್ನ ಗುರಿಯಿಟ್ಟು ಹೊಡೆದು ಬಾಣವನ್ನ ಚುಚ್ಚಿ ವಿಲವಿಲಾ ಅಂತ ಅವನು ನಿನ್ನ ಎದುರುಗಡೆ ಒದ್ದಾಡ್ತಾ ಇದ್ರು, ನಿನ್ನ ಕಣ್ಣಲ್ಲಿ ನೀರು ಬರಲ್ಲ ಅರ್ಜುನ. ಯಾಕೆ? ನನ್ನ ಅನ್ನೋ ಅಭಿಮಾನ ಇಲ್ಲ. ಹಾಗಾದರೆ ಗಾಯ ಆಗೋದೇ ದುಃಖಕ್ಕೆ ಕಾರಣ ಅಲ್ಲ, ಗಾಯ ಆದ ವ್ಯಕ್ತಿ ನನ್ನವನು ಅನ್ನೋ ಅಭಿಮಾನ ದುಃಖಕ್ಕೆ ಕಾರಣ. ನಿನ್ನ ತಾತನಿಗೆ, ನಿನ್ನ ಗುರುಗಳಿಗೆ, ನಿನ್ನ ಬಾಣ ಚುಚ್ಚಿ ನೋವಾದಾಗ ನನ್ನ ಗುರು ನನ್ನ ಬಾಣ ನನ್ನ ತಾತ ಅಂತ ಅಭಿಮಾನವನ್ನು ಬಿಟ್ಟುಬಿಡು. ಅವಾಗ ನಿನ್ನ ಕಣ್ಣಲ್ಲಿ ನೀರು ಬರೋದಿಲ್ಲ.",8261,8967,,,102
kn_gita-6th_video_0012,gita-6th_video,kn,Dvaita,12,"ಅರ್ಜುನ, ನಿನ್ನ ಎದುರುಗಡೆ ನಿನ್ನ ತಾತ ಇಲ್ಲ, ನಿನ್ನ ಗುರುಗಳು ಇಲ್ಲ, ನಿನ್ನ ಹಿರಿಯರಿಲ್ಲ, ನಿನ್ನ ಬಂಧುಗಳು ಇಲ್ಲ, ಭಗವದ್ಬಿಟ್ಟದನುಬಂಧಿಗಳು. ಧರ್ಮವನ್ನ ದ್ವೇಷಿಸುವ ಮತ್ತು ಅದನ್ನ ದ್ವೇಷಿಸುವವರಿಗೆ ಬೆಂಗಾವಲಾಗಿ ನಿಂತವರು. ನಿನ್ನ ತಾತ ಅಲ್ಲ, ನಿನ್ನ ಗುರುಗಳು ಅಲ್ಲ, ಧರ್ಮ ದ್ವೇಷಿಗಳು ಅವರಿಗೆ ಸಹಾಯಕರಾಗಿ ನಿಂತವರು. ಇಷ್ಟು. ಇಷ್ಟೇ ಯೋಚನೆ ಮಾಡು, ನನ್ನ ಅನ್ನೋ ಸಂಪರ್ಕವನ್ನು ಕಳೆದುಕೋ. ಅವರನ್ನ ಹೊಡಿ ನಿನ್ನ ಕಣ್ಣಲ್ಲಿ ನೀರು ಬರೋದಿಲ್ಲ. ಅಲ್ಲಿಗೆ. ದೇಹದ ಸಂಪರ್ಕದಿಂದ ಆಗುವ ದುಃಖಕ್ಕೆ ಕಾರಣ ನನ್ನವರು ಅನ್ನೋ ಅಭಿಮಾನ. ಸುಖಕ್ಕೆ ಕಾರಣ ನನ್ನವರು ಅನ್ನೋ ಅಭಿಮಾನ. ಆ ಅಭಿಮಾನವನ್ನು ತ್ಯಜಿಸು, ರಣದಂಗದಲ್ಲಿ ನಿನ್ನ ಕರ್ತವ್ಯವನ್ನು ನಿರ್ವಹಿಸು, ನೀಗೆ ಯಾವ ತೊಂದರೆಯೂ ಆಗೋದಿಲ್ಲ. ಇದು ಪೂರ್ವಾರ್ಧದ ಅಭಿಪ್ರಾಯ. ಇದು ನಿಜವಾಗಿ ಅರ್ಜುನನಿಗೆ ಶ್ರೀಕೃಷ್ಣ ಹೇಳಿದ ಒಂದು ನಿರ್ಲಿಪ್ತತೆಯ ಮನೋಭಾವದಿಂದ ನಿನ್ನ ಕರ್ತವ್ಯ ನಿರ್ವಹಿಸಬೇಕು ಅಂತ ಇದು ಗೀತೆಯ ಒಂದು ಪ್ರಧಾನವಾದ ಅಂಶ. ಉತ್ತರಾರ್ಥ. ಯಾಕೆ ವಿಷಯ ಸಂಪರ್ಕವೇ ದುಃಖಕ್ಕೆ ಕಾರಣ ಅಂತ ಯಾಕೆ ಹೇಳಬಾರದು?",8968,9738,,,101
kn_gita-6th_video_0013,gita-6th_video,kn,Dvaita,13,"ಆಗಮಾಪಾಯಿನಃ ವಿಷಯ ಸಂಪರ್ಕ. ಆಗಮ ಅಪಾಯ. ಆಗಮ ಅಂದ್ರೆ ಬರ್ತವೆ, ಅಪಾಯ ಅಂದ್ರೆ ಹೋಗ್ತವೆ. ವಿಷಯ ಸಂಪರ್ಕ ಬರುತ್ತದೆ, ಹೋಗ್ತದೆ. ಅಂದ್ರೆ ಉದಾಹರಣೆಗೆ ನೋಡ್ರಿ ನಿಮಗೆ ತಣ್ಣನೆಯ ನೆಲದಲ್ಲಿ ಕೂತ್ರೆ ಚಳಿಯಾಯಿತು. ಆದರೆ ಎರಡು ದಿವಸ ನಿದ್ದೆ ಬಿಟ್ಟಿದ್ರಿ. ತಣ್ಣನೆಯ ನೆಲದಲ್ಲಿದ್ದು ಘರ್ರ ಅಂತ ಘೋರಿಕೆ ಹೊಡೆದು ಮಲ್ಕೊಂಡಿದ್ರಿ ನೀವು. ನಿದ್ದೆ ಬಂದಮೇಲೆ ಚಳಿಯೂ ಇಲ್ಲ ಸೆಕೆನೂ ಇಲ್ಲ. ನಿದ್ದೆ ಬರುವವರೆಗೆ ಚಳಿ. ಆಗಮ ಅಪಾಯ. ಥಂಡಿ ಅನ್ನೋದು ಈ ಥಂಡಿ ನೆಲದಲ್ಲಿ ನಾನು ಮಲಗಿದ್ದೇನೆ ಅಂತ ಎಚ್ಚರ ಇರುವವರೆಗೆ. ಈ ದೇಹ ನನ್ನದು ಅನ್ನೋ ಎಚ್ಚರ ಇರುವವರೆಗೆ ಆ ತಂಡಿ ಚಳಿ ಮೂಲಕ ದುಃಖಕ್ಕೆ ಕಾರಣವಾಯಿತು. ಆಗಮ. ಆದರೆ ಇದು ನನ್ನ ದೇಹ, ಈ ದೇಹದಲ್ಲಿ ನಾನಿದ್ದೇನೆ, ನಾನು ತಂಡಿ ನೆಲದಲ್ಲಿ ಮಲಗಿದ್ದೇನೆ, ಈ ಪ್ರಜ್ಞೆಯನ್ನ ಯಾವಾಗ ನಾವು ಗಾಢ ನಿದ್ರೆಯಲ್ಲಿ ಕಳೆದುಕೊಂಡವೋ ಅವಾಗ ಚಳಿ ಇಲ್ಲ. ಆಗಮ ಅಪಾಯ. ಅದೇ ವಸ್ತುವಿನ ಸಂಪರ್ಕ ಇದ್ದಾಗಲೂ ಕೆಲವೊಮ್ಮೆ ಸುಖ ದುಃಖಗಳು ಆಗ್ತವೆ, ಕೆಲವೊಮ್ಮೆ ಆಗಲ್ಲ.",9739,10446,,,103
kn_gita-6th_video_0014,gita-6th_video,kn,Dvaita,14,"ನಮಗೆ ದೇಹದ ಮೇಲೆ ಎಚ್ಚರವಿರುವಾಗ, ಎಚ್ಚರ ಅಂದ್ರೆ ಅಭಿಮಾನ, ಇದು ನನ್ನ ದೇಹ ಅಂತ ಎಚ್ಚರ ಇರುವಾಗ. ನಾನು ತಂಡಿಯಲ್ಲಿ ಮಲ್ಕೊಂಡಿದ್ದೇನೆ ಅನ್ನೋ ಅರಿವು ನನಗಿದ್ದಾಗ ಅದೇ ನೆಲ, ಅದೇ ದೇಹ ನನ್ನ ದುಃಖಕ್ಕೆ ಕಾರಣವಾಯಿತು. ಆ ಅಭಿಮಾನವನ್ನು ಯಾವತ್ತು ಕಳೆದುಕೊಂಡುವೋ ಸುಖವು ಇಲ್ಲ ದುಃಖವು ಇಲ್ಲ. ಆಗಮ ಅಪಾಯಿನಃ ಆದ್ದರಿಂದಲೇನೆ ಅನಿತ್ಯ ಆಗಮ ಅಪಾಯಿ ಅಂದ್ರೆ ಎರಡು ರೀತಿ ಇದೆ ನೋಡ್ರಿ. ನಮ್ಮ ಮುಂದೆ ಗಂಗಾ ನದಿ ಹರಿತಾ ಇದೆ. ಇದು ಅನಾದಿ ಕಾಲದಿಂದ ದೀರ್ಘ ಕಾಲದವರೆಗೆ ಹರಿತಾನೇ ಇದೆ. ಆಗಮ ಅಪಾಯ ಒಂದೊಂದು ಬಿಂದುವನ್ನು ತೆಗೆದುಕೊಂಡರೆ ಆ ಬಿಂದು ಮುಂದೆ ಹೋಗುತ್ತೆ ಆ ಜಾಗದಲ್ಲಿ ಇನ್ನೊಂದು ಬಿಂದು ಬರುತ್ತೆ. ಆಗಮ ಅಪಾಯ. ಒಂದು ಬಿಂದು ಹೋಗ್ತದೆ ಇನ್ನೊಂದು ಬಿಂದು ಬರುತ್ತದೆ. ಇನ್ನು ಮಾವಿನ ಹಣ್ಣು. ಅದು ಆಗಮ ಅಪಾಯ. ಆ ಸೀಸನ್ ಅಲ್ಲಿ ಅಂದ್ರೆ ಚಳಿಗಾಲ ಮುಗಿಯುವ ಸಂದರ್ಭದಲ್ಲಿ ಹೂ ಬಿಡುತ್ತದೆ, ಮಾವಿನ ಹಣ್ಣು ಆಗ್ತದೆ. ಮತ್ತೆ ನಿಮಗೆ ಮಾವಿನ ಹಣ್ಣು ಬೇಕಾದರೆ ಇನ್ನೊಂದು ವರ್ಷ ಕಾಯಬೇಕು.",10447,11153,,,106
kn_gita-6th_video_0015,gita-6th_video,kn,Dvaita,15,"ಈ ಮಾವಿನ ಮರದಲ್ಲಿ ಹಣ್ಣು ಆಗೋದು ಕೂಡ ಆಗಮ ಅಪಾಯ. ಬರ್ತದೆ ಹೋಗ್ತದೆ. ಆದರೆ ಈ ಮಾವಿನ ಮರದಲ್ಲಿ ಹಣ್ಣು ಆಗಮ ಅಪಾಯ ಆದರೂ ಟೈಮ್ ಗ್ಯಾಪ್ ಇದೆ. ಗಂಗಾ ನದಿ ಹರಿತಾ ಇದ್ದಾಗ ಒಂದೊಂದು ಬಿಂದುವಿನ ದೃಷ್ಟಿಯಿಂದ ಬರುತ್ತದೆ ಹೋಗುತ್ತದೆ ಆದರೂ ನಿರಂತರತೆ ಇದೆ. ಹಾಗೆ ನಮ್ಮ ದೇಹದಲ್ಲಿ ವಿಷಯ ಸಂಪರ್ಕಗಳು ಸುಖ ದುಃಖವನ್ನು ಉಂಟು ಮಾಡೋದು. ಮಾವಿನ ಮರದಂತೆಯೋ, ಮಾವಿನ ಹಣ್ಣು ಬಂದಂತೆಯೋ, ಗಂಗಾ ನೀರಿನಂತೆಯೋ ಅಂದ್ರೆ ಅನಿತ್ಯ. ಅದು ಮಾವಿನ ಮರದಂತೆ. ಒಂದು ಟೈಮಲ್ಲಿ ಇಲ್ವೇ ಇಲ್ಲ. ಇನ್ನೊಂದು ಟೈಮಲ್ಲಿ ಇರ್ತದೆ. ನಿರಂತರತೆ ಅದಕ್ಕಿಲ್ಲ. ರಾತ್ರಿ 9 ಗಂಟೆಗೆ ಮಲಗಿದ್ರೆ ಬೆಳಿಗ್ಗೆ ಆರು ಗಂಟೆಗೆ ಮಲಗುವವರೆಗೂ ನಮಗೆ ವಿಷಯ ಸಂಪರ್ಕ ಇದ್ದರೂ ಸುಖ ದುಃಖಗಳಿಲ್ಲ. ಅಂದ ಆಗಮ ಅಪಾಯ ಅಂದ್ರೆ ಅದು. ಪ್ರವಾಹದ ಛೇದವು ಅದಕ್ಕಿದೆ ಅನ್ನೋದನ್ನ ಅನಿತ್ಯಾಹ ಅನ್ನೋ ಪದದಿಂದ ಶ್ರೀಕೃಷ್ಣ ತಿಳಿಸಿದ. ಹೀಗೆ ವಿಷಯ ಸಂಪರ್ಕವು ನಮಗೆ ಸುಖ ದುಃಖವನ್ನು ಉಂಟು ಮಾಡುವುದು ತಾತ್ಕಾಲಿಕ.",11154,11833,,,100
kn_gita-6th_video_0016,gita-6th_video,kn,Dvaita,16,"ಆ ವಿಷಯ ಸಂಪರ್ಕ ಸುಖ ದುಃಖವನ್ನು ಕೆಲವೊಮ್ಮೆ ಉಂಟುಮಾಡುತ್ತದೆ, ಒಂದಷ್ಟು ಹೊತ್ತು ಇರೋದಿಲ್ಲ ದುಃಖವನ್ನು ಉಂಟುಮಾಡಲ್ಲ, ಮತ್ತೆ ಸುಖ ದುಃಖಗಳಿಗೆ ಕಾರಣವಾಗುತ್ತದೆ. ಆಗಮಾಪಾಯಿನೋ ಅನಿತ್ಯ. ಆದ್ದರಿಂದ ನೀನೇನು ಮಾಡಬೇಕು? ಸುಖ ದುಃಖ ಬರದೇ ಇರುವಂತೆ ಮಾಡೋದಾದ್ರೆ ತಾನ್ ತಿತಿಕ್ಷಸ್ವ ಭಾರತ. ತಾನ್ ಅಂದ್ರೆ ಆ ವಿಷಯ ಸಂಪರ್ಕಗಳನ್ನು ತಿತಿಕ್ಷಸ್ವ ಅನ್ನೋದಕ್ಕೆ ಆಚಾರ್ಯರಿಗೆ ಅಭಿಪ್ರೇತವಾದ ಅರ್ಥ ವಿಫಲೀಕುರು ಅಂತ. ಅವುಗಳನ್ನ ವಿಫಲ ಮಾಡು. ಅಂದ್ರೆ ನಿನ್ನ ತಾತನಿಗೆ ನೀನು ಬಾಣ ಹೊಡಿಬೇಕು. ಅವರ ಮೈಯಲ್ಲಿ ರಕ್ತ ಸುರಿಯಬೇಕು. ನಿನಗೆ ದುಃಖ ಆಗಬಾರದು. ಅವರ ಮೈಯಲ್ಲಿ ರಕ್ತ ಸುರಿದಾಗ ನಿನಗೆ ದುಃಖ ಆದರೆ ಅದು ಸಫಲ ಆಯಿತು. ನಿನ್ನ ಏಟು. ಅವರ ಮೈಯಲ್ಲಿ ರಕ್ತ ಸುರಿದರು ನಿನ್ನ ಕಣ್ಣಲ್ಲಿ ನೀರು ಬರಲಿಲ್ಲ ನಿನಗೆ ದುಃಖವಾಗಿಲ್ಲ ಅಂದ್ರೆ ಅದು ವಿಫಲ. ಆದ್ದರಿಂದ ಅವರ ಮೇಲಿನ ಅಭಿಮಾನವನ್ನ ಬಿಟ್ಟಾಗ ಅದು ವಿಫಲವಾಗುತ್ತದೆ. ಅಂದ್ರೆ ವಿಷಯ ಸಂಪರ್ಕವು ಸುಖ ದುಃಖವನ್ನು ಕೊಡುವ ಸ್ವಭಾವವಾದರೂ ಅಭಿಮಾನ ತ್ಯಾಗದ ಮೂಲಕ ಆ ವಿಷಯ ಸಂಪರ್ಕ ಸುಖ ದುಃಖಗಳನ್ನು ಕೊಡುವುದರಲ್ಲಿ ವಿಫಲವಾಗುವಂತೆ ಮಾಡು.",11834,12616,,,107
kn_gita-6th_video_0017,gita-6th_video,kn,Dvaita,17,"ಅರ್ಥಾತ್ ಭೀಷ್ಮಾದಿಗಳ ಮೇಲೆ ನನ್ನವರು ಅನ್ನೋ ಅಭಿಮಾನವನ್ನ ಬಿಟ್ಟುಬಿಡು. ಆವಾಗ ಅವರ ಮೈಯಲ್ಲಿ ರಕ್ತ ಸೋರಿದ್ದನ್ನು ನಿನ್ನ ಕಣ್ಣು ನೋಡಿದ್ರು ನಿನಗೆ ದುಃಖವಾಗುವುದಿಲ್ಲ. ತಾನ್ ತಿತಿಕ್ಷಸ್ವ ಅಂದ್ರೆ ಅವುಗಳನ್ನ ಸುಖ ದುಃಖ ಬರದೇ ಇರುವಂತೆ ಮಾಡುವ ಮೂಲಕ ವ್ಯರ್ಥ ಮಾಡು ಅಂತ ಅರ್ಥ. ಇದು ಅಪೂರ್ವವಾದ ಅರ್ಥ. ಉಳಿದ ಭಾಷ್ಯಕಾರರು ತಿತಿಕ್ಷಸ್ವ ಅಂದ್ರೆ ಸಹಸ್ವ ಅಂತ ಅರ್ಥ ಮಾಡಿದ. ನಿನಗೆ ಭೀಷ್ಮದ್ರೋಣಾದಿಗಳ ಮೈಯಲ್ಲಿ ಗಾಯವಾದಾಗ ನಿನ್ನ ಬಾಣದಿಂದ ಅವರು ವಿಲಿವಿಲಿ ವೇದನೆಯಿಂದ ಒದ್ದಾಡಿದಾಗ ನಿನಗೆ ದುಃಖವಾಗುತ್ತದೆ ಹೌದು. ಆದರೆ ತಿತಿಕ್ಷಸ್ವ ಅದನ್ನ ಸಹಿಸಿಕೋ. ಎಷ್ಟು ದಿವಸ ಆಳ್ತಿ ನಿನ್ನ ಬಂಧುಗಳು, ಹಿರಿಯರು, ಗುರುಗಳು, ಶತ್ರು ಅಂತ ಒಂದು ದಿವಸ, ಎರಡು ದಿವಸ, ಒಂದು ತಿಂಗಳು, ಒಂದು ವರ್ಷ ಆಮೇಲೆ ಮರೆತು ಹೋಗ್ತಾರೆ ಅವರು. ಆದ್ದರಿಂದ ಕೆಲವು ಕಾಲದವರೆಗೆ ಆ ದುಃಖ ಮುಂದುವರೆಯುತ್ತದೆ ಅದನ್ನ ಸಹಿಸಿಕೋ. ಇದು ಇತರ ಭಾಷ್ಯಕಾರರು ಮಾಡಿದ ಅರ್ಥ. ಆದರೆ ಅರ್ಜುನನಿಗೆ ಇದು ಎಷ್ಟು ಪರಿಣಾಮ ಕೊಡುತ್ತದೆ ಅಂತ ಹೇಳೋಕೆ ಬರೋದಿಲ್ಲ.",12617,13353,,,102
kn_gita-6th_video_0018,gita-6th_video,kn,Dvaita,18,"ಯಾಕೆಂದರೆ ನನಗೆ ಸಹಿಸಿಕೊಳ್ಳೋಕೆ ಆಗಲ್ಲ ಕೃಷ್ಣ ನಾನು ಯುದ್ಧ ಮಾಡಲ್ಲ ಅಂತ ಕೂತವನು ಅರ್ಜುನ. ಮತ್ತೆ ನೀನು ಸಹಿಸಿಕೋ ಅಂದ್ರೆ ಅರ್ಜುನನಿಗೆ ಏನು ಉತ್ತರ ಕೊಟ್ಟಂಗೆ ಆಯ್ತು ಶ್ರೀಕೃಷ್ಣ. ನಿಮಗೊಂದು ಉದಾಹರಣೆ ಕೊಡ್ತೇನೆ. ನಮಗೆ ದೇಹದಲ್ಲಿ ಜ್ವರ ಬಂದಿದೆ. ಒಂದು ದಿವಸ ನೋಡಿದೆವು, ಎರಡು ದಿವಸ ನೋಡಿದ್ರು. ತಾಳಲಾರದ ಮೈ ನಡುಗುತ್ತಾ ಇದೆ ಜ್ವರಕ್ಕೆ ನಾವು ಸೋತಿದ್ದೇವೆ. ವೈದ್ಯರ ಹತ್ತಿರ ಹೋದ್ರು. ಮೈ ಮುಟ್ಟಿ ನೋಡಿದ್ರೆ ಹೌದು, ನಿಮಗೆ ಎಷ್ಟು ಜ್ವರ ಇದೆ ಡಿಗ್ರಿ. ಆದರೆ ತಡ್ಕೊಳ್ಳಿ. ಒಂದು ವಾರದಲ್ಲಿ ಕಡಿಮೆ ಆಗುತ್ತೆ. ಇದನ್ನು ಕೇಳೋಕೋಸ್ಕರ ವೈದ್ಯರ ಹತ್ರ ಹೋಗೋದಾ ನಾವು? ತಡ್ಕೊಳ್ಳಿ ಅಂತ ತಡ್ಕೊಳ್ಳೋಕೆ ಆಗಲ್ಲ ಅಂತ ವೈದ್ಯರ ಹತ್ರ ಬಂದಾಗ ನಿಮಗೆ ಬಂದ ಜ್ವರವನ್ನ ನೀವು ತಡ್ಕೊಳ್ಳಿ ಅಂತ ವೈದ್ಯರು ಉತ್ತರ ಹೇಳಿದರೆ ಅವರು ವೈದ್ಯರಾ? ನಮ್ಮ ತರ ಆದರು ಅವರು. ಹಾಗೆ ಅರ್ಜುನ ಬಂಧುಗಳಿಗೆ ಪ್ರಹಾರ ಮಾಡಿದಾಗ ಅವರ ವೇದನೆಯನ್ನ ನೋಡಿ ನನಗೆ ಸಹಿಸಿಕೊಳ್ಳೋಕೆ ಸಾಧ್ಯವಿಲ್ಲ ಶ್ರೀಕೃಷ್ಣ ನಾನು ಯುದ್ಧ ಆಡಲ್ಲ ಅಂತ ಕೈಕಟ್ಟಿ ಕೂತಾಗ.",13354,14091,,,106
kn_gita-6th_video_0019,gita-6th_video,kn,Dvaita,19,ದುಃಖ ಆಗುತ್ತೆ ಸಹಜ ಸ್ವಲ್ಪ ದಿವಸ ಸಹಿಸಿಕೋ ಅಂತ ಶ್ರೀಕೃಷ್ಣ ಉತ್ತರ ಕೊಟ್ರೆ ಅರ್ಜುನನಿಗಿಂತ ಹೆಚ್ಚನ್ನು ಏನು ಹೇಳಿದಂಗೆ ಆಯ್ತು ಅವನು ಅರ್ಜುನನ ಸಮಸ್ಯೆಗೆ ಏನು ಉತ್ತರವನ್ನು ಕೊಟ್ಟಂಗೆ ಆಯ್ತು ಆದ್ದರಿಂದ ಸಹಸ್ವ ಅನ್ನೋ ಅರ್ಥಕ್ಕಿಂತಲೂ ಅದನ್ನು ಸಹಿಸಿಕೋ ಅಂತ ಕೃಷ್ಣನ ಉಪದೇಶಕ್ಕಿಂತಲೂ ಅವುಗಳನ್ನ ವಿಫಲ ಮಾಡು. ಅವರ ದೇಹಕ್ಕೆ ನೀನು ಹೊಡಿಬೇಕು. ಅವರು ನೋವಿನಿಂದ ತೊಂದರೆಗೊಂಡರು ನಿನಗೆ ದುಃಖ ಆಗಬಾರದು. ಹಾಗೆ ನಿರ್ಲಿಪ್ತನಾಗಿ ಬಂಧು ಸ್ನೇಹವನ್ನ ಬಿಟ್ಟು ಯುದ್ಧಕ್ಕೆ ಅಣಿಯಾಗು. ಇದು ಈ ಶ್ಲೋಕದ ತಾತ್ಪರ್ಯ ಅನ್ನೋದು. ಶ್ರೀ ಮಧ್ವಾಚಾರ್ಯರ ಭಾಷ್ಯದಿಂದ ತಿಳಿಯುವ ಒಂದು ಅಪೂರ್ವವಾದ ಅಂಶ. ಮತ್ತೊಮ್ಮೆ ಶ್ಲೋಕ. ಮಾತ್ರಾಸ್ಪರ್ಶಾಸ್ತು ಕೌಂತೇಯ ಶೀತೋಷ್ಣ ಸುಖ ದುಃಖ ದಾಹ. ಆಗಮಾಪಾಯಿನೋ ನಿತ್ಯಾಹ ತಾಂತಿತಿಕ್ಷಸ್ವ ಭಾರತಾ ಇಲ್ಲಿ ಈ ಉಪದೇಶವನ್ನ ಮಾಡಿ ಈ ಅಭಿಮಾನವನ್ನ ಬಿಟ್ಟು ಕರ್ತವ್ಯವನ್ನ ಮಾಡಿದ್ರೆ ನಿನಗೆ ದುಃಖ ಆಗಲ್ಲ ಅಂತ ಅಷ್ಟೇ ಅದರ ಫಲ ಅಲ್ಲ ಅದಕ್ಕೆ ಅನಂತವಾದ ಬೇರೆ ಫಲವೂ ಇದೆ ಅನ್ನೋದನ್ನ ಮುಂದೆ ಶ್ರೀಕೃಷ್ಣ ಹೇಳ್ತಾನೆ ಅದನ್ನ.,14092,14840,,,102
kn_gita-6th_video_0020,gita-6th_video,kn,Dvaita,20,ಮುಂದಿನ ಭಾಗದಲ್ಲಿ ನೋಡೋಣ. ಈ ಗೀತಾ ಪ್ರತಿಪದಾರ್ಥ ಚಿಂತನೆಯ ಪ್ರವಚನ ಸೇವೆಯನ್ನು ಶ್ರೀಯುತರಾದ ಮರಬೇಕೆರೆ ಮುರಳೀಧರ ರಾವ್. ಅವರು ಇದಕ್ಕೆ ಧನ ಸಹಾಯವನ್ನ ಮಾಡಿ ಪ್ರಾಯೋಜಕರಾಗಿ ಪುಣ್ಯಭಾಜನರಾಗಿದ್ದಾರೆ. ಶ್ರೀಕೃಷ್ಣನ ವಿಶೇಷ ಅನುಗ್ರಹ ಅವರಿಗೆ ಆಗಲಿ ಅಂತ ಪ್ರಾರ್ಥಿಸೋಣ. ಶ್ರೀಕೃಷ್ಣಾರ್ಪಣಮಸ್ತ್.,14841,15079,,,28
kn_kannada_07_0000,kannada_07,kn,Dvaita,0,"ಶ್ರೀ ಗುರುಭ್ಯೋ ನಮಃ ಹರಿಃ ಓಂ ಶ್ರೀಕೃಷ್ಣ
14ನೇ ಶ್ಲೋಕದಲ್ಲಿ
ಅರ್ಜುನನ ಮುಖ್ಯವಾದ ಆಕ್ಷೇಪಕ್ಕೊಂದು ಉತ್ತರವನ್ನು ಕೊಟ್ಟಿದ್ದಾನೆ.
ಗುರು ಹಿರಿಯರ ಸಂಪರ್ಕ ಕಡಿದು ಹೋಗುವುದರಿಂದ ಸುಖ ಹಾನಿ ಶಸ್ತ್ರಾಘಾತದಿಂದ
ಅವರ ವೇದನೆಯನ್ನು ನೋಡುವ ಮೂಲಕ ದುಃಖ ಪ್ರಾಪ್ತಿ.
ಇದಕ್ಕಾಗಿ ನಾನು ಯುದ್ಧದಿಂದ ಹಿಂಜರಿತಾ ಇದ್ದೇನೆ ಅಂದಾಗ
ಶ್ರೀಕೃಷ್ಣ ನೀನು ಶಸ್ತ್ರ ಪ್ರಹಾರ ಮಾಡಬೇಕು
ಅವರಿಗೆ ಆದ ವೇದನೆಯಿಂದ ನೀನು ದುಃಖ ಪಡಬಾರದು. ಹಾಗೆ ಯುದ್ಧದಲ್ಲಿ ಕರ್ತವ್ಯದಲ್ಲಿ ಪಾಲ್ಗೊಳ್ಳುವು. ಹೇಗೆ ಅವರಿಗೆ ತೊಂದರೆಯಾದಾಗ ನಾನು ವೇದನೆಯನ್ನ ದುಃಖವನ್ನು ಪಡೆದೇ ಇರೋದು ಹೇಗೆ ಅಂದ್ರೆ ಅಭಿಮಾನ ತ್ಯಾಗ ಮಾಡುವು. ಹೀಗೆ ಅಭಿಮಾನವೇ ಸುಖ ದುಃಖಗಳಿಗೆ ಮೂಲ. ಇದು ನನಗೆ ಬೇಕು ಇವನು ನನಗೆ ಆಗಲ್ಲ ಇವೆಲ್ಲವೂ ಅಭಿಮಾನ. ಅಭಿಮಾನದ ಪರಿಚಯದಲ್ಲಿ ಬರುವಂತದ್ದು.
ಬೇಕು ಬೇಡಗಡೆ ಅಭಿಮಾನ.
ಇವುಗಳನ್ನು ತ್ಯಾಗ ಮಾಡಿದಾಗ
ಪ್ರಪಂಚದಲ್ಲಿ ನಿರ್ಲಿಪ್ತನಾಗಿ
ಆವೇಗಕ್ಕೆ ಉದ್ವೇಗಕ್ಕೆ ಒಳಗಾಗದೆ ನಾವು ಬದುಕುವುದು ಸಾಧ್ಯ ಅಂತ
ಜೀವನದ ಪರಮುಖ್ಯವಾದ ಒಂದು ತತ್ವವನ್ನ ಶ್ರೀಕೃಷ್ಣ
ಇಲ್ಲಿ ಹೇಳಿದ್ದಾನೆ.
ಈ ರೀತಿ.",0,770,,,101
kn_kannada_07_0001,kannada_07,kn,Dvaita,1,"ಯುದ್ಧ ಎಂಬ ಕರ್ತವ್ಯದಲ್ಲಿ ನೀನು ತೊಡಗಿದರೆ,
ನಿನಗೆ ದುಃಖ ಬರೋದಿಲ್ಲ ಅಷ್ಟೇ ಅಲ್ಲ,
ಇದರಿಂದ ದೊಡ್ಡ ಲಾಭವು ನಿನಗಿದೆ ಅನ್ನೋದನ್ನ 15ನೇ ಶ್ಲೋಕದಲ್ಲಿ ಶ್ರೀಕೃಷ್ಣ ಹೇಳ್ತಾನೆ.
ರಾಘವೇಂದ್ರ ಸ್ವಾಮಿಗಳು ಇದಕ್ಕೆ ಅವತಾರಿಕೆಯನ್ನು ಕೊಟ್ಟಿದ್ದಾರೆ ದೇಹಾದಿ ಅಭಿಮಾನ ತ್ಯಾಗೇನ. ನ ಭವನ್ ದುಃಖಾ ಭಾವಹ
ದೇಹದ ಮೇಲೆ ವಿಷಯ ಪದಾರ್ಥಗಳ ಮೇಲೆ
ಅಭಿಮಾನವನ್ನ ಬಿಡೋದ್ರಿಂದ
ಏನಾಗುತ್ತೆ ದುಃಖ ಅಭಾವಹ
ದುಃಖದ ಅಭಾವ ದುಃಖ ಇಲ್ಲ ಅಂತ ಆಗ್ತದೆ
ಅಷ್ಟೇ ಅಲ್ಲ ಸ್ವಯಂ ಫಲರೂಪೋಪಿ ಅದೊಂದು ಫಲವಾಗಿದ್ರು ಪರಮ ಪುಮರ್ಥ ಸೇತುಶ್ಚ ಭವತಿ ಆ ದುಃಖ ಇಲ್ಲದೆ ಇರೋದಷ್ಟೇ ಅದರ ಫಲ ಅಲ್ಲ ಅದರಿಂದ ಪುರುಷಾರ್ಥವು ಇದೆ ಏನು ಪುರುಷಾರ್ಥ ಪರಮ ಪುರುಷಾರ್ಥ ಧರ್ಮ ಅರ್ಥ ಕಾಮ ಮೋಕ್ಷ ಈ ನಾಲ್ಕು ಪುರುಷಾರ್ಥಗಳಲ್ಲಿ ಪರಮ ಪುರುಷಾರ್ಥ ಮೋಕ್ಷ ಆ ಮೋಕ್ಷ ಎಂಬ ಪ್ರಯೋಜನವು ಇದರಿಂದ ಇದೆ. 
ಅಲ್ಲಿಗೆ ನೀನು ಇದ್ದ ಎಂಬ ಈ ಕರ್ತವ್ಯವನ್ನ ಅಭಿಮಾನ ಬಿಟ್ಟು ಕರ್ತವ್ಯದ ದೃಷ್ಟಿಯಿಂದ ಮಾಡಿದಾಗ ತಾತ್ಕಾಲಿಕವಾಗಿ ಬರುವ ದುಃಖವನ್ನ ಇಲ್ಲದೆ ಇರುವದಂತೆ ಮಾಡಿಕೊಳ್ಳುವುದರ ಜೊತೆ ಇದರಿಂದ ನಿನಗೆ ಮೋಕ್ಷ ಇರುವುದಿಲ್ಲ.",771,1539,,,109
kn_kannada_07_0002,kannada_07,kn,Dvaita,2,"ಎಂಬ ಪುರುಷಾರ್ಥವು ಸಿಗುತ್ತದೆ.
ಅನ್ನೋದನ್ನ ಈ ಶ್ಲೋಕದಲ್ಲಿ ಶ್ರೀಕೃಷ್ಣ ಹೇಳ್ತಾ ಇದ್ದಾನೆ.
ಶ್ಲೋಕ ಯಂ ಹಿನವ್ಯಥಯಂತ್ಯೇತೆ ಪುರುಷಂ ಪುರುಷರ್ಷಭ ಸಮದುಃಖ ಸುಖಂ ಧೀರಂ ಸೋಮೃತತ್ವಾಯ ಕಲ್ಪತೆ ಪದ ವಿಭಾಗ ಯಂ ಹಿ ನ ವ್ಯಥಯಂತಿ ಏತೆ ಪುರುಷಂ ಪುರುಷರ್ಷಭ ಸಮ ದುಃಖ ಸುಖಂ ಒಂದೇ ಪದ ಅದು ಧೀರಂ ಸಹ ಅಮೃತತ್ವಾಯ ಕಲ್ಪತೆ ಯಮ್ ಅಂದ್ರೆ ಯಾರನ್ನು ಯಾರನ್ನು ಪುರುಷಂ ಯಮ್ ಪುರುಷಂ ಯಾವ ವ್ಯಕ್ತಿಯನ್ನು ಏತೆ ಅಂದ್ರೆ ಹಿಂದೆ ಹೇಳಿದ ವಿಷಯ ಸಂಬಂಧಗಳು ನವ್ಯಥಯಂತಿ ದುಃಖಕ್ಕೀಡು ಮಾಡೋದಿಲ್ಲವೋ ಅಂದ್ರೆ ವಿಷಯದ ಸಂಪರ್ಕ ಇಂದ್ರಿಯಗಳಿಗೆ ಆಯಿತು. ಕೆಟ್ಟದೋ ಒಳ್ಳೆಯದೋ? ಒಳ್ಳೆ ವಿಷಯವನ್ನು ಘಟನೆಯನ್ನು ನಾವು ನೋಡಿದವು. ಕೆಟ್ಟ ಘಟನೆಯನ್ನು ನಾವು ನೋಡಿದವು. ಏತೆ ಈ ಕಣ್ಣಿಗೂ ಆ ಘಟನೆಗೂ ಆಗುವ ಸಂಬಂಧ ಇದು ಏನು? ಯಾರಿಗೆ ನವ್ಯಥಯಂತಿ
ಕೆಟ್ಟ ಘಟನೆಯಿಂದ
ದುಃಖವನ್ನು ಉಂಟು ಮಾಡುವುದಿಲ್ಲವೋ ವ್ಯಥಾ ಅಂದ್ರೆ ದುಃಖ
ಅದು ದುಃಖಕ್ಕೆ ಈಡು ಮಾಡುವುದಿಲ್ಲವೋ
ಒಳ್ಳೆ ಘಟನೆಯನ್ನು ನೋಡಿ
ಸುಖವನ್ನು ಆತ ಸುಖದ ಅತಿರೇಕವನ್ನು ಅನುಭವಿಸುವುದಿಲ್ಲವೋ
ಸಹ ಅವನು ಅಮೃತತ್ವ ಪಾಯ ಕಲ್ಪತೆ.",1540,2298,,,108
kn_kannada_07_0003,kannada_07,kn,Dvaita,3,"ಅವನು ಅಮೃತತ್ವ ಅಂದ್ರೆ ಮೃತಿ ಇಲ್ಲದ ಅಂದ್ರೆ ಮರಣವಿಲ್ಲದ ತಿರುಗಿ ಬಾರದ ಮೋಕ್ಷ ಎಂಬ ಪುರುಷಾರ್ಥಕ್ಕೆ ಆತ ಅರ್ಹನಾಗ್ತಾನೆ.
ಯಾರು ವಿಷಯದ ಬಗ್ಗೆ ಅಭಿಮಾನವನ್ನ ತೊರೆದು ತನ್ನ ಕರ್ತವ್ಯವನ್ನು ನಡೆಸ್ತಾನೋ ಅವನು ಮೋಕ್ಷಕ್ಕೆ ಅರ್ಹನಾದ ವ್ಯಕ್ತಿ ಅನಿಸಿಕೊಳ್ಳುತ್ತಾನೆ. ಯಾಕೆಂದರೆ ಸಮದುಃಖ ಸುಖಂ. ಸುಖ ದುಃಖದಲ್ಲಿ ಸಮಾನತೆ ಇರುವವನು. ಸುಖ ಆಯಿತು ಅಂತ ಆತ ಉಬ್ಬುವುದು ಇಲ್ಲ ದುಃಖ ಆಯಿತು ಅಂತ ವ್ಯಥಾ ತೇ ಪಡೋದು ಇಲ್ಲ.
ವಿಷಯದಿಂದ ಅಂದ್ರೆ ವಸ್ತುಗಳನ್ನು ನೋಡೋದು, ಕೇಳೋದು, ಸವಿಯೋದ್ರಿಂದ ಏನು ದುಃಖ ಬರ್ತದೋ ದುಃಖದಂತೆ ಸುಖ.
ದುಃಖವು ಹೇಗೆ ಬೇಡವೋ ವಿಷಯ ಪದಾರ್ಥಗಳ ಸೇವನೆಯಿಂದ ಬರುವ ಸುಖವು ನನಗೆ ಬೇಡ.
ಈ ಭಾವನೆ ಇರುವವನು ಸಮದುಃಖ ಸುಖ. ನನಗೆ ಕೆಟ್ಟ ಪದಾರ್ಥವನ್ನ ಬೇಡವಾದ ಖಾರವಾದ ಪದಾರ್ಥವನ್ನ ತಿನ್ನೋದ್ರಿಂದ ದುಃಖ ಆಗ್ತದೆ ಅದು ಬೇಡ ನನಗೆ. ನಿಷಿದ್ಧವಾದ ಪೇಯವನ್ನ ಕುಡಿಯೋದ್ರಿಂದ ಸುಖ ಆಗ್ತದೆ ಆ ಸುಖವು ದುಃಖಕ್ಕೆ ಸಮಾನ. ಅಲ್ಲಿಗೆ ನಿಷಿದ್ಧ ಪದಾರ್ಥಗಳ ಸೇವನೆಯಿಂದ ಬರುವ ಸುಖವನ್ನು
ಯಾರು ದುಃಖಕ್ಕೆ ಸಮಾನ ಅಂತ ಬಿಟ್ಟು ಸುಖ ದುಃಖಗಳಲ್ಲಿ ಏಕ ಭಾವದಿಂದ ಏರು ಪೇರುಗಳಿಲ್ಲದೆ ಸಮಭಾವದಿಂದ ಇರ್ತಾನೋ ಅವನು ಸಮದುಃಖ ಸುಖ.",2299,3118,,,116
kn_kannada_07_0004,kannada_07,kn,Dvaita,4,"ಇವರನ್ನೇ ಯೋಗಿಗಳು ಅಂತ ನಾವು ಕರೆಯೋದು.
ಅವರಿಗೆ ದುರ್ಘಟನೆಯನ್ನು ನೋಡಿದ್ದರಿಂದ ಅಳೋದು ಇಲ್ಲ. ಇಲ್ಲ
ಒಳ್ಳೆಯ ಸಂದರ್ಭಗಳು ಬಂತು ಪುಷ್ಕಳವಾದ ಭೋಜನ ಸಿಕ್ತು ಅನ್ಕೊಂಡು
ಸಂತೋಷದ ತುತ್ತ ತುದಿಯಿಂದ ಕುಣಿಯುವವರು ಅಲ್ಲ ಅವರು
ಸುಖ ದುಃಖಗಳಲ್ಲಿ ಸಮಭಾವವನ್ನು ಹೊಂದುರುವವರು
ಅದು ಯಾರಿಗೆ ಸಾಧ್ಯ ಶ್ರೀಕೃಷ್ಣ ಹೇಳಿದಂತೆ
ಪ್ರಾಪಂಚಿಕ ವಿಷಯ ಪದಾರ್ಥಗಳಲ್ಲಿ ದೇಹ ಗೇಹಗಳಲ್ಲಿ
ಅಭಿಮಾನವನ್ನ ತೊರೆದು
ವಿಷಯ ಪದಾರ್ಥಗಳನ್ನು ಈ ಪ್ರಪಂಚವನ್ನು ಯಾರು ಅನುಭವಿಸುತ್ತಾರೋ
ಅವರು ಸಮ ದುಃಖ ಸುಖರಾಗಿ ಅಮೃತತ್ವಾಯ ಕಲ್ಪತೆ
ಮೋಕ್ಷಕ್ಕೆ ಅರ್ಹನಾದ ವ್ಯಕ್ತಿ ಆಗ್ತಾನೆ ಇಷ್ಟು ದೊಡ್ಡ ಫಲ ಇದೆ
ನೀನು ನಿನ್ನ ದುಃಖಕ್ಕೆ ಕಾರಣವಾದ ಈ ಯುದ್ಧದಲ್ಲಿ
ಅಭಿಮಾನ ತೊರೆದು ಕರ್ತವ್ಯ ಅನ್ನೋ ದೃಷ್ಟಿಯಿಂದ ತೊಡಗಿ ಆ ಯುದ್ಧವನ್ನ ನಡೆಸಿದರೆ ಆವಾಗ ನೀನು ಮೋಕ್ಷಕ್ಕೆ ಅರ್ಹನಾದ ವ್ಯಕ್ತಿ ಆಗ್ತಿ.
ಅರ್ಜುನ ಇಂದ್ರ ಅವನು ಮೋಕ್ಷಕ್ಕೆ ಅರ್ಹನಾದ ವ್ಯಕ್ತಿಯ ಅದನ್ನೇನು ಹೇಳಬೇಕಾದ ಅಗತ್ಯ ಇಲ್ಲ.
ಇದು ನಮಗೆ ಕೊಡುವ ಸಂದೇಶ ಶ್ರೀಕೃಷ್ಣ. ನಮಗೆ ನಮ್ಮ ಕರ್ತವ್ಯವನ್ನು ಮಾಡುವಾಗ ಏಕಾದಶಿ ಉಪವಾಸನೋ ಧನುರ್ಮಾಸದಲ್ಲಿ ಬೆಳಿಗ್ಗೆ ಬೇಗ ಎದ್ದು ಚಳಿಗೆ ಮೈಯಡ್ಡಿ ನಮ್ಮ ನಿತ್ಯ ಕರ್ಮಗಳನ್ನು ಮಾಡುವಾಗ ಬರುವ ದುಃಖನೋ ಇವುಗಳನ್ನೆಲ್ಲ ಲೆಕ್ಕಿಸದೆ ನಮ್ಮ ಕರ್ತವ್ಯವನ್ನು ನಾವು ನಿಷ್ಠೆಯಿಂದ ಮಾಡಿದರೆ ದುಃಖ ಬರೋದಿಲ್ಲ ತಾತ್ಕಾಲಿಕವಾದ್ದು ಅಷ್ಟೇ ಅಲ್ಲ ಆದ್ದರಿಂದ ಭಗವಂತನ ಅನುಗ್ರಹವಾಗುವ ಮೂಲಕ ಅಮೃತತ್ವಾಯ ಕಲ್ಪತೆ.",3119,4125,,,132
kn_kannada_07_0005,kannada_07,kn,Dvaita,5,"ನಮಗೆ ಭಗವಂತ ವಿಶೇಷವಾದ ಮೋಕ್ಷವನ್ನು ಅನುಗ್ರಹಿಸುತ್ತಾನೆ. 
ಒಟ್ಟು ಶ್ರೀಕೃಷ್ಣನ ತಾತ್ಪರ್ಯ ನಮ್ಮ ಕರ್ತವ್ಯವನ್ನು ಮಾಡುವಾಗ ಆಕಸ್ಮಿಕವಾದ ತೊಂದರೆಗಳು ಬಂದರೆ ಅಭಿಮಾನ ತ್ಯಾಗ ಮಾಡಿ ದುಃಖವನ್ನು ಪಡದೆ ಸಮಸ್ಥಿತಿಯಲ್ಲಿದ್ದು ಕರ್ತವ್ಯದಲ್ಲಿ ಮುಂದುವರೆದರೆ ಅದು ನಮ್ಮ ಉದ್ದಾರಕ್ಕೆ ಆತ್ಮೋದ್ಧಾರಕ್ಕೆ ಕಾರಣವಾಗುತ್ತದೆ.
ಇವಿಷ್ಟು ಈ ಶ್ಲೋಕದ ತಾತ್ಪರ್ಯ.
ಇಲ್ಲಿ ಯಾರಿಗೆ ವಿಷಯ ಸಂಪರ್ಕದಿಂದ ದುಃಖ ಆಗುವುದಿಲ್ಲವೋ ಅಭಿಮಾನ ಬಿಡುವ ಕಾರಣದಿಂದ ಅವನು ಮೋಕ್ಷವನ್ನು ಪಡೀತಾನೆ.
ಇಷ್ಟೇ ಹೇಳದೆ ಪುರುಷಂ ಅನ್ನೋ ಶಬ್ದವನ್ನ ಕೃಷ್ಣ ಹೇಳಿದ್ದಾನೆ.
ಪುರುಷ ಶಬ್ದಕ್ಕೆ ಒಂದು ಅರ್ಥ ಗಂಡಸು ಅಂತ ಅರ್ಥ.
ಹಾಗಾದರೆ ಈ ಶ್ಲೋಕದ ಅಭಿಪ್ರಾಯ ಏನಾಯ್ತು ಯಾವ ಗಂಡಸು ಹೆಣ್ಣಲ್ಲ ಪುರುಷ ಗಂಡಸು ಅಭಿಮಾನ ತ್ಯಾಗದಲ್ಲಿ ದಿಂದ
ದುಃಖವನ್ನು ಗೆದ್ದು ಕರ್ತವ್ಯವನ್ನು ಮಾಡ್ತಾನೋ ಅವನು ಮೋಕ್ಷಕ್ಕೆ ಹೋಗ್ತಾನೆ.
ಇದರ ಅರ್ಥ ಏನಾಯ್ತು ಹೇಳಿ?
ಗಂಡಸಿಗೆ ಮಾತ್ರ ಈ ಚಾನ್ಸ್ ಹೆಂಗಸರಿಗೆ ಇಲ್ಲ.
ಪುರುಷ ಅನ್ನೋ ಶಬ್ದವನ್ನ ಆಡಿದ್ದಾನೆ ಕೃಷ್ಣ.
ಅಲ್ಲಿಗೆ ಹೆಂಗಸರಿಗೆ ತಮ್ಮ ಕರ್ತವ್ಯವನ್ನ ನಿಷ್ಠೆಯಿಂದ ಮಾಡಿದರೆ ಉದ್ದಾರ ಇಲ್ಲ ಅನ್ನುವ ಭಾವ.",4127,4925,,,102
kn_kannada_07_0006,kannada_07,kn,Dvaita,6,"ಈ ಪುರುಷ ಶಬ್ದದಿಂದ ಬರುವ ಸಂದರ್ಭ ಇದೆ.
ಅದಕ್ಕೆ ಆಚಾರ್ಯರು ಈ ಪುರುಷ ಶಬ್ದಕ್ಕೆ ಗಂಡಸು ಅಂತ ಅರ್ಥ ಮಾಡಲಿಲ್ಲ. 
ನೋಡಿ ರಾಘವೇಂದ್ರ ಸ್ವಾಮಿಗಳ ವ್ಯಾಖ್ಯಾನ ಪುರುಷಂ ಪುರಂ ದೇಹಂ ಸರತಿ ಗಚ್ಛತಿ ಇತಿ ಸೃಗತೌ ಪ್ರತ್ಯಕ್ಷತೋ ಓ ಜಾನಾತಿ. 
ಪುರುಷ ಅಂದ್ರೆ ಗಂಡಸು ಅಂತ ಅರ್ಥ ಅಲ್ಲ. 
ಮತ್ತೆ ಪುರ ಅಂದ್ರೆ ಈ ದೇಹ. 
ಸರತಿ ಅಂದ್ರೆ ಅದರ ಮೇಲೆ ಜ್ಞಾನ. 
ದೇಹದ ಮೇಲೆ ಎಚ್ಚರವಿರುವಾಗ ಯಾರು ಅಭಿಮಾನವನ್ನ ಬಿಟ್ಟು ದುಃಖವನ್ನ ಗೆಲ್ತಾರೋ ಅಲ್ಲಿಗೆ ಪುರುಷ ಶಬ್ದಕ್ಕೆ ಗಂಡಸು ಅಂತ ಅರ್ಥ. ಅರ್ಥ ಅಲ್ಲ, ದೇಹದ ಮೇಲೆ ಎಚ್ಚರ ಇರುವಾಗ ಅಭಿಮಾನ ಗೆದ್ದು ದುಃಖವನ್ನು ಕಳೆದುಕೊಳ್ಳಬೇಕು.
ಈ ಶಬ್ದವನ್ನು ಯಾಕೆ ಆಡಿದ್ದಾನೆ ಶ್ರೀಕೃಷ್ಣ ಅಂದ್ರೆ ರಾಯರು ಹೇಳ್ತಾರೆ ನೋಡ್ರಿ.
ಪಾಮರಾಣಾಮಪಿ ಅಭಿಮಾನಾ ಭಾವೇನ ಸುಪ್ತ್ಯಾದೌ ವ್ಯಥಾಭಾವ ಈ ಪುರುಷ ಶಬ್ದ ಇಲ್ಲದಿದ್ದರೆ ಯಾರು ಸುಖ ದುಃಖಗಳು ಆಗದ ಸ್ಥಿತಿಯನ್ನ ತಲುಪುತ್ತಾರೋ ಅವರು ಮೋಕ್ಷ ಯೋಗ್ಯರು. ಇಷ್ಟೇ ಹೇಳ್ಬಿಟ್ರೆ ಪಾಮರ ಜನರು ಕೂಡ ಸಾಮಾನ್ಯ ಮುಗ್ಧ ಜನರು ಕೂಡ ಅಜ್ಞರು ಕೂಡ ಅಭಿಮಾನವನ್ನ ಕಳೆದುಕೊಂಡು ಸುಖ ದುಃಖವನ್ನ ದಾಟಿರ್ತಾರೆ.",4926,5693,,,112
kn_kannada_07_0007,kannada_07,kn,Dvaita,7,"ಯಾವಾಗ ಗಡದ್ದಾಗಿ ಗೊರಕೆ ಹೊಡೆದು ಮಲಗಿದಾಗ. ಆವಾಗ ಯಾವ ವಸ್ತುವಿನ ಮೇಲು ಅಭಿಮಾನ ಇಲ್ಲ.
ಅಭಿಮಾನವನ್ನ ತ್ಯಾಗ ಮಾಡಿ ಅವರು ಸುಖ ದುಃಖಗಳನ್ನ ಗೆದ್ದಿದ್ದಾರೆ. ಅವರಿಗೆ ಮೋಕ್ಷ ಆಗುತ್ತಾ?
ಅದಕ್ಕೋಸ್ಕರ ಪುರುಷಂ ಅನ್ನೋ ಶಬ್ದವನ್ನ ಆಡಿದ್ದಾನೆ ಶ್ರೀಕೃಷ್ಣ.
ನಿದ್ದೆಯಲ್ಲಿ ಅಭಿಮಾನ ತ್ಯಾಗದಿಂದ ಸಮದುಃಖ ಸುಖರಾಗುವುದಲ್ಲ.
ಪುರುಷಂ ದೇಹದ ಮೇಲೆ ಎಚ್ಚರವಿರುವಾಗ ಹಗಲು ನಿದ್ದೆಯಲ್ಲಾಗುವಂತೆ
ಯಾರು ವಿಷಯ ಪದಾರ್ಥಗಳ ಸಂಬಂಧದಿಂದ ಸಂಬಂಧವಾದರೂ ಸುಖ ದುಃಖ ಆಗದ ಸ್ಥಿತಿಯನ್ನು ತಲುಪುತ್ತಾರೋ ಅವರು ಮೋಕ್ಷಕ್ಕೆ ಅರ್ಹರು.
ಅಲ್ಲಿಗೆ ನಿದ್ರಾಕಾರದಲ್ಲಿ ಅಲ್ಲ ದೇಹದ ಮೇಲೆ ಎಚ್ಚರ ಇರುವಾಗ ಅಭಿಮಾನ ತ್ಯಾಗ ಮಾಡಿ ದುಃಖದ ಸಂದರ್ಭ ಬಂದ್ರು ದುಃಖಕ್ಕೆ ಒಳಗಾಗದೆ ಸುಖದ ಸನ್ನಿವೇಶಗಳು ಬಂದ್ರು ಅತಿರೇಕದ ಸುಖದ
ಅನುಭವವನ್ನ ಮಾಡದೆ ಸಮದುಃಖ ಸುಖನಾಗಿರುತ್ತಾನೋ ಅವರು ಅಮೃತತ್ವಕ್ಕೆ ಯೋಗ್ಯರು. 
ಅಲ್ಲಿಗೆ ಹೆಂಗಸು ಆಗಬಹುದು ಗಂಡಸು ಆಗಬಹುದು. 
ಅನ್ನ ಮೋಕ್ಷ ಅನ್ನೋದು ಒಂದು ಲಿಂಗಕ್ಕೆ ಮೀಸಲಾಗಿ ಇಟ್ಟಿದ್ದಲ್ಲ. ಗಂಡಸರಿಗೆ ಮಾತ್ರ ಮೋಕ್ಷ, ಹೆಂಗಸರಿಗೆ ಇಲ್ಲ ಅನ್ನೋ ಭಾವ ಈ ಶ್ಲೋಕಕ್ಕಿಲ್ಲ. ಪುರುಷ ಶಬ್ದ ತೀರಾ ಅಗತ್ಯವಾದ ಶಬ್ದ.",5694,6497,,,104
kn_kannada_07_0008,kannada_07,kn,Dvaita,8,"ದೇಹದಲ್ಲಿ ಎಚ್ಚರ ಇರುವಾಗಲೇ ಸುಖ ದುಃಖದ ಆಗದ ಸ್ಥಿತಿಯನ್ನ ಪಡೆದುಕೊಂಡ್ರೆ ಅದು ಮೋಕ್ಷ ಯೋಗ್ಯತೆ. ಇದು ಶ್ರೀಕೃಷ್ಣನ ಭಾವ. ಹೆಂಗಸರಿಗೆ ಇಲ್ಲ ಮೋಕ್ಷ ಅನ್ನೋ ಭಾವ ಪುರುಷ ಶಬ್ದದ ಆಧಾರದಲ್ಲಿ ಮಾಡಿಕೊಳ್ಳಬಾರದು ಅಂತ ಆಚಾರ್ಯರು ತಮ್ಮ ಭಾಷ್ಯದಲ್ಲಿ ತಿಳಿಸಿದ್ದನ್ನ ರಾಯರು ಹಿತಾರ್ಥ ಸಂಗ್ರಹದಲ್ಲಿ ತಿಳಿಸಿದ್ದಾರೆ. ಮತ್ತೊಮ್ಮೆ ಶ್ಲೋಕ ಯಂ ಹಿನವ್ಯಥಯಂತೇತೆ ಪುರುಷಂ ಪುರುಷರ್ಷಭ ಸಮದುಃಖ ಸುಖಂ ಧೀರಂ ಸೋಮೃತತ್ವಾಯ ಕಲ್ಪತೆ
15ನೆಯ ಶ್ಲೋಕ ಇಲ್ಲಿಗೆ ಮುಗಿದಿದೆ.
16ನೆಯ ಶ್ಲೋಕ.
ಇಲ್ಲಿ ಅರ್ಜುನನ ಪ್ರಶ್ನೆ ಹೀಗಿದೆ.
ಹೌದು ನಮ್ಮ ಬಂಧುಗಳ ಆತ್ಮ ನಿತ್ಯ.
ಈ ದೇಹ ಹೋದರೆ ಇನ್ನೊಂದು ದೇಹ ಬರುತ್ತದೆ.
ಆದರೆ ಈಗ ಮನುಷ್ಯರಾಗಿದ್ದಾರೆ. ಒಳ್ಳೆಯ ದೇಹ ಮನುಷ್ಯ ದೇಹ.
ಬೇಕಾದಷ್ಟು ತಿನ್ನೋಕೆ ಕುಡಿಯೋದಕ್ಕೆ ಸುಖ ದುಃಖಗಳನ್ನ ಅನುಭವಿಸೋಕೆ ಅನುಕೂಲಕರವಾದ ದೇಹ.
ಸಾಧನಾನುಷ್ಠಾನವನ್ನು ಮಾಡಿ ಆತ್ಮೋದ್ಧಾರವನ್ನು ಮಾಡಿಕೊಳ್ಳಬಹುದಾದ ದೇಹ.
ಆದರೆ ಈ ದೇಹ ಹೋಯಿತು ಮುಂದಿನ ದೇಹ ಯಾವುದೋ ಪ್ರಾಣಿಯೋ ಯಾವುದೋ ಪಕ್ಷಿಯೋ ಮರವೋ ಗಿರವೋ ಗಿಡವೋ ಆಗ್ಬಿಟ್ರೆ
ಏನ್ ಅವಸ್ಥೆ?",6498,7251,,,100
kn_kannada_07_0009,kannada_07,kn,Dvaita,9,"ಇಷ್ಟು ಒಳ್ಳೆ ಕೆಲಸ ಮಾಡಿದ್ದಾರೆ.
ಕೆಟ್ಟ ದೇಹ ಬಂದುಬಿಟ್ರೆ, ಕಷ್ಟ ಜನ್ಮ ಬಂದುಬಿಟ್ರೆ
ಆದ್ದರಿಂದ
ನೀನು ಕೃಷ್ಣ
ಕೌಮಾರ ಹೋಗಿ ಯವ್ವನ ಬಂತು, ಯವ್ವನ ಹೋಗಿ ವೃದ್ಧಾಪ್ಯ ಬಂತು ಅಂದ್ರೆ ದೇಹ ಪೂರ್ಣ ನಾಶ ಆಗಿಲ್ಲ ಅಲ್ಲಿ.
ಬದಲಾವಣೆ ಆಯ್ತು ಅಷ್ಟೇ.
ಆದರೆ ಇಲ್ಲಿ
ಒಂದು ದೇಹವೇ ಭಸ್ಮ. ಆಗಿ ಇನ್ನೊಂದು ದೇಹವನ್ನ ಪಡೆಯುವ ಸಂದರ್ಭ. 
ಆ ಇನ್ನೊಂದು ದೇಹ ಇದರಂಥಾದ್ದೇ ಸಿಗ್ತದೆ ಅಂತ ಹೇಳೋಕೆ ಬರೋದಿಲ್ಲ. 
ನೀಚ ಜನ್ಮ ಬರಬಹುದು. 
ಕೆಟ್ಟ ಯೋನಿಯಲ್ಲಿ ಹುಟ್ಟಿದರೆ ದೊಡ್ಡ ನಷ್ಟ ಅಲ್ವಾ? 
ಇದಕ್ಕೋಸ್ಕರ ನಾನು ಬೇಸರ ಪಡುತ್ತೇನೆ. 
ಅಂದರೆ ಅದಕ್ಕೆ ಉತ್ತರ ಈ ಶ್ಲೋಕ. 
16ನೆಯ ಶ್ಲೋಕ. ನಾ ಸತೋ ವಿದ್ಯತೆ ಭಾವಃ
ನಾ ಭಾವೋ ವಿದ್ಯತೆ ಸತಃ
ಉಭಯೋರಪಿ ದೃಷ್ಟೋಂತಃ
ತ್ವನಯೋಸ್ತತ್ವದರ್ಶಿಭಿಃ
ಪದ ವಿಭಾಗ
ನ ಅಸತಃ ವಿದ್ಯತೆ ಭಾವಃ
ನ ಅಭಾವಹ ವಿದ್ಯತೆ ಸತಃ 
ಉಭಯೋಹೋ ಅಪಿ ದೃಷ್ಟಃ ಅಂತಃ ಅನಯೋಹೋ ತತ್ವದರ್ಶಿಭಿಃ 
ಇಲ್ಲಿ ಅಸತಃ ಅಂದ್ರೆ ಕೆಟ್ಟ ಕೆಲಸದಿಂದ ಅಂತ ಅರ್ಥ ಬಹಳ ಮುಖ್ಯವಾದ ಅಂಶ ಇದು ಶ್ಲೋಕ ಇದು.",7253,7956,,,108
kn_kannada_07_0010,kannada_07,kn,Dvaita,10,"ಅಸತಃ ಕೆಟ್ಟ ಕೆಲಸದಿಂದ ಭಾವಹ ಅಂದ್ರೆ ಸುಖ. 
ನ ವಿದ್ಯತೆ. 
ಕೆಟ್ಟ ಕೆಲಸವನ್ನ ಮಾಡಿ ಮಾಡಬಾರದನ್ನ ಮಾಡಿ ಅನ್ಯಾಯವನ್ನು ಮಾಡಿ ಸುಖದ ನಿರೀಕ್ಷೆಯನ್ನ ಮಾಡಬೇಡ. 
ಕೆಟ್ಟ ಕೆಲಸದಿಂದ ಯಾವತ್ತೂ ನಿನಗೆ ಒಳ್ಳೆಯದಾಗುವುದಿಲ್ಲ. 
ತಾತ್ಕಾಲಿಕವಾಗಿ ಆಗಿ ಮತ್ತೊಬ್ಬರಿಗೆ ತೊಂದರೆಪಟ್ಟು ಅವರ ದ್ರವ್ಯವನ್ನು ನಾವು ಕಸಿದುಕೊಂಡರೆ ಐಹಿಕವಾದ ಸುಖ ಇರಬಹುದು. 
ಅದು ಪೂರ್ವಜನ್ಮದ ಸುಕೃತ. 
ಈ ಕೆಟ್ಟ ಕೆಲಸ ಮಾಡಿದ್ದೀಯಲ್ಲ ಇದರ ಫಲ ನಿನಗೆ ಸುಖ ಅಲ್ಲ ಜನ್ಮ ಜನ್ಮಾಂತರಗಳಲ್ಲಿ ಆದ್ದರಿಂದ ದುಃಖವನ್ನೇ ಅನುಭವಿಸುತ್ತೇವೆ. 
ಅಲ್ಲಿಗೆ ಕೆಟ್ಟ ಕೆಲಸದಿಂದ ಸುಖದ ನಿರೀಕ್ಷೆ ಬೇಡ. ದುಃಖವೇ ಆಗೋದು. ನಾ ಭಾವೋ ವಿದ್ಯತೆ ಸತಃ ಸತಃ ಅಂದ್ರೆ ಒಳ್ಳೆ ಕೆಲಸ. ಸತ್ಕರ್ಮ. ಸತ್ಕರ್ಮದಿಂದ ಅಭಾವಃ ಭಾವ ಅಂದ್ರೆ ಸುಖ ಅಭಾವ ಅಂದ್ರೆ ದುಃಖ. ಸತ್ಕರ್ಮದಿಂದ ದುಃಖವು ಇಲ್ಲ. ಒಳ್ಳೆ ಕೆಲಸವನ್ನ ಮಾಡಿದ್ದೇನೆ ಆದರೂ ದೇವರು ಇಷ್ಟು ಕೊಡಲಿಲ್ಲ. ಕಷ್ಟ ಕೊಟ್ಟಾ
ಶ್ರೀಕೃಷ್ಣ ಭರವಸೆ ಕೊಡುತ್ತಾನೆ ಸತ್ಕರ್ಮದಿಂದ ಎಂದು ದುಃಖ ಇಲ್ಲ ಆ ಸತ್ಕರ್ಮಕ್ಕೆ ನಾನು ಸುಖವನ್ನು ಕೊಟ್ಟೇ ಕೊಡುತ್ತೇನೆ ಅಲ್ಲಿಗೆ ಪೂರ್ವಾರ್ಥದ ಒಟ್ಟು ಅರ್ಥ ಕೆಟ್ಟ ಕೆಲಸದಿಂದ ಎಂದು ಸುಖವಿಲ್ಲ ಒಳ್ಳೆ ಕರ್ಮದಿಂದ ಸುಖ ಆಗದೇ ಇರೋದಿಲ್ಲ ಸುಖ ನಿಶ್ಚಿತ ಹೇಗ ಗೊತ್ತು ಉಭಯೋರಪಿ ಅಂತಹ ತತ್ವದರ್ಶಿಭಿಹಿ ದೃಷ್ಟಃ ಉಭಯೋಹೋ ಈ ಎರಡು ವಿಷಯ ನಾವು ಏನು ಹೇಳಿದ್ದೇವೋ ಕೆಟ್ಟದರಿಂದ ಒಳ್ಳೆಯದಾಗುವುದಿಲ್ಲ ಒಳ್ಳೆಯದಿಂದ ಕೆಟ್ಟದಾಗಲ್ಲ ಇವೆರಡಕ್ಕೂ ಅಂತಹ ನಿರ್ಣಯವು ತತ್ವದರ್ಶಿಭಿಹಿ ಜ್ಞಾನಿ ಗಳಿಂದ ದೃಷ್ಟಃ
ತಿಳಿಯಲ್ಪಟ್ಟಿದೆ.",7958,9024,,,141
kn_kannada_07_0011,kannada_07,kn,Dvaita,11,"ಇವೆರಡೂ ನಿರ್ಣಯವನ್ನ ಮಾಡಿದವರು ನಾನು ನೀನಲ್ಲ ತಿಳಿದವರು ಬಲ್ಲವರು ಶಾಸ್ತ್ರವೇತ್ತರು ಹೀಗೆ ನಿರ್ಣಯ ಮಾಡಿದ್ದಾರೆ. 
ತತ್ವದರ್ಶಿಬಿಹಿ ಉಭಯೋಹೋ ಈ ಎರಡು ವಿಷಯಗಳ ಬಗ್ಗೆ ಅಂತಹ ಅಂದ್ರೆ ನಿರ್ಣಯವು ದೃಷ್ಟಃ ಕೊಡಲ್ಪಟ್ಟಿದೆ. ಅಲ್ಲಿಗೆ ಒಳ್ಳೆ ಕೆಲಸ ಮಾಡಿದವನಿಗೆ ಎಂದು ದುಃಖ ಇಲ್ಲ ಸುಖ ಬಂದೇ ತೀರುತ್ತದೆ. ಕೆಟ್ಟ ಕೆಲಸ ಮಾಡಿದವನಿಗೆ ದುಃಖ ಬರದೇ ಬಿಡೋದಿಲ್ಲ. ಅಲ್ಲಿಗೆ ಅರ್ಜುನನ ಪ್ರಶ್ನೆಗೆ ಏನು ಉತ್ತರ ಬಂತು? ನಿನ್ನ ತಾತಂದಿರು ಗುರು ಹಿರಿಯರು ಈ ದೇಹವನ್ನು ಬಿಟ್ಟ ಮೇಲೆ ಮುಂದಿನ ದೇಹ ಎಂಥದ್ದು ಅಂತ ನಿನಗೆ ಹೇಳಿ. ಸಂಶಯ.
ನಿನ್ನ ಗುರು ಹಿರಿಯರು ಜೀವನದಲ್ಲಿ ಸತ್ಕರ್ಮವನ್ನೇ ಮಾಡಿದ್ದಾರೆ ಅಂತಾದರೆ ಅವರಿಗೆ ಖಂಡಿತ ಮುಂದಿನ ಜನ್ಮದಲ್ಲಿ ದುಃಖ ಆಗಲ್ಲ.
ಅವಳಿಗೆ ಒಳ್ಳೆ ದೇಹವೇ ಬರುತ್ತದೆ.
ಕೆಟ್ಟ ಕೆಲಸ ಮಾಡಿದ್ದಾರೆ ಕೃಷ್ಣನಿಗೆ ವಿರೋಧವಾಗಿ ನಿಂತಿದ್ದಾರೆ ಅಂದ್ರೆ ಖಂಡಿತ ಅದರಿಂದ ಒಳ್ಳೆಯದಾಗುವುದಿಲ್ಲ.
ಅವರಿಗೆ ತೊಂದರೆಯೇ ಆಗುತ್ತೆ. ಅಲ್ಲಿಗೆ ನಿನ್ನ ಬಂಧುಗಳು ಸತ್ಕರ್ಮವನ್ನ ಮಾಡಿದ್ರೆ ಅವರಿಗೆ ದುಃಖ ಬರುತ್ತದೋ ನೀಚ ಯೋನಿ ಬರುತ್ತದೋ ಯಾಕೆ ಯೋಚನೆ ಮಾಡ್ತಿ ಬರೋದಿಲ್ಲ ನಾನು ಗ್ಯಾರಂಟಿ ಕೊಡ್ತೇನೆ.",9026,9828,,,107
kn_kannada_07_0012,kannada_07,kn,Dvaita,12,"ದುಷ್ಕರ್ಮವನ್ನು ಮಾಡಿದ್ದಾರೆ ಅಯ್ಯೋ ಕೆಟ್ಟ ದೇಹ ಬಂದ್ರೆ ಕಳ್ಳ ಜೈಲಿಗೆ ಹೋಗ್ತಾನೆ ಅಂತ ಅಳ್ತಿಯಾ ನೀನು. ಆ ಕೆಲಸವನ್ನ ಮಾಡಿದ್ದಾನೆ ಹೋಗ್ತಾನೆ ಅವನು. ಅಲ್ಲಿಗೆ ಕೆಟ್ಟ ಕೆಲಸ. ಕೆಲಸವನ್ನ ಮಾಡಿದರೆ ಅವರಿಗೆ ನೀಚ ಯೋನಿಗೆ ಹೋಗ್ತಾರೆ ಹೋಗಬೇಕಾದ್ದು ಅನಿವಾರ್ಯ ಅದು.
ಒಳ್ಳೆ ಕೆಲಸ ಮಾಡಿದರೆ ಯಾವತ್ತೂ ದುರ್ಗತಿ ಅವರಿಗೆ ಆಗುವುದಿಲ್ಲ.
ಆದ್ದರಿಂದ ನಿನ್ನ ತಾತಂದಿರು ಮಾಡಿದ್ದು ನೋ ಮಹಾರಾಯ ಅವರ ಸತ್ಕರ್ಮವನ್ನ ಮಾಡಿದರೆ ಉತ್ತಮ ಲೋಕವನ್ನ ಪಡೀತಾರೆ. 
ದುಷ್ಕರ್ಮವನ್ನ ಮಾಡಿದರೆ ಅದಕ್ಕೆ ಸರಿಯಾದ ಯೋನಿ ಜನ್ಮ ಅವರಿಗೆ ಮುಂದಿನ ಜನ್ಮದಲ್ಲಿ ಆಗುತ್ತೆ. ಆದ್ದರಿಂದ ಅದಕ್ಕೆ ನೀನು ಅಳಬೇಕಾದ ಅಗತ್ಯ ಇಲ್ಲ. ಆದ್ದರಿಂದ ಇದರಲ್ಲಿ ಮುಖ್ಯವಾಗಿ ಶ್ರೀಕೃಷ್ಣ ನಮಗೆ ಕೊಡುವ ಸಂದೇಶ ಜೀವನದಲ್ಲಿ ಸತ್ಕರ್ಮಗಳನ್ನೇ ಮಾಡ್ತಾ ಇದ್ದೇವೆ ನಾವು. ಆದರೆ ಅದಕ್ಕೆ ಸರಿಯಾದ ಪ್ರತಿಫಲ ಸಿಕ್ಲಿಲ್ಲ ದುಃಖದಲ್ಲಿದ್ದೇವೆ ಇಷ್ಟು ಒಳ್ಳೆ ಕೆಲಸ ಮಾಡಿಯೂ ಕೂಡ ದೇವರು ಹೀಗೆ ಮಾಡಿದನಲ್ಲ ಅಂತ ನಾವು ವ್ಯಥೆ ಪಡಬಾರದು. ಕೃಷ್ಣ ಇಲ್ಲಿ ಆಶ್ವಾಸನೆ ಕೊಟ್ಟಿದ್ದಾನೆ. 
ಸತ್ಕರ್ಮ ಮಾಡಿದವನಿಗೆ ದುಃಖ ಇಲ್ಲ.",9829,10597,,,102
kn_kannada_07_0013,kannada_07,kn,Dvaita,13,"ಈ ಜನ್ಮದಲ್ಲಿ ನಾವೇನು ಅನುಭವಿಸುತ್ತಾ ಇದ್ದೇವೋ ಅದು ಈ ಜನ್ಮದಲ್ಲಿ ಮಾಡಿದ ಸತ್ಕರ್ಮದ ಫಲ ಅಲ್ಲ. 
ಜನ್ಮಾಂತರದಲ್ಲಿ ಮಾಡಿದ ದುಷ್ಕರ್ಮದ ಫಲಗಳು. 
ಈ ಜನ್ಮದಲ್ಲಿ ಏನು ಮಾಡಿದ್ದೇವೋ ಅದಕ್ಕೆ ಸುಖ ಎಂಬ ಫಲವನ್ನು ಕೃಷ್ಣ ಜನ್ಮಾಂತರದಲ್ಲಿ ಕೊಟ್ಟಿದ್ದಾನೆ. ಕೊಡ್ತಾನೆ. 
ಆದ್ದರಿಂದ ನಾವು ಮರಣಕ್ಕೆ ಅಂಜಬಾರದು. 
ನಾವು ಕೆಟ್ಟ ಕೆಲಸ ಮಾಡಿದರೆ ಮಾತ್ರ ಮರಣಕ್ಕೆ ಹೆದರಬೇಕು. 
ಯಾಕೆ ಅಂದ್ರೆ ಕೆಟ್ಟ ಕೆಲಸ ಮಾಡಿದವನಿಗೆ ಒಳ್ಳೆಯದಾಗಲ್ಲ ಅಂತ ಶ್ರೀಕೃಷ್ಣ ಹೇಳಿದ್ದಾನೆ. 
ಮುಂದಿನ ದೇಹ ಏನು ಬರುತ್ತೋ ಏನೋ ಅದಕ್ಕೆ ಅಂಜಬೇಕಾಗುತ್ತದೆ. 
ಜೀವನದ ಉದ್ದಕ್ಕೂ ಮತ್ತೊಬ್ಬರಿಗೆ ಮತ್ತೊಬ್ಬರಿಗೆ ಅವರಿಗೆ ಕೇಡು ಬಯಸದೆ ಸತ್ಕರ್ಮಗಳನ್ನೇ ಮಾಡ್ತಾ ಬಂದವನಿಗೆ ಮರಣ ಅದೊಂದು ಅವಭೃತ ಅದಕ್ಕೆ ಅವನು ಹೆದರೋದಿಲ್ಲ. 
ನಾನು ಒಳ್ಳೆ ಕೆಲಸ ಮಾಡಿದ್ದೇನೆ ಶ್ರೀಕೃಷ್ಣ ಆಶ್ವಾಸನೆ ಕೊಟ್ಟಿದ್ದಾನೆ ಒಳ್ಳೆ ಕೆಲಸ ಮಾಡಿದವರಿಗೆ ಯಾವತ್ತೂ ದುರ್ಗತಿ ಇಲ್ಲ ಅಂತ ಆದ್ದರಿಂದ ನನಗೆ ಮುಂದಿನ ದೇಹ ಸದ್ದೇಹವೇ ಸಾಧನ ದೇಹವೇ ಬರುತ್ತದೆ ಅಂತ ಧೈರ್ಯ ಆತ್ಮವಿಶ್ವಾಸ ಅವನಿಗೆ ಇರುತ್ತದೆ. 
ಆದ್ದರಿಂದ ಇಂದ ನಾವು ಕೊನೆಯ ಜೀವನದ ಕೊನೆಯ ಹಂತವನ್ನು
ವ್ಯಥೆಯಿಲ್ಲದೆ ಕಡಿಬೇಕು ಅಂತಾದರೆ ಜೀವನದ ಉದ್ದಕ್ಕೂ ಒಳ್ಳೆ ಕೆಲಸಗಳನ್ನು ಮಾಡುತ್ತಾ ಬರಬೇಕು.",10599,11473,,,114
kn_kannada_07_0014,kannada_07,kn,Dvaita,14,"ಆವಾಗ ಜೀವನದ ಅಂತ್ಯಕ್ಕೆ ನಾವು ಹೆದರಬೇಕಾದ ಅಗತ್ಯ ಇಲ್ಲ. 
ಇದು ಶ್ರೀಕೃಷ್ಣ ಈ ಶ್ಲೋಕದ ಮೂಲಕ ನಮಗೆ ಕೊಡುವ ದಿವ್ಯವಾದ ಸಂದೇಶ ಇದು. ಮತ್ತೊಮ್ಮೆ ಶ್ಲೋಕ
ನಾ ಸತೋ ವಿದ್ಯತೆ ಭಾವಃ
ನಾ ಭಾವೋ ವಿದ್ಯತೆ ಸತಃ
ಉಭಯೋರಪಿ ದೃಷ್ಟೋಂತಃ ತ್ವನಯೋಸ್ತತ್ವದರ್ಶಿಭಿ
ದೃಷ್ಟೋಂತಸ್ತ್ವನಯೋಹು ಅಂತಿದೆ
ದೃಷ್ಟಃ ಅಂತಃ ತೂ ಅನಯೋಹು
ಹೀಗೆ ಪದಚ್ಛೇದವನ್ನ ನೆನೆಸಿ ಮಾಡಬೇಕು. ದೃಷ್ಟಹ ಅಂದ್ರೆ ತತ್ವದರ್ಶಿಗಳಿಂದ ಕಂಡಿದೆ. ಅಂತಹ ಅಂದ್ರೆ ನಿರ್ಣಯ. ತು ಅನಯೋಹು ಇವೆರಡರ ನಿರ್ಣಯ ತತ್ವದರ್ಶಿಗಳು ಮಾಡಿದ್ದಾರೆ ಅಂತ ಇದು ಶ್ರೀಕೃಷ್ಣನ ಭಾವ. ಇಲ್ಲಿಗೆ ಶ್ರೀಕೃಷ್ಣ ಆತ್ಮ ನಿತ್ಯ ದೇಹ ಅನಿತ್ಯ ಅವರ ಸಂಪರ್ಕ ಕಡಿತದೆ ಎಂದು ಅಂತ ನೀನು ದುಃಖ ಪಡಬೇಕಾದ ಅಗತ್ಯ ಇಲ್ಲ. 
ಆದ್ದರಿಂದ ನಿಷ್ಠೆಯಿಂದ ನಿನ್ನ ಕರ್ತವ್ಯವನ್ನು ನೀನು ನೆರವೇರಿಸು ಅನ್ನೋ ಸಂದೇಶವನ್ನ ಶ್ರೀಕೃಷ್ಣ ಅರ್ಜುನನಿಗೆ ನೀಡಿದ್ದಾನೆ. 
ಮುಂದೆ ಆತ್ಮನು ನಿತ್ಯ ಅನ್ನೋದನ್ನ ಅನೇಕ ಶ್ಲೋಕಗಳಿಂದ ಸಮರ್ಥನೆ ಮಾಡುತ್ತಾ ಹೋಗ್ತಾನೆ. 
ಮುಂದಿನ ಭಾಗವನ್ನ ಮುಂದೆ ನೋಡೋಣ. 
ಈ ಗೀತಾ ಪ್ರತಿಪದಾರ್ಥ ಚಿಂತನೆ ಅಯ್ಯ ಪ್ರವಚನ ಸೇವೆಯನ್ನು
ಶ್ರೀಯುತರಾದ ಮರವೇಕೆರೆ ಮುರಳೀಧರರಾವ್ ಅವರು ಪ್ರಾಯೋಜಕರಾಗಿ ಪುಣ್ಯಭಾಜನರಾಗಿದ್ದಾರೆ ಶ್ರೀಕೃಷ್ಣನ ವಿಶೇಷ ಅನುಗ್ರಹ ಅವರಿಗೆ ಆಗಲಿ ಅಂತ ಪ್ರಾರ್ಥಿಸೋಣ ಶ್ರೀಕೃಷ್ಣಾರ್ಪಣಮಸ್ತು",11475,12381,,,118
kn_kannada_08_0000,kannada_08,kn,Dvaita,0,"ಶ್ರೀ ಗುರುಭ್ಯೋ ನಮಃ ಹರಿಃ ಓಂ ಭಗವದ್ಗೀತೆಯ 14, 15 ಮತ್ತು 16ನೆಯ ಶ್ಲೋಕಗಳಲ್ಲಿ ಶ್ರೀಕೃಷ್ಣ ಬಹಳ ಮುಖ್ಯವಾದ ಒಂದು ಅಂಶವನ್ನು ಪ್ರಮೇಯವನ್ನು ನಿರೂಪಣೆ ಮಾಡಿದ್ದಾನೆ. ದೇಹ ನಾಶ ನಿಮಿತ್ತವಾಗಿಯೂ ದುಃಖ ಪಡಬೇಕಾದ ಅಗತ್ಯ ಇಲ್ಲ. ದೇಹ ನಶ್ವರ. ಇವತ್ತಲ್ಲ ನಾಳೆ ನಾಶವಾಗುವಂತದ್ದೆ. ಇನ್ನು ದೇಹದ ಒಳಗೆ ಇರುವ ಆತ್ಮ ಅವನು ನಿತ್ಯ. ಅವನನ್ನು ಎಂದು ಯಾರು ನಾಶ ಮಾಡಬಾರ್ದು.
ಇನ್ನು
ಬಂಧುಗಳ ದೈಹಿಕ ಸಂಪರ್ಕ
ಅವರ ಜೊತೆಯಲ್ಲಿ ಮಾತನಾಡುವುದು, ಬೆರೆಯುವುದು ಇದರಿಂದ ನಮಗೆ ಸುಖವಾಗುತ್ತದೆ.
ಆ ದೇಹದ ಸಂಪರ್ಕ ನಮಗೆ ಹೋದ ಕೂಡಲೇ ಸಾವಿನ ನಂತರ
ಈ ಸುಖ ಇಲ್ಲದಾಗುತ್ತದೆ ಅದಕ್ಕಾಗಿ. ಆಗಿ ಶೋಕ ಅಂದ್ರೆ
ಅಭಿಮಾನವನ್ನ ತ್ಯಜಿಸಿ
ಕರ್ತವ್ಯದಲ್ಲಿ ತೊಡಗು
ಅನ್ನುವ ಮುಖ್ಯವಾದ ಸಂದೇಶವನ್ನು ಮಾತ್ರಾಸ್ಪರ್ಶಾಸ್ತು
ಎಂಬ ಶ್ಲೋಕದಲ್ಲಿ ನೀಡಿ
ಅದರ ಮೇಲೆ ಯುದ್ಧ ಮಾಡಿ
ಬಂದ ದುಃಖವನ್ನು ಅಭಿಮಾನ ತ್ಯಾಗ ಆಗದಿಂದ ಪರಿಹಾರ ಮಾಡುವುದಕ್ಕಿಂತ
ಯುದ್ಧ ಮಾಡದೆ
ದುಃಖಕ್ಕೆ ಆಸ್ಪದವೇ ಇಲ್ಲದಂತೆ ಮಾಡಿಕೊಳ್ಳುವುದು ಲೇಸು.
ಕೆಸರು ಮುಟ್ಟಿ ಕೈ ತೊಳೆಯುವುದಕ್ಕಿಂತ
ಕೆಸರಿನಿಂದ ದೂರ ಉಳಿಯುವುದು ಒಳ್ಳೆಯದು.",0,773,,,106
kn_kannada_08_0001,kannada_08,kn,Dvaita,1,"ಅನ್ನುವ ಪ್ರಶ್ನೆಗೆ
ಶ್ರೀಕೃಷ್ಣ ಉತ್ತರ ಹೇಳಿ. ಎಂಹಿನೌ ಯಥಾಯಂತ್ಯೇತೆ ಎಂಬ 15ನೇ ಶ್ಲೋಕದಲ್ಲಿ
 ನೀನು ನಿನ್ನ ಕರ್ತವ್ಯವಾದ ಯುದ್ಧವನ್ನು ಮಾಡಲೇಬೇಕು
 ಅದರಿಂದ ದುಃಖದ ಸಂದರ್ಭ ಬಂದಾಗ ಅಭಿಮಾನ ತ್ಯಾಗ ಮಾಡಿ ಅದನ್ನು ಜಯಿಸಲೇಬೇಕು
 ಹಾಗಿದ್ದಾಗ ಮಾತ್ರ ನಿನ್ನ ಕರ್ತವ್ಯ ತವ್ಯವನ್ನು ನೀನು ಮಾಡಿ ಭಗವಂತನ ಆರಾಧನೆಯನ್ನು ನೆರವೇರಿಸಿದಂತಾಗಿ ಅಮೃತತ್ವಾಯ ಕಲ್ಪತೆ ಭಗವಂತನ ಅನುಗ್ರಹದಿಂದ ನೀನು ಶ್ರೇಯಸ್ಸನ್ನು ಪಡೆಯುವುದು ಸಾಧ್ಯ. ಹೌದು ಭೀಷ್ಮಾದಿಗಳ ಆತ್ಮ ನಿತ್ಯ ದೇಹ ನಶ್ವರ ಈ ದೇಹ ಹೋದರೆ
ಇನ್ಯಾವ ದೇಹ ಬರುತ್ತದೋ ಏನೋ
ಅಥವಾ
ಹಿಂದೆ ಹೇಳಿದಂತೆ
ಬಂಧುಗಳ ಮರಣಕ್ಕೆ ಕಾರಣನಾಗಿ ನಾನು
ಅನರ್ಥಕ್ಕೆ ನರಕಾದಿ
ಅನರ್ಥಕ್ಕೆ ಈಡಾಗಬೇಕಾಗುತ್ತದೆ ಅನ್ನೋ ಪ್ರಶ್ನೆಗೆ ಕೃಷ್ಣನ ಉತ್ತರ ನಾಸತೋ ವಿದ್ಯತೆ ಭಾವಃ
16ನೆಯ ಶ್ಲೋಕ
ಅದರ ಒಟ್ಟು ತಾತ್ಪರ್ಯ ಕೆಟ್ಟ ಕರ್ಮದಿಂದ ಕೆಲಸದಿಂದ ಸುಖ ಇಲ್ಲ
ಸತ್ಕರ್ಮದಿಂದ ದುಃಖ ಇಲ್ಲ
ನಿನ್ನ ಬಂಧುಗಳು ಭೀಷ್ಮಾದಿಗಳು ಸತ್ಕರ್ಮವನ್ನು ಮಾಡಿದ್ದಾರೆ ಅಂದ್ರೆ
ಮುಂದಿನ ಜನ್ಮ ಅವರಿಗೆ ಈ ಉತ್ತಮ ಜನ್ಮ ಸಿಕ್ಕೇ ಸಿಗ್ತದೆ.",774,1519,,,100
kn_kannada_08_0002,kannada_08,kn,Dvaita,2,"ದುಷ್ಕರ್ಮವನ್ನು ಮಾಡಿದ್ದಾರೆ ಅಂತಾದರೆ
ತಪ್ಪು ಮಾಡಿದವರಿಗೆ ಕೆಟ್ಟ ದೇಹ ಬಂದರೆ ನೀನ್ಯಾಕೆ ಹೇಳ್ತೀಯಾ?
ಅಷ್ಟೇ ಅಲ್ಲದೆ ದುಃಖದಿಂದ ನಾನು ನರಕಕ್ಕೆ ಈಡಾಗಬೇಕಾಗುತ್ತೆ ಬಂಧು ಬದಿಯಿಂದ ಅಂತ ಹೇಳ್ತಿ ಒಳ್ಳೆ ಕೆಲಸದಿಂದ
ನರಕದ
ಸಂಭವ ಇಲ್ಲ.
ಭೀಷ್ಮಾದಿಗಳು ಸಜ್ಜನರಾಗಿದ್ದರೂ ಕೂಡ
ಕೆಟ್ಟ ಸ್ವಭಾವದ ದುರ್ಯೋಧನನ ಸಹಾಯಕ್ಕೆ ನಿಂತು
ಕೃಷ್ಣ ಪಕ್ಷಕ್ಕೆ ವಿರುದ್ಧವಾಗಿ
ಹೋರಾಡಿದ ಕಾರಣದಿಂದ
ತಪ್ಪು ಮಾಡಿದ್ದಾರೆ. ಅವರ ಸಂಹಾರ ಕ್ಷತ್ರಿಯನಾಗಿ ನಿನ್ನ ಕರ್ತವ್ಯ. ಈ ಸತ್ಕರ್ಮದಿಂದ ಕೆಟ್ಟದಾಗುವುದಿಲ್ಲ, ನರಕ ಆಗುವುದಿಲ್ಲ, ಹೆದರಬೇಡ. ಹೀಗೆ ಅರ್ಜುನನ ಪ್ರಶ್ನೆಗಳಿಗೆಲ್ಲ ಶ್ರೀಕೃಷ್ಣ ಉತ್ತರವನ್ನ ನೀಡಿ ಶ್ರೀಕೃಷ್ಣ ಆತ್ಮ ನಿತ್ಯ. ಅಂತ ಹೇಳಿದ್ದಾನೆ.
ನಿತ್ಯವಾದ ವಸ್ತು ಯಾವುದು?
ಯಾವುದರಂತೆ ಆತ ನಿತ್ಯ?
ಅನ್ನೋ ಪ್ರಶ್ನೆಗೆ ಉದಾಹರಣೆಯಾಗಿ ಮುಂದಿನ 17ನೆಯ ಶ್ಲೋಕ ಇದೆ.
ಅವಿನಾಶಿತು ತದ್ವಿದ್ದಿ ಏನ ಸರ್ವ ಅವಿದಂ ತತಂ ವಿನಾಶಮವ್ಯಯಸ್ಯಾಸ್ಯ ನಕಶ್ಚಿತ್ ಕರ್ತುಮರ್ಹತಿ ಪದವಿಭಾಗ ಅವಿನಾಶಿ ತು ತತ್ ವಿದ್ದಿ ಯೇನ ಸರ್ವಂ ಇದಂ ತಥಂ ವಿನಾಶಂ
ಅವ್ಯಯಸ್ಯ
ಅಸ್ಯ
ನ
ಕಶ್ಚಿತ್
ಕರ್ತುಂ
ಅರ್ಹತಿ.",1520,2294,,,100
kn_kannada_08_0003,kannada_08,kn,Dvaita,3,"ವಿದ್ದಿ ಅಂದ್ರೆ ತಿಳಿ ಅಂತ ಅರ್ಜುನನಿಗೆ ಹೇಳ್ತಾ ಇದ್ದಾನೆ.
ಏನ ಇದಂ ಸರ್ವಂ ತತಂ
ತತ್ ಅವಿನಾಶಿ ವಿದ್ದಿ. ಯಾವುದು ಇವೆಲ್ಲವನ್ನು ವ್ಯಾಪಿಸಿಕೊಂಡಿದೆಯೋ ಅದಕ್ಕೆಂದು ನಾಶ ಇಲ್ಲ. ಕೆಲವು ವಸ್ತುಗಳಿಗೆ ದೇಶದ ಪರಿಮಿತಿ ಇದೆ. ನಮ್ಮ ಎದುರುಗಡೆ ಇರುವ ಪುಸ್ತಕ ಪದಾರ್ಥಗಳು. ಅವುಗಳು ಇಷ್ಟೇ ಜಾಗವನ್ನು ಆಕ್ರಮಿಸಿಕೊಂಡಿರುತ್ತವೆ ಮುಂದೆ
 ಅವುಗಳ ವ್ಯಾಪ್ತಿ ಇಲ್ಲ.
ನಮ್ಮ ಮನೆ
ವಿಶಾಲವಾದ ಜಾಗದಲ್ಲಿ 40 60 ಅಡಿ ಪರಿಮಿತವಾದ ಜಾಗದಲ್ಲಿ ಇರುತ್ತದೆ.
ಹೀಗೆ ಹೆಚ್ಚಿನ ವಸ್ತುಗಳನ್ನು ನಾವು ದೇಶದ ಪರಿಮಿತಿ ಇರುವುದನ್ನಾಗಿ ಕಾಣುತ್ತೇವೆ. ಮಾಡ್ತೀವಿ.
ಕೆಲವು ವಸ್ತುಗಳಿಗೆ
ದೇಶದ ಪರಿಮಿತಿ ಇಲ್ಲ.
ಉದಾಹರಣೆಗೆ ಆಕಾಶ.
ಎಲ್ಲಿವರೆಗೆ ಇದೆ?
ಎಲ್ಲಿವರೆಗೆ ಅಂದ್ರೆ ಅದಕ್ಕೊಂದು ಮಿತಿ ಇಲ್ಲ.
ಇಲ್ಲಿವರೆಗೆ ಮಾತ್ರ ಆಕಾಶ ಆಮೇಲೆ ಇಲ್ಲ ಅಂತ ನಾವು ಹೇಳೋದಕ್ಕೆ ಸಾಧ್ಯವಿಲ್ಲ. ದೇವರು ಎಲ್ಲಿವರೆಗೆ ಇದ್ದಾನೆ? ಎಲ್ಲಿವರೆಗೆ ಆಕಾಶ ಇದೆಯೋ ಅಲ್ಲಿವರೆಗೆ ಇದ್ದಾನೆ. ಹೀಗೆ ಕೆಲವು ವಸ್ತುಗಳು ಸರ್ವತ್ರ ವ್ಯಾಪಿಸಿಕೊಂಡಿವೆ. ಏನ ಸರ್ವಮಿದಂ ತತಂ ಯಾವ ವಸ್ತುವಿನಿಂದ ಈ ಈ ಜಗತ್ತೆಲ್ಲವೂ ತುಂಬಿದೆಯೋ
ತತ್ ಅಂತಹ ವಸ್ತು ಅವಿನಾಶಿ ವಿದ್ಯೆ
ಅದಕ್ಕೆ ನಾಶ ಇಲ್ಲ
ಆಕಾಶಕ್ಕೆ
ದೇವರಿಗೆ ನಾಶ ಇಲ್ಲ ಯಾಕೆ ಅಂದ್ರೆ ಎಲ್ಲ ಕಡೆ ತುಂಬಿಕೊಂಡಿದೆ ಅದು
ಹೀಗೆ ಒಂದು ಇದು ಸಾಮಾನ್ಯ ನಿಯಮ
ಎಲ್ಲ ಕಡೆ ತುಂಬಿರುವ ವಸ್ತು ವಸ್ತುವಿಗೆ ಎಂದು ನಾಶ ಇಲ್ಲ.",2295,3253,,,133
kn_kannada_08_0004,kannada_08,kn,Dvaita,4,"ಹೇಗೋ
ಅದರಂತೆ ವಿನಾಶಂ ಅವ್ಯಯಸ್ಯ ಅಸ್ಯ ನಕಶ್ಚಿತ್ ಕರ್ತುಮರ್ಹತಿ.
ಅವ್ಯಯಸ್ಯ ಅಸ್ಯ ವ್ಯಯ ಅಂದ್ರೆ ನಾಶ.
ಅವ್ಯಯ ಅಂದ್ರೆ ನಾಶವಿಲ್ಲ ಅದು.
ನಾಶವಿಲ್ಲದ ಈ ವಸ್ತು ವಸ್ತುವಿಗೆ ಆಕಾಶ ದೇವರಿಗೆ
ವಿನಾಶಂ ನಾಶವನ್ನು
ನ ಕಶ್ಚಿತ್ ಕರ್ತುಂ ಅರ್ಹತಿ
ಯಾರು ಮಾಡಲಾರರು
ಎಲ್ಲೆಡೆ ವ್ಯಾಪಿಸಿರುವ ವಸ್ತು ನಿತ್ಯ ಅದರ ನಾಶವನ್ನು ಯಾರು ಮಾಡೋದಕ್ಕೆ ಸಾಧ್ಯವಿಲ್ಲ
ಮತ್ತು ಮರವನ್ನು
ನಾವು ಕತ್ತಿಯಿಂದ ಕಡಿಬಹುದು.
ಆದರೆ ಆಕಾಶವನ್ನು
ಯಾವ ಆಯುಧಗಳಿಂದಲೂ
ಕಡಿದು ತುಂಡರಿಸಿ ನಾಶ ಮಾಡೋದಕ್ಕೆ ಸಾಧ್ಯವಿಲ್ಲ.
ಹೀಗೆ
ಯಾವುದು ಜಗತ್ತಿನ ಎಲ್ಲೆಡೆ ವ್ಯಾಪಿಸಿದೆಯೋ
ಅದನ್ನು ಯಾರೂ ನಾಶ ಮಾಡಲಾರರು.
ಆಕಾಶವನ್ನು ನಾಶ ಮಾಡೋದಕ್ಕೆ ಯಾರಿಗೂ ಸಾಧ್ಯವಿಲ್ಲ.
ಅದು ಹೇಗೆ ಸಾರ್ವಕಾಲಿಕವೋ, ನಿತ್ಯವೋ, ನಾಶವಿಲ್ಲದ ವಸ್ತುವೋ,
ಅದರಂತೆ ನೀನು, ನಾನು, ಈ ರಾಜ ಮಹಾರಾಜರು ನಾಶವಿಲ್ಲದ ವಸ್ತುಗಳು.
ಒಂದು ವ್ಯತ್ಯಾಸ ನಿನಗೆ ಈ ನಿನ್ನ ಎದುರುಗಡೆ ಇರುವ ಯೋಧರಿಗೆ ನಿನ್ನ ಬಂಧುಗಳಿಗೆ ದೇಶದ ಪರಿಮಿತಿ ಇದೆ. 
ಆದರೂ ನಾಶ ಇಲ್ಲ. 
ನನಗೆ ಕೃಷ್ಣ ಹೇಳುತ್ತಾನೆ ನನಗೆ ದೇಶದ ಎಲ್ಲೇ ಪರಿಮಿತಿ ಇಲ್ಲ.",3254,4011,,,105
kn_kannada_08_0005,kannada_08,kn,Dvaita,5,"ನನಗೂ ನಾಶ ಇಲ್ಲ. 
ದೇಶದ ಪರಿಮಿತಿ ಇಲ್ಲದ ವಸ್ತು ಹೇಗೆ ನಾಶವಾಗುವುದಿಲ್ಲವೋ ದೇಶದ ಪರಿಮಿತಿ ಇರುವ
ಅಣುವಾದ ಜೀವನಿಗೂ ನಾಶ ಇಲ್ಲ.
ವಿನಾಶಂ ಅವ್ಯಯಸ್ಯ ಅಸ್ಯ
ನಕಶ್ಚಿತ್ ಕರ್ತುಮರ್ಹತಿ.
ಅಸ್ಯ ವಿನಾಶಂ ನಕಶ್ಚಿತ್ ಕರ್ತುಮರ್ಹತಿ.
ವ್ಯಾಪಿಸಿರುವ ಈ ವಸ್ತುವಿಗೆ ನಾಶವನ್ನು ಯಾರೂ ಮಾಡೋದಕ್ಕೆ ಸಾಧ್ಯವಿಲ್ಲ.
ಹೇಗೋ ಜೀವ ಜೀವನಿಗೂ ನಾಶವಿಲ್ಲ. ಆದ್ದರಿಂದ ಆತ್ಮನು ಅಮರವಾದ ವಸ್ತು ಅದರ ನಾಶಕ್ಕಾಗಿ ನೀನು ಅಳುವ ಅಗತ್ಯ ಇಲ್ಲ. ಮತ್ತೊಮ್ಮೆ ಶ್ಲೋಕ ಅವಿನಾಶಿತು ತದ್ವಿದ್ದಿ ಏನ ಸರ್ವಮಿದಂ ತತಂ ವಿನಾಶಮವ್ಯಯಸ್ಯಾಸ್ಯ ನ ಕಶ್ಚಿತ್ ಕರ್ತುಮರ್ಹತಿ ಇದರ ಮೇಲೆ ಬರುವ ಒಂದು ಸಂದೇಹ ನಾವು ನೀವು ಎಲ್ಲ ಜೀವರು ಕೂಡ ಪರಮಾತ್ಮನ ಪ್ರತಿಬಿಂಬದಂತೆ ಇದ್ದೇವೆ. ಉಪನಿಷತ್ತು ರೂಪಂ ರೂಪಂ ಪ್ರತಿರೂಪ ಪೋಬಭೂವಾ
ಸೃಷ್ಟಿಯ ಆರಂಭದಲ್ಲಿ ಭಗವಂತ ಎಲ್ಲ ಜೀವರಿಗೆ ಬಿಂಬ ರೂಪವಾಗಿ ತನ್ನನ್ನ ಅನೇಕ ರೂಪನನ್ನಾಗಿ ಮಾಡಿಸಿಕೊಂಡ.
ಅಲ್ಲಿಗೆ ದೇವರು ಬಿಂಬ ನಾವು ಪ್ರತಿಬಿಂಬರು.
ಬಿಂಬೋಸಿ ಪ್ರತಿಬಿಂಬೋಸ್ಮಿ ತವ ಯದ್ಯಪಿ ಚಾಂತರಂ
ಭಗವಂತ ನೀನು ಬಿಂಬ ನಾನು ಪ್ರತಿಬಿಂಬ
ಈ ಅನುಸಂಧಾನ ಬಹಳ ಮುಖ್ಯವಾದದ್ದು
ಕನ್ನಡಿಯ ಮುಂದೆ ನಾವು ನಿಂತರೆ ನಾವು ಬಿಂಬ ಕನ್ನಡಿಯಲ್ಲಿ ಕಾಣುವುದು ಪ್ರತಿಬಿಂಬ
ಬಿಂಬದಲ್ಲಿ ಚಲನೆಯಲ್ಲಿ ಆದರೆ
ಪ್ರತಿಬಿಂಬದಲ್ಲಿ ಚಲನೆ.",4013,4893,,,119
kn_kannada_08_0006,kannada_08,kn,Dvaita,6,"ನಾವು ನಮ್ಮ ಕೈಯನ್ನ ಅಲುಗಾಡಿಸಿದರೆ ಪ್ರತಿಬಿಂಬದಲ್ಲಿ ಚಲನೆ ಕಾಣಿಸುತ್ತದೆ.
ನಾವು ನಕ್ಕರೆ ಪ್ರತಿಬಿಂಬದಲ್ಲಿ ನಗು ಕಾಣಿಸುತ್ತದೆ.
ಅದರಂತೆ ಬಿಂಬದಂತಿರುವವನು ಪರಮಾತ್ಮ ನಾವು ಪ್ರತಿಬಿಂಬರು. ಅವನಲ್ಲಿ ಚಲನೆ, ಉಣ್ಣೋದು, ತಿನ್ನೋದು, ನೋಡೋದು ಈ ಕ್ರಿಯೆಗಳು ನಡೆದರೆ
ನಮ್ಮ ದೇಹದ ಕಣ್ಣು, ಕಿವಿ, ಮೂಗುಗಳಲ್ಲಿ ಪ್ರತಿಕ್ರಿಯೆ ನಡೆಯುತ್ತದೆ.
ಹೀಗಾಗಿ ದೇವರು ಬಿಂಬ ನಾನು ಪ್ರತಿಬಿಂಬ ಅನ್ನೋ ಅನುಸಂಧಾನದಲ್ಲಿ ಅವನ ಅಧೀನರು ನಾವು ಎಂಬ ಮುಖ್ಯವಾದ ತತ್ವ ಅಡಗಿದೆ. ಅವನಲ್ಲಿ ಚಲನೆಯಾಗದ ಹೊರತು ಅವನು ತನ್ನ ಕಣ್ಣಿನಿಂದ ನಮ್ಮ ಕಣ್ಣಲ್ಲಿದ್ದು ನೋಡದ ಹೊರತು ನಮ್ಮ ಕಣ್ಣು ನೋಡಲಾರದು. ಹೀಗೆ ದೇವರಿಗೂ ನಮಗೂ ಇರುವ ಸಂಬಂಧ ಬಿಂಬ ಪ್ರತಿಬಿಂಬ ಭಾವ. ಈ ಪ್ರತಿಬಿಂಬ ಹೇಗೆ ನಾಶ ಆಗುತ್ತೆ? ಕನ್ನಡಿಯ ಎದುರಿನಿಂದ ನಾವು ಆಚೆಗೆ ಹೋದರು ಕನ್ನಡಿಯಲ್ಲಿ ಪ್ರತಿಬಿಂಬ ಮೂಡೋದಿಲ್ಲ. ಕನ್ನಡಿ ಒಡೆದು ಹೋದರು ನಮ್ಮ ಪ್ರತಿಬಿಂಬ ಕನ್ನಡಿಯಲ್ಲಿ ಮೂಡೋದಕ್ಕೆ ಸಾಧ್ಯವಿಲ್ಲ. ದೇವರು ಬಿಂಬ ನಾವು ಪ್ರತಿಬಿಂಬರಾದರೆ ನಮ್ಮಿಬ್ಬರ ಮಧ್ಯದಲ್ಲಿ ಕನ್ನಡಿ ಆಗುತ್ತದೆ. ಯಾವುದು ಅದನ್ನು ಉಪಾಜಿ ಅಂತ ಕರೆಯುತ್ತಾರೆ.",4894,5673,,,101
kn_kannada_08_0007,kannada_08,kn,Dvaita,7,"ಕನ್ನಡಿಯಂತೆ ಉಪಾಜಿ ಯಾವುದು ಪ್ರತಿಬಿಂಬಕ್ಕೆ.
ನಮ್ಮ ಈ ದೇಹ.
ಹಾಗಾದರೆ ದೇಹ ಉಪಾದಿ ಕನ್ನಡಿ ಅದರ ಒಳಗಡೆ ಇರುವ ನಾವು ಪ್ರತಿಬಿಂಬರು ನಮ್ಮ ಎದುರುಗಡೆ ಇರುವ ದೇವರು ಬಿಂಬ.
ಈ ಕನ್ನಡಿ ಹೊಡೆಯುತ್ತದೆ ದೇಹ ನಾಶ ಆಗುತ್ತೆ. ಕನ್ನಡಿ ಒಡೆದಾಗ ಪ್ರತಿಬಿಂಬ ಹೇಗೆ ಇಲ್ಲ ಅಂತ ಆಗುತ್ತೋ, ದೇಹ ನಾಶವಾದಾಗ ಪ್ರತಿಬಿಂಬರಾದ ಆತ್ಮನು ನಾಶವಾಗಲೇಬೇಕಲ್ಲ. ಆದ್ದರಿಂದ ಆತ್ಮನಾಶ ಇಲ್ಲ ಅಂತ ಹೇಳೋದು ಹೇಗೆ? ಈ ಪ್ರಶ್ನೆಗೆ ಉತ್ತರ ಮುಂದಿನ ಶ್ಲೋಕ. ಅಂತವಂತ ಇಮೇ ದೇಹಾಃ
ನಿತ್ಯಸ್ಯೋಕ್ತಾ ಶರೀರಿಣಃ
ಅನಾಶಿನೋ ಪ್ರಮೇಯಸ್ಯ
ತಸ್ಮಾದ್ ಯುಧ್ಯಸ್ವ ಭಾರತ
ಪದವಿಭಾಗ
ಅಂತವಂತಃ
ಇಮೇ
ದೇಹಾಃ
ನಿತ್ಯ ಯುದ್ಧಸ್ಯ ಉಕ್ತಾಹ ಶರೀರಿಣಃ ಅನಾಶಿನಃ ಅಪ್ರಮೇಯಸ್ಯ ತಸ್ವಾತ್ ಯುದ್ಧ್ಯಸ್ವ ಭಾರತ ಭಾರತ ಅಂತ ಶ್ರೀಕೃಷ್ಣ ಅರ್ಜುನನಿಗೆ ಮಾಡಿದ ಸಂಬೋಧನೆ ಅರ್ಜುನನೇ ಭರತ ವಂಶ ಪ್ರಸೂತನೇ
ಇಮೇ ದೇಹಾಃ
ನಾವೆಲ್ಲರೂ ಕಾಣುವ ಈ ದೇಹವು ಕೈ ಕಾಲು ಕಣ್ಣು ಮೂಗು
ಇದನ್ನು ಹೊತ್ತ
ದೇಹಗಳು ಅಂತವಂತಹ
ಅಂತ ಅಂದ್ರೆ ನಾಶ ಅಂತವಂತಹ ಅಂದ್ರೆ ನಾಶ ಇರುವವುಗಳು
ನಾವು ಕಾಣುವ ಈ ಈ ದೇಹ
ಅಂತವಂತಹ ನಾಶವಾಗ್ತದೆ.",5674,6429,,,111
kn_kannada_08_0008,kannada_08,kn,Dvaita,8,"ಇದು ಯಾರ ದೇಹ?
ಶರೀರಿನ ನಿತ್ಯಸ್ಯ ಶರೀರಿನಃ
ನಿತ್ಯನಾದ ಶರೀರಿ ಶರೀರ ಉಳ್ಳವನು ಶರೀರಿ
ಗೃಹವುಳ್ಳವನು ಗೃಹಿ
ಧನವುಳ್ಳವನು ಧನಿ
ಶರೀರವುಳ್ಳವನು ಶರೀರಿ ಶರೀರಿನಃ
ನಿತ್ಯಸ್ಯ ಇಮೇ ದೇಹಾಃ ಅಂತವಂತಃ
ಶರೀರಿ ಅನಿಸಿರುವ ನಿತ್ಯನಾದ ಈ ಜೀವನ ಅಂದರೆ ನಮ್ಮ ನಿಮ್ಮೆಲ್ಲರ ಈ ದೇಹಗಳು ನಾವು ಕಾಣುವ ದೇಹಗಳಿಗೆ ಮಾತ್ರ ನಾಶ ಇದೆ
ಇಮೇ ದೇಹಾಃ ಅಂತವಂತಃ ಅಂತ ಹೇಳಿದ್ರಿಂದ ಈ ದೇಹಕ್ಕೆ ಅಂತ ಇದೆ ಆದರೆ ಅಂತ ಇಲ್ಲದ ಇನ್ನೊಂದು ದೇಹ ಇದೆ ಜೀವನಿಗೆ.
ಯಾವುದದನ್ನ ಸ್ವರೂಪ ದೇಹ ಅಂತ ಕರೀತಾರೆ.
ಜೀವನಿಗೂ ಒಂದು ಆಕೃತಿ ಇದೆ.
ಅವನ ಮೂಲಭೂತವಾದ ಸ್ವರೂಪ ಅದು ಪಶು ಪಕ್ಷಿ ಮನುಷ್ಯ ದೇವ ಗಂಧರ್ವ ಆದಿರು. ರೂಪವಾಗಿರಬಹುದು.
ಹೀಗೆ
ಹೊರ ಆಕೃತಿ ಈ ದೇಹ.
ಇದು ನಾಶವಾದರೂ
ಜೀವನಿಗೆ ತನ್ನದೇ ಆದ ಒಂದು ಆಕಾರ ಇದೆ ಅದನ್ನ ಸ್ವರೂಪ ದೇಹ ಅಂತ ನಾವು ಕರೀತೀವಿ.
ಆ ದೇಹಕ್ಕೆ ಎಂದು ನಾಶ ಇಲ್ಲ.
ಅದು ಉಪಾಜಿ ಕನ್ನಡಿಯಂತೆ.",6430,7056,,,101
kn_kannada_08_0009,kannada_08,kn,Dvaita,9,"ಹಾಗಾದರೆ ದೇವರು ಬಿಂಬ ನಾವು ಪ್ರತಿಬಿಂಬರು ನಮಗೂ ಅವನಿಗೂ ಮಧ್ಯದಲ್ಲಿರುವ ಕನ್ನಡಿ ಎಂಬ ಉಪಾಧಿ ಜೀವನ ಸ್ವರೂಪಭೂತವಾದ ದೇಹ ಅದು ಎಂದು ನಾಶ ಆಗಲ್ಲ ಆ ಕನ್ನಡಿ ಒಡೆಯಲ್ಲ ಆದ್ದರಿಂದ ದೇವರು ನಿತ್ಯ ಉಪಾಧಿಯು ನಾಶವಿಲ್ಲದ್ದು ಹೀಗಾಗಿ ಪ್ರತಿಬಿಂಬರಾದ ನಮಗೂ ನಾಶ ಇಲ್ಲ.
ಜೀವನಿಗೆ ನಾಶವಿಲ್ಲ ಅನ್ನೋದನ್ನ
ಯುಕ್ತಿಯಿಂದ ಇಲ್ಲಿ ಶ್ರೀಕೃಷ್ಣ ಸಮರ್ಥನೆ ಮಾಡಿದ್ದಾರೆ.
ಅಲ್ಲಾ
ಬಿಂಬನಾದ ದೇವರಿಗೆ ನಾಶ ಇಲ್ಲ.
ಉಪಾದಿ ಜೀವ ಸ್ವರೂಪ ಅದಕ್ಕೂ ನಾಶ ಇಲ್ಲ.
ಆದರೆ ದೇ ದೇವರು ಆ ಕಡೆ ಸರಿದರೆ
ಈ ಕನ್ನಡಿಯಿಂದ ಆಚೆ ಕಡೆ ಹೋದರೆ
ಪ್ರತಿಬಿಂಬ ನಾಶ ಆಗಬಹುದಲ್ಲ?
ದೇಹ ಇದೆ ಕನ್ನಡಿಯು ಇದೆ
ಕನ್ನಡಿಯ ಮುಂದೆ ದೇಹ ಇಲ್ಲ ಆ ಕಡೆ ಹೋಗಿದೆ ಪ್ರತಿಬಿಂಬ ಇಲ್ಲ
ಅದರಂತೆ ಜೀವನ ಸ್ವರೂಪಭೂತವಾದ ಉಪಾಧಿ ಇದೆ ದೇವರು ನಿತ್ಯ ಆದರೆ ದೇವರು ಆ ಕಡೆ ಸರಿದಾಗ ಜೀವ ಎಂಬ ಪ್ರತಿಬಿಂಬ ನಾಶವಾಗಬಹುದೇ ಅನ್ನೋ ಪ್ರಶ್ನೆಗೆ ಉತ್ತರ ಉತ್ತರಾರ್ಥ ಅನಾಶಿನಃ ಅಪ್ರಮೇಯಸ್ಯ ತಸ್ಮಾತ್ ಯುದ್ಧ್ಯಸ್ವ ಭಾರತ ನಮಗೆ ಬಿಂಬನಾದ ದೇವರು ಅನಾಶಿನಃ ಅವನಿಗೆ ನಾಶ ಇಲ್ಲ.",7057,7780,,,109
kn_kannada_08_0010,kannada_08,kn,Dvaita,10,"ಅಪ್ರಮೇಯ ಅಂದ್ರೆ ಮಾ ಅಂದ್ರೆ ಮಿತಿ ಅಂತ ಅರ್ಥ. ಅಪ್ರಮೇಯ ಮಿತಿ ಇಲ್ಲದವನು. ಅಲ್ಲಿಗೆ ದೇವರು ನಮ್ಮ ನಿಮ್ಮಂತೆ ಒಂದು ಚಿಕ್ಕ ಅಣುಗಾತ್ರದ ವಸ್ತು ಅಲ್ಲ. ದೇಶ ಕಾಲಗಳ ಪರಿಮಿತಿ ಇಲ್ಲದ
ಆಕಾಶದಂತೆ ಸರ್ವತ್ರ ವ್ಯಾಪ್ತನಾದವನು
ಆದ್ದರಿಂದಲೇ ಅವನ ಅಪ್ರಮೇಯ
ಅಪ್ರಮೇಯನಾದ ನಾಶವಿಲ್ಲದ ಪರಮಾತ್ಮನ ಪ್ರತಿಬಿಂಬರು ನಾವು
ಹೀಗಾಗಿ ನಮ್ಮ ಎದುರುಗಡೆಯಿಂದ ದೇವರು ಆಚೆ ಹೋಗುವ ಸಂದರ್ಭವೇ ಇಲ್ಲ
ಯಾಕೆ? ಅವನು ಎಲ್ಲಾ ಕಡೆಯಲ್ಲಿ ಇದ್ದಾನೆ ಏಚಿ ಹೋಗೋದು ಅವನು. ಆದ್ದರಿಂದ ಬಿಂಬನಾದ ಶ್ರೀಹರಿ ಎಲ್ಲೆಡೆಯೂ ಇದ್ದಾನೆ. ಜೀವನ ಪ್ರತಿಬಿಂಬಕ್ಕೆ ಕಾರಣವಾದ ಕನ್ನಡಿಯಂತಿರುವ ಸ್ವರೂಪ ದೇಹ ಅದು ಎಂದೂ ಇದೆ ನಿತ್ಯ. ಅಲ್ಲಿಗೆ ಬಿಂಬನಾದ ಭಗವಂತನಿಗೆ ನಾಶವೂ ಇಲ್ಲ ನಮ್ಮ ನಮ್ಮ ಎದುರುಗಡೆಯಿಂದ ಆಚೆ ಸರಿಯುವ ಪ್ರಶ್ನೆಯೂ ಇಲ್ಲ.
ಪ್ರತಿಬಿಂಬ ಕನ್ನಡಿಯಂತಿರುವ ಜೀವನ ಸ್ವರೂಪಭೂತವಾದ ದೇಹ ಅದು ನಿತ್ಯ.
ಅಂದಮೇಲೆ ಪ್ರತಿಬಿಂಬನಾದ ಜೀವ ಎಂದು ನಾಶವಾಗದ ನಿತ್ಯವಾದ ವಸ್ತು.
ಹಾಗಾಗಿ ಆತ್ಮನಿಗೆ ನಾಶ ಇಲ್ಲ. ತಸ್ಮಾತ್ ಆದ್ದರಿಂದ ಭಾರತ ಭರತ ಕುಲ ಪ್ರಸೂತನೇ ಯುದ್ಧಸ್ವ.",7781,8524,,,102
kn_kannada_08_0011,kannada_08,kn,Dvaita,11,"ಯುದ್ಧ ಮಾಡು.
ಆತ್ಮನಾಶೆ ಕಾಗಿ ಆತ್ಮನು ನಾಶವಾಗ್ತಾನೆ ಅನ್ನೋ ಕಾರಣಕ್ಕಾಗಿ ನೀನು ಈ ಯುದ್ಧದಿಂದ ಹಿಂದೆ ಸರಿಯಬೇಕಾದ ಅಗತ್ಯ ಇಲ್ಲ.
ಮತ್ತೊಮ್ಮೆ ಶ್ಲೋಕ ಅಂತ ತವಂತೈಮೇ ದೇಹಾಃ
ನಿತ್ಯಸ್ಯೋಕ್ತಾ ಶರೀರಿಣಃ
ಅನಾಶಿನೋಪ್ರಮೇಯಸ್ಯ
ತಸ್ಮಾತ್ ಯುಧ್ಯಸ್ವ ಭಾರತ
ಇಲ್ಲಿ ಅನಾಶಿನಃ
ಅಪ್ರಮೇಯಸ್ಯ
ಈ ಎರಡು ಶಬ್ದಗಳಿಗೆ
ಅನಾಶಿಯಾದ ಪರಮಾತ್ಮನ ಪ್ರತಿಬಿಂಬ ಅಪ್ರಮೇಯನಾದ ಪರಮಾತ್ಮನ ಪ್ರತಿಬಿಂಬ ಎಂಬ ಅರ್ಥವನ್ನು ಮಾಡಬೇಕು ಯಾಕೆ ಅಂದ್ರೆ ಜೀವನು ನಿತ್ಯ ಅನ್ನೋದನ್ನ ನಿತ್ಯಸ್ಯ ಶರೀರಿಣಹ ಎಂಬಲ್ಲಿ ಹೇಳಲಾಗಿದೆ. ಅಪ್ರಮೇಯನಂತು ಅಂದ್ರೆ ಎಲ್ಲ ಕಡೆ ವ್ಯಾಪಿಸಿರುವವನು ಜೀವ ಅಲ್ಲ. ಆದ್ದರಿಂದ ಅನಾಶಿಯಾದ ಪರಮಾತ್ಮನ ಪ್ರತಿಬಿಂಬ ಅಪ್ರಮೇಯನಾದ ಪರಮಾತ್ಮನ ಪ್ರತಿಬಿಂಬ ಅನ್ನುವ ಅರ್ಥವನ್ನು ಆಚಾರ್ಯರು ಈ ಎರಡು ಶಬ್ದಗಳಿಗೆ ಮಾಡಿದ್ದಾರೆ.
ಮುಂದಿನ ಭಾಗವನ್ನು ಮುಂದೆ ನೋಡೋಣ.
ಈ ಪ್ರವಚನದ ಸೇವೆಯನ್ನು ದೀರ್ಘವಾಗಿ ಶ್ರೀಯುತ ಮರವೇಕರೆ ಮುರಳೀಧರರಾವ್ ಅವರು ನಡೆಸಿಕೊಡ್ತಾ ಇದ್ದಾರೆ. ಅವರಿಗೆ ಶ್ರೀಕೃಷ್ಣ ಸಕಲ ವಿಧದ ಅಭಿಷ್ಟಗಳನ್ನು ಪೂರೈಸಲಿ ಅಂತ ಪ್ರಾರ್ಥನೆ ಮಾಡೋಣ. ಶ್ರೀ ಕೃಷ್ಣಾರ್ಪಣಮಸ್ತು.",8525,9296,,,96
kn_kannada_09_0000,kannada_09,kn,Dvaita,0,"ಶ್ರೀ ಗುರುಭ್ಯೋ ನಮಃ ಹರಿಃ ಓಂ ಹಿಂದಿನ ಶ್ಲೋಕದಲ್ಲಿ
ಜೀವನು ಪರಮಾತ್ಮನ ಪ್ರತಿಬಿಂಬ
ಅನ್ನುವ ಅಂಶ ಪ್ರಸ್ತುತವಾಗಿತ್ತು.
ಇದರಿಂದ
ಜೀವನ ಬಗ್ಗೆ ನಾವು ತಿಳಿದುಕೊಳ್ಳುವ ಎರಡು ಅಂಶಗಳಿವೆ.
ಈ ಈಶ್ವರನು ನಿತ್ಯ ಸರ್ವಗತನಾದ್ದರಿಂದ
ಅವನ ಪ್ರತಿಬಿಂಬನಾದ ಜೀವನಿಗೆ ನಾಶ ಇಲ್ಲ.
ಪರಮಾತ್ಮ ಬಿಂಬ ನಾವು ಪ್ರತಿಬಿಂಬರಾದ್ದರಿಂದ
ನಮಗೆ ಸ್ವಾತಂತ್ರ್ಯ ಇಲ್ಲ. ಪ್ರತಿಬಿಂಬವು
ಬಿಂಬದ ಅಧೀನ.
ಹೀಗೆ ಜೀವ ನಿತ್ಯ ಜೀವ ಅಸ್ವತಂತ್ರ
ಈ ಎರಡು ಅಂಶಗಳನ್ನ ಶ್ರೀಕೃಷ್ಣ ಇಲ್ಲಿ ವಿವರಿಸುತ್ತಾ ಇದ್ದಾನೆ ಮುಂದಿನ 19ನೆಯ ಶ್ಲೋಕದಲ್ಲಿ.
ಶ್ಲೋಕ ಯ ಏನಂ ವೇತ್ತಿ ಹಂತಾರಂ ಯಶ್ಚೈನಂ ಮನ್ಯತೆ ಹತಂ ಉಭೌತೌ ನವಿಜಾನೀತಃ ನಾಯಂ ಹಂತಿ ನಹನ್ಯತೇ ಪದ ವಿಭಾಗ ಯಹ ಯೇನಂ ವೇತ್ತಿ ಹಂತಾರಂ ಯಹ ಚ ಯೇನಂ ಮನ್ಯತೆ ಹತಂ
ಭುಭೌ ತೌ ನವಿಜಾನೀತಃ
ನಾ ಅಯಂ ಹಂತಿ ನ ಹನ್ಯತೆ
ಇಬ್ಬರು ಮೂರ್ಖರು ಅಂತ ಹೇಳ್ತಿದ್ದಾನೆ ಶ್ರೀಕೃಷ್ಣ
ನವಿಜಾನೀತಃ ಯಾರು?
ಯಹ ಏನಂ ಹಂತಾರಂ ವೇತ್ತಿ.
ಯಾರು ಏನಂ ಈ ಜೀವನನ್ನು ಹಂತಾರಂ ನಾನು ಕೊಲ್ಲುವವನು ನಾನು ಹಂತಕ ಅಂತ ತಿಳಿತಾನೋ ಅವನೊಬ್ಬ.",0,731,,,109
kn_kannada_09_0001,kannada_09,kn,Dvaita,1,"ಎರಡನೆಯವನು ಯಶ್ಚ ಏನಂ ಹತಂ ಮನ್ಯತೆ. ಯಾರು ಈ ಜೀವನನ್ನು ಸತ್ತ ಅಂತ ತಿಳಿತಾರೋ ತೌ ಉಭೌ ಈ ಇಬ್ಬರು ನವಿಜಾನೀತಃ ಸರಿಯಾದ ತತ್ವವನ್ನು ತಿಳಿದಿಲ್ಲ. ವಿಜಾನಾತಿ ಅಂದ್ರೆ ತಿಳಿತಾನೆ ಅಂತ ಅರ್ಥ. ನವಿಜಾನೀತಃ ತಿಳಿಯಲಾರರು. ಇವರಿಬ್ಬರಿಗೆ ಆತ್ಮನ ಬಗ್ಗೆ ಸರಿಯಾದ ತಿಳುವಳಿಕೆ ಇಲ್ಲ.
ಯಾಕೆ?
ಒಬ್ಬ ನಾನು ಕೊಂದೆ ಅಂದಿದ್ದಾನೆ.
ಇನ್ನೊಬ್ಬ ನನ್ನಿಂದ ಅವನು ಸತ್ತ ಅಂತ ತಿಳಿದಿದ್ದಾನೆ.
ಇವರಿಬ್ಬರಿಗೂ ಬುದ್ಧಿ ಇಲ್ಲ.
ಯಾಕೆ? 
ನ ಅಯಂ ಹಂತಿ ನ ಹನ್ಯತೆ. ಇವನು ಕೊಂದಿದ್ದು ಅಲ್ಲ, ಅವನು ಸಾಯೋಕೂ ಸಾಧ್ಯವಿಲ್ಲ. ಯಯೇನಂ ವೇತ್ತಿ ಹಂತಾರಂ ನಾನು ಕೊಲ್ತೇನೆ ಅಂತ ತಿಳಿದವನು ಮೂರ್ಖ. ಯಾಕೆ ನೀವು ಕೊಂದಿದ್ದಲ್ಲ. ನಾನು ಉಂಡೆ, ನಾನು ಗೆದ್ದೆ, ಈ ನಾನು ಅಲ್ಲ. ನನ್ನ ಒಳಗಡೆ ನನ್ನ ಪೂರ್ವ ಕರ್ಮಕ್ಕೆ ಅನುಗುಣವಾಗಿ ದೇವರ ಪ್ರೇರಣೆಯಿಂದ ನಾನು ಗೆದ್ದೆ.
ಗೆಲ್ಲೋದಕ್ಕಾಗಲಿ ಸೋಲೋದಕ್ಕಾಗಲಿ ಸ್ವಾತಂತ್ರ್ಯ ನಮಗಿಲ್ಲ.
ಹೇಗೋ ಮತ್ತೊಬ್ಬರನ್ನು ಕೊಲ್ಲೋದಕ್ಕೂ ನಮಗೆ ಸ್ವಾತಂತ್ರ್ಯ ಇಲ್ಲ.
ಹಾಗಾಗಿ ನಾನು ಕೊಂದೆ. ಅಂದ್ರೆ
ತಪ್ಪು ತಿಳಿ ಬಳಕೆ ನನ್ನಿಂದ ಅವನನ್ನು ಕೊಲ್ಲುವಂತೆ ನನ್ನ ಒಳಗಡೆ ಇದ್ದು ಭಗವಂತ ಶಕ್ತಿ ನೀಡಿದ.",732,1525,,,112
kn_kannada_09_0002,kannada_09,kn,Dvaita,2,"ಹೀಗಾಗಿ ನಾನು ಕೊಂದೆ ಅಂತ ತಿಳಿದರೆ ಅದು ಸ್ವಾತಂತ್ರ್ಯದ ಅಭಿಮಾನ.
ಇಲ್ಲಿ ಕೊಲ್ಲುವ ಪ್ರಸಕ್ತಿ ಇರೋದ್ರಿಂದ
ಹಂತಿ ಅನ್ನೋ ಶಬ್ದವನ್ನು ತಂದಿದ್ದಾನೆ ಶ್ರೀಕೃಷ್ಣ
ನಾನು ಈ ದೊಡ್ಡ ಕೆಲಸವನ್ನ ಮಾಡಿದೆ. ನಿಮಗೆ ಬುದ್ಧಿ ಇಲ್ಲ, ನೀವು ಮಾಡಿದ್ದಲ್ಲ. 
ನಿಮ್ಮ ಒಳಗಡೆ ಇದ್ದು ಭಗವಂತ ಆ ಕೆಲಸವನ್ನ ಮಾಡಿದ. 
ಅಲ್ಲಿಗೆ ಮಾಡೋದಕ್ಕೆ ಬಿಡೋದಕ್ಕೆ ನಿಮಗೆ ಸ್ವಾತಂತ್ರ್ಯ ಇಲ್ಲ. 
ಅವನು ಮಾಡಿಸಿದ್ರೆ ನೀವು ಮಾಡಿರಿ. 
ನಾನು ಮಾಡಿದೆ ಅನ್ನೋದು ಸ್ವಾತಂತ್ರ್ಯದ ಭ್ರಾಂತಿ. 
ಆದ್ದರಿಂದ ಹೀಗೆ ತಿಳಿಯುವವನು ಅಜ್ಞ. 
ಎಷ್ಟು ಇಷ್ಟೈನಂ ಮನ್ಯತೆ ಹತಂ
ಅವನು ಸತ್ತ ಅಂತ ತಿಳಿದರೆ ಇದು ತಪ್ಪು ಯಾಕೆ ಅವನು ಅಂದ್ರೆ ಆತ್ಮ
ಆತ್ಮನಿಗೆ ಸಾವಿಲ್ಲ
ಹೀಗೆ ಒಬ್ಬ ಆತ್ಮನಿಗೆ ಸಾವನ್ನು ತಿಳಿದವ ಇನ್ನೊಬ್ಬ ತನಗೆ ಸ್ವಾತಂತ್ರ್ಯವನ್ನ ತಿಳಿದವ
ಉಭೌತೌ ಈ ಇಬ್ಬರು ನಭಿಜಾನೀತಃ ಸರಿಯಾದ ತತ್ವದ ತಿಳುವಳಿಕೆ ಇಲ್ಲದವರು.
ಯಾಕೆ?
ನ ಅಯಂ ಹಂತಿ.
ಇವನು ಕೊಲ್ಲುವವನಲ್ಲ, ಕೊಲ್ಲುವವನು ಒಳಗಡೆ ಇದ್ದ ಸರ್ವ ಕರ್ತೃವಾದ ಪ್ರೇರಕನಾದ ಭಗವಂತ.
ನ ಅಯಂ ಹನ್ಯತೆ.",1526,2252,,,102
kn_kannada_09_0003,kannada_09,kn,Dvaita,3,"ಜೀವನು ಸಾಯೋದಿಲ್ಲ, ಅವನು ನಿತ್ಯ.
ಹೀಗೆ ನಾನು ಅಂತ ಅಹಂಭಾವ ಪಡುವವನು ಅಜ್ಞ
ಜೀವನು ಸತ್ತ ಅಂತ ತಿಳಿಯುವವನು ಅಜ್ಞ
ಜೀವನಿಗೆ ಸಾವಿಲ್ಲ
ಜೀವನಿಗೆ ಸ್ವಾತಂತ್ರ್ಯವು ಇಲ್ಲ
ಸ್ವಾತಂತ್ರ್ಯವನ್ನು ತಿಳಿದರೆ ಸಾವನ್ನ ತಿಳಿದರೆ ಅದು ಅಜ್ಞಾನ
ಆದ್ದರಿಂದ ಜೀವ ನಿತ್ಯ ಅಸ್ವತಂತ್ರ
ಈ ಎರಡು ತತ್ವಗಳನ್ನ ಶ್ರೀ ಶ್ರೀಕೃಷ್ಣ ಹಿಂದಿನ ಶ್ಲೋಕದಿಂದ ಮುಂದುವರಿಸುತ್ತಾ ಇದ್ದಾನೆ. 
ಮತ್ತೊಮ್ಮೆ ಶ್ಲೋಕ 
ಯ ಏನಂ ವೇತ್ತಿ ಹಂತಾರಂ 
ಯಶ್ಚೈನಂ ಮನ್ಯತೆ ಹತಂ 
ಉಭೌ ತೌ ನ ವಿಜಾದೀತಃ 
ನಾಯಂ ಹಂತಿ ನ ಹನ್ಯತೆ ಮುಂದಿನ ಪದ್ಯ ಅದು ಭಗವದ್ಗೀತೆಯ ಶ್ಲೋಕ ಅಲ್ಲ. ಅದು ಕಾಠಕ ಉಪನಿಷತ್ತಿನಲ್ಲಿ ಬರುವ ಮಂತ್ರ. ಶ್ರೀಕೃಷ್ಣ ಅಥವಾ ವ್ಯಾಸರು ಭಗವದ್ಗೀತೆಯಲ್ಲಿ ಆತ್ಮನು ನಿತ್ಯ ಅಸ್ವತಂತ್ರ ಅನ್ನೋದನ್ನ ಹೇಳಿ ಅದಕ್ಕೆ ಆಧಾರವಾಗಿ ಉಪನಿಷತ್ತಿನ ಉಲ್ಲೇಖ ಮಾಡ್ತಾ ಇದ್ದಾರೆ. 
ಆದ್ದರಿಂದ ನಜಾಯತೆ ಮ್ರಿಯತೆ ಅನ್ನೋ ಶ್ಲೋಕ ಏನಿದೆಯೋ ಅದರು ವ್ಯಾಸರು ಬರೆದ ಶ್ಲೋಕವಲ್ಲ ಉಪನಿಷತ್ತಿನಲ್ಲಿ ಉಲ್ಲಿಖಿತವಾದ ಶ್ಲೋಕವನ್ನು ವ್ಯಾಸರು ಇಲ್ಲಿ ಆಧಾರವನ್ನಾಗಿ ಕೊಟ್ಟಿದ್ದಾರೆ. 
ಶ್ಲೋಕ ಕಶಿಗಿದೆ ನಜಾಯತೆ ಮ್ರಿಯತೆ ವಾ ಕದಾಚಿತ್ ನಾಯಂ ಭೂತ್ವಾ ಭವಿತಾವಾ ನಭೂಯಃ ಅಜೋ ನಿತ್ಯ ಶಾಶ್ವತೋಯಂ ಪುರಾಣೋ ಮಹನ್ಯತೆ ಹನ್ಯಮಾನೇ ಶರೀರೇ ಪದವಿಭಾಗ ನ ಜಾ ಮಯತೆ
ಮ್ರಿಯತೆ
ವಾ ಕದಾಚಿತ್ ನ ಅಯಂ ಭೂತ್ವಾ ಭವಿತಾ ವಾ ನ ಭೂಯಃ
ಅಜಃ ನಿತ್ಯಃ ಶಾಶ್ವತಃ ಅಯಂ ಪುರಾಣಃ ನ ಹನ್ಯತೆ ಹನ್ಯಮಾನೆ ಶರೀರೆ.",2253,3229,,,139
kn_kannada_09_0004,kannada_09,kn,Dvaita,4,"ಅಯಂ ಅಂದ್ರೆ ಈ ಜೀವನು.
ನಜಾಯತೆ ಹುಟ್ಟಲ್ಲ.
ಅವನಿಗೆ ಉತ್ಪತ್ತಿ ಹುಟ್ಟು ಇಲ್ಲ.
ನಮ್ರಿಯತೆ ಮರಣ ಇಲ್ಲ.
ಜೀವನಿಗೆ ಹುಟ್ಟು ಹುಟ್ಟು ಇಲ್ಲ
ಸಾವು ಇಲ್ಲ
ನ ಅಯಂ ಭೂತ್ವಾ ಭೂಯಃ ಭವಿತಾ ನ
ಇದು ಸ್ವಲ್ಪ ಕ್ಲಿಷ್ಟವಾದ ಭಾಗ
ಭೂತ್ವಾ ಭವಿತಾ
ಇದು ಪರಮಾತ್ಮನಿಗೆ ಮಾತ್ರ ಅನ್ವಯಿಸುವುದು
ಭೂತ್ವಾ ಅಂದ್ರೆ ಹಿಂದೆ ಇರಲಿ ಇದ್ದೇ ಭವಿತಾ ಮತ್ತಿರುವವನು.
ದೇವರು ನಿನ್ನೆ ಒಂದು ರೀತಿ ಇವತ್ತು ಒಂದು ರೀತಿ ಅಲ್ಲ.
ಅವನು ಅನಾದಿ ಕಾಲದಿಂದ ಒಂದೇ ರೀತಿ.
ಅವನು ಭೂತ್ವ ಭವಿತ ಹಿಂದೆ ಹೇಗಿದ್ದನೋ ಹಾಗೆ ಇವತ್ತು ಇದ್ದಾನೆ.
ಇವತ್ತು ಹೇಗಿದ್ದಾನೋ ಮುಂದೆಯೂ ಹಾಗಿರ್ತಾನೆ.
ಯಾವ ವ್ಯತ್ಯಾಸವು ಅವನಲ್ಲಿ ಇಲ್ಲ.
ಅವನು ಸೃಷ್ಟಿ ಕಾಲದಲ್ಲಿ ನಾನು ಸೃಷ್ಟಿ ಮಾಡಬೇಕು ಅಂತ ಇಚ್ಛೆ ಪಡುತ್ತಾನೆ ಅಂತ.
ಶ್ರುತಿ ಹೇಳುತ್ತದೆ ಹಾಗೆ.
ಆ ಇಚ್ಛೆ ಮೊದಲು ಇರಲಿಲ್ಲ ಆಮೇಲೆ ಅದು ಬಂತು ಅಲ್ಲ.
ಆ ಇಚ್ಛೆ ಸರ್ವದಾ ಇದೆ. ಈ ಕಾಲದಲ್ಲಿ ನಾನು ಸೃಷ್ಟಿ ಮಾಡಬೇಕು ಅನ್ನೋ ಸಂಕಲ್ಪ ಸರ್ವದಾ ಇದೆ ಅವನಿಗೆ.",3230,3912,,,106
kn_kannada_09_0005,kannada_09,kn,Dvaita,5,"ಅದು ಆ ಕಾಲದಲ್ಲಿ ವ್ಯಕ್ತವಾಯಿತು. 
ಅಲ್ಲಿಗೆ ಭಗವಂತನ ಗುಣಧರ್ಮಗಳು ಅವನು ಹಿಂದೆ ಇದ್ದಂತೆ ಮುಂದೆ ಇವೆ ಭೂತ್ವ ಭವಿತ.
ಆದರೆ ಜೀವ ನಿತ್ಯ ಹೌದು ಅವನಿಗೆ ಹುಟ್ಟು ಸಾವುಗಳಿಲ್ಲ ಸತ್ಯ. ಆದರೆ ಅವನು ಹಿಂದೆ ಇದ್ದಂತೆಯೇ ಮುಂದೆ ಇರೋದಲ್ಲ.
ಅವನು ಹಿಂದೆ ಯಾವುದೋ ಒಂದು ಪ್ರಾಣಿಯ ದೇಹವನ್ನು ಪಡೆದಿರಬಹುದು.
ಇವತ್ತು ಮನುಷ್ಯನ ದೇಹವನ್ನು ಪಡೆದಿರಬಹುದು.
ನಾಳೆ ಮರವಾಗಿ ಇನ್ನೊಂದು ಕಡೆ ಹುಟ್ಟಬಹುದು.
ಅಲ್ಲಿಗೆ ಪರಮಾತ್ಮನಂತೆ ದೇವರಂತೆ ಜೀವನು ಹಿಂದೆ ಇದ್ದೇ ಮುಂದೆಂದು ಇರುವವನಲ್ಲ. 
ಹಿಂದೆ ಒಂದು ರೀತಿಯಿಂದ ದೇಹದ ಸಂಬಂಧ ಪಡೆದಿದ್ದ, ಮುಂದೆ ಮತ್ತೊಂದು ವಿಧದ ದೇಹದ ಸಂಬಂಧವನ್ನ ಪಡೀತಾನೆ. 
ಆದ್ದರಿಂದ ಪರಮಾತ್ಮನಂತೆ ಅಯಂ ಭೂತ್ವ ಭೂಯಃ ಭವಿತಾನ. 
ಹಿಂದೆ ಇದ್ದಂತೆಯೇ ಮುಂದೆ ಇರುವವನಲ್ಲ ಅವನ ದೇಹಕ್ಕೆ ಬದಲಾಗುತ್ತಾನೆ. ಇದೆ. 
ಹಿಂದೊಂದು ದೇಹದ ಸಂಪರ್ಕವನ್ನ ಪಡೆದಿರಬಹುದು ಅದು ಹೋಗಿ ಮುಂದೆ ಮತ್ತೊಂದು ದೇಹದ ಸಂಬಂಧವನ್ನು ಪಡೆಯಬಹುದು. 
ಅಲ್ಲಿಗೆ ಇವನು ನಿತ್ಯ ಹುಟ್ಟಿಲ್ಲ ಸಾವಿಲ್ಲ ಅಂದ ಕೂಡಲೇ ಸರ್ವತಾ ದೇವರಂತೆ ಅಂತ ನೀವು ಭಾವಿಸಬೇಡಿ ದೇವರಿಗೂ ಇವನಿಗೂ ವ್ಯತ್ಯಾಸ ಇದೆ.",3913,4689,,,105
kn_kannada_09_0006,kannada_09,kn,Dvaita,6,"ದೇವರಿಗೆ ದೇಹಗಳು ವ್ಯತ್ಯಾಸ ಆಗಲ್ಲ. 
ಇವನಿಗೆ ಬೇರೆ ಬೇರೆ ಬೇರೆ ದೇಹದ ಸಂಪರ್ಕಗಳು ಬರುತ್ತವೆ. 
ಆದ್ದರಿಂದ ಇವನು ನಿತ್ಯ ಇವನಿಗೂ ಉತ್ಪತ್ತಿ ಇಲ್ಲ. 
ಆದರೆ ದೇವರಂತೆ ಅಲ್ಲ ಇವನಲ್ಲಿ ಬೇರೆ ಬೇರೆ ದೇಹಗಳ ಸಂಪರ್ಕ ಆಗ್ತದೆ ಭಗವಂತನಿಗೆ ಅಂತದ್ದು ಆಗೋದಿಲ್ಲ. 
ಅಯಂ ಭೂತ್ವಾ ಭೂಯಃ ಭವಿತಾನ ಅವನು ಹಿಂದೆ ಇದ್ದಂತೆನೆ ಮುಂದೆ ಮತ್ತೆ ಇಲ್ಲಿ ಇರುತ್ತಾನೆ ಅಂತ ಹೇಳೋಕೆ ಬರೋದಿಲ್ಲ.
ಬೇರೆ ದೇಹದ ಸಂಪರ್ಕ ಬರಬಹುದು.
ಅಜಹ ಅಂದ್ರೆ ಅವನಿಗೆ ಉತ್ಪತ್ತಿ ಇಲ್ಲ ಅಂತ ಹೇಳಿದ ಮೇಲೆ ಮತ್ತೆ ಆ ಜಹ ಜ ಅಂದ್ರೆ ಹುಟ್ಟುವನು ಅಜ ಅಂದ್ರೆ ಹುಟ್ಟಿಲ್ಲದವನು ಮತ್ತೆ ಹೇಳಬೇಕಾದಾಗ ಅಷ್ಟೇ ಇಲ್ಲ.
ಅಜಹ ಅಂದ್ರೆ ಹುಟ್ಟಿಲ್ಲದ ಪರಮಾತ್ಮನ ಪ್ರತಿಬಿಂಬ.
ನಿತ್ಯಹ ನಿತ್ಯನಾದ ಪರಮಾತ್ಮ ಪರಮಾತ್ಮನ ಪ್ರತಿಬಿಂಬ
ಶಾಶ್ವತಃ
ಯಾವ ವ್ಯತ್ಯಾಸವೂ ಇಲ್ಲದ ಪರಮಾತ್ಮನ ಪ್ರತಿಬಿಂಬ ಅವನಿಗೆ ಯಾವ ಚಲನೆಯೂ ಇಲ್ಲ ಯಾವ ವ್ಯತ್ಯಾಸವೂ ಇಲ್ಲದ ಶಾಶ್ವತನಾದ ಪರಮಾತ್ಮನ ಪ್ರತಿಬಿಂಬ ಅಯಂ ಇವನು
ಆದರೆ ಹಿಂದೆ ಹೇಳಿದಂತೆ ಪುರಾಣ
ಪುರಾಣ ಅಂದ್ರೆ ನಮಗೆ ಒಂದೇ ಅರ್ಥ ಗೊತ್ತಿರಬೇಕು ಇರೋದು.",4691,5435,,,107
kn_kannada_09_0007,kannada_09,kn,Dvaita,7,"ಅಷ್ಟಾದಶ ಪುರಾಣಗಳು.
ಆದರೆ ಜೀವನನ್ನ ಇಲ್ಲಿ ಪುರಾಣ ಅಂತ ಕರೆದಿದ್ದಾರೆ.
ಪುರಾಣ ಶಬ್ದದ ಅರ್ಥ ಪುರಾಣಿ ಅಣತಿ ಗಚ್ಛತಿ ಇತಿ ಪುರಾಣಃ.
ಪುರ ಅಂದ್ರೆ ಜೀವನ ಪಟ್ಟಣ ಈ ದೇಹ.
ಪುರ ಅಣ ಅಂದ್ರೆ ದೇಹದಿಂದ ದೇಹಕ್ಕೆ ಅಲಿತಾ ಇರುತ್ತಾನೆ. ಪುಣ್ಯ ಪಾಪಗಳಿಗೆ ಅನುಗುಣವಾಗಿ ಇವತ್ತು ಒಂದು ದೇಹ, ನಾಳೆ ಒಂದು ದೇಹ, ನಾಳೆದು ಮತ್ತೊಂದು ದೇಹ. ಹೀಗೆ ಪುರದಿಂದ ಪುರಕ್ಕೆ ಅಣಹ ಗಚ್ಛತಿ ಆದ್ದರಿಂದ ಪುರಾಣಃ. ಅವನು ನಿತ್ಯನಾದ ಈಶ್ವರನ ಪ್ರತಿಬಿಂಬ. ಆಜಾನಾದ ಹುಟ್ಟಿಲ್ಲದ ಭಗವಂತನ ಪ್ರತಿಬಿಂಬ ಆದರೆ. ದೇವರು ಪುರಾಣ ಅಲ್ಲ, ಜೀವ ಪುರಾಣ.
ದೇಹದಿಂದ ದೇಹಕ್ಕೆ ಬೇರೆ ಬೇರೆ ದೇಹಗಳಿಗೆ ಪುಣ್ಯ ಕರ್ಮದ ವಶದಿಂದ ಸಂಚಾರ ಮಾಡುವವನು ಜೀವ. 
ಭಗವಂತ ಒಂದೇ ವಿಧದ ನಿತ್ಯವಾದ ದೇಹದ ಸಂಪರ್ಕ ಇರುವವನು. 
ಅಜೋ ನಿತ್ಯ ಶಾಶ್ವತೋಯಂ ಪುರಾಣಃ. 
ಯಾಕೆ ಪುರಾಣ? ನಹನ್ಯತೆ ಹನ್ಯಮಾನೇಪಿ ದೇಹೇ
ನೀವು ದೇಹವನ್ನು ನಾಶ ಮಾಡಬಹುದು.
ಕತ್ತಿಯಿಂದ ಕಡಿಬಹುದು.
ಬೆಂಕಿಯಿಂದ ಸುಟ್ಟು ಬೂದಿ ಮಾಡಬಹುದು.
ಆದರೆ ನಹನ್ಯತೆ ಅದರ ಒಳಗಡೆ ಇರುವ ಜೀವ ಅವನು ಸಾಯೋದಿಲ್ಲ.",5436,6164,,,107
kn_kannada_09_0008,kannada_09,kn,Dvaita,8,"ಹನ್ಯಮಾನೇಪಿ ದೇಹೇ ಅವನ ದೇಹವು ಸಾವಿಗೆ ಒಳಗಾದರು ನಹನ್ಯತೆ. 
ಅವನು ಸಾಯಲ್ಲ. 
ಅಲ್ಲಿಗೆ ದಾರದಲ್ಲಿ ಬೇರೆ ಬೇರೆ ಹೂವನ್ನ ಕಟ್ಟುತ್ತೇವೆ ನಾವು. 
ಹೂವು ಒಣಗುತ್ತದೆ, ಬಾಡುತ್ತದೆ, ಹೊಳೆತು ಹೋಗುತ್ತದೆ. 
ಆದರೆ ಕಟ್ಟಿದ ನಾರು ಹಗ್ಗ ಅದು ಏನು ಆಗುವುದಿಲ್ಲ. ಹಾಗೆ ಜೀವ ಹಗ್ಗದಂತೆ ಅವನು ಅನುಶ್ಯೂತನಾಗಿ ದೀರ್ಘಕಾಲದ ಒಳಗೆ ಉಳಿಯುತ್ತಾನೆ ಅವನಿಗೆ ಬಂದು ಹೋಗುವ ಸಂಪರ್ಕ ದೇಹದ್ದು ದೇಹವು ನಾಶ ಆಗ್ತದೆ ಆತ್ಮ ಜೀವ ಅನೇಕ ದೇಹಗಳಲ್ಲಿ ಅಲಿತಾ ಇರ್ತಾನೆ ಆದ್ದರಿಂದ ದೇಹ ನಾಶ ಆಯಿತು ಅಂತ ಅಳುವ ಅಗತ್ಯ ಇಲ್ಲ. 
ದೇಹ ನಾಶವಾದರೂ ಅದರ ಒಳಗಡೆ ಜೀವ ನಾಶ ಆಗುವುದಿಲ್ಲ. 
ಇದು ಉಪನಿಷತ್ತು ಜೀವನ ಬಗ್ಗೆ ಹೇಳಿದ ಏಕರೂಪತಿ. 
ಮತ್ತೊಮ್ಮೆ ಶ್ಲೋಕ ನಜಾಯತೆ ಮ್ರಿಯತೆ ವಾ ಕದಾಚಿನಿ ನಾಯಂ ಭೂತ್ವಾ ಭವಿತಾವಾನ ಭೂಯಃ
ಅಜೋ ನಿತ್ಯ ಶಾಶ್ವತೋಯಂ ಪುರಾಣೋ ನಹನ್ಯತೆ ಹನ್ಯಮಾನೇ ಶರೀರೇ
ವೇದಾ ವಿನಾಶಿನಂ ನಿತ್ಯಂ ಯೇ ಏರಮಜಮವ್ಯಯಂ ಕಥಂ ಸಪುರುಷ ಪಾರ್ಥ ಕಂಘಾತಯತಿ ಹಂತಿಕಂ ಇಲ್ಲಿಗೆ ಜೀವ ನಿತ್ಯ ಅಸ್ವತಂತ್ರ ಭಗವದಧೀನ ಅನ್ನೋದನ್ನ ಶ್ರೀಕೃಷ್ಣ ಮತ್ತೆ ಇಲ್ಲಿ ಜ್ಞಾಪಿಸುತ್ತಾನೆ.",6165,6921,,,108
kn_kannada_09_0009,kannada_09,kn,Dvaita,9,"ಪದ ವಿಭಾಗ ವೇದ ಅವಿನಾಶಿನಂ ನಿತ್ಯಂ ಯಹ ಏನಂ ಅಜಂ ಅವ್ಯಯಂ ಕಥಂ ಸಹ ಪುರುಷಃ ಪಾರ್ಥ ಕಂ ಘಾತಯತಿ ಹಂತಿ ಕಂ ಯಹ ಯಾರು ಏನಂ ಈ ಜೀವನನ್ನು ಅವಿನಾಶಿನಂ ವೇ ಭೇದ
ನಿತ್ಯಂ ಭೇದ
ಯಾರು ಈ ಜೀವನನ್ನು ನಾಶವಿಲ್ಲದವನು
ನಿತ್ಯ ಎಂಬುದಾಗಿ ತಿಳಿಯುತ್ತಾನೋ
ಅದರಂತೆ ಅಜಂ ಹುಟ್ಟಿಲ್ಲ
ಅವ್ಯಯಂ ವ್ಯತ್ಯಾಸವಿಲ್ಲ
ಅವನಿಗೆ ಯಾವ ವ್ಯತ್ಯಾಸವೂ ಇಲ್ಲ ಹುಟ್ಟು ಇಲ್ಲ ನಾಶವು ಇಲ್ಲ ಅವನು ನಿತ್ಯ ಹೀಗೆ ಏನಂ ಯಹ ವೇದ ತಿಳಿತಾನ ಸಹ ಪುರುಷಃ ಅಂತಹ ವ್ಯಕ್ತಿಯು ಕಂ ಘಾತಯತಿ ಪಾರ್ಥ ಕಂ ಘಾತಯತಿ ಹೀಗೆ ತಿಳಿತಾನ ಇದವನು ಮತ್ತೊಬ್ಬನನ್ನು ಕೊಲ್ಲೋ ಸಾಧ್ಯನಾ? ಯಾಕೆ ಮತ್ತೊಬ್ಬ ಅಂದ್ರೆ ಅವನ ಆತ್ಮ. ಅವನಿಗೆ ಸಾವಿಲ್ಲ. ಅಂದಮೇಲೆ ನಾನು ಅವನನ್ನು ಕೊಂದೆ ಅಂದ್ರೆ ಕೊಲ್ಲೋಕೆ ಸಾಧ್ಯವಿಲ್ಲ. ನಿನ್ನ ಕತ್ತಿಗೆ ಸಿಗಲ್ಲ ಅವನು. ಕಂ ಘಾತಯತಿ ಯಾರನ್ನು ತಾನೇ ಕೊಲ್ಲೋದಕ್ಕೆ ಸಾಧ್ಯ? ಕಂ ಹಂತಿ ಘಾತಯತಿ ಅಂದ್ರೆ ಅಂದ್ರೆ ಮತ್ತೊಬ್ಬರಿಂದ ಕೊಲ್ಲಿಸುವುದು.",6922,7569,,,100
kn_kannada_09_0010,kannada_09,kn,Dvaita,10,"ಕಮ್ ಹಂತಿ ಅಂದ್ರೆ ಮತ್ತೊಬ್ಬರನ್ನು ತಾನೇ ಕೊಲ್ಲೋದು. 
ಯಾರು ಜೀವನನ್ನು ಅಜರ ಅಮರ ಹುಟ್ಟಿಲ್ಲ ಸಾವಿಲ್ಲ ಅಂತ ತಿಳಿದಿರುತ್ತಾನೋ ಅಂತಹ ವ್ಯಕ್ತಿಯು ಆ ಜೀವನನ್ನ ಮತ್ತೊಬ್ಬರಿಂದ ಹೇಗೆ ತಾನೇ ಕೊಲ್ಲಿಸಿಯಾನು ಅಥವಾ ತಾನೇ ಆ ಜೀವನನ್ನು ಹೇಗೆ ಕೊಂದಾನು? 
ಅರ್ಥಾತ್ ಜೀವನು ನಿತ್ಯನಾದ್ದರಿಂದ ನಾವು ಮತ್ತೊಬ್ಬರನ್ನು ಕೊಲ್ಲಿಸುವುದಕ್ಕೂ ಸಾಧ್ಯವಿಲ್ಲ. 
ನಾವೇ ಮತ್ತೊಬ್ಬರನ್ನು ಕೊಲ್ಲುವುದಕ್ಕೂ ಸಾಧ್ಯವಿಲ್ಲ. 
ಆದ್ದರಿಂದ ಅರ್ಜುನ ನಾನು ನನ್ನ ಬಂಧುಗಳನ್ನು ಕೊಲ್ಲುತ್ತೇನೆ ಅಂತ ನೀನು ಅಂದುಕೊಳ್ಳಬೇಡ ಅಥವಾ ನನ್ನ ಸಹಾಯಕ್ಕೆ ನಿಂತ ಯೋಧರು ನಾನು ಹೇಳಿ ಶತ್ರುಗಳನ್ನ ಬಂಧುಗಳನ್ನ ಕೊಲ್ತಾರೆ ಅಂತ ನಾನು ಕೊಲ್ಲಿಸ್ತಾ ಇದ್ದೇನೆ ಅಂತ ಪಾಪ ಪ್ರಜ್ಞನಿಗೆ ಬೇಡ. 
ನೀನು ಕೊಲ್ಲಿಸೋಕು ಆಗೋದಿಲ್ಲ ಅಸ್ವತಂತ್ರ. 
ಜೀವನು ನಿತ್ಯ. 
ನೀನು ಕೊಲ್ಲೋದಕ್ಕೂ ಆಗಲ್ಲ ಜೀವ ನಿನ್ನ ಕತ್ತಿಗೆ ಸಿಗುವ ವ್ಯಕ್ತಿ ಅಲ್ಲ. 
ಆದ್ದರಿಂದ ನಿತ್ಯ ಜೀವ ಅವನನ್ನು ನೀನು ಕೊಲ್ಲಿಸೋದಕ್ಕಾಗಲಿ ಸ್ವತಃ ಕೊಲ್ಲೋದಕ್ಕಾಗಲಿ ಆಗಲಿ ಸಾಧ್ಯವಿಲ್ಲ. 
ನೀನು ಅಸ್ವತಂತ್ರ ಜೀವ ನಿತ್ಯ. 
ಮತ್ತೊಮ್ಮೆ ಶ್ಲೋಕ ವೇದಾ ವಿನಾಶಿನಂ ನಿತ್ಯಂ ಏ ಏನ ಮಜಮವ್ಯಯಂ ಕಥಂ ಸಪುರುಷ ಪಾರ್ಥ ಕಂ ಘಾತಯತಿ ಹಂತಿಕಂ ಶ್ರೀಕೃಷ್ಣ
ಜೀವನು ನಿತ್ಯ
ಅವನು ಪುರಾಣಃ
ದೇಹದಿಂದ ದೇಹಕ್ಕೆ ಅಲಿತಾನೆ
ಇದಕ್ಕೊಂದು ಉದಾಹರಣೆ ಕೊಟ್ಟು ಇದು ಸಹಜ ಅಂತ ತಿಳಿಸುವ ಮೂಲಕ ಮರಣಕ್ಕೆ ನಾವು ವ್ಯಥೆ ಪಡಬಾರದು
ಒಳ್ಳೆ ಉದಾಹರಣೆ ಉದಾಹರಣೆಯನ್ನ ನೀಡ್ತಾ ಇದ್ದೇನೆ ಮುಂದಿನ ಶ್ಲೋಕದಲ್ಲಿ.",7571,8598,,,136
kn_kannada_09_0011,kannada_09,kn,Dvaita,11,"ವಾಸಾಂಸಿ ಜೀರ್ಣಾನಿ ಯಥಾ ವಿಹಾಯ ನವಾನಿ ಗ್ರಹ್ಣಾತಿ ನರೋಪರಾಣಿ ತಥಾ ಶರೀರಾಣಿ ವಿಹಾಯ ಜೀರ್ಣಾ ನ್ಯನ್ಯಾನಿ ಸಂಯಾತಿ ನವಾನಿ ದೇಹಿ. ಪದಾಭಿಭಾಗ ವಾಸಾಂಸಿ ಜೀರ್ಣಾನಿ ಯಥಾ ವಿಹಾಯ ನವಾನಿ ಗೃಹ್ಣಾತಿ ನರಹ ಅಪರಾಣಿ ತಥಾ ಶರೀರಾಣಿ ವಿಹಾಯ ಜೀರ್ಣಾ ಅನ್ಯಾನಿ ಸನ್ಯಾತಿ ನವಾನಿ ದೇಹಿ
ಸಾವು ಅಂದ್ರೆ ಒಂದು ದೇಹದಿಂದ ಮತ್ತೊಂದು ದೇಹಕ್ಕೆ ಪಯಣ
ಅದಕ್ಕೆ ಅಳಬೇಕಾದ ಅಗತ್ಯ ಇಲ್ಲ
ಅದಕ್ಕೆ ಶ್ರೀಕೃಷ್ಣ ಕೊಡುವ ಉದಾಹರಣೆ ವಾಸಾಂಸಿ ವಾಸಹ ಅಂದ್ರೆ ಬಟ್ಟೆ. ವಾಸಾಂಸಿ ಬಹುವಚನ ಬಟ್ಟೆಗಳನ್ನು. ಜೀರ್ಣಾನಿ ವಾಸಾಂಸಿ. ಜೀರ್ಣ ಅಂದ್ರೆ ಹಳೆದ. ಹಳೆಯದಾದ ಹರಿದ. ಹರಿದ ಬಟ್ಟೆಗಳನ್ನು ವಿಹಾಯ ಬಿಟ್ಟು ನರಹ ಮನುಷ್ಯನು. ಅಪರಾಣಿ ನವಾನಿ ಗ್ರಹ್ಣಾತಿ
ಹರಿದ ಬಟ್ಟೆಯನ್ನ ಆಕಡೆ ಹಾಕಿ ಮನುಷ್ಯ ಮತ್ತೊಂದು ಹೊಸ ಬಟ್ಟೆಯನ್ನ ಉಡುತಾನೆ.
ಹಬ್ಬ ಹರಿದಿನಗಳು ಬಂತು ದೀಪಾವಳಿ ಬಂತು
ಹರಿದ ಹಳೆಯ ಬಟ್ಟೆಗಳನ್ನ ಆಚೆ ಹಾಕ್ತಿವಿ ಹೊಸ ಬಟ್ಟೆಗಳನ್ನ ತೊಟ್ಟು ಕುಣಿತಿವಿ.
ಹೇಗೋ ಹಾಗೆ ತಥಾ ದೇಹಿ ಅನ್ನೋದು ಕರ್ತೃಪದ ಕೊನೆನಲ್ಲಿದೆ.",8599,9305,,,100
kn_kannada_09_0012,kannada_09,kn,Dvaita,12,"ತಥಾ ದೇಹಿ ಜೀರ್ಣಾನಿ ಶರೀರಾಣಿ ವಿಹಾಯ ಮುದಿಯಾದ ಈ ದೇಹಗಳನ್ನ ಬಿಟ್ಟು ಅನ್ಯಾನಿ ನವಾನಿ ಸಯ್ಯಾತಿ ಬೇರೊಂದು ಹೊಸ ದೇಹಗಳಿಗೆ ಹೋಗ್ತಾನೆ. ಹೇಗೆ ಹಳೆ ಬಟ್ಟೆಗಳನ್ನ ಕಳಚಿ ಹೊಸ ಬಟ್ಟೆ ಉಟ್ಟಾಗ ಹಳೆ ಬಟ್ಟೆ ಹೋಯಿತು ಅಂತ ನಾವು ದುಃಖ ಪಡೋದಿಲ್ಲ ಹೊಸ ಬಟ್ಟೆಯ ಆನಂದದಲ್ಲಿ ಮುಳುಗುತ್ತೇವೋ ಹಾಗೆ ಮರಣ ಅಂದ್ರೆ ಹಳೆ ದೇಹಗಳನ್ನ ಬಿಟ್ಟು ಹೊಸ ದೇಹಗಳನ್ನ ಪಡೆಯೋದು ಇದಕ್ಕೆ ಯಾಕೆ ಅಳಬೇಕು ನಾವು ನಗಬೇಕು ಮುದಿಯಾದ
ಅಶಕ್ತವಾದ
ಕೆಲಸಕ್ಕೆ ಬಾರದ ಈ ದೇಹಗಳನ್ನ ತೊಡೆದು ನಮ್ಮ ಹಿರಿಯರು ಮತ್ತೊಂದು ಸದೃಢವಾದ ದೇಹವನ್ನ ಪ್ರವೇಶಿಸುತ್ತಾರೆ ಆ ಸಂದರ್ಭ ಸಾವು.
ಇದಕ್ಕೆ ಯಾಕೆ ಕಳೆಯಬೇಕು ನಾವು
ನವಾನಿ ಗೃಹ್ಣಾತಿ ನರೋಪರಾಣಿ
ಶರೀರಕ್ಕೆ ಬೇರೆ ಬೇರೆ ಬಟ್ಟೆಗಳು ಬಂದಂತೆ
ಆತ್ಮನಿಗೆ ಬಟ್ಟೆಯಂತೆ ಬೇರೆ ಬೇರೆ ದೇಹಗಳು ಬರುತ್ತವೆ.
ಅದಕ್ಕಾಗಿ ಅಳುವ ಅಗತ್ಯ ಇಲ್ಲ.
ಆದ್ದರಿಂದ ದೇಹ ನಾಶವೇ ಮರಣ.
ದೇಹ ನಾಶ ಅಂದ್ರೆ ಬಟ್ಟೆ ಬದಲಾಯಿಸಿದಂತೆ.
ಹಳೆ ಬಟ್ಟೆ ಬಿಟ್ಟು ಹೊಸ ಬಟ್ಟೆ ಹಳೆಯ ದೇಹ ಬಿಟ್ಟು ಹೊಸ ದೇಹ.",9306,10006,,,105
kn_kannada_09_0013,kannada_09,kn,Dvaita,13,"ಆದ್ದರಿಂದ ಜೀರ್ಣವಾದ ಬಟ್ಟೆ ಹೋದಾಗ ಹೇಗೆ ವ್ಯಥೆ ಪಡುವುದಿಲ್ಲವೋ ಜೀರ್ಣವಾದ ದೇಹ ಹೋದಾಗ ದುಃಖಿಸುವ ಅಗತ್ಯ ಇಲ್ಲ. 
ಈ ಅರ್ಥದಲ್ಲಿ ಸಾವು ಅಂದ್ರೆ ಹುಟ್ಟು. 
ಹುಟ್ಟು ಅಂದ್ರೆ ಸಾವು. 
ಸಾವು ಅಂದ್ರೆ ಹುಟ್ಟು ಹೇಗೆ ಈ ದೇಹ ಬಿಡುತ್ತೇವೆ ಹೊಸ ದೇಹಕ್ಕೆ ಬರ್ತೇವೆ. ಅಲ್ಲಿಗೆ ಸಾವಿನ ಮತ್ತೊಂದು ಮಗ್ಗುಲೇ
ಹುಟ್ಟು.
ಹುಟ್ಟು ಸಾವು ಹೇಗೆ ಒಂದು ಹೊಸ ದೇಹದ ಸಂಪರ್ಕ ಪಡಿಬೇಕಾದರೆ ಹಳೆದನ್ನ ಬಿಡಲೇಬೇಕು.
ಅಲ್ಲಿಗೆ ಹುಟ್ಟಿನ ಮತ್ತೊಂದು ಮಗ್ಗುಲು ಸಾವು.
ಅಂದ ಸಾವು ಅಂದ್ರೆ ಹುಟ್ಟು ಹುಟ್ಟು ಅಂದ್ರೆ ಸಾವು.
ಹುಟ್ಟುವಾಗ ಹೇಗೆ ನಾವು ದುಃಖ ಪಡೋದಿಲ್ಲವೋ ಸಾವಿಗೂ ಅಳಬೇಕಾದ ಅಗತ್ಯ ಇಲ್ಲ. ಬಹಳ ಸುಲಲಿತವಾದ ಮನಸ್ಸಿಗೆ ಒಪ್ಪುವ ದೃಷ್ಟಾಂತವನ್ನು ಶ್ರೀಕೃಷ್ಣ ಹೇಳಿ
ಹಿರಿಯರ ಸಾವಿಗೆ ಅಡಬೇಡ ಅಂತ ಅರ್ಜುನನಿಗೆ ಸಮಾಧಾನ ಹೇಳಿದ್ದಾರೆ.
ಮತ್ತೊಮ್ಮೆ ಶ್ಲೋಕ
ವಾಸಾಂಸಿ ಜೀರ್ಣಾನಿ ಯಥಾ ವಿಹಾಯ ನವಾನಿ ಗ್ರಹ್ಣಾತಿ ನರೋಪರಾಣಿ ತಥಾ ಶರೀರಾಣಿ ವಿಹಾಯ ಜೀರ್ಣಾನ್ಯನ್ಯಾನಿ ಸಂಯಾತಿ ನವಾನಿ ದೇಹಿ
ಹಿಂದೆ ಹೇಳಿದ ಪುರಾಣ ಅಂದ್ರೆ ಪುರದಿಂದ ಪುರಕ್ಕೆ ಚಲಿಸುವವನು ಅನ್ನೋದನ್ನ ಶ್ರೀಕೃಷ್ಣ ಈ ಶ್ಲೋಕದಿಂದ ವಿವರಿಸಿದ್ದಾನೆ ಬಹಳ ಸುಂದರವಾದ ದೃಷ್ಟಾಂತವನ್ನು ಕೊಟ್ಟು ಯಾರೇ ನಮ್ಮಿಂದ ಅಗಲಿದಾಗ ಈ ರೀತಿಯ ಸಮಾಧಾನವನ್ನು ಪಟ್ಟಿಕೊಳ್ಳಬೇಕು ಅನ್ನೋ ನಿರ್ದೇಶನವನ್ನ ವ್ಯಾಸರು ಈ ಮೂಲಕ ನಮಗೆ ಇಟ್ಟಿದ್ದಾರೆ.",10008,10942,,,127
kn_kannada_09_0014,kannada_09,kn,Dvaita,14,ಮುಂದಿನ ಶ್ಲೋಕವನ್ನ ಮುಂದಿನ ಭಾಗದಲ್ಲಿ ನೋಡೋಣ. ಈ ಪ್ರವಚನದ ಸೇವೆಯನ್ನು ದೀರ್ಘವಾಗಿ ಶ್ರೀಯುತ ಮರವೀಕರಿ ಮುರಳೀಧರರಾವ್ ಅವರು ನಡೆಸಿಕೊಡ್ತಾ ಇದ್ದಾರೆ. ಅವರಿಗೆ ಶ್ರೀಕೃಷ್ಣ ಸಕಲ ವಿಧದ ಅಭಿಷ್ಟಗಳನ್ನು ಪೂರೈಸಲಿ ಅಂತ ಪ್ರಾರ್ಥನೆ ಮಾಡೋಣ. ಶ್ರೀಕೃಷ್ಣಾರ್ಪಣಮಸ್ತು.,10943,11155,,,25
kn_kannada_10_0000,kannada_10,kn,Dvaita,0,"ಶ್ರೀ ಗುರುಭ್ಯೋ ನಮಃ ಹರಿಃ ಓಂ ಶ್ರೀಕೃಷ್ಣ
ಹಿಂದಿನ ಶ್ಲೋಕದಲ್ಲಿ
ಬಟ್ಟೆಯ ಉದಾಹರಣೆಯನ್ನು ಕೊಟ್ಟು
ದೇಹವು ಬಟ್ಟೆಯಂತೆ
ಹಳೆ ಬಟ್ಟೆಯನ್ನು ಬಿಟ್ಟು ಹೊಸ ಬಟ್ಟೆಯನ್ನು ಉಟ್ಟಾಗ
ಹೇಗೆ ವ್ಯಥೆ ಇಲ್ಲವೋ
ಹಳೆ ದೇಹವನ್ನು ಬಿಟ್ಟು ಹೊಸ ದೇಹವನ್ನು ಪಡೆಯೋದೇ ಮರಣ.
ಆದ್ದರಿಂದ
ಮರಣದ ಸಂದರ್ಭದಲ್ಲೂ
ದುಃಖವನ್ನು ಪಡಬೇಕಾದ ಅಗತ್ಯ ಇಲ್ಲ ಅಂತ ಹೇಳಿದ.
ಒಟ್ಟಿನಲ್ಲಿ ಜೀವನು ನಿತ್ಯ ಅನ್ನೋದು ಕೃಷ್ಣನ ಅಭಿಪ್ರಾಯ.
ಅವನು ನಿತ್ಯ ಆಗಿರಬಹುದು
ಯಾವುದೋ ಒಂದು ಆಯುಧ ವಿಶೇಷದಿಂದ ಅವನಿಗೆ ಸಾವು ಬರಬಹುದೇ ಅನ್ನೋ ಪ್ರಶ್ನೆಗೆ ಉತ್ತರವನ್ನ 23ನೇ ಶ್ಲೋಕದಲ್ಲಿ ಶ್ರೀಕೃಷ್ಣ ಕೊಡ್ತಾ ಇದ್ದಾನೆ. ನೈನಂ ಚಿಂದಂತಿ ಶಸ್ತ್ರಾಣಿ ನೈನಂ ದಹತಿ ಪಾವಕಃ ನಚೈನಂ ಕ್ಲೇದಯಂತ್ಯಾಪಃ ನಶೋ ಉಷಾಯತಿ ಮಾರುತಃ
ಪದ ವಿಭಾಗ
ನೈನಂ ತಿದೆ ಅದು ಒಂದು ಪದ ಅಲ್ಲ
ನ ಏನಂ
ಚಿಂದಂತಿ ಶಸ್ತ್ರಾಣಿ
ನ ಏನಂ ದಹತಿ ಪಾವಕಃ
ನ ಚ ಏನಂ ಕ್ಲೇದಯಂತಿ ಆಪಹ ನ ಶೋಷಯತಿ ಮಾರುತಃ ಈ ಜೀವನನ್ನು ಏನಂ ಈ ಜೀವನನ್ನು ಶಸ್ತ್ರಾಣಿ ನಚ್ಚಿಂದಂತಿ ಯಾವುದೇ ಶಸ್ತ್ರಗಳು ಇವನನ್ನು ಘಾಸಿಗೊಳಿಸಲಾರವು.",0,734,,,108
kn_kannada_10_0001,kannada_10,kn,Dvaita,1,"ಜೀವನನ್ನು ಕೊಲ್ಲುವ ಯಾವುದೇ ಶಸ್ತ್ರವು ಇಲ್ಲ.
ಎಂಥಾ ಹರಿತವಾದ ಚೂಪಾದ ಮನಜಾದ ಯಾವ ಆಯುಧದ ಆಘಾತಕ್ಕೂ ಆತ ಒಳಗಾಗುವುದಿಲ್ಲ.
ನೈನಂ ದಃ ಅತಿ ಪಾವಕಃ. 
ಪಾವಕ ಅಂದ್ರೆ ಬೆಂಕಿ. 
ನೀವು ಬೆಂಕಿಯಲ್ಲಿ ಹಾಕಿ ಗಂಟೆಗಟ್ಟಲೆ ಸುಟ್ಟರು ಅವನು ಸುಟ್ಟು ಬೂದಿಯಾಗುವುದಿಲ್ಲ. 
ಏನಂ ಪಾವಕಃ ನದಹತಿ. 
ಇವನನ್ನು ಬೆಂಕಿಯು ಸುಡಲಾರದು. 
ನಚೈನಂ ಕ್ಲೇದಯಂತಿ ಆಪಃ ಪ್ರಕೃತಿಯಲ್ಲಿ ನೀರು, ಬೆಂಕಿ, ಗಾಳಿ, ಪೃಥ್ವಿ ಈ ನಾಲ್ಕು ಪ್ರಾಕೃತ ವಸ್ತುಗಳನ್ನು ನಾಶ ಮಾಡುವ ಸಾಧನಗಳು. ಪೃಥ್ವಿ ಅಂದ್ರೆ ಶಸ್ತ್ರಾಸ್ತ್ರಗಳು. ಅದಕ್ಕೆ ಸಿಗೋದಿಲ್ಲ ಜೀವ. ಬೆಂಕಿಯ ದಾಹಕ್ಕೆ ಸುಟ್ಟು ಬೂಗ್ದಿ. ಆಗೋದಕ್ಕೆ ಜೀವ ಸಾಧ್ಯವಿಲ್ಲ.
ನೀರು ನೀರು ತನ್ನಲ್ಲಿ ಬಿದ್ದ ವಸ್ತುವನ್ನ ಮೃದು ಮಾಡಿ ಮಾಡಿ ಮಾಡಿ ಒಂದು ದಿವಸ ನಾಶ ಮಾಡಬಹುದು.
ಆದರೆ ಏನಂ ಆಪಹ ನಕ್ಲೇದಯಂತಿ ಜೀವನನ್ನು ಆಪಹ ಅಂದ್ರೆ ನೀರುಗಳು ನಕ್ಲೇದಯಂತಿ ಒದ್ದೆ ಮಾಡಲಾರವು.
ವರ್ಷಗಟ್ಟಲೆ ನೀರಿನಲ್ಲಿ ಇದ್ದರೂ ಜೀವ ತೋಯೋದಿಲ್ಲ.
ನೀರಿನಿಂದ ಒದ್ದೆ ಆಗೋದಿಲ್ಲ ಜೀವ.
ನಶೋಷಯತಿ ಮಾರುತಃ.
ಗಾಳಿಯ ಸ್ವಭಾವ ಒದ್ದೆಯಾದ್ದನ್ನ ಒಣಗಿಸೋದು.",735,1488,,,102
kn_kannada_10_0002,kannada_10,kn,Dvaita,2,"ನೀರು ಒಣಗಿಸೋದು. ಒಣಗಿದ್ದನ್ನ ಒದ್ದೆ ಮಾಡುತ್ತದೆ. 
ಗಾಳಿ ಒದ್ದೆಯನ್ನ ಒಣಗಿಸುತ್ತದೆ. ಪ್ರಕೃತಿಯಲ್ಲೇ ಎಲ್ಲಾ ಸಾಧನವು ಇದೆ. 
ಆದರೆ ಜೀವನನ್ನು ನಶೋಷಯತಿ ಒಣಗಿಸಲಾರದು. 
ಗಾಳಿಗೆ ಒಣಗದ ನೀರಿಗೆ ತೋಯದ ಬೆಂಕಿಗೆ ಸುಡದ ಶಸ್ತ್ರಗಳಿಗೆ ಸಿಗದ ಅಚ್ಛೇದ್ಯವಾದ ವಸ್ತು. ಮತ್ತು ಜೀವ
ಪ್ರಾಕೃತಿಕವಾದ ಯಾವುದೇ ಸಾಧನಗಳು ಅವನ ಸಾವನ್ನು ಮಾಡುವುದಕ್ಕೆ ಶಕ್ತಗಳಲ್ಲ. 
ಆದ್ದರಿಂದ ಜೀವ ಸಾಯುತ್ತಾನೆ ಅಂತ ನಿಮಗೆ ಸಂಶಯದ ಲೇಶವೂ ಬೇಡ ಅಂತ ಕೃಷ್ಣ ಅವನನ್ನು ಕೊಲ್ಲುವ ಸಾಧನವೇ ಇಲ್ಲ ಅಂತ ಹೇಳುವ ಮೂಲಕ ಇಲ್ಲಿ ಸ್ಪಷ್ಟಪಡಿಸಿದ್ದಾರೆ. ಮತ್ತೊಮ್ಮೆ ಶ್ಲೋಕ ನೈನಂ ಛಿಂದಂತಿ ಶಸ್ತ್ರಾಣಿ ನೈನಂ ದಹತಿ ಪಾವಕಃ ನಚೈನಂ ಕ್ಲೇದಯಂತ್ಯಾಪಃ ನಶೋಷಯತಿ ಮಾರುತಃ ಹೌದು ಇವತ್ತು ನಿನ್ನೆ ಅವನು ಸತ್ತಿಲ್ಲ 
ಎಂದಾದರೊಮ್ಮೆ ಸಾಯಬಹುದಲ್ಲ 
ಅನ್ನುವ ಪ್ರಶ್ನೆಯೇ ಬೇಡ ಅಂತಾನೆ ಶ್ರೀಕೃಷ್ಣ ಮುಂದಿನ ಶ್ಲೋಕದಲ್ಲಿ 
24ನೆಯ ಶ್ಲೋಕ 
ಅಚ್ಛೇದ್ಯೋಯಂ 
ಅದಾಹ್ಯೋಯಂ 
ಅಕ್ಲೇದ್ಯೋಶೋಷ್ಯ ಏವಚ 
ನಿತ್ಯ ಸರ್ವಗತ ಸ್ಥಾಣು ಅಚಲೋಯಂ ಸನಾತನಃ
ಪದ ವಿಭಾಗ
ಅಚ್ಛೇದ್ಯಃ ಅಯಂ
ಅದಾಹ್ಯಃ ಅಯಂ
ಅಕ್ಲೀದ್ಯಃ ಅಯಂ
ಅಶೋಷ್ಯಃ ಏವ ಚ ನಿತ್ಯಃ ಸರ್ವಗತ ಸ್ಥಾನುಹು ಅಚಲಃ ಅಯಂ ಸನಾತನಃ ಹಿಂದೆ ಶಸ್ತ್ರಗಳಿಂದ ಅವನನ್ನು ತುಂಡಲಿಸಲಾಗದು ಬೆಂಕಿಯಿಂದ ಅವನನ್ನು ಸುಡಲಾಗದು ನೀರಿನಿಂದ ತೋಯಿಸಲಾಗದು ಗಾಳಿಯಿಂದ ಒಣಗಿಸಲಾಗದವು.",1489,2407,,,119
kn_kannada_10_0003,kannada_10,kn,Dvaita,3,"ಇದನ್ನೇ ಶ್ರೀಕೃಷ್ಣ ಹೇಳ್ತಾ ಇದ್ದಾನೆ. ಅಯಂ ಅಚ್ಛೇದ್ಯಃ ಇವನು ಛೇದ ಯೋಗ್ಯನಲ್ಲ. ಛೇದ ಅಂದ್ರೆ ತುಂಡು ಮಾಡೋದು. ಯಾವುದೇ ಆಯುಧಗಳಿಂದ ಇವನನ್ನ ತುಂಡರಿಸುವುದಕ್ಕೆ ಸಾಧ್ಯವಿಲ್ಲ. ಆದ್ದರಿಂದ ಇವನು ಅಚ್ಛೇದ್ಯ. ಛೇದ್ಯ. ಛೇದ್ಯ ಅಂದ್ರೆ ತುಂಡು ಮಾಡೋದಕ್ಕೆ, ಗಾಯ ಮಾಡೋದಕ್ಕೆ ಯೋಗ್ಯವಾದ ವಸ್ತು. ಇವನ ಅಂಥವನಲ್ಲ ಅಚ್ಛೇದ್ಯ. ದಾಶ್ಯ ಅಂದ್ರೆ ದಹನಕ್ಕೆ ಯೋಗ್ಯವಾದದ್ದು. ಸುಡುವಂತಹ ವಸ್ತು. ಕಟ್ಟಿಗೆ, ಕಾಗದ, ಇವೆಲ್ಲಾ ದಾಹ್ಯಗಳು.
ಬೆಂಕಿಯ ಆಘಾತಕ್ಕೆ ಒಳಗಾಗಿ ಬೂದಿಯಾಗಬಲ್ಲವು.
ಆದರೆ ಜೀವ ಅದಾಹ್ಯಃ.
ಅವನು ಬೆಂಕಿಯ ದಾಹಕ್ಕೆ ನಾಶವಾಗುವುದಿಲ್ಲ.
ಅಕ್ಲೇದ್ಯಃ ನೀರು ಬಟ್ಟೆಯನ್ನು ತೋಯಿಸುತ್ತದೆ. ಧೂಳನ್ನ
ಕೆಸರು ಮಾಡುತ್ತೆ.
ಅದು ಕ್ಲೇದ್ಯ ಬಟ್ಟೆಯು ಕ್ಲೇದ್ಯ ಅಂದ್ರೆ ನೀರಿಗೆ ತೋಯ್ತದೆ.
ಆದರೆ ಜೀವ ಅಕ್ಲೇದ್ಯ ಅಂದ್ರೆ ನೀರಿನಿಂದ ತೋಯೋದಿಲ್ಲ.
ಅಕ್ಲೇದ್ಯಃ
ಗಾಳಿಗೆ ಒಣಗುತ್ತೆ. ನೆಲವು ಬಟ್ಟೆಯು. ಅದು ಶೋಷ್ಯ ಗಾಳಿಗೆ ಒಣಗುವಂತದ್ದು ಶೋಷ್ಯ. ಜೀವ ಗಾಳಿಗೆ ಒಣಗಲ್ಲ ಆದ್ದರಿಂದ ಅಶೋಷ್ಯಃ ಅವನನ್ನು ಶೋಷಣೆ ಮಾಡುವುದು ಒಣಗಿಸುವುದು ಸಾಧ್ಯವಿಲ್ಲ. ಅಲ್ಲಿಗೆ ಇವನು ಅಚ್ಛೇದ್ಯ ಇವನು ಅದಾಹ್ಯ. ಇವನು ಅಕ್ಲೇದ್ಯ ಇವನು ಅಶೋಷ್ಯ.",2408,3220,,,103
kn_kannada_10_0004,kannada_10,kn,Dvaita,4,"ಪೃಥ್ವಿ ಬೆಂಕಿ ನೀರು ಗಾಳಿಗಳ ಆಘಾತಕ್ಕೆ ಒಳಗಾಗದವ.
ನಿತ್ಯಹ ಆದ್ದರಿಂದ ಅವನಿಗೆ ಸಾವಿಲ್ಲ.
ಸರ್ವಗತ ಸ್ಥಾನುಹು ಒಂದು ಪದ ಅಂತ ಪರಿಗಣಿಸಬೇಕು ಇದನ್ನ.
ಸರ್ವಗತ ಅಂದ್ರೆ ಎಲ್ಲೆಡೆ ಇರುವವನು ದೇವರು.
ಸ್ಥ ಆ ದೇವರಲ್ಲಿ ಇರುವ ಅಣುಹು ಪುಟ್ಟ ಗಾತ್ರದ ಸ್ವರೂಪ ಜೀವನದು.
ದೇವರನ್ನು ಆಶ್ರಯಿಸಿಕೊಂಡಿರುವ ಅಣು ವಸ್ತು ಜೀವ.
ದೇ ಇವರಿಗೆ ಇದು ಯಾವುದು ಇಲ್ಲ.
ಅವನ ಅಚ್ಛೇದ್ಯ ಅಭೇದ್ಯ.
ಅವನನ್ನು ಆಶ್ರಯಿಸಿಕೊಂಡಿರುವ ಅವನ ರಕ್ಷಣೆಯಲ್ಲಿರುವ ಜೀವನಿಗೂ ಈ ಯಾವುದು ಯಾವ ತೊಂದರೆಯನ್ನು ಮಾಡಲಾರವು.
ನಿತ್ಯ ಸರ್ವಗತ ಯಾವಾಗಲೂ ಎಲ್ಲೆಡೆ ಇರುವವನು ಪರಮಾತ್ಮ. ಅವನಲ್ಲಿ ಸ್ಥ ಅಂದ್ರೆ ಇರುವ ಅಣುಹು ಅಣು ವಸ್ತು ಜೀವ. ಇದಕ್ಕೆ ಭಾಷ್ಯದಲ್ಲಿ ಮಧ್ವಾಚಾರ್ಯರು ಈ ಅರ್ಥ ಮಾಡಲಿಕ್ಕೆ ಆಧಾರವನ್ನು ಕೊಡುತ್ತಾರೆ. ನಿತ್ಯಂ ಸರ್ವಗತೇ ವಿಷ್ಣು ಅಣುರ್ಜೀವೋ ವ್ಯವಸ್ಥಿತಃ ವಿಷ್ಣು ಪುರಾಣ. ನೋಡಿ ಇಲ್ಲಿದ್ದೆ ಈ ಅರ್ಥವನ್ನ ಪುರಾಣ ಬಿಡಿಸ್ತಾ ಇದೆ. ನಿತ್ಯಂ ಸರ್ವಗತೇ ವಿಷ್ಣು ಸದಾ ಎಲ್ಲೆಡೆ ಇರುವ ದೇವರಲ್ಲಿ ಅಣುಹು ಜೀವಹ ವ್ಯವಸ್ಥಿತಹ ಅಣುವಾದ ಜೀವನು ಇದ್ದಾನೆ.",3221,3965,,,103
kn_kannada_10_0005,kannada_10,kn,Dvaita,5,"ಹೀಗೆ ಈ ಜೀವ ಸರ್ವಗತನಾದ ಪರಮಾತ್ಮನನ್ನು ಆಶ್ರಯಿಸಿಕೊಂಡಿರುವುದರಿಂದ ಅವನ ಅಚ್ಛೇದ್ಯಹ, ಅದಾಹ್ಯಹ, ಅಕ್ಲೇದ್ಯಹ, ಅಶೋಷ್ಯಹ.
ಸನಾತನಹ.
ಸನಾತನ ಧರ್ಮ ಅಂತ ನಾವು ಹೇಳ್ತೀವಿ.
ಸನಾತನ ಅಂದ್ರೆ ಸದಾತನ ಅಂತ ಅರ್ಥ.
ಯಾವತ್ತೂ ಇರುವಂತದ್ದು ಅಂತ.
ಅದನ್ನ ಈಗಾಗಲೇ ಹೇಳಿ ಆಗಿದೆ ನಾವು ನಿತ್ಯಹ ಅಂತ ಹೇಳೋದ್ರಿಂದ
ಅವನು ಯಾವಾಗಲೂ ಇರ್ತಾನೆ ಅಂತ ಹೇಳಿದಾಗಿದೆ. ಇಲ್ಲಿ ಸನಾತನ ಅನ್ನೋ ಶಬ್ದಕ್ಕೆ ರಾಘವೇಂದ್ರ ಸ್ವಾಮಿಗಳು
ಸನಾ ದಾನಃ ತಕಾರ ದಕಾರಗಳಿಗೆ ಅಭೇದ.
ಅಂದ ಸನಾತನ ಬಿಟ್ಟು ಸನಾ ದಾನ ಅಂತ ಇಟ್ಕೊಳ್ಳಿ.
ನಾದನ ಅಂದ್ರೆ ನಾದ ಅಂದ್ರೆ ಶಬ್ದ.
ನಾದನ ಅಂದ್ರೆ ಶಬ್ದ ಇರುವವನು ಶಬ್ದದಿಂದ ಸ ಕೂಡಿದವನು. ಅಂದ್ರೆ ಶಬ್ದ ಅಂದ್ರೆ ವೇದ.
ವೇದದ ವಿಧಿ ನಿಷೇಧಗಳಿಗೆ ಪಾತ್ರನು ಅಂತ ಅರ್ಥ.
ಇಂಥದ್ದನ್ನ ಮಾಡಬೇಡ, ಹಿಂಸೆ ಮಾಡಬೇಡ.
ಸತ್ಕರ್ಮಗಳನ್ನು ಮಾಡು.
ವೇದದಲ್ಲಿ ಕೆಲವುದನ್ನು ಮಾಡು, ಕೆಲವುದನ್ನು ಮಾಡಬೇಡ ಅಂತ ವಿಧಿ ನಿಷೇಧಗಳಿದೆ.
ಇದು ಯಾರಿಗೆ? ಈ ಪ್ರಪಂಚದಲ್ಲಿ ಮೂರು ವಿಧದ ಚೇತನರಿದ್ದಾರೆ. ಒಂದು ಸ್ವತಂತ್ರನಾದ ಪರಮಾತ್ಮ.",3966,4693,,,102
kn_kannada_10_0006,kannada_10,kn,Dvaita,6,"ಇನ್ನೊಂದು ಜೀವ. ಮತ್ತೊಂದು ವಸ್ತು ಚೇತನವಲ್ಲದ ಜಡ. ಕಲ್ಲು, ಮಣ್ಣು, ಗಾಳಿ. ಈ ಜಡವಾದ ವಸ್ತುಗಳಿಗೂ ವಿಧಿ ನಿಷೇಧಗಳ ಅಗತ್ಯ ಇಲ್ಲ. ಅವುಗಳಿಗೆ ಅಪ್ಲಿಕೇಬಲ್ ಅಲ್ಲ ಈ ವಿಧಿ ನಿಷೇಧಗಳು. ಕಣ್ಣಿಗೆ, ಕಲ್ಲಿಗೆ, ನೀರಿಗೆ ಇದನ್ನು ಮಾಡು ಮಾಡಬೇಡ ಅಂತ ಹೇಳುವ ಅಗತ್ಯ ಇಲ್ಲ.
ಇನ್ನು ದೇವರು ವಿಧಿ ನಿಷೇಧಗಳನ್ನ ಮೀರಿದವ.
ಹಾಗಾದರೆ ಇನ್ನು ಉಳಿದಿರೋದು ಜೀವ.
ಮಾಡು ಮಾಡಬೇಡ ಅನ್ನೋ ವಿಧಿ ನಿಷೇಧ ಅದು ಜೀವನಿಗೆ ಹಾಕಿದ ನಿರ್ಬಂಧ.
ಆದ್ದರಿಂದ ಈ ಜೀವ ಸನಾದಾನಃ ವಿಧಿ ನಿಷೇಧ ಬದ್ಧಾ
ಅವನು ಭಗವಂತನ ಅನುಗ್ರಹಕ್ಕೆ ಪಾತ್ರನಾಗಬೇಕಾದರೆ ಕೆಲವು ಕರ್ಮಗಳನ್ನ ಮಾಡಲೇಬೇಕು.
ಕೆಲವು ಕೆಲಸಗಳನ್ನ ಮಾಡಲೇಬಾರದು.
ಹೀಗೆ ಸನಾದಾನ ಅಂದ್ರೆ ವಿಧಿಬದ್ಧ ನಿಷೇಧಬದ್ಧ ವಿಧಿಗೆ ಒಳಗಾದವ ನಿಷೇಧ ಏ ಧಕ್ಕೆ ಒಳಗಾದವ ಕೆಲವು ಮಾಡತಕ್ಕ ಕೆಲವು ಬಿಡತಕ್ಕ ವಿಷಯಗಳಿಗೆ ಬದ್ಧನಾದವನು ಜೀವ. ಇದು ಸನಾತನ ಶಬ್ದದ ಅರ್ಥ. ಹೀಗೆ ಜೀವ ಯಾವುದೇ ಪ್ರಾಕೃತಿಕ ವಸ್ತುಗಳಿಂದ ವಿಕಾರಕ್ಕೆ ಯೋಗ್ಯನಲ್ಲ ಅವನು ಸರ್ವಗತನಾದ ಪರಮಾತ್ಮನ ರಕ್ಷಣೆಯಲ್ಲಿದ್ದಾನೆ.",4694,5413,,,100
kn_kannada_10_0007,kannada_10,kn,Dvaita,7,"ಆದರೆ ಪರಮಾತ್ಮ ವಿಧಿ ನಿಷೇಧಗಳಿಂದ ಅತೀತನಾದರೂ ಇವನಿಗೆ ವಿಧಿ ನಿಷೇಧಗಳಿವೆ. ಇಂಥವನು ಜೀವ ಅವನನ್ನು ನೀನು ಕೊಲ್ಲಲಾರೆ ತಸ್ಮಾತ್ ಯುದ್ಧಸ್ವ ಭಾರತ. ಮತ್ತೊಮ್ಮೆ ಶ್ಲೋಕ ಅಚ್ಛೇದ್ಯೋ ಯಮದಾಹ್ಯೋಯಂ ಅಕ್ಲೇದ್ಯೋ ಶೋಷ್ ಕ್ಷ ಏವಚ ನಿತ್ಯ ಸರ್ವಗತ ಸ್ಥಾನುಹು ಅಚಲೋಯಂ ಸನಾತನಃ 24ನೆಯ ಶ್ಲೋಕ ಮುಗೀತು 25ನೆಯ ಶ್ಲೋಕ ದೇವರು ಎಲ್ಲೆಡೆ ಇದ್ದಾನೆ ಅವನ ಪ್ರತಿಬಿಂಬ ಜೀವ ಅವನಲ್ಲಿ ರಕ್ಷಣೆ ಪಡೆದಿದ್ದಾನೆ ಈ ಜೀವ ಅಂತ ಹೇಳ್ತಾ ಇದ್ದೀರಿ.
ಹಾಗಾದರೆ ಯಾಕೆ ಕಾಣಿಸುವುದಿಲ್ಲ?
ಅವನ ಬಿಂಬ.
ನಾವು ಪ್ರತಿಬಿಂಬರು.
ಅವನು ಎಲ್ಲೆಡೆ ಇದ್ದಾನೆ.
ಅವನನ್ನ ಅವಲಂಬಿಸಿಕೊಂಡು ಅವನಲ್ಲಿ ನಾವಿದ್ದೇವೆ.
ಹಾಗಾದರೆ ಅವನು ಯಾಕೆ ಕಾಣಿಸುವುದಿಲ್ಲ?
ನನ್ನ ಪ್ರಶ್ನೆಗೆ ಉತ್ತರ ಅವ್ಯಕ್ತೋಯಮಚಿಂಚೋಯಂ ಅವಿಕಾರ್ಯೋಯ ಮುಚ್ಚತೆ
ತಸ್ಮಾತ್ ಏನಂ ವಿಧಿತ್ವೈವಂ ನಾನುಶೋಚಿತುಮರ್ಹಸಿ
ಪದ ವಿಭಾಗ
ಅವ್ಯಕ್ತಃ
ಅಯಂ
ಅಚಿಂತ್ಯಃ
ಅಯಂ
ಅವಿಕಾರ್ಯಃ
ಅಯಂ
ಉಚ್ಚತೆ ತಸ್ಮಾತ್ ಏನಂ ವಿದಿತ್ವಾ ಏನಂ ಅನ್ನೋದು ಬೇರೆ ಪದ ವಿದಿತ್ವಾ ಏವಂ ನ ಅನುಶೋಚಿತುಂ ಅರ್ಹಸಿ. 
ಅಯಂ ಅವ್ಯಕ್ತಃ ಎಲ್ಲೆಡೆ ಇದ್ದ ಅನ್ನೋ ಮಾತ್ರಕ್ಕೆ ಅವನು ಕಾಣಿಸಬೇಕು ಅಂತ ಏನಿಲ್ಲ.",5414,6204,,,107
kn_kannada_10_0008,kannada_10,kn,Dvaita,8,"ಆಕಾಶ ಎಲ್ಲ ಕಡೆ ತುಂಬಿದೆ.
ಗಾಳಿ ನಮ್ಮ ಸುತ್ತಮುತ್ತಲೂ ಇದೆ.
ಆಕಾಶ ಗಾಳಿ ಕಾಣಿಸುತ್ತಾ?
ಅದರಂತೆ ದೇವರು ಎಲ್ಲೆಡೆ ಇದ್ದರೂ ಅಯಂ ಅವ್ಯಕ್ತಃ.
ಅವನು ನಮ್ಮ ಭೌತಿಕ ಕಣ್ಣಿಗೆ ಕಾಣಿಸುವುದಿಲ್ಲ.
ಅಲ್ಲ ಎಲ್ಲೆಡೆ ಇದ್ದಮೇಲೆ ಕಾಣಿಸುತ್ತಾ? ಕಾಣಿಸಬೇಕಲ್ಲ ಅವನಿಗೆ ದೇಹ ಇದೆಯಲ್ಲ
ಅಂದ್ರೆ ಆಕಾಶ ಕಾಣಿಸಲ್ಲ
ಗಾಳಿ ಕಾಣಿಸಿಲ್ಲ
ಅದಕ್ಕೆ ಆಕೃತಿ ಇಲ್ಲ ಆಕಾರ ಇಲ್ಲ ದೇಹ ಇಲ್ಲ
ಆದರೆ ದೇವರಿಗೆ ದೇಹ ಇದೆ ಮಾತನಾಡುತ್ತಾನೆ ನೋಡ್ತಾನೆ ಕೇಳುತ್ತಾನೆ
ಅಂದಮೇಲೆ ಅವನು ಕಾಣಿಸಬೇಕಲ್ಲ ಅಂದ್ರೆ ಅಚಿಂತ್ಯೋಯಂ
ದೇಹ ಇದ್ದರೂ ಕಾಣಿಸದ ಅಚಿಂತ್ಯ ಶಕ್ತಿ
ನಮ್ ಅಮ್ಮ ಮನಸ್ಸಿಗೆ ಯೋಚನೆಗೆ ಬರದ ಒಂದು ಅದಮ್ಯವಾದ ಶಕ್ತಿ ದೇವರಿಗಿದೆ. 
ಆದ್ದರಿಂದ ದೇಹ ಇದ್ದು ಎಲ್ಲೆಡೆ ವ್ಯಾಪಿಸಿಕೊಂಡಿದ್ದರು ಅವ್ಯಕ್ತೋಯಂ ಕಣ್ಣಿಗೆ ಕಾಣಿಸಲ್ಲ. 
ಅವಿಕಾರಿಯೋಯಂ ಅವನಿಗೆ ಯಾವುದೇ ವಿಧದ ವಿಕಾರಗಳು ವ್ಯತ್ಯಾಸಗಳು ಇಲ್ಲ. 
ಉಚ್ಚತೆ ಹೀಗೆ ವೇದದಲ್ಲಿ ಹೇಳಲ್ಪಟ್ಟಿವೆ. ತಸ್ಮಾತ್ ಆದ್ದರಿಂದ ಏನಂ ವಿದಿತ್ವಾ ಇಂತಹ ಪರಮಾತ್ಮನ ಅಧೀನ ನಾನು ಅಂತ ನೀನು ಪರಮಾತ್ಮನ ಮಹಿಮೆಯನ್ನು ತಿಳಿದು ಏವಂ ಶೋಚಿತಂ ನ ಅನುಶೋಚಿತಂ ನ ಅರ್ಹಸಿ.",6205,6981,,,106
kn_kannada_10_0009,kannada_10,kn,Dvaita,9,"ಅಯ್ಯೋ ನಾನು ಕೊಲ್ತೇನೆ ಇವರು ಸಾಯ್ತಾರೆ. ಎಂತ ನೀನು ವ್ಯಥೆ ಪಡುವ ಅಗತ್ಯ ಇಲ್ಲ, ನೀನು ಕೊಲ್ಲೋನು ಅಲ್ಲ, ನೀನು ಸಾಯಿಸುವವನು ಅಲ್ಲ, ಅವರು ಸಾಯುವುದು ಇಲ್ಲ. 
ಭಗವಂತನ ಸಂಕಲ್ಪದಂತೆ ಇದು ನಡೀತದೆ, ಅವನ ಬಿಂಬ ನೀನು ಪ್ರತಿಬಿಂಬ. 
ಒಳಗಡೆ ಇದ್ದು ಕೊಲ್ಲು ಅಂತ ನಿನಗೆ ಪ್ರೇರಣೆ ಮಾಡಿದ ಅಂದ್ರೆ ಅದರ ಹೊಣೆಯನ್ನ ಅವನು ಹೊರುತ್ತಾನೆ. 
ಅವನು ಕೊಲ್ಲಬೇಡ ಅಂತ ನಿನ್ನಲ್ಲಿ ಪ್ರೇರಣೆ ಮಾಡ್ತಾ ಇದ್ರೆ, ನೀನು ಕೊಂದ್ರೆ ನಿನ್ನನ್ನು ಬಿಡೋದಿಲ್ಲ. 
ಆದ್ದರಿಂದ ನ ಅನುಶೋಚಿತುಂ ಅರ್ಹಸಿ. 
ದುಃಖ ಪಡೋದಕ್ಕೆ ನೀನು ಅರ್ಹನಲ್ಲ. 
ಭಗವಂತನ ಸಂಕಲ್ಪದಂತೆ ಈ ಯುದ್ಧ ನಡೀತಾ ಇದೆ. 
ನೀನು ಯುದ್ಧ ಮಾಡಿ ಬಂಧುಗಳನ್ನು ಕೊಂದರು ಅವರು ಸಾಯಲ್ಲ, ನೀನು ಅವರ ದೇಹದ ವಿಯೋಗವನ್ನ ಮಾಡಿದ ಮಾತ್ರಕ್ಕೆ ನಿನಗೆ ತೊಂದರೆ ಬರೋದಿಲ್ಲ. ಅದು ಆದದ್ದು ಭಗವಂತನ ಸಂಕಲ್ಪ ನೀನು ಅಸ್ವತಂತ್ರ ಅಂತ ತಿಳಿದು ನಿನ್ನ ಈ ಕರ್ತವ್ಯದಲ್ಲಿ ತೊಡಗು. 
ಮತ್ತೊಮ್ಮೆ ಶ್ಲೋಕ ಅವ್ಯಕ್ತೋಯಮಚಿಂತ್ಯೋಯಂ ಅವಿಕಾರಿಯೋಯಮುಚ್ಚತೆ ತಸ್ಮಾದೇನಂ ವಿದಿತ್ವೈ ಜೀವಂ ನಾನು ಶೋಚಿತುಮರ್ಹಸಿ ಅನುಶೋಚಿತುಂ ದುಃಖಿಸಲು ನ ಅರ್ಹಸಿ ನೀನು ಅರ್ಹನಾಗಲಾರೆ ಅಂತ ಶ್ರೀಕೃಷ್ಣ ದೇಹ ಅನಿತ್ಯ ಆತ್ಮ ನಿತ್ಯ ಅಂತ ಇದುವರೆಗೆ ಹೇಳಿ ಮುಂದೆ ಬೇಕಾದರೆ ಜೀವನಿಗೆ ಸಾವಿದೆ ಅಂತಲೇ ಅನ್ಕೋ.",6982,7860,,,123
kn_kannada_10_0010,kannada_10,kn,Dvaita,10,"ಆದರೂ ನೀನು ಅಳುವ ಅಗತ್ಯ ಇಲ್ಲ ಅಂತ ಒಂದು ಇದು ವಾಸ್ತವ ಅಲ್ಲ ಯಾಕೆಂದರೆ ಜೀವನಿಗೆ ನಾಶ ಇಲ್ಲ ಅನ್ನೋದು ವಾಸ್ತವ. ಒಂದು ವೇಳೆ ನಾಶ ಇದೆ ಅಂತಲೇ ಇಟ್ಕೋ ಆದರೂ ನೀನು ದುಃಖ ಪಡುವ ಅಗತ್ಯ ಇಲ್ಲ ಅಂತ ಮುಂದಿನ 26ನೆಯ ಶ್ಲೋಕದಲ್ಲಿ ಶ್ರೀಕೃಷ್ಣ. ಕೃಷ್ಣ ನಿರೂಪಣೆ ಮಾಡುವವನಿದ್ದಾನೆ. ಒಟ್ಟಿನಲ್ಲಿ ಇದುವರೆಗೆ ಶ್ರೀಕೃಷ್ಣನ ಭಾವ ಜೀವ ಅಸ್ವತಂತ್ರ ಅವನಿಗೆ ನಾಶ ಇಲ್ಲ. ಆದ್ದರಿಂದ ಕೊಲ್ಲುವವನು ನೀನು ಅಲ್ಲ ಸಾಯುವವರು ಅವರಲ್ಲ ಆತ್ಮನಾಶಕ್ಕೋಸ್ಕರ ಅಳುವ ಅಗತ್ಯ ಇಲ್ಲ ದೇಹ ಇವತ್ತಲ್ಲ ನಾಳೆ ಬಿದ್ದು ಹೋಗುವಂತದ್ದೆ. ಆದ್ದರಿಂದ ನೀನು ಭಗವಂತನ ಆರಾಧನೆಯನ್ನು ದೃಷ್ಟಿಯಿಂದ ಈ ಕರ್ತವ್ಯದಲ್ಲಿ ನಿಶ್ಚಿಂತೆಯಿಂದ ತೊಡಗು.
ಮುಂದಿನ ಶ್ಲೋಕವನ್ನು ಮುಂದಿನ ಭಾಗದಲ್ಲಿ ನೋಡೋಣ.
ಈ ಪ್ರವಚನದ ಸೇವೆಯನ್ನು ದೀರ್ಘವಾಗಿ ಶ್ರೀಯುತ ಮರವೇಕರೆ ಮುರಳೀಧರರಾವ್ ಅವರು ನಡೆಸಿಕೊಡ್ತಾ ಇದ್ದಾರೆ. ಅವರಿಗೆ ಶ್ರೀಕೃಷ್ಣ ಸಕಲ ವಿಧದ ಅಭಿಷ್ಟಗಳನ್ನು ಪೂರೈಸಲಿ ಅಂತ ಪ್ರಾರ್ಥನೆ ಮಾಡೋಣ. ಶ್ರೀಕೃಷ್ಣಾರ್ಪಣಂ ಅಮೃತಂ.",7861,8561,,,95
kn_kannada_11_0000,kannada_11,kn,Dvaita,0,"ಶ್ರೀ ಗುರುಭ್ಯೋ ನಮಃ ಹರಿಃ ಓಂ 
ಧರ್ಮಕ್ಷೇತ್ರೇ ಕುರುಕ್ಷೇತ್ರೇ ಸಮವೇತಾಯುತ್ಸವಃ 
ಮಾಮಕಾ ಪಾಂಡವಾಶ್ಚೈವ 
ಕಿಮ ಕುರುವತ ಸಂಜಯಾ 
ಶ್ರೀಕೃಷ್ಣ 
25ನೆಯ ಶ್ಲೋಕದವರೆಗೆ ಎರಡು ಅಂಶಗಳನ್ನ
ಸ್ಪಷ್ಟಪಡಿಸಿದ್ದಾನೆ.
ಆತ್ಮ ನಿತ್ಯ
ದೇಹ ಅನಿತ್ಯ.
ದೇಹದ ಸಂಬಂಧ ನಮಗೆ ತಪ್ಪಿ ಹೋಗುತ್ತೆ ಅನ್ನುವ ಕಾರಣಕ್ಕೆ
ದುಃಖ ಪಡೋದಾದರೆ ಅದನ್ನ ತಡೆಯುವ ಕ್ರಮ ಬಂಧುಗಳಲ್ಲಿ ಅಭಿಮಾನ ಅತಿರೇಕವನ್ನು ಬಿಟ್ಟು ಸಾಮಾನ್ಯವಾದ ಭಾವವನ್ನು ತಾಡು. ಆತ್ಮ ಅವನಿಗಂತೂ ನಾಶವಿಲ್ಲ. ಈ ಪ್ರಪಂಚದಲ್ಲಿ ಸ್ವತಂತ್ರವಾದ ಒಂದು ವಸ್ತು ಇರೋದಾದರೆ ಅದು ಪರಮಾತ್ಮ ಮಾತ್ರ. ಅವನ ಸಂಕಲ್ಪದಂತೆ ಎಲ್ಲವೂ ನಡೆಯಬೇಕು. ನಾನು ಕೊಲ್ಲುತ್ತೇನೆ, ಅವನು ಸಾಯುತ್ತಾನೆ ಅಂತ ನಾವು ತಿಳ್ಕೊಂಡ್ರೆ ನಾವು ಕೊಲ್ಲುವವರು ಅಲ್ಲ. ಅವರು ಸಾಯೋದಕ್ಕೆ ಸ್ವತಂತ್ರರು ಅಲ್ಲ. ಭಗವಂತ ಜೀವಿಗಳ ಪೂರ್ವ ಕರ್ಮಕ್ಕೆ ಅನುಗುಣವಾಗಿ ಹುಟ್ಟು ಸಾವುಗಳನ್ನು ನೀಡುವ ಸರ್ವತಂತ್ರ ಸ್ವತಂತ್ರ. ಆದ್ದರಿಂದ ಭಗವಂತ ಸ್ವತಂತ್ರ ಆತ್ಮ ಅಮರ. ದೇಹ ನಶ್ವರ. ಈ ಕಾರಣದಿಂದ ನನ್ನಿಂದ ಬಂಧುಗಳು ಸಾಯುತ್ತಾರೆ ಅನ್ನುವ ಪಾಪ ಪ್ರಜ್ಞೆ ನಿಮಗೆ ಬೇಕಾಗಿಲ್ಲ. ನೀನು ಕೊಲ್ಲುವವನು ಅಲ್ಲ, ಅವನು ಸಾಯುವವರು ಅಲ್ಲ.",0,806,,,105
kn_kannada_11_0001,kannada_11,kn,Dvaita,1,"ಆದ್ದರಿಂದ ಯುದ್ಧದ ಬಗ್ಗೆ ಪಾಪದ ಯೋಚನೆಯನ್ನು ಬಿಟ್ಟು ನೀನು ತೊಡಗು. 
ತಸ್ಮಾತ್ ಯುದ್ಧಸ್ವ ಭಾರತ. 
ಮುಂದಿನ 26ನೆಯ ಶ್ಲೋಕ 
ಅಥಚೈನಂ ನಿತ್ಯಜಾತಂ ನಿತ್ಯಂ ವಾ ಮನ್ಯಸೆ ಮೃತಂ ತಥಾಪಿತ್ ಸ್ವಂ ಮಹಾಬಾಹು
ನೈನಂ ಶೋಚಿತುಮರ್ಹಸಿ
ಪದ ವಿಭಾಗ
ಆಥ
ಚ
ಏನಂ
ನಿತ್ಯ ಜಾತಂ
ನಿತ್ಯಂ
ವಾ
ಮನ್ಯಸೆ
ಮೃತಂ ತಥಾಪಿ ತ್ವಂ ಮಹಾಬಾಹೋ ನ ಯೇನಂ ಶೋಚಿತುಂ ಅರ್ಹಸಿ. ಈ ಶ್ಲೋಕ ಯಾಕೆ ಬಂತು? ಅಥಾ ಅಂತ ಒಂದು ವಿಷಯಾಂತರವನ್ನು ಪ್ರಸ್ತಾಪ ಮಾಡುವ ಶೈಲಿಯಲ್ಲಿ ಈ ಶ್ಲೋಕದ
ಪ್ರಸಕ್ತಿಯನ್ನ ಶ್ರೀಕೃಷ್ಣ ವ್ಯಾಸರು ತೋರಿಸಿಕೊಟ್ಟಿದ್ದಾರೆ.
ರಾಘವೇಂದ್ರ ಸ್ವಾಮಿಗಳು
ಈ ಶ್ಲೋಕದ
ಪ್ರಸಕ್ತಿಯನ್ನು ತೋರಿಸ್ತಾ ಇದ್ದಾರೆ. ಅಸ್ತೇವಂ ಆತ್ಮನೋ ನಿತ್ಯತ್ವಂ
ಅಥಾಪಿ
ದೇಹ ಯೋಗ ವಿಯೋಗ ರೂಪ ಜನ್ಮ ಮೃತಿ ತಹ ಏವಾ
ಯುದ್ಧೇಚ ಮೃತಿಹಿ ನಿಯತಾ
ಅತಃ ತನ್ನಿಮಿತ್ತಂಚ ದುಃಖಂ ಮದೀಯಾನಾಂ ಭವಿಷ್ಯತಿ ಇತಿಮೇ ಶೋಕಃ
ಆತ್ಮ ನಿತ್ಯ
ದೇಹ ಅನಿತ್ಯ
ಆತ್ಮನಿಗೆ ದೇಹದ ವಿ ಯೋಗವೇ ಮರಣ. 
ದೇಹದ ಸಂಯೋಗವೇ ಉತ್ಪತ್ತಿ.",807,1484,,,101
kn_kannada_11_0002,kannada_11,kn,Dvaita,2,"ಯುದ್ಧದಲ್ಲಿ ದೇಹದ ವಿಯೋಗವಾಗ್ತದೆ ಮರಣ ಆಗ್ತದೆ ಅನ್ನೋದು ನಿಶ್ಚಿತ. 
ಹೀಗಾಗಿ ಯುದ್ಧದಲ್ಲಿ ಶಸ್ತ್ರಗಳಿಂದ ನೋಯಿಸಿಕೊಂಡು ವೇದನೆ ಪಟ್ಟು ಈ ದೇಹವನ್ನು ಬಿಡುವಂತಹ ದುರಂತ ಸುಖ. ಸನ್ನಿವೇಶ ಗುರು ಹಿರಿಯರಿಗೆ ಉಂಟಾಗ್ತದೆ ಅಂತ ನಾನು ದುಃಖ ಪಡ್ತೇನೆ.
ಇದು ಅರ್ಜುನನ ಪ್ರಶ್ನೆ ಆದರೆ ಅದಕ್ಕೆ ಶ್ರೀಕೃಷ್ಣ ಅವನ ಪ್ರಶ್ನೆಯನ್ನು ಅನುವಾದ ಮಾಡಿ ಈ ಶ್ಲೋಕದಲ್ಲಿ ಮುಂದಿನ ಶ್ಲೋಕದಲ್ಲಿ ಉತ್ತರವನ್ನು ಕೊಡ್ತಾನೆ.
ಇಲ್ಲಿ ನಿತ್ಯ ಜಾತಂ ನಿತ್ಯ ಅನ್ನೋ ಪದ ಇದೆ. ನಿತ್ಯ ಅನ್ನೋ ಪದಕ್ಕೆ ಸಾವಿಲ್ಲದವ ಅಂತ ಅರ್ಥ. ನಿತ್ಯ ಅಂದ್ರೆ ನಾಶವಿಲ್ಲದ್ದು. ನಿತ್ಯಜಾತಂ ಅನ್ನೋ ಶಬ್ದಕ್ಕೆ ಯಾವತ್ತೂ ಸರ್ವದಾ ಹುಟ್ಟುವವನು. ನಿತ್ಯ. ವಾ ಮೃತಂ ಮನ್ಯಸೆ ಯಾವತ್ತೂ ಸಾಯುವವನು ಈ ಅರ್ಥ ಮಾಡಿದರೆ ಅಸಂಬದ್ಧ ಈ ಶ್ಲೋಕ ಯಾರು ಯಾವತ್ತೂ ಹುಟ್ಟಲ್ಲ ಯಾವತ್ತೂ ಸಾಯೋದಿಲ್ಲ ಜೀವನದಲ್ಲಿ ಒಮ್ಮೆ ಹುಟ್ಟು ಒಬ್ಬನಿಗೆ ಒಮ್ಮೆ ಸಾವು ಆಮೇಲೆ ಮರುಜನ್ಮ ಅಂದ ನಿಲುವು ನಿತ್ಯ ಜಾತ ಯಾವಾಗಲೂ ಹುಟ್ಟುವವನು ಒಬ್ಬ ಯಾವಾಗಲೂ ಹುಟ್ಟೋಕು ಸಾಧ್ಯವಿಲ್ಲ. ಆದ್ದರಿಂದ ನಿತ್ಯ ಶಬ್ದಕ್ಕೆ ಯಾವಾಗಲೂ ಅಂತ ಸಾಮಾನ್ಯದ ತಿಳುವಳಿಕೆಯಲ್ಲಿ ಇರುವ ಅರ್ಥವನ್ನು ಇಲ್ಲಿ ಮಾಡಬಾರದು.",1486,2295,,,110
kn_kannada_11_0003,kannada_11,kn,Dvaita,3,"ರಾಘವೇಂದ್ರ ಸ್ವಾಮಿಗಳು ಹೇಳ್ತಾ ಇದ್ದಾರೆ ನಿತ್ಯ ಶಬ್ದವು ಅವಧಾರಣೆ. ನಿತ್ಯ ಅಂದ್ರೆ ಯಾವಾಗಲೂ ಅಂತ ಅರ್ಥ ಅಲ್ಲ. ಅವಧಾರಣ ನಿರ್ಧಾರ ಅಂತ ಅರ್ಥ. ನಿತ್ಯ ಜಾತಂ ಅಂದ್ರೆ ಹುಟ್ಟುವವನೇ. ನಿತ್ಯಂ ಮೃತಂ ಅಂದ್ರೆ ಯಾವಾಗಲೂ ಸಾಯುವವನು ಅಂತ ಅರ್ಥ ಅಲ್ಲ, ಸಾಯುವವನೇ. ಅಲ್ಲಿಗೆ ಈ ಶ್ಲೋಕದ ಅರ್ಥ ಏನಂ ಈ ಜಯ. ಇವನನ್ನು
ನಿತ್ಯ ಜಾತಂ
ಅವನಿಗೆ ಹುಟ್ಟು ಅನಿವಾರ್ಯ ಹುಟ್ಟು ಇದ್ದೇ ಇದೆ
ನಿತ್ಯಂ ಮೃತಂ ಮನ್ಯಸೆ
ಸತ್ತೇ ಸಾಯ್ತಾನೆ ಈ ಯುದ್ಧದಲ್ಲಿ ಇಂತ ನೀನು ತಿಳಿದುಕೊಳ್ಳುವುದಾದರೆ ತಥಾಪಿ ಆದರೂ ತ್ವಂ ಮಹಾಬಾಹೋ ಮಹಾಶಕ್ತಿಶಾಲಿಯೇ ತ್ವಂ ನೀನು ಏನಂ ಶೋಚಿತುಂ ನಾರ್ಹಸಿ. 
ಈ ಜೀವನದ ಬಗ್ಗೆ ಈ ಯುದ್ಧದಲ್ಲಿ ಭಾಗವಹಿಸಿರುವ ಯೋಧರ ಬಗ್ಗೆ ನಿಮ್ಮ ಗುರು ಹಿರಿಯರ ಬಗ್ಗೆ ನೀನು ಶೋಕ ಮಾಡುವುದು ದುಃಖ ಪಡುವುದು ಸರಿಯಲ್ಲ ಶೋಚಿತುಂ ನ ಅರ್ಹಸಿ.
ಶೋಕಕ್ಕೆ ಒಳಗಾಗಲು ನೀನು ಅರ್ಹನಲ್ಲ.
ಒಟ್ಟಿನ ತಾತ್ಪರ್ಯ ಜೀವನಿಗೆ ಹುಟ್ಟು ಇದೆ ಆಗಲೇ ಬೇಕದು.
ಮರಣವು ಇದೆ ಅದು ಅನಿವಾರ್ಯ.",2296,2975,,,102
kn_kannada_11_0004,kannada_11,kn,Dvaita,4,"ಹೀಗೆ ನೀನು ತಿಳಿವಿಯಾದರೂ ಈ ಯುದ್ಧದಲ್ಲಿ
ನಿನ್ನ ಮುಂದೆ ಇರುವ ಗುರು ಹಿರಿಯರ ಬಗ್ಗೆ ನೀನು ಶೋಕ ಮಾಡೋದು ಉಚಿತ ಅಲ್ಲ.
ಪೂರ್ವಾರ್ಥದಲ್ಲಿ ಅರ್ಜುನನ ಮನಸ್ಸಿನಲ್ಲಿ ಬರುವ ಪ್ರಶ್ನೆಯನ್ನು ಕೃಷ್ಣ ಅನುವಾದ ಮಾಡಿ ಉತ್ತರಾರ್ಥದಲ್ಲಿ ಆ ಶೋಕವು ದುಃಖವು ಉಚಿತವಲ್ಲ. ಅಂತ ನಿರಾಕರಣೆ ಮಾಡಿದ್ದಾರೆ ಯಾಕಲ್ಲ ಅಂತ ಮುಂದೆ ಮುಂದಿನ ಶ್ಲೋಕದಲ್ಲಿ ಅದನ್ನ ಸ್ಪಷ್ಟಗೊಳಿಸುತ್ತಾನೆ.
ಅಂತೂ ಜೀವರಿಗೆ ಜನ್ಮ ಮರಣಗಳು ಅಂದ್ರೆ ದೇಹ ಸಂಬಂಧ ದೇಹ ವಿಯೋಗ ಇಂತಹ ಜನ್ಮ ಮರಣಗಳು ಅನಿವಾರ್ಯ ಅಂತ ನೀನು ತಿಳಿದುಕೊಳ್ಳುವುದಾದರೂ ಕೂಡ ಆ ಬಗ್ಗೆ ಶೋಕ ಪಡುವ. ಅಗತ್ಯ ಇಲ್ಲ. 
ಇದು ಕೃಷ್ಣನ ಅಭಿಪ್ರಾಯ. 
ಮತ್ತೊಮ್ಮೆ ಶ್ಲೋಕ ಆಥಚೈನಂ ನಿತ್ಯಜಾತಂ ನಿತ್ಯಂ ವಾ ಮನ್ಯಸೇ ಮೃತಂ ತಥಾಪಿತ್ವಂ ಮಹಾಬಾಹೋ ನೈನಂ ಶೋಚಿತು ಮರ್ಹಸಿ ಯಾಕೆ? ಮುಂದಿನ ಶ್ಲೋಕ ಜಾತಸ್ಯಹಿ ಧ್ರುವೋ ಮೃತ್ಯುಹು ಧ್ರುವಂ ಜನ್ಮ ಮೃತಸ್ಯಚ ತಸ್ಮಾತ್ ಅಪರಿಹಾರ್ಯೇರ್ಥೇ ನತ್ವಂ ಶೋಚಿತುಮರ್ಹಸಿ ಪದವಿಭಾಗ ಜಾತಸ್ಯ ಹಿ ಧ್ರುವಃ ಮೃತ್ಯುಹು ಧ್ರುವಂ ಜನ್ಮ ಮೃತಸ್ಯ ಚ ತಸ್ಮಾತ್ ಅಪರಿಹಾರೀಯೇ ಅರ್ಥೇ ನ ತ್ವಂ ಶೋಚಿತುಂ ಅರ್ಹಸಿ.",2976,3733,,,107
kn_kannada_11_0005,kannada_11,kn,Dvaita,5,"ಜಾತಸ್ಯ ಹುಟ್ಟಿದವನಿಗೆ ಮೃತ್ಯುಹು ಧ್ರುವಃ ಸಾವು ಖಂಡಿತ.
ಮೃತಸ್ಯ ಸತ್ತವನಿಗೆ ಜನ್ಮ ಮತ್ತೆ ಹುಟ್ಟು ಮರುಹುಟ್ಟು ಧ್ರುವಂ. ಖಂಡಿತಾ. ತಸ್ಮಾತ್ ಅಪರಿಹಾರ್ಯೇ ಅರ್ಥೇ ಅನಿವಾರ್ಯವಾದ ಈ ವಿಷಯದಲ್ಲಿ ತ್ವಂ ನೀನು ಶೋಚಿತುಂ ದುಃಖಿಸಲು ನ ಅರ್ಹಸಿ ಯೋಗ್ಯನಲ್ಲ. ಹುಟ್ಟಿದ ಯಾರು ಕೂಡ ಸಾವಿಲ್ಲದೆ ಬದುಕಿಲ್ಲ. ಚಿರಜೀವಿಗಳು ಅಂತ ಅನಿಸಿಕೊಂಡ ಅಶ್ವತ್ಥಾಮಾದಿಗಳು ಕೂಡ ದೇಹ ವಿಯೋಗ ರೂಪವಾದ ಮರಣವನ್ನು ಒಂದಲ್ಲ ಒಂದು ದಿವಸ ಹೊಂದಲೇಬೇಕು. ಅಲ್ಲಿಗೆ ಹುಟ್ಟಿದವನಿಗೆ ಸಾವು ಖಂಡಿತ. ಹುಟ್ಟುವಾಗಲೇ
ಪ್ರತಿಯೊಬ್ಬನು ತನ್ನ ಬೆನ್ನಲ್ಲಿ ಸಾವನ್ನು ಕಟ್ಟಿಕೊಂಡೆ ಹುಟ್ಟುತ್ತಾನೆ.
ದಿನ ಅನಿಶ್ಚಿತ.
ಒಬ್ಬ ನೂರು ವರ್ಷ ಬಾಳಬಹುದು.
ನಮ್ಮ ಹಿಂದಿನ ಮಹಾತ್ಮರು ನೂರಾರು ವರ್ಷ ಬಾಳಿರಬಹುದು.
ಆದರೆ ಯಾರು ಯಾರು ಶಾಶ್ವತರಲ್ಲ.
ಭಗವಂತನು ಕೂಡ ಅವತಾರ ಮಾಡಿದಾಗ ಶಾಶ್ವತವಾಗಿ ಈ ಭೂಮಿಯಲ್ಲಿ ದೃಶ್ಯನಾಗಿ ಉಳಿಯುವುದಿಲ್ಲ. ಅವನು ಒಂದು ದಿವಸ ಅವತಾರವನ್ನು ಸಮಾಪ್ತಿ ಮಾಡುವವನೇ.
ಆದ್ದರಿಂದ ಹುಟ್ಟುವ ಪ್ರತಿಯೊಬ್ಬರು ಸಾವನ್ನು ಕಟ್ಟಿಕೊಂಡೇ ಹುಟ್ಟುತ್ತಾರೆ. ಅವರಿಗೆ ಒಂದಲ್ಲ ಒಂದು ದಿವಸ
ಸಾವು ನಿಶ್ಚಿತ.
ಅಯ್ಯೋ ಸತ್ತನಲ್ಲ ಅಂತ ಅವನು ವೇದೆ ಪಡೋದು ಅಗತ್ಯ ಇಲ್ಲ.",3734,4557,,,107
kn_kannada_11_0006,kannada_11,kn,Dvaita,6,"ಅವನಿಗೆ ಮತ್ತೆ ಮರುಜನ್ಮವು ಅಷ್ಟೇ ನಿರ್ಧಾರಿತ.
ಅಲ್ಲಿಗೆ ಸಾವು ಹುಟ್ಟುಗಳು ಒಂದು ನಾಣ್ಯದ ಎರಡು ಮಗ್ಗುಲುಗಳು ಇದ್ದಂತೆ.
ಸತ್ಯ ಮತ್ತೆ ಎಂತ ದುಃಖ ಪಡುವಾಗ
ಇನ್ನೊಂದು ಜನ್ಮ ಸಿದ್ಧ.
ಹುಟ್ಟಿದೆ ಅಂತ ಸಂತಸ ಪಡುವಾಗ
ಮತ್ತೆ ಸಾವಿನ ಭಯಾನಕ ಮುಖ ಅದು ಸಿದ್ಧವೇ.
ತಸ್ಮಾತ್ ಅಪರಿಹಾರ್ಯೇರ್ಥೆ
ಈ ಹುಟ್ಟು ಸಾವುಗಳನ್ನ ಯಾರು ದಾಟೋಕೆ ಸಾಧ್ಯವಿಲ್ಲ.
ಇದು ಜೀವನ ಅನಿವಾರ್ಯವಾದ ಒಂದು ಸಂಗತಿ.
ನತ್ವಂ ಶೋಚಿತು ಮರ್ಹಸಿ ಇದಕ್ಕಾಗಿ ಅಳೋದು ಯಾಕೆ?
ಇವತ್ತು ಊಟ ಮಾಡಿದರೆ ಮೂರು ನಾಲ್ಕು ಗಂಟೆ ಬಿಟ್ಟರೆ ಮತ್ತೆ ಹಸಿವಾಗುತ್ತೆ.
ಮತ್ತೆ ಊಟ ಹೊಟ್ಟೆ ತುಂಬಿತು ಅಂತ ತೃಪ್ತಿ ಪಡುವಲ್ಲಿ ಮತ್ತೆ ಹಸಿವು.
ಈ ಹಸಿವು ಆಗ್ತಾನೆ ಹೋಗುತ್ತೆ. ಇರ್ತದೆ ನಾನು ಊಟ ಮಾಡೋದೇ ಇಲ್ಲ ಅಂತ ಯಾರಾದ್ರೂ ಕೊಡ್ತಾರಾ?
ಚಳಿಗಾಲ ಬಂತು.
ಅಯ್ಯೋ ಚಳಿ ಅನ್ನುವಷ್ಟರಲ್ಲಿ ಚಳಿ ಹೋಯಿತು ಸೆಕೆ ಬಂತು.
ಈ ಸೆಕೆ ಬೇಗ ತಡೆಯಲಾರೆ ಅಂತ ಅಂದಾಗ ಮಳೆಗಾಲ ಬಂತು.
ಮಳೆ ಬಂತು ಅಂತ ಸಂತಸ ಪಡುವಾಗ ಮತ್ತೆ ಚಳಿ.",4558,5239,,,104
kn_kannada_11_0007,kannada_11,kn,Dvaita,7,"ಹೇಗೆ ಒಂದು ರುಚಿ ಮೃತಿವಿನಿಂದ ಮತ್ತೊಂದು ಋತು.
ಒಂದು ಸೀಸನ್ ನಿಂದ ಮತ್ತೊಂದು ಸೀಸನ್.
ಇದು ಪ್ರಕೃತಿಯ ಸಹಜ ಗುಣ.
ಇದಕ್ಕೆ ಹೇಗೆ ನಾವು ಒಗ್ಗಿಕೊಳ್ಳುವುದು ಬಿಟ್ಟು ಬೇರೆ ಮಾರ್ಗ ಇಲ್ಲವೋ.
ಇದನ್ನು ಎಷ್ಟು ಬೈದರು ಎಷ್ಟು ಬೇಡ ಅಂದ್ರು ಇದು ಆವೃತ್ತಿ ಆಗ್ತಾನೇ ಇರ್ತದೋ.
ಅದರಂತೆ ಹಸಿವು ಊಟ.
ಚಳಿ ಸೆಕೆ ಇವುಗಳಂತೆ ಹುಟ್ಟು ಸಾವು ಒಂದರ ನಂತರ ಒಂದು ಸರಮಾಲೆಯಂತೆ ಬರೋದು ಅದು ಸಹಜವಾದ ಪ್ರಕೃತಿಯ ಧರ್ಮ.
ನೀವು ಎಷ್ಟು ಅತ್ತರು ಸಾಯಬಾರದು ಅಂತ ಜಾಗೃತೆ ಮಾಡಿದರು ಸಾವು ನಿಶ್ಚಿತ. ಸತ್ತು ಹೋಯಿತು ಇನ್ನು ಮುಗಿದೆ ಬಿಡ್ತೀವಿ ಏನು ಇಲ್ಲ ಜೀವನ ಅಂದಾಗ ಮತ್ತೆ ಹುಟ್ಟು ಸಿದ್ಧವಾಗಿರುತ್ತದೆ. ಆದ್ದರಿಂದ ಇದು ಒಂದು ಅನಿವಾರ್ಯವಾದ ನಮ್ಮ ಕೈ ಮೀರಿದ ಅಪರಿಹಾರೀಯವಾದ ಒಂದು ಸಂಗತಿ. ಇದಕ್ಕೆ ದುಃಖಪಟ್ಟು ಯಾವ ಪ್ರಯೋಜನವೂ ಇಲ್ಲ. ದುಃಖಪಟ್ಟರೆ ಸಾಯುವವನು ಉಳಿಯುವುದು ಇಲ್ಲ. ಸತ್ತವನು ಮರುಹುಟ್ಟದೆ ಬರೋದು ಇಲ್ಲ. 
ಆದ್ದರಿಂದ ಅನಿವಾರ್ಯವಾದ ಸಂಗತಿಗಳಿಗೆ ತಲೆ ಕೆಡಿಸಿಕೊಳ್ಳಬಾರದು. 
ಜೀವನದಲ್ಲಿ ಅದಕ್ಕೆ ನಾವು ಸಿದ್ಧರಾಗಿರಬೇಕು.",5240,5974,,,103
kn_kannada_11_0008,kannada_11,kn,Dvaita,8,"ಆದ್ದರಿಂದ ಈ ಹುಟ್ಟು ಸಾವುಗಳ ಬಗ್ಗೆ ನನ್ನ ಬಂಧುಗಳು ಸಾಯುತ್ತಾರೆ ಅಂತ ನೀನು ವ್ಯಥೆ ಪಡಬೇಡ ಸತ್ತರೆ ಹುಟ್ಟುತ್ತಾರೆ ಅವರು. ಈ ಸಮಾಧಾನದ ಹೊರತಾಗಿ ಇದಕ್ಕೆ ಮತ್ತೊಂದು ಪರಿಹಾರ ಇಲ್ಲ. ಆದ್ದರಿಂದ ಇದಕ್ಕಾಗಿ ನೀನು ನಿನ್ನ ಧರ್ಮವನ್ನು ಬಿಟ್ಟು ಯುದ್ಧವನ್ನು ಆಡೋದಿಲ್ಲ ಅಂತ ಹಠ ಹಿಡಿಯುವುದು ಸರಿಯಲ್ಲ ಅರ್ಜುನ. ಇದು ಶ್ರೀಕೃಷ್ಣ ಮಾರ್ಮಿಕವಾಗಿ ನಮ್ಮ ನಿಮ್ಮೆಲ್ಲರ ಮನೆಗಳಲ್ಲಿ ನಡೆಯುವ ಕೆಲವು ಸಂದರ್ಭ. ಗತಿಗಳಿಗೆ ಶ್ರೀಕೃಷ್ಣನ ಈ ಮಾತು ಭರವಸೆಯಾಗಿ ನಿಲ್ಲಬಲ್ಲ ಒಂದು ಸಿದ್ಧಾಂತ. ಮತ್ತೊಮ್ಮೆ ಶ್ಲೋಕ ಜಾತಸ್ಯಹಿ ಧ್ರುವೋ ಮೃತ್ಯುಹು ಧ್ರುವಂ ಜನ್ಮ ಮೃತಸ್ಯಚ ತಸ್ಮಾದ ಪರಿಹಾರ್ಯೇರ್ಥೇ ನತ್ವಂ ಶೋಚಿ ತುಮರ್ಖಸಿ
ಹುಟ್ಟು ಸಾವುಗಳಿಗೆ
ಅಳುಕುಬಾರದು ಅಂತ ಕೃಷ್ಣ ಹೇಳಿದ
ಹುಟ್ಟು ಅಂದ್ರೆ ಏನು ಸಾವು ಅಂದ್ರೆ ಏನು ಅನ್ನೋದನ್ನ
ಮುಂದಿನ 28ನೆಯ ಶ್ಲೋಕದಲ್ಲಿ ಶ್ರೀಕೃಷ್ಣ ಸ್ಪಷ್ಟಪಡಿಸಿದ್ದಾರೆ
ಅವ್ಯಕ್ತಾದಿನಿ ಭೂತಾನಿ
ವ್ಯಕ್ತ ಮಧ್ಯಾನಿ ಭಾರತ
ಅವ್ಯಕ್ತ ನಿಧನಾನ್ ದೇವ
ತತ್ರಕಾ ಪರಿವೇದನಾ
ಶ್ಲೋಕದ ಪದ ವಿಭಾಗ
ಅವ್ಯಕ್ತಾದಿನಿ
ಭೂತಾನಿ
ವ್ಯಕ್ತ ಮಧ್ಯಾನಿ
ಭಾರತ ಅವ್ಯಕ್ತ ನಿಧನಾನಿ ಏವ ತತ್ರ ಕಾ ಪರಿವೇದನ ಭೂತಾನಿ ಅನ್ನೋ ಶಬ್ದ ಇದೆ ಇಲ್ಲಿ.",5976,6797,,,112
kn_kannada_11_0009,kannada_11,kn,Dvaita,9,"ನಮ್ಮ ಆಡು ಭಾಷೆಯಲ್ಲಿ ಇದು ಭಯಾನಕವಾದ ಶಬ್ದ. ಆದರೆ ಸಂಸ್ಕೃತದಲ್ಲಿ ಭೂತ ಅಂದ್ರೆ ಏನು? ಜೀವಿಗಳು ಅಂತ ಅರ್ಥ.
ಭೂತಾನಿ ಜೀವಿಗಳು ಅವ್ಯಕ್ತಾದಿನಿ.
ಅವ್ಯಕ್ತ ಅನ್ನೋ ಶಬ್ದಕ್ಕೆ ಎರಡು ಅರ್ಥ ಇದೆ.
ಒಂದು ವ್ಯಕ್ತ ಅನ್ನೋದಕ್ಕೆ ವಿರುದ್ಧವಾದದ್ದು ಅವ್ಯಕ್ತ.
ವ್ಯಕ್ತ ಅಂದ್ರೆ ಎಲ್ಲರ ಕಣ್ಣಿಗೆ. ಕಣ್ಣಿಗೆ ಕಾಣಿಸುವಂತದ್ದು ಅಂತ ಅರ್ಥ.
ಪರಮಾತ್ಮನು ವ್ಯಕ್ತನಾದ ಕಣ್ಣಿಗೆ ಕಾಣಿಸದ ದೇವರು ಕಾಣಿಸಿಕೊಂಡ.
ಅವ್ಯಕ್ತ ಅಂದ್ರೆ ಮರೆಯಾದ ಅಂತ ಅರ್ಥ.
ಭೂತಾನಿ ಅವ್ಯಕ್ತ ಆದಿನಿ.
ತಾಯಿಯ ಗರ್ಭದಲ್ಲಿ ಒಂದು ದೇಹ ಬೆಳಿತಾ ಇದೆ.
ಅದರಲ್ಲೊಬ್ಬ ಜೀವಿ ಬಂದು ಸೇರಿಕೊಂಡಿದ್ದಾನೆ.
ಅವನು ಅದುವರೆಗೆ ಎಲ್ಲಿದ್ದನೋ ನಮಗೆ ಗೊತ್ತಿಲ್ಲ.
ಆ ಜೀವ ತುಂಬಿದ ದೇಹ ತಾಯಿಯ ಗರ್ಭದಿಂದ ಹೊರ ಬಂದ ಮೇಲೆ ನಮ್ಮ ಮಗು ಅದು.
ಅದುವರೆಗೆ ಆ ಜೀವಿಯ ಆಗ್ಲಿ ಆ ದೇಹ ಆಗ್ಲಿ ಅದು ಎಲ್ಲಿತ್ತು ಅನ್ನೋದು ನಮಗೆ ಗೊತ್ತಿಲ್ಲ.
ಅಲ್ಲಿಗೆ ನಮ್ಮ ಸಂಪರ್ಕಕ್ಕೆ ಬರುವ ಒಬ್ಬ ವ್ಯಕ್ತಿಯ ಆದಿ ಮೊದಲು ಅದು ಅವ್ಯಕ್ತ.
ನಮಗೆ ಗೊತ್ತಿಲ್ಲ.",6798,7499,,,101
kn_kannada_11_0010,kannada_11,kn,Dvaita,10,"ಹೊರ ಬಂತು ನಮ್ಮ ಮಗು ಅದರ ಆಟ ಪಾಠ ಅದರ ಬೆಳವಣಿಗೆ ಇದನ್ನು ನೋಡಿ ನಮ್ಮ ಮಗು ಅಂತ ನಾವು ಸಂತಸದಿಂದ ಕುಣಿತೀವಿ. ಎಷ್ಟು ವರ್ಷ? ಅದಕ್ಕೊಂದು ಆಯುಷ್ಯನ ನಿಯತಿ ಇದೆ. 60, 70, 100 ವ್ಯಕ್ತ ಮಧ್ಯಾಹ್ನಿ. ಕಾಣದೆ ಇದ್ದ ಒಬ್ಬ ಜೀವಿ ಹುಟ್ಟಿನಿಂದ ಒಂದಷ್ಟು ಸಮ ಸಮಯದವರೆಗೆ
ನಮ್ಮ ಜೊತೆಯಲ್ಲಿ ಬಡಿತಾನೆ ವ್ಯಕ್ತ ಮಧ್ಯಾಹ್ನಿ.
ಆಮೇಲೆ
ಎಲ್ಲಿಂದ ಬಂದನೋ ಆ ದೇಹ ಎಲ್ಲಿಂದ ಬಂತೋ ಅಲ್ಲೇ ಸೇರಿಕೊಳ್ಳುತ್ತೆ.
ಪಂಚ ಭೌತಿಕ ಈ ದೇಹ.
ಪೃಥ್ವಿಯ ಭಾಗ ಬೂದಿಯಾಗಿ ಪೃಥ್ವಿಯಲ್ಲಿ ಸೇರಿಕೊಳ್ಳುತ್ತದೆ.
ವಾಯುವಿನ ಭಾಗ ಗಾಳಿ. ಆಳಿಯೊಡನೆ ಸೇರುತ್ತದೆ. 
ಆಕಾಶದ ಭಾಗ ಆಕಾಶದಲ್ಲಿ ಲೀನವಾಗುತ್ತದೆ. 
ತೇಜೋ ಭಾಗ ಪ್ರಕೃತಿಯಲ್ಲಿ ಸೇರಿಕೊಳ್ಳುತ್ತದೆ. 
ಅವ್ಯಕ್ತ ನಿಧನಾನಿ. 
ನಿಧನ ಅಂದ್ರೆ ಸಾವು. 
ಸಾವು ಅಂದ್ರೆ ಏನು? 
ಮತ್ತೆ ನಮ್ಮಿಂದ ಕಣ್ಮರೆಯಾಗುವುದು. 
ಮೊದಲು ಅವ್ಯಕ್ತ ಕೊನೆಗೆ ಅವ್ಯಕ್ತ. 
ಈ ಅವ್ಯಕ್ತಗಳೆರಡ ಮಧ್ಯದಲ್ಲಿ ಒಂದಿಷ್ಟು ಕಾಲ ವ್ಯಕ್ತ ಅದನ್ನ ಜೀವನ ಅಂತ ನಾವು ಕರೀತೀವಿ. 
ಅಲ್ಲಿಗೆ ಒಬ್ಬ ವ್ಯಕ್ತಿ ಸರ್ವತಾ ಇಲ್ಲ ಅಂತ ಆಗೋದೇ ಇಲ್ಲ.",7500,8238,,,106
kn_kannada_11_0011,kannada_11,kn,Dvaita,11,"ಅಥವಾ ಅವನ ದೇಹ ಜೀರೋ ಅಂತ ಆಗೋದೇ ಇಲ್ಲ. 
ನಮಗೆ ಕಣ್ಣಿಗೆ ಕಾಣಲಿಲ್ಲ ಮಧ್ಯದಲ್ಲಿ ನೋಡಿ. ಒಂದಿಷ್ಟು ಕಣ್ಣಿಗೆ ಕಾಣಿಸ್ತು. 
ಮತ್ತೆ ಕಣ್ಣಿಗೆ ಕಾಣಿಸೋದಿಲ್ಲ. 
ಹುಟ್ಟು ಸಾವುಗಳು ಅಂದ್ರೆ ನಮ್ಮ ಭೌತಿಕ ದೃಷ್ಟಿಯಿಂದ ದೇಹವೋ ಆತ್ಮನೋ ಮರೆಯಾಗೋದು ಅಷ್ಟೇ. 
ಅದು ಬಿಗ್ ಜೀರೋ ಆಗೋದಿಲ್ಲ ಯಾವತ್ತೂ ಕೂಡ. 
ಹುಟ್ಟಿನ ಸಾವಿನ ಈ ಸ್ವರೂಪವನ್ನ ತಿಳಿದಾಗ ಇದಕ್ಕೆ ಯಾರು ಯಾಕೆ ನಾವು ಕರಗು ಬಿಗಿಬೇಕು?
ಆತ್ಮನು ನಾಶ ಆಗಿಲ್ಲ.
ದೇಹವು ಸರ್ವತಾ ಇಲ್ಲ ಅಂತ ಆಗ್ಲಿಲ್ಲ.
ಪಂಚಭೂತಗಳು ಆಗಲೇ ಇತ್ತು.
ಅವೆಲ್ಲ ಜೋಡಿತು ಒಂದು ಶರೀರವಾಗಿ ಅವನಿಗೊಂದು ಅಂಗಿಯಾಗಿ ಸೇರಿಕೊಂತು.
ಮತ್ತೆ ಆ ಪಂಚಭೂತಗಳು ಮೊದಲಿನಂತೆ ತಾವು ತಾವು ತಮ್ಮ ಮೂಲ ದ್ರವ್ಯದಲ್ಲಿ ಸೇರಿಕೊಂಡವು. ಹೀಗೆ ಅವ್ಯಕ್ತ, ವ್ಯಕ್ತ ಮತ್ತೆ ಅವ್ಯಕ್ತ ಸ್ಥಿತಿ. ಇದು ಹುಟ್ಟು, ಜೀವನ, ಸಾವು. ಇದೊಂದು ಅರ್ಥ ಇದಕ್ಕೆ. ಶಾಸ್ತ್ರದಲ್ಲಿ ಅವ್ಯಕ್ತ ಶಬ್ದಕ್ಕೆ ಇನ್ನೊಂದು ಅರ್ಥ ಇದೆ. ಅವ್ಯಕ್ತ ಅಂದ್ರೆ
ಈ ಪ್ರಪಂಚದ ಸೂಕ್ಷ್ಮ ರೂಪ.
ಈ ದೊಡ್ಡ ವಿಶಾಲವಾದ ಪ್ರಪಂಚ
ಸೇರಿ ಸೇರಿ ಸೇರಿ ಸಂಕುಚಿತಗೊಂಡು
ಅತ್ಯಂತ ಅಣುರೂಪದಿಂದ ಮೂಲರೂಪಕ್ಕೆ ತೆರಳುತ್ತದೆ ಅದನ್ನ ಅವ್ಯಕ್ತ ಅಂತ ಕರೀತೀವಿ.",8240,9047,,,114
kn_kannada_11_0012,kannada_11,kn,Dvaita,12,"ನಾವು ಇವತ್ತು ಇರೋದು ವ್ಯಕ್ತ ಪ್ರಪಂಚದಲ್ಲಿ.
ಇದು ಒಂದು ಸಮಯದಲ್ಲಿ
ಅಣುವಾಗಿ ಇತ್ತು.
ಹೀಗೆ ಅಣುವಾಗಿ ಇದ್ದ ಈ ಪ್ರಪಂಚ ಈ ದೇಹ ಅವ್ಯಕ್ತಾದಿನಿ.
ಅವ್ಯಕ್ತ ತತ್ವವೇ ಆದಿ ಅಂದ್ರೆ ಮೂಲ ಕಾರಣವಾಗಿ ಉಳ್ಳದ್ದು ಈ ದೇಹ. ದೇಹ.
ನಮ್ಮ ದೇಹಕ್ಕೆ ಕಾರಣವಾದ್ದು ಪಂಚಭೂತಗಳು.
ಆ ಪಂಚಭೂತಗಳಿಗೂ ಮೂಲರೂಪ ಅವ್ಯಕ್ತ ತತ್ವ ಅದಕ್ಕೆ ಪ್ರಕೃತಿ ಅಂತ ಹೆಸರು.
ಅದು ಮೂಲ ರೂಪದ್ದಾದ್ರಿಂದ ಪ್ರಕೃತಿ ಅಂತ ಹೆಸರು.
ಕಣ್ಣಿಗೆ ಕಾಣದೇ ಇರುವ ತತ್ವವಾದ್ದರಿಂದ ಅವ್ಯಕ್ತ ಅಂತ ಹೆಸರು.
ಹೀಗೆ ನಮ್ಮ
ಬರೆ ಮನುಷ್ಯರು ಮಾತ್ರ ಅಲ್ಲ, ಪ್ರಾಣಿಗಳು, ಪಶುಗಳು, ಪಕ್ಷಿಗಳು, ಕ್ರಿಮಿಗಳು, ಕೀಟಗಳು.
ಈ ಎಲ್ಲ ಜಡ ದೇಹದ ಮೂಲ ಆ ಅವ್ಯಕ್ತ ತತ್ವ.
ಪ್ರಕೃತಿ ತತ್ವ.
ಅವ್ಯಕ್ತದಿಂದ ಹುಟ್ಟಿ ಬಂದದ್ದು ಈ ದೇಹ.
ವ್ಯಕ್ತ ಮಧ್ಯಾಹ್ನ ಸ್ಥೂಲ ರೂಪವನ್ನು ಪಡೆದುಕೊಂಡಿತು.
ಮತ್ತೆ ಇಲ್ಲಿ ಇದು ಸೇರಿಕೊಳ್ಳೋದು ಎಲ್ಲಿ ಅಂದ್ರೆ ಎಲ್ಲಿಂದ ಬಂತೋ ಅಲ್ಲೇ.
ಅವ್ಯಕ್ತ ನಿಧನಾನಿ.
ಅವ್ಯಕ್ತವೇ ನಿಧನ ಸಾವಾಗಿ ಉಳ್ಳದ್ದು ಮತ್ತೆ ಅವ್ಯಕ್ತದಲ್ಲಿ ಸೇರಿಕೊಳ್ಳುವುದೇ ಈ ದೇಹಗಳು ಅದನ್ನೇ ಭೂತಗಳ ನಿಧನ ಅಂತ ನಾವು ಕರೀತೀವಿ.",9048,9813,,,111
kn_kannada_11_0013,kannada_11,kn,Dvaita,13,"ಜೀವಿಯನ್ನ ಇಟ್ಟುಕೊಂಡ್ರೆ ಕಾಣುವುದಿಲ್ಲ. ಶಿಲ್ಲಾ
ದೇಹದ ಮೂಲಕ ಕಾಣಿಸಿಕೊಂಡ ಮತ್ತೆ ದೇಹವನ್ನ ಕಳೆದುಕೊಂಡು ಕಾಣಿಸದ ಸ್ಥಿತಿಗೆ ಹೋದ.
ದೇಹವನ್ನಿಟ್ಟುಕೊಂಡ್ರೆ ದೇಹ ಪ್ರಕೃತಿ ತತ್ವದಿಂದ ಮೂಡಿ ಬಂದಿದೆ ಸ್ಥೂಲ ರೂಪವಾಗಿ ಒಂದಷ್ಟು ಕಾಲ ಪ್ರಪಂಚದಲ್ಲಿ ನಮಗೆ ಕಾಣುವ ಸ್ಥಿತಿಯಲ್ಲಿ ಇರುತ್ತದೆ ಮತ್ತೆ ಬೂದಿಯಾಗಿಯೂ ಮಣ್ಣಾಗಿಯೂ ಪಂಚ ಪಂಚಭೂತಗಳಲ್ಲಿ ಸೇರಿ ತನ್ನ ಮೂಲ ರೂಪವಾದ ಪ್ರಕೃತಿ ತತ್ವದೊಂದಿಗೆ ಲೀನವಾಗುತ್ತದೆ. ಇದು ಎಲ್ಲ ವಸ್ತುಗಳಂತೆ ಒಬ್ಬ ಚೇತನನಿಗೂ ಜೀವಕ್ಕೂ ಅಪ್ಲೈ ಆಗುವ ಅನ್ವಯಿಸುವ ಒಂದು ಪ್ರಾಕೃತಿಕ ನಿಯಮ. ಹುಟ್ಟು ಸಾವುಗಳನ್ನು ಈ ಸಹಜ ಸ್ಥಿತಿಯಲ್ಲಿ ನೋಡು. ಇದು ನಿನಗೆ ಮಾತ್ರ ಅಲ್ಲ, ಇಡೀ ಪ್ರಪಂಚದ ಪ್ರತಿಯೊಂದು ವಸ್ತುಗಳಿಗೂ ಜಡ ಚೇತನಗಳಿಗೂ
ನಿಯತವಾದ ಒಂದು ಸ್ಥಿತಿ.
ಅವ್ಯಕ್ತ, ವ್ಯಕ್ತ ಮತ್ತೆ ಅವ್ಯಕ್ತ.
ತತ್ರಕಾ ಪರಿವೇದನ
ಇದಕ್ಕಾ ಕಳ್ತಿಯೋ ನೀನು?
ಹೊಸ ಮನೆ ಕಟ್ಟಿದವು, ಅದುವರೆಗೆ ಬರೆ ಜಾಗ ಇತ್ತು, ಹೊಸ ಮನೆ ಮನೆ ಬಂತು, ಕುಣಿದವು. 
ಬಂದಿದ್ದು ಹೋಗಲೇಬೇಕಲ್ಲ. 
ಒಂದು ದಿವಸ ಮನೆ ಬಿತ್ತು. 
ಇದು ಪ್ರಕೃತಿಯ ನಿಯಮ ಇದು.",9814,10566,,,102
kn_kannada_11_0014,kannada_11,kn,Dvaita,14,"ದೊಡ್ಡ ಮರ ಇತ್ತು. 
ಹತ್ತಿದವು, ಹಣ್ಣು ಕೊಯ್ದವು, ತಿಂದವು. 
ಗಾಳಿಗೆ ಧಬ್ಬ ಬಿತ್ತು. 
ಇದು ಪ್ರಕೃತಿಯಲ್ಲಿ ಪ್ರತಿಯೊಂದು ಪದಾರ್ಥಗಳಿಗೂ ಇರುವ ಸ್ಥಿತಿ ಅವ್ಯಕ್ತ, ವ್ಯಕ್ತ ಮತ್ತೆ ಅವ್ಯಕ್ತ. ತತ್ರಕಾ ಪರಿವೇದನಾ ವೇದನಾ ಅಂದ್ರೆ ದುಃಖ ಪರಿವೇದನಾ ಅಂದ್ರೆ ದುಃಖ. 
ಈ ವಿಷಯದಲ್ಲಿ ಯಾಕೋ ಅಳ್ತಿಯ ಅರ್ಜುನ. 
ಇದು ನಿನ್ನ ಬಂಧುಗಳಿಗೆ ಮಾತ್ರ ಅಲ್ಲ ಪ್ರಪಂಚದ ಪ್ರತಿಯೊಂದು ವಸ್ತುಗಳಿಗೂ ಮೀಸಲಾಗಿಟ್ಟ ಸ್ಥಿತಿ. 
ಆದ್ದರಿಂದ ಜನ್ಮ ಮರಣಗಳ ಸ್ವಭಾವವನ್ನು ನೀನು ಅರ್ಥೈಸಿಕೊಂಡ್ರೆ ಅಳೋದೇ ಇಲ್ಲ. ಅದಕ್ಕೆ ಆಸ್ಪದವೇ ಇಲ್ಲ.
ಮತ್ತೊಮ್ಮೆ ಶ್ಲೋಕ ಅವ್ಯಕ್ತಾದಿನಿ ಭೂತಾನಿ ವ್ಯಕ್ತ ಮಧ್ಯಾನಿ ಭಾರತ ಅವ್ಯಕ್ತ ನಿಧನಾನ್ ದೇವ ತತ್ರಕಾ ಪರಿವೇದನಾ ಹೀಗೆ ಹುಟ್ಟು ಸಾವುಗಳ ಸ್ವರೂಪವನ್ನ ಅರ್ಜುನನ ಮುಂದೆ ನಮಗೆ ಶ್ರೀಕೃಷ್ಣ ಮುಂದಿಟ್ಟು ಬಂಧುಗಳ ಆತ್ಮೀಯರ ಕಣ್ಮರೆಗೆ ನಾವು ಅತಿರೇಕವಾದ ದುಃಖಕ್ಕೆ ಒಳಗಾಗಿ ನಮ್ಮನ್ನು ನಾವು ಮುಡುಗಿಸಿಕೊಳ್ಳುವ ಸ್ಥಿತಿಗೆ ಹೋಗಬಾರದು ಅಂತ ಸಮಾಧಾನವನ್ನು ಕೊಟ್ಟಿದ್ದಾನೆ. ಜೀವನದಲ್ಲಿ ದೊಡ್ಡ ಸಮಾಧಾನವನ್ನು ತಂದುಕೊಡುವ ಪ್ರಸಂಗ ಇದು. ಇದಕ್ಕಾಗಿ ಗೀತೆ ನಮಗೆ ಬೇಕು.",10568,11347,,,100
kn_kannada_11_0015,kannada_11,kn,Dvaita,15,"ಮುಂದಿನ ಭಾಗವನ್ನು ಮುಂದಿನ ಪ್ರಕರಣದಲ್ಲಿ ನೋಡೋಣ. ಶ್ರೀ ಕೃಷ್ಣಾರ್ಪಣಮಸ್ತು.
ಈ ಪ್ರವಚನ ಸೇವೆಯನ್ನ ಮರವೇಕೆರೆ ಶ್ರೀ ಮುರಳೀಧರರಾವ್ ಅವರು ಪ್ರಾಯೋಜಿಸಿದ್ದಾರೆ. ಶ್ರೀ ಕೃಷ್ಣ ಅವರಿಗೆ ಸಕಲ ಸೌಭಾಗ್ಯಗಳನ್ನು ಕೊಡಲಿ ಅಂತ ಪ್ರೇಕ್ಷಕರ ಹಾಗೂ ನನ್ನ ವೈಯಕ್ತಿಕ ಪ್ರೀತಿಕ ವತಿಯಿಂದ ಪ್ರಾರ್ಥನೆ ಮಾಡ್ತೀನಿ ಶ್ರೀಕೃಷ್ಣಾರ್ಪಣ.",11348,11604,,,31
kn_kannada_12_0000,kannada_12,kn,Dvaita,0,"ಶ್ರೀ ಗುರುಭ್ಯೋ ನಮಃ ಹರಿಃ ಓಂ 
ಇಪ್ಪತ್ತ ಎಂಟನೆಯ ಶ್ಲೋಕದವರೆಗೆ ಮೂರು ಶ್ಲೋಕಗಳಲ್ಲಿ ಶ್ರೀಕೃಷ್ಣ ಹುಟ್ಟು ಸಾವುಗಳ ಬಗ್ಗೆ ಸುಂದರವಾದ ವಿಶ್ಲೇಷಣೆಯನ್ನ ನೀಡಿ ಹುಟ್ಟಿಗೆ ಅತಿರೇಕದ ಭಾವ
ಸಾವಿಗೆ
ದುಃಖದಲ್ಲಿ ಮುಳುಗಿ ಹೋಗುವ ಸ್ಥಿತಿ ನಾವು ತಂದುಕೊಳ್ಳಬಾರದು ಅಂತ
ಅರ್ಜುನನನ್ನ ಮುಂದಿಟ್ಟುಕೊಂಡು ನಮಗೆ ಉಪದೇಶ ಮಾಡಿದ್ದಾನೆ ಶ್ರೀಕೃಷ್ಣ.
29ನೆಯ ಶ್ಲೋಕ ಆಶ್ಚರ್ಯವಧ ಪಶ್ಯತಿ ಕಶ್ಚಿತೇದಂ
ಆಶ್ಚರ್ಯವದ್ವದತಿ ತಥೈವ ಚಾನ್ಯಃ
ಆಶ್ಚರ್ಯವಚ್ಚೈನಮನ್ಯಶ್ರುಣೋತಿ
ಶುತ್ವಾಪ್ಯೇನಂ ವೇದನಚೈವ ಕಶ್ಚಿತ್
ಪದ ವಿಭಾಗ
ಆಶ್ಚರ್ಯವತ್ ಪಶ್ಯತಿ ಕಶ್ಚಿತ್ ಏನಂ ಆಶ್ಚರ್ಯವತ್ ವದತಿ ತಥಾ ಏವ ಚ ಅನ್ಯಃ ಆಶ್ಚರ್ಯವತ್ ಚ ಏನಂ ಅನ್ಯಃ ಶೃಣೋತಿ ಶೃತ್ವಾಪಿ ಏನಂ ವೇದ ನ ಚ ಏವ ಕಶ್ಚಿತ್ ಇಲ್ಲಿ ಆಶ್ಚರ್ಯವತು ಅಂತ ಶಬ್ದ ಇದೆ ಆಶ್ಚರ್ಯ ಅಂದ್ರೆ ನಮ್ಮ
ಭಾಷೆಯಲ್ಲಿ
ಅಚ್ಚರಿ.
ನಾವು ನೆನೆಸದ ಒಂದು ಘಟನೆ ನಡೆಯಿತು ಅಂದ್ರೆ ತುಂಬಾ ಆಶ್ಚರ್ಯ ಆಯ್ತು.
ನಾವು ನಿರೀಕ್ಷಿಸದ ವ್ಯಕ್ತಿ ನಮ್ಮ ಮನೆಗೆ ಬಂದ್ರೆ ಬಹಳ ಆಶ್ಚರ್ಯ ಅಂತ ಹೇಳ್ತೀವಿ. ಅಪರೂಪದ ಘಟನೆ ಅನ್ನೋ ಅರ್ಥದಲ್ಲಿ.",0,745,,,103
kn_kannada_12_0001,kannada_12,kn,Dvaita,1,"ಆದರೆ ಭಗವದ್ಗೀತೆ ಈ ಶ್ಲೋಕದಲ್ಲಿ ಆಶ್ಚರ್ಯವತು ಅಂದರೆ ದುರ್ಲಭ ಅಂತ ಅರ್ಥ. ನೋಡಿ ಕಶ್ಚಿತ್ ಏನಂ ಆಶ್ಚರ್ಯವತ್ ಪಶ್ಯತಿ ಪಶ್ಯತಿ ಆಶ್ಚರ್ಯವತ್. ಏನಾದರೊಬ್ಬ ಯಾರಾದರೊಬ್ಬ ಕಶ್ಚಿತ್ ಏನಂ ಈ ಜೀವನನ್ನು ಪಶ್ಯತಿ ನೋಡಿದ್ದರೆ ಅದು ಆಶ್ಚರ್ಯವದು ದುರ್ಲಭ. ಅಂದ್ರೆ ಈ ದೇಹದ ಒಳಗಡೆ ಕಣ್ಣಿಗೆ ಕಾಣದ ಜೀವನನ್ನು ನಾನು ಕಂಡಿದ್ದೇನೆ ಅಂತ ಯಾರಾದರೂ ಹೇಳಿದ್ರೆ. ಹೇಳೋದಾದರೆ
ಅದು ಆಶ್ಚರ್ಯ ಅವತ್ತು.
ಅದು ದುರ್ಲಭ ಅದು ಅಂತವರು ಬಹಳ ಅಪರೂಪ ಅಂತ.
ಅಲ್ಲಿಗೆ ನಾನು ನಾನು ನಾನು ಕುಡಿತೇನೆ ನಾನು ಬಿದ್ದೆ ಅಂತ ನಾವು ನಾನು ಅಂತ ಉಲ್ಲೇಖ ಮಾಡುತ್ತೇವೆ.
ಆದರೆ ದೇಹದ ಒಳಗಡೆ ದೇಹ ಬಿಟ್ಟು ನಾನು ಅಂತ ಒಂದು ಇದೆಯೋ ಅಂತನೋ ನೂರಕ್ಕೆ ನೂರು ಪಾಲು ನಂಬಿಕೆ
ನಿಶ್ಚಯ ದಾರ್ಢ್ಯ ನಮಗೆ ಇಲ್ಲ.
ಆದ್ದರಿಂದ ದೇಹ ಬಿಟ್ಟು ಒಬ್ಬ ಜೀವ ಇದ್ದಾನೆ ಅಂತ ನೋಡಿದವ ಆಶ್ಚರ್ಯವತ್ ದುರ್ಲಭ.
ಇನ್ನು ಆಶ್ಚರ್ಯವತ್ ವದತಿ ತಥೈವ ಅಚಾನ್ಯಃ
ಈ ಜೀವನನ್ನು ನಾವು ನಾವೇ ನೋಡೋದು ಬಹಳ ಕಷ್ಟ ದುರ್ಲಭ.",746,1424,,,104
kn_kannada_12_0002,kannada_12,kn,Dvaita,2,"ಅನ್ಯಃ ಮತ್ತೊಬ್ಬ ಅವನು ವೇದ ವೇದಾಂತಗಳಲ್ಲೆಲ್ಲಾ ಪಾರಂಗತ.
ಆ ಜೀವನ ಬಗ್ಗೆ ನಿರೂಪಣೆ ಮಾಡುತ್ತಾನೆ ಅವನು ಈ ದೇಹವೇ ಆತ್ಮ ಅಲ್ಲ ದೇಹದ ಒಳಗೆ ಒಳಗಡೆ ಒಬ್ಬ ಆತ್ಮನಿದ್ದಾನೆ.
ಅವನ ಅಣುಗಾತ್ರದವ ದೇಹದಲ್ಲಿ ಯಾವುದೋ ಒಂದು ಭಾಗದಲ್ಲಿ ನೆಲೆಸಿದ್ದಾನೆ.
ದೇಹ ಸುಟ್ಟು ಬೂದಿಯಾದರೂ ಅವನು ನಾಶ ಆಗಲ್ಲ.
ಒಳ್ಳೆಯ ಭಗವಂತನ ಸೇವೆಯನ್ನು ಸತ್ಕರ್ಮಗಳನ್ನು ಮಾಡಿದರೆ ಆತ ಮೋಕ್ಷ ಕ್ಷವನ್ನು ಪಡೆಯಬಲ್ಲ ಅಂತ ಅನ್ಯಹ ಮತ್ತೊಬ್ಬರು ನಮಗೆ ಓದತಿ ಉಪದೇಶ ಮಾಡುತ್ತಾರೆ ಆಶ್ಚರ್ಯವತ್ ಅಂತವರು ತುಂಬಾ ದುರ್ಲಭ.
ಅವನನ್ನ ಸರಿಯಾದ ರೂಪದಲ್ಲಿ ತಿಳಿಯುವವರು ಪ್ರಪಂಚದಲ್ಲಿ ದುರ್ಲಭ.
ಅವನನ್ನ ಸರಿಯಾಗಿ ಅನುಭವಕ್ಕೆ ಬಂದು ಹೇಳುವವರು ಅವರು ದುರ್ಲಾಭ
ಭಗವದ್ಗೀತೆ ಓದಿದವರು ದೇಹಾತಿರಿಕ್ತವಾದ ಆತ್ಮ ಇದ್ದಾನೆ ಅವನ ಹಾಗೆ ಹೀಗೆ ಅವನಿಗೆ ಅಂಗಿಯ ಕವಚ ವಾಸಾಂಸಿ ಜೀರ್ಣಾನಿ ಉಪದೇಶ ಬೇಕಾದಷ್ಟು ಮಾಡಬಹುದು
ಆದರೆ ಆ ಹೇಳಿಕೆಗಳು ಆ ಉಪದೇಶ ಗಂಟಲಿಂದ ಬರುತ್ತೆ ಹೊರತು ಹೃದಯದಿಂದ ಬರೋದಿಲ್ಲ
ಹೇಳುವ ಎಲ್ಲರಿಗೂ ಈ ವಿಷಯ ಖಾತ್ರಿ ಶ್ರೀನಾಂತ ಅವರ ಮನಸ್ಸನ್ನ ಕೆದಕಿದ್ರೆ ಈ ಗೀತೆಯಲ್ಲಿ ಹಾಗೆ ಹೇಳಿದ್ದಾನೆ ನನಗೆ ಇನ್ನು ಅನುಭವಕ್ಕೆ ಬರಬೇಕು ಅಂತ ಹೇಳಿ ಆನವರು.",1425,2235,,,113
kn_kannada_12_0003,kannada_12,kn,Dvaita,3,"ಹೀಗಾಗಿ
ಜೀವನ ಬಗ್ಗೆ ಅವನು ಹಾಗೆ ಹೀಗೆ ಅಂತ ಹೇಳುವ ವ್ಯಕ್ತಿ ಆಶ್ಚರ್ಯವತ್ ಅರ್ಥ ಮಾಡಿಕೊಂಡು ಹೇಳುವವನು ದುರ್ಲಭ.
ಆಶ್ಚರ್ಯವತ್ ಚೈನಮನ್ಯ ಶೃಣೋತಿ
ಇವತ್ತು ದೇಹ ಬಿಟ್ಟು ಒಬ್ಬ ಆತ್ಮ ಇದ್ದಾನೆ ಅಂತ ನೀವು
ಉಪನ್ಯಾಸಕ್ಕೆ ಕೊಡುದ್ರೆ
ಕೇಳೋ ಜನನು ಬಹಳ ಕಡಿಮೆ
ಅನ್ಯಹ ಶೃಣೋತಿ
ಇವನನ್ನ ದೇಹದಕ್ಕಿಂತ ಭಿನ್ನವಾದ ಒಬ್ಬ ಆತ್ಮನಿದ್ದಾನೆ ಅವನ ಗುಣ ಸ್ವಭಾವಗಳು ಹೀಗೆ ಅಂತ ಅಂತ ನೀನು ಅನುಭವಿಸಿಕೊಂಡು ಮತ್ತೊಬ್ಬರಿಗೆ ಹೇಳೋಕೆ ಹೋದ್ರೆ ಅದನ್ನ ಶೃಣೋತಿ ಕೇಳುವವನು ಕೂಡ ಆಶ್ಚರ್ಯವತ್ ದುರ್ಲಭ ಅಪರೂಪ ಅಂತವರು.
ಹೀಗೆ ಈ ದೇಹ ಅತಿರಿಕ್ತವಾದ ಆತ್ಮನನ್ನು ನೋಡಿದವರು ಅಪರೂಪ.
ಹೇಳುವವರು ಅಪರೂಪ.
ಕೇಳು ಅವರು ಅಪರೂಪ.
ಆಗ್ಲಿ ಒಬ್ಬ ನೋಡಿದ ಒಬ್ಬ ಹೇಳಿದ ಮತ್ತೊಬ್ಬ ಕೇಳಿದ ಅಂದ್ರು ಕೂಡ ಶುತ್ವಾ ಪೇನಂ ವೇದ ನಚೈವ ಕಶ್ಚಿತ್.
ಅವನನ್ನ ಕಿವಿ ತುಂಬಾ ಒಂದು ಗಂಟೆ ಜೀವ ಇದ್ದಾನೆ ಅಂತ ಖಾತ್ರಿ ನಿರ್ಧಾರಾತ್ಮಕವಾಗಿ ಹೇಳಿದ ಮಾತನ್ನು ಕೇಳಿಯೂ ಕೂಡ
ಮನೆಗೆ ಹೋದಮೇಲೆ ಮನೆಯಿಂದ ಹೊರಡುವಾಗ ಹೇಗಿದ್ದನೋ ಹಾಗೆ ಅವನು.",2236,2945,,,104
kn_kannada_12_0004,kannada_12,kn,Dvaita,4,"ನಾನು ದೇಹಕ್ಕಿಂತ ಬೇರೆ ಒಬ್ಬ ನಾನಿದ್ದೇನೋ ಅಂತ ಮತ್ತೆ ಆ ಸಂಶಯದಲ್ಲೇ ಮುಗಿತು.
ಶುತ್ವಾಪಿ ಏನಂ
ಏನಂ
ದೇಹದ ಒಳಗಡೆ ದೇಹಕ್ಕಿಂತ ಭಿನ್ನನಾಗಿ ಒಬ್ಬ ಜೀವ ಇದ್ದಾನೆ ಅಂತ ಅನ್ನೋದನ್ನ ಕೇಳಿದ್ರು ಶ್ರುತ್ವಾಪಿ ಕೇಳಿಯು ನಕಶ್ಚಿತ್ ವೇದ ಅದವನ್ನ ಮನವರಿಕೆ ಮಾಡಿಕೊಂಡವರು ನಕಶ್ಚಿತ್ ಬಹಳ ಅಪರೂಪ ಹೀಗೆ ಇದನ್ನು ಹೇಳುವವರು ಕೇಳುವವರು ಮತ್ತೆ ನೋಡುವವರು ಅಪರೂಪ ಹೇಳುವವರಿದ್ದರೂ ಕೇಳಿದವನು ನಾನಿದ್ದೇ ಇದ್ದೇನೆ ಅಮರ ಶಾಶ್ವತ ಅಂತ ಆತ್ಮನ ಬಗ್ಗೆ ನಿರ್ಧಾರಾತ್ಮಕವಾಗಿ ತಿಳಿದುಕೊಳ್ಳುವವರು ಮತ್ತಷ್ಟು ಅಪರೂಪ ಶುತ್ವಾಪಿ ಏನಂ ವೇದ ನಚೈವ ಕಶ್ಚಿತ್ ತುಂಬಾ ಮುಖ್ಯವಾದ ಮಾತು. ಭಗವದ್ಗೀತೆ ಮಹಾಭಾರತದ ಯುದ್ಧದ ಆರಂಭದಲ್ಲಿ ಆಗಿರೋದು. ಅರ್ಜುನ ಬಂಧು ಮರಣಕ್ಕಾಗಿ ದುಃಖಪಟ್ಟು ಕರ್ತವ್ಯ ವಿಮುಖನಾದ. ಕೃಷ್ಣ ಮರಣದ ಸ್ವಭಾವವನ್ನ ಬಿಚ್ಚಿಟ್ಟು ನೀನು ದುಃಖಿಸಬಾರದು ನಿನ್ನ ಕರ್ತವ್ಯ ಅಂತ ಅನ್ನೋ ದೃಷ್ಟಿಯಿಂದ ಭಗವತ್ ಪ್ರೀತಿಗಾಗಿ. ಆಗಿ ನಿನ್ನ ಕರ್ತವ್ಯದಲ್ಲಿ ನೀನು ತೊಡಗು ಅಂತ
ಅವನಿಗೆ ಉಪದೇಶ ಮಾಡಿದ.
ಅರ್ಜುನಕ್ಕೆ ಆವಾಗ ಖಾತ್ರಿಯಾಯಿತು. ಹೌದು ಇದು ಯುದ್ಧ ದೊಡ್ಡ ಧರ್ಮ ನಾನು ಮಾಡಲೇಬೇಕು ಅಂತ ಸ್ಥಿತೋಸ್ಮಿ ಗತ ಸಂದೇಹ ಕರಿಷ್ಯೆ ವಚನಂ ತವಾ
ನಿನ್ನ ಮಾತನ್ನು ನಡೆಸಿಕೊಡ್ತೇನೆ ಶ್ರೀಕೃಷ್ಣ ಅಂತ ಎದ್ದು ನಿಂತ.",2946,3816,,,118
kn_kannada_12_0005,kannada_12,kn,Dvaita,5,"ಆದರೆ ದ್ರೋಣ ಪರ್ವದಲ್ಲಿ ಅಭಿಮನ್ಯು ಸತ್ತಾಗ ಮತ್ತೆ ಅರ್ಜುನ ನಮ್ಮಂತೆ ಅತ್ತಿದ್ದೆ ಅತ್ತಿದ್ದು. ಗೀತೆಯನ್ನ ಕೃಷ್ಣನ ಬಾಯಿಯಿಂದ ಕೇಳಿಸಿಕೊಂಡವ ಆತ್ಮ ಅಮರ ದೇಹ ಹೋದರೆ ಮತ್ತೊಂದು ಬರುತ್ತೆ ಅಂತ. ಇಷ್ಟು ತತ್ವಜ್ಞಾನವನ್ನ ಗಣಿಸಿ ಸ್ಥಿತೋಸ್ಮಿ ಗತಸಂದೇಹಃ ಅಂತ ಭರವಸೆ ಕೊಟ್ಟ ಅರ್ಜುನ ತನ್ನ ಮಗ ಅಭಿಮನ್ಯು ಸತ್ತಾಗ ಓ ಅಂತ ದುಃಖಕ್ಕೆ ಒಳಗಾದ. ಇದು ಶುತ್ವಾಪ್ಯೇನಂ ವೇದ ನಚೈವ ಕಶ್ಚಿತ್ ಕೃಷ್ಣನಿಂದ ದೇಹಕ್ಕಿಂತ ಅತಿರಿಕ್ತ ನಾ ಆದ ಒಬ್ಬ ಆತ್ಮ ಇದ್ದಾನೆ ಅವನಿಗೆ ಹುಟ್ಟು ಸಾವುಗಳಿಲ್ಲ ದೇಹ ಬಂದು ಹೋಗುವಂತದ್ದು ಅದಕ್ಕೆ ವ್ಯಥೆ ಪಡಬೇಡ ಅಂತ ಕೃಷ್ಣನಿಂದ ಶುತ್ವಾಪಿ ಅರ್ಜುನ ಅತ್ತ ಅಲ್ಲಿಗೆ ಕೇಳಿದ ಅದು ದಾರ್ಢ್ಯಕ್ಕೆ ಮನಸ್ಸಿಗೆ ಅಂಟಿಲ್ಲ ಅರ್ಜುನನ ಸ್ಥಿತಿಯೇ ಹೀಗಾದ ಮೇಲೆ ಇನ್ ನಮ್ಮ ನಿಮ್ಮ ಸ್ಥಿತಿ ಹೇಗಾಗಿರಬಹುದು ಯೋಚನೆ ಮಾಡ್ರಿ. 
ಇದನ್ನ ಕೃಷ್ಣ ಇಲ್ಲಿ ಹೇಳಿದ. 
ನಾವು ಬಹಳಷ್ಟು ಅಧ್ಯಾತ್ಮದ ಬಗ್ಗೆ ದೇವರ ಬಗ್ಗೆ ಸತ್ಕರ್ಮಾಚರಣೆಗಳ ಬಗ್ಗೆ ಕೇಳುತ್ತೇವೆ. 
ಉಪನ್ಯಾಸಗಳನ್ನು ಮತ್ತೊಂದೋ ಇನ್ನೊಂದೋ ಮಾಧ್ಯಮಗಳ ಮೂಲಕವೋ ನೇರವಾಗಿಯೂ ಕೇಳುತ್ತೇವೆ.",3817,4570,,,102
kn_kannada_12_0006,kannada_12,kn,Dvaita,6,"ಆದರೆ ಮನಸ್ಸಿನ ಒಳಗಡೆ ಇಳಿಬೇಕು ಅದು. ಆವಾಗ ಶ್ರವಣವು ಸಾರ್ಥಕವಾಗುತ್ತದೆ.
ಶುತ್ವಾಪಿ ಏನಂ ವೇದ ನಚೈವ ಕಶ್ಚಿತ್ ಅಂತಾದರೆ ಆ ಶ್ರವಣ ಪೂರ್ಣ ಸಫಲವಾಗಿಲ್ಲ ಅಂತ ಅರ್ಥ.
ಆದರೆ ಅಷ್ಟು ಮಾತ್ರದಿಂದ ಆ ಶ್ರವಣವನ್ನು ಬಿಡಬಾರದು.
ಕೇಳಿ ಕೇಳಿ ಕೇಳಿ ಕೇಳಿ ಆ ಮನಸ್ಸಿನಲ್ಲಿ ಒಂದಲ್ಲ ಒಂದು ದಿವಸ ಸಂಸ್ಕಾರವು ದೃಢವಾಗುತ್ತದೆ ಕೇಳಿದಂತೆ ಮೆತ್ತಿಗೆ ಮೆತ್ತಿಗೆ ಮೆತ್ತಿಗೆ ಮೆತ್ತಿಗೆ ಸಂಸ್ಕಾರ ಮೂಡ್ತಾ ಇರುತ್ತೆ.
ಈ ಒಂದು ಘಟನೆ ಜ್ಞಾಪಿಸಿಕೊಳ್ಳಿ.
ಹಿಂದಿನ ಕಾಲದಲ್ಲಿ ಭಾವಿಗೆ ಈ ಸೇದುವ ರಾಟೆಯ ಬದಿಯಲ್ಲಿ ಎದುರುಗಡೆ ಒಂದು ಕಲ್ಲು ಹಚ್ಚುತ್ತಿದ್ದರು.
ನಾವು ಬಿಂದಿಗೆಯನ್ನ ಅದರ ಮೇಲೆ ಇಟ್ಟು ಅದಕ್ಕೆ ಹಗ್ಗ ಜೋಡಿಸಿ ಕೆಳಗಡೆ ಇಳಿಸೋದು.
ಗಟ್ಟಿಯಾದ ಕಲ್ಲು ಅದು. ಆದರೆ
ಬಿಂದಿಗೆ ಇಡುವ ಜಾಗದಲ್ಲಿ ಅಲ್ಲೊಂದು ಗುಳಿಯಾಗಿರುತ್ತದೆ.
ಯಾಕೆ?
ಬಿಂದಿಗೆ ಇಟ್ಟು ಇಟ್ಟು ಇಟ್ಟು ನೂರಿನಷ್ಟು ಜನ ಕಲ್ಲು ಸವಿಯುತ್ತದೆ.
ಗಟ್ಟಿಯಾದ ಕಲ್ಲು ಬಿಂದಿಗೆಯಿಂದ ಒಂದಲ್ಲ ಒಂದು ದಿವಸ ಹತ್ತಾರು ವರ್ಷಗಳಲ್ಲಿ ತಾನು ಸವೆದು ಅಲ್ಲೊಂದು ಹೊಂಡ ಆಗ್ತದೆ ಅಂದ್ರೆ ನಮ್ಮ ಮನಸ್ಸು ಇಂತಹ ಒಳ್ಳೆ ವಿಚಾರಗಳನ್ನ ಕೇಳಿ ಕೇಳಿ ಕೇಳಿ ಅದರಲ್ಲೂ ಒಂದು ಸಂಸ್ಕಾರ ಮೂಡುತ್ತದೆ.",4572,5389,,,114
kn_kannada_12_0007,kannada_12,kn,Dvaita,7,"ಒಂದು ದಿವಸ ಇದು ಹೌದು ಅಂತ ನಮ್ಮ ಮನಸ್ಸಿಗೆ ಖಾತ್ರಿಯಾಗುತ್ತದೆ. ಆದ್ದರಿಂದ ಶುತ್ವಾಪಿ ಏನಂ ವೇದ ನಚೈವ ಕಶ್ಚಿತ್. ಹೇಳಿದ್ರು ಮನವರಿಕೆ ಮಾಡಿಕೊಂಡು ಇದ ಮಿತ್ತಂತ ನಿರ್ಧಾರಕ್ಕೆ ಬರುವವರು ಬಹಳ ಅಪರೂಪ ಅಂದ. ಹೀಗಾಗಿ ಕೃಷ್ಣ ಆತ್ಮನ ಬಗ್ಗೆ ಏನು ತತ್ವವನ್ನು ಹೇಳಿದನೋ ಇದನ್ನ ಸಾಧ್ಯವಾದಷ್ಟು ದಿನಾ ಇದನ್ನ ಯೋಚನೆ ಮಾಡಿ ಮಾಡಿ ಮಾಡಿ ದೇಹವೇ ನಾನಲ್ಲ ದೇಹದ ಒಳಗೆ ನಾನು ನನಗೆ ಉಪ್ಪು ಸಾಗುತ್ತೆ. ಇಲ್ಲ ನಮ್ಮ ಕರ್ಮಕ್ಕೆ ಅನುಗುಣವಾಗಿ ಬೇರೆ ಬೇರೆ ದೇಹಕ್ಕೆ ಬರೋದು ಸಹಜ ಅನ್ನೋದನ್ನ ಮನವರಿಕೆ ಮಾಡಿಕೊಡಬೇಕು ಆವಾಗ ಪ್ರಪಂಚಕ್ಕೆ ನಾವು ತರೆ ಬಾಗೋದಿಲ್ಲ. ಮತ್ತೊಮ್ಮೆ ಸ್ಟೋಕ ಆಶ್ಚರ್ಯವತ್ಪಶ್ಯತಿ ಕಶ್ಚಿತೇನಂ ಆಶ್ಚರ್ಯವದ್ವದತಿ ತಥೈವಚಾನ್ಯಃ ಆಶ್ಚರ್ಯ ಯಾವಚ್ಚೈನವನ್ಯ ಶ್ರುಣೋತಿ
ಶುತ್ವಾಪ್ಯೇನಂ ವೇದನಚೈವ ಕಶ್ಚಿತ್
ಮೂವತ್ತನೆಯ ಶ್ಲೋಕ
ದೇಹಿ ನಿತ್ಯಮವದ್ಯೋಯಂ ದೇಹೇ ಸರ್ವಸ್ಯ ಭಾರತ
ತಸ್ಮಾತ್ ಸರ್ವಾಣಿ ಭೂತಾನಿ ನತ್ವಂ ಶೋಚಿತುಮರ್ಹಸಿ
ಪದ ವಿಭಾಗ ದೇಹಿ ನಿತ್ಯಂ ಅವಧ್ಯಃ ಅಯಂ ದೇಹೇ ಸರ್ವಸ್ಯ ಭಾರತ ತಸ್ಮಾತ್ ಸರ್ವ ವಾಣಿ
ಭೂತಾನಿ
ನ ತ್ವಂ ಶೋಚಿತುಂ ಅರ್ಹಸಿ.",5390,6148,,,105
kn_kannada_12_0008,kannada_12,kn,Dvaita,8,"ಮತ್ತೆ ಆತ್ಮನ ಅಮರತ್ವವನ್ನು ಶ್ರೀಕೃಷ್ಣ ಇಲ್ಲಿ ದೃಢ ಮಾಡುತ್ತಾನೆ.
ಕೇಳಿ ಕೇಳಿ ಸಂಸ್ಕಾರ ಹತ್ತಲಿ ಅಂತ ನಮಗೆ.
ಅಯಂ ದೇಹಿ
ಸರ್ವಸ್ಯ ದೇಹಿ ದೇಹಿ
ನಿತ್ಯಂ ಅವಧ್ಯಃ
ಅಯಂ ದೇಹಿ
ನಿನಗೇನು ನಾನು ನಾನು ನಾನು ಅಂತ ಸಂವೇದನೆಗೆ
ಈ ದೇಹದ ಒಳಗಡೆ ಇರುವ ಒಬ್ಬ ಆತ್ಮನ ಅನುಭೂತಿ ಬರ್ತಾ ಇದೆಯೋ
ಅಯಂ ದೇಹಿ
ಈ ದೇಹವನ್ನು ಮನೆ ಮಾಡಿರುವ ಒಬ್ಬ ಆತ್ಮ ಸರ್ವಸ್ಯ ದೇಹೇ
ನಾನು ನೀನು ಅಂತಲ್ಲ
ಎಲ್ಲರ ದೇಹದ ಒಳಗೂ ನಿತ್ಯಂ ಯಾವಾಗಲೂ ಅವಧ್ಯಃ
ಸಾವಿಲ್ಲದವ ವಧ್ಯ ಅಂದ್ರೆ ಸಾವಿರುವ ವಸ್ತು
ಅವಧ್ಯ ಅಂದ್ರೆ ಕೊಲ್ಲಲು ಅಸಾಧ್ಯವಾದದ್ದು ಅಂತ ಅರ್ಥ.
ಸಕಲ ದೇಹಗಳ ಹೊರಗೆ ಇರುವ ಒಬ್ಬ ದೇಹಿ ಆ ದೇಹದ ಯಜಮಾನ ಗೃಹಿ ಅಂದ್ರೆ ಮನೆಯ ಯಜಮಾನ.
ದೇಹಿ ಅಂದ್ರೆ ದೇಹದ ಒಡೆಯ.
ಈ ದೇಹವನ್ನ ಮನೆ ಮಾಡಿಕೊಂಡಿರುವ ಆ ಆತ್ಮ ಅವನು ನಿನ್ನು ಮಾತ್ರ ಅಲ್ಲ ಅವಧ್ಯಹ ಸರ್ವಸ್ಯ ದೇಹಿ ಎಲ್ಲರ ದೇಹದ ಒಳಗಡೆ ಇರುವ ಆ ಆತ್ಮ
ಅವನನ್ನು ಯಾರಿಗೂ ಕೊಲ್ಲಕ್ಕಾಗುವುದಿಲ್ಲ ಅವಧ್ಯಃ
ತಸ್ಮಾತ್ ಆದ್ದರಿಂದ
ಭಾರತ ಅರ್ಜುನನೇ ಸರ್ವಾಣಿ ಭೂತಾನಿ ತ್ವಂ ಶೋಚಿತುಂ ನರ್ಹಸಿ
ಯಾವ ಪ್ರಾಣಿಗಳ ಬಗ್ಗೆಯೂ ನೀನು ದುಃಖ ಪಡುವ ಅಗತ್ಯ ಇಲ್ಲ.",6149,6918,,,124
kn_kannada_12_0009,kannada_12,kn,Dvaita,9,"ಯಾಕೆ? ಮನುಷ್ಯ ಮಾತ್ರ ಅಲ್ಲ. ಪ್ರಾಣಿ, ಪಶು, ಪಕ್ಷಿಗಳ ಒಳಗಡೆ ಇರುವ ಆತ್ಮವು ಅಜರ ಅಮರ. ಆದ್ದರಿಂದ ಆತ್ಮನು ನಾಶವಾಗುತ್ತದೆ ಅನ್ನೋ ಕಾರಣಕ್ಕೋಸ್ಕರ ನೀನು ಯಾವುದೇ ವ್ಯಕ್ತಿಯ ಬಗ್ಗೆ ಬರೇ ಮನುಷ್ಯರಲ್ಲ ನಿನ್ನ ಬಂಧುಗಳಿಗೆ ಗಳಲ್ಲ ಪ್ರಾಣಿ, ಪಶಿ, ಪಕ್ಷಿ, ಕ್ರಿಮಿ, ಕೀಟಗಳ ಬಗ್ಗೆಯೂ ಕೂಡ ಅವುಗಳ ಒಳಗಡೆ ಇರುವ ಆತ್ಮನಿಗೆ ನಾಶವಾಗುತ್ತದೆ ಅವನು ವಧ್ಯ ಅನ್ನೋ ವಿಷಯದಲ್ಲಿ ನೀನು ದುಃಖ ಪಡುವ ಅಗತ್ಯ ಇಲ್ಲ. ದೇಹ ನಾಶವಾಗುತ್ತದೆ ಹೊರತು ಆತ್ಮನಿಗೆ ನಾಶ ಇಲ್ಲ. ಆದ್ದರಿಂದ ನಿನ್ನ ಎದುರುಗಡೆ ಇರುವ ಸೇರಿರುವ ಶತ್ರು ಶತ್ರುಗಳು
ನಾಶ ಆಗ್ತಾರೆ ಅಂತ ಸೀಮಿತ ಪ್ರಪಂಚಕ್ಕೆ ನಿನ್ನ ದುಃಖ. 
ನಾನು ಹೇಳ್ತೇನೆ ಅರ್ಜುನ ಈ ನಿನ್ನ ಎದುರುಗಡೆ ಇರುವ ಕೆಲವು ಅಕ್ಷೌಹಿಣಿಗಳು ಅಲ್ಲ ಇಡೀ ಈ ಪ್ರಪಂಚದಾದ್ಯಂತ ತುಂಬಿಕೊಂಡ ಯಾವುದೇ ಪ್ರಾಣಿಗಳು ಅದರ ಒಳಗಡೆ ಇರುವ ಜೀವಿ ಅದು ನಿನ್ನಿಂದ ಕೊಲ್ಲೋಕೆ ಸಾಧ್ಯವಿಲ್ಲ ಯಾರು ಅದನ್ನ ವಶಿಸಲಾರರು. ಆದ್ದರಿಂದ ನತ್ವಂ ಶೋಚಿತುಂ ಅರ್ಹಸಿ. 
ಆತ್ಮನಾಶದ ಬಗ್ಗೆ ನೀನು ದುಃಖ ಪಡುವ ಅಗತ್ಯ ಇಲ್ಲ.",6919,7644,,,105
kn_kannada_12_0010,kannada_12,kn,Dvaita,10,"ಇದನ್ನ ಸ್ವಭಾವ ಒಂದು ನಾಶ ಇಲ್ಲದೆ ಇರೋದು ಅವನ ಸ್ವಭಾವ ಅನ್ನೋದನ್ನ ಶ್ರೀಕೃಷ್ಣ ಇಲ್ಲಿ ಮತ್ತೆ ಹೇಳಿದ್ದಾನೆ. 
ಮತ್ತೊಮ್ಮೆ ಶ್ಲೋಕ ದೇಹಿ ನಿತ್ಯಮವದ್ಯೋಯಂ ದೇಹೇ ಸರ್ವಸ್ಯ ಭಾರತ ತಸ್ಮಾತ್ ಸರ್ವಾಣಿ ಭೂತಾನಿ ನತ್ವಂ ಶೋಚಿತುಮರ್ಹಸಿ
ಇದುವರೆಗೆ ಶ್ರೀಕೃಷ್ಣ ಅರ್ಜುನನ ದುಃಖಕ್ಕೆ ಪರಿಹಾರವಾಗಿ ಆತ್ಮ ನಿತ್ಯ ದೇಹ ಅದು ನಶ್ವರ. ಮರಣ ಪ್ರತಿಯೊಂದು ಜೀವಿಗೂ ಅನಿವಾರ್ಯ. ಅದಕ್ಕೆ ದುಃಖ ಪಡಬೇಡ ಅಂತ ಇಷ್ಟು ಹೇಳಿದ. ರಾಯರ ಮಾತು ಕೇಳಿ ಯದುಕ್ತಂ ಪ್ರಾಕ್ ವೇಪತುಶ್ಚ ಶರೀರೇಮೆ ರೋಮಹರ್ಷಶ್ಚ ಜಾಯತೆ ಇತಿ ತತ್ರಾಹ. ಶ್ರೀಕೃಷ್ಣನ ಮುಂದೆ ಅರ್ಜುನ ಹೇಳುವಾಗ ನನ್ನ ಶರೀರ ನಗುತಾ ಇದೆ. 
ರೋಮ ನನ್ನ ಮೈಯಲ್ಲಿರುವ ರೋಮಗಳು ಸೆಟೆದು ನಿಂತಿವೆ. 
ಗಾಂಡೀವಂ ಶ್ರಮ್ಸತೆ ಹಸ್ತಾತ್ ಅಂತ ಮೈಯಲ್ಲಿ ಒಂದು ರೀತಿಯ ನಡುಕವನ್ನು ಅಶಕ್ತಿಯನ್ನು ತೋಡಿಕೊಂಡಿದ್ದ. ಅದಕ್ಕೆ ಶ್ರೀಕೃಷ್ಣ ಮುಂದೆ ಪರಿಹಾರವನ್ನು ಹೇಳುತ್ತಾನೆ. 31ನೆಯ ಶ್ಲೋಕ ಸ್ವಧರ್ಮಮಪಿಚಾವೇಕ್ಷ್ಯ ನವಿಕಂಪಿತುಮರ್ಹಸಿ ಧರ್ಮ್ಯಾದ್ಧಿ ಯುದ್ಧಾತ್ಶೇಯೋನ್ಯತ್ ಕ್ಷತ್ರಿಯಸ್ಯ ನವಿದ್ಯತೆ. ಪದ ವಿಭಾಗ ಸ್ವಧರ್ಮಂ ಆಪಿ ಚ ಅವೇಕ್ಷ ನ ವಿಕಂಪಿತುಂ ಅರ್ಹಸಿ ಧರ್ಮ್ಯಾತ್ ಶಿ ಧರ್ಮ್ಯಾತ್ ಶಿ ಅನ್ನೋಲ್ಲಿ ಎರಡು ಪದ ಇದೆ ಧರ್ಮ್ಯಾತ್ ಶಿ ಯುದ್ಧಾತ್
ಕ್ಷೇಯಃ
ಅನ್ಯತ್
ಕ್ಷತ್ರಿಯಸ್ಯ
ನ ವಿದ್ಯತೆ
ಅರ್ಜುನ
ನಿನ್ನ ದೇಹದ ದೌರ್ಬಲ್ಯದ ಬಗ್ಗೆ ಹೇಳಿಕೊಂಡಿದ್ದಿ ನೀನು.",7646,8586,,,125
kn_kannada_12_0011,kannada_12,kn,Dvaita,11,"ಆದರೆ
ಈ ಯುದ್ಧವನ್ನು ಮಾಡು ಅಂತ ನಾನು ನಿನಗೆ ಹೇಳ್ತಿರೋದು ಆತ್ಮಾಮರ ದೇಹ ನಶ್ವರ ನೀನು ಯುದ್ಧದಲ್ಲಿ ತೊಡಗು ಅಂತ ಹೇಳ್ತಿರೋದು ನಿನ್ನ ಶತ್ರುಗಳನ್ನು ಕೊಲ್ಲು ಅಂತ ಆಗ್ಲಿ ಅಥವಾ ನನಗೆ ಆಗದವರು ತುಂಬಾ ಜನ ಇದ್ದಾರೆ ಅವರನ್ನೆಲ್ಲ ಒಂದು ಸತಿ ಮುಗಿಸಿಬಿಡು ಅಂತ ಆಗ್ಲಿ ನಿನ್ನ ನನ್ನ ಸ್ವಾರ್ಥಕ್ಕೋಸ್ಕರ ಹೇಳ್ತಾ ಇಲ್ಲ ನೀನೊಬ್ಬ ಕ್ಷತ್ರಿಯ ನಿನ್ನ ಧರ್ಮದ ಬಗ್ಗೆ ಯೋಚನೆ ಮಾಡು.
ಸ್ವಧರ್ಮಮಪಿಚ ಅಪೇಕ್ಷಾ.
ಕ್ಷತ್ರಿಯನಾದ ನಿನ್ನ ಕರ್ತವ್ಯದ ಬಗ್ಗೆ ಒಂದು ಸತಿ ಪರಿಯಾಲೋಚನೆ ಮಾಡು.
ಸ್ವಧರ್ಮಂ ಅಪೇಕ್ಷಾ.
ನ ವಿಕಂಪಿತು ಮರ್ಹಸಿ.
ನೀನು ದೇಹದಲ್ಲಿ ಏನು ವಿಕಾರಗಳು ಆಗ್ತಾ ಇದ್ದಾವೆ. ನಡುಗುತ್ತಾ ಇದೆ
ಬೆವರುತ್ತಾ ಇದೆ ಅಂತ ಹೇಳಿದ್ಯೋ ಈ ದೇಹದ ಕಂಪನೆ ವಿಕಾರಗಳಿಗೆ ನ ಅರ್ಹಸಿ
ನೀನು ಯಾರನ್ನೋ ಕೊಲೆ ಮಾಡೋಕ್ಕೋಸ್ಕರ ನಿಂತಿದ್ದೇನೆ ಅಂತ ಭಾವಿಸಿಕೊಂಡು
ಮೈ ಬೆವತು ನಡುಗುಬೇಡ ಇದು ನಿನ್ನ ಧರ್ಮ
ನಿನ್ನ ಧರ್ಮಾಚರಣೆಗೆ ನೀನು ತೊಡಗುವಾಗ ನೀನು ಹೆದರಿ ನಡಗಬೇಕು ಅರ್ಜುನ
ಮೈ ಬೆವರಬೇಕು
ಒಬ್ಬ ನಿಷ್ಠಾವಂತ ಬ್ರಾಹ್ಮಣನಿಗೆ
ಸ್ನಾನ ಮಾಡಿ ಜಪ ಪೂಜೆ ಸಂಧ್ಯಾವಂದನೆಗಳು ಅವನಿಗೆ ವಿಹಿತ ಕರ್ಮ
ಅದನ್ನು ಮಾಡುವಾಗ
ಅವನು ಮೈಯೆಲ್ಲಾ ಬೆವತು
ಹೆದರಬೇಕು
ಒಬ್ಬ ನಿ ನ್ಯಾಯಾಧೀಶನಿಗೆ
ಸಾಕ್ಷಿಗಳ ಆಧಾರದಿಂದ ಅವನ ಎದುರುಗಡೆ ಇರುವ ಅಪರಾಧಿಗೆ ಶಿಕ್ಷೆ ಕೊಡುವುದು ಅವನ ಧರ್ಮ.",8587,9498,,,131
kn_kannada_12_0012,kannada_12,kn,Dvaita,12,"ಅಯ್ಯೋ ಜೀವಾವಧಿ ಶಿಕ್ಷೆ ನೀಡಿದ್ದೇನೆ ಅಂತ ಅವನು ಮೈ ನಡಗಬೇಕು
ಅವನ ಧರ್ಮದ ಬಗ್ಗೆ ಅವನ ಕರ್ತವ್ಯದ ಬಗ್ಗೆ ಅವನು ಯೋಚಿಸಿ ತನ್ನ ದೇಹದ ದೌರ್ಬಲ್ಯವನ್ನು ಗೆಲ್ಲಬೇಕು.
ಅವರವರು ಅವರವರ ಕರ್ತವ್ಯವನ್ನ ನಿಷ್ಠೆಯಿಂದ ನೆರವೇರಿಸಿದಾಗ
ಅದರಿಂದ ಯಾವುದೇ ತೊಂದರೆಗೆ ಬಂದರೂ ಅದನ್ನ ಸಹಿಸಿಕೊಂಡು ಕರ್ತವ್ಯದಲ್ಲಿ ಮುನ್ನುಗ್ಗಬೇಕೆ ಹೊರತು ಅದಕ್ಕಾಗಿ ದೈಹಿಕ ವಿಕಾರಗಳನ್ನು ಹೊಂದಿ ಅದನ್ನು ನೆಪವಾಗಿ ಇಟ್ಟುಕೊಂಡು ಕರ್ತವ್ಯ ದಿಂದ ಹಿಂಜರಿಬಾರ್ದು. 
ಸ್ವಧರ್ಮಮಾಪಿಚ ಅವೇಕ್ಷಾ ನವಿಕಂಪಿತುಂ ಅರ್ಹಸಿ ಅರ್ಜುನ ನಿನ್ನ ಕರ್ತವ್ಯದ ಬಗ್ಗೆ ಒಂದು ಸತಿ ದೃಷ್ಟಿಯನ್ನಿಡು ನಿನ್ನ ದೇಹದ ದೌರ್ಬಲ್ಯಗಳನ್ನು ಗೆಲ್ಲು. 
ಏನು ನನ್ನ ಕರ್ತವ್ಯ ಧರ್ಮ್ಯಾಜ್ಜಿ ಯುದ್ಧಾತ್ ಕ್ಷೇಯಃ ಅನ್ಯತ್ ಕ್ಷತ್ರಿಯಸ್ಯ ನವಿದ್ಯತೆ
ಯುದ್ಧಕ್ಕಿಂತ ಶ್ರೇಯಸ್ಕರವಾದ ಒಂದು ಧರ್ಮ ಕ್ಷತ್ರಿಯನಿಗೆ ಮತ್ತೊಂದಿಲ್ಲ
ಕ್ಷತ್ರಿಯನಾದವನಿಗೆ ಯುದ್ಧವು ಧರ್ಮ್ಯ ಅಂದ್ರೆ ಅವನ ಧರ್ಮಕ್ಕೆ ಬೇಕಾದದ್ದು ಅವನು ಮಾಡಬೇಕಾದ ಅನಿವಾರ್ಯ ಕರ್ತವ್ಯ.
ನಮ್ಮ ಪ್ರಾಚೀನ ಭಾರತದಲ್ಲಿ
ಶತ್ರುಗಳ ಸಂಹಾರ ಯುದ್ಧ ಅದೊಂದು ದೊಡ್ಡ ಯಜ್ಞ ಅಂತ ಭಾವಿಸಿದ ಕ್ರಮವನ್ನು ನಾವು ನೋಡ್ತೇವೆ.
ಒಂದು ವೇಳೆ ಆ ವರ್ಷದಲ್ಲಿ ಯುದ್ಧ ಸಿಗಲಿಲ್ಲ ಅಂದ್ರೆ ವಿಜಯದಶಮಿ ಅವತ್ತು ರಾಜ ಊರಿನ ಹೊರಗಡೆ ಹೋಗಿ ಒಂದು ಶಮೀ ವೃಕ್ಷಕ್ಕೆ ಹೊಡೆದು ಒಂದು ಗೆಲ್ಲನ್ನಾದರೂ ತುಂಡರಿಸಬೇಕು ಅಂತ.",9499,10439,,,120
kn_kannada_12_0013,kannada_12,kn,Dvaita,13,"ಇದನ್ನ ತಪ್ಪು ಅರ್ಥ ಮಾಡಿಕೊಳ್ಳಬಾರದು. ಕಾಲು ಕೆರೆದು ಜಗಳಕ್ಕೆ ಹೋಗಿ ಯುದ್ಧ ಮಾಡಿ ಕೃಷ್ಣಾರ್ಪಣ ಅಂತ ಮಾಡಬೇಕು ಅಂತ ಕ್ಷತ್ರಿಯ ವೃತ್ತಿ ಅಲ್ಲ. ಕ್ಷತ್ರಿಯನ ವೃತ್ತಿ. ಯುದ್ಧ ಹೌದು. 
ಯಾರ ಜೊತೆ ಯುದ್ಧ? 
ಅಕ್ಕ ಪಕ್ಕದ ರಾಜ್ಯಗಳಿಗೆ ಸೇನೆಯನ್ನ ನುಗ್ಗಿಸೋದು ಅವರನ್ನು ಕೊಲ್ಲೋದು ಕೃಷ್ಣಾರ್ಪಣ. 
ಇದು ಯುದ್ಧ ಅಲ್ಲ ಧರ್ಮ್ಯ ಯುದ್ಧ. 
ಯಾರು ಅಧರ್ಮದ ಹಾದಿ ತುಳಿದಿದ್ದಾರೋ, ಯಾರು ಸಮಾಜಕ್ಕೆ ಘಾತುಕರಾಗಿ ಬೆಳಿತಾ ಇದ್ದಾರೋ ಅವರನ್ನ ನಿಗ್ರಹಿಸಿ ಸಮಾಜಕ್ಕೆ ಕ್ಷೇಮವನ್ನು ಚಿಂತನೆ ಮಾಡುವ ಯುದ್ಧ ಏನಿದೆಯೋ ಅದು ಧರ್ಮ್ಯ ಯುದ್ಧ.
ಆಚಾರ್ಯರು ಭಗವದ್ಗೀತೆಯ ತಾತ್ಪರ್ಯವನ್ನು ಹೇಳುವಾಗ ಭಗವದ್ ದ್ವಿತ್ ತದನುಬಂಧಿಗಳು ಇವತ್ತು ನಿನ್ನ ಮುಂದೆ ಇರುವವರು ತತ್ವದ್ವೇಷಿಗಳು.
ಭೀಷ್ಮ ದ್ರೋಣಾದಿಗಳು ದೈವದ ಬಗ್ಗೆ ಮಹಾ ಮಹಾನಂಬಿಕೆ ಇರುವ
ಸಾಧಕರು
ಆದರೂ
ದೈವದ ಬಗ್ಗೆ ನಂಬಿಕೆ ಇಲ್ಲದ ನಾಸ್ತಿಕ ಭಾವದ ದುರ್ಯೋಧನನಿಗೆ ಬಿಂಬವಾಗಿ ನಿಂತವರು.
ಅಂದ ಅರ್ಜುನನ ಮುಂದೆ ಇರುವಂತದ್ದು
ಧರ್ಮದ ಬಗ್ಗೆ ಶ್ರದ್ಧೆ ಇಲ್ಲದ ನಾಸ್ತಿಕ್ಯ ಪ್ರಪಂಚದಲ್ಲಿ ಆಸಕ್ತಿ ಇರುವ ಕೇವಲ ಈ ಮನುಷ್ಯ ಜೀವನ
ತಿಂದು ತೇಗಿ
ಸುಖ ಪಡೋದಕ್ಕೆ ಇರೋದು ಅಂತ ಭೌತಿಕ ಭಾವದ ಜನರು ಅವರಿಗೆ ಪ್ರೋತ್ಸಾಹವನ್ನು ಕೊಡುವವರು.",10440,11286,,,115
kn_kannada_12_0014,kannada_12,kn,Dvaita,14,"ಇಂಥವರಿಂದ ತುಂಬಿದೆ.
ಇಂಥವರನ್ನ
ಯುದ್ಧದಲ್ಲಿ ಕೊಲ್ಲೋದು ಧರ್ಮ್ಯ ಇದು ಧರ್ಮ ಯುದ್ಧ.
ಇಂಥ ಯುದ್ಧ ಕ್ಷತ್ರಿಯನಿಗೆ ನಿನಗೆ ಬಹಳ ಅಪರೂಪ ಅಪ್ಪ. ಇದಕ್ಕಿಂತ ದೊಡ್ಡ ಒಂದು ಶ್ರೇಯಸ್ಸು ಕ್ಷತ್ರಿಯನಿಗೆ ಬರೋದಿಲ್ಲ ಅರ್ಜುನ ನಿನಗೆ ಬಂದಿದೆ. ನಾನಿದ್ದೇನೆ. ದೇವ ದೇವ ನನ್ನ ಸಾರಥ್ಯದಲ್ಲಿ ನಿನಗೆ ದೈವ ಕೊಟ್ಟ ಈ ಅವಕಾಶದಿಂದ ವಂಚಿತನಾಗಬೇಡ ದೇಹದ ದೌರ್ಬಲ್ಯವನ್ನ ಮೆಟ್ಟಿ ನಿಲ್ಲು ಧರ್ಮಕ್ಕೆ ಸಿದ್ಧನಾಗು. ಇದು ಕೃಷ್ಣ ಕೊಟ್ಟ ಕರೆ. ಮತ್ತೊಮ್ಮೆ ಶ್ಲೋಕ ಸಧರ್ಮಮಪಿಚಾವೇಕ್ಷ ನವಿಕಂಪಿತುಮರ್ಹಸಿ ಧರ್ಮ್ಯಾಧಿ ಯುದ್ಧಾತ್ಷೇಯೋನ್ಯತ್ ಕ್ಷತ್ರಿಯಸ್ಯ ನವಿದ್ಯತೆ. ಶ್ರೀಕೃಷ್ಣ ಜೀವ ನಿತ್ಯಾನ ಅನ್ನೋದರ ಉಪದೇಶವನ್ನ ಮುಗಿಸಿ ಇದು ಧರ್ಮ ಆದ್ದರಿಂದ ನೀನು ಮಾಡಲೇ ಬೇಕಾದ್ದು ಅಂತ ಇನ್ನೊಂದು ಅಂಶವನ್ನ ಅರ್ಜುನನಿಗೆ ಮನವರಿಕೆ ಮಾಡಿಕೊಟ್ಟ. ಇದನ್ನು ಮಕ್ಕಳಿಗೆ ತಿಳಿ ಹೇಳುವಂತೆ ಶ್ರೀಕೃಷ್ಣ ಮುಂದುವರಿಸುತ್ತಾನೆ. ಮುಂದಿನ ಭಾಗವನ್ನು ಮುಂದೆ ನೋಡೋಣ. ಶ್ರೀಕೃಷ್ಣಾರ್ಪಣ ವಸ್ತು. ಈ ಪ್ರವಚನ ಸೇವೆಯನ್ನ ಮರವೇಕೆರೆ ಶ್ರೀ ಮುರಳೀಧರರಾವ್ ಅವರು ಪ್ರಾಯೋಜಿಸಿದ್ದಾರೆ. ಶ್ರೀಕೃಷ್ಣ ಅವರಿಗೆ ಸಕಲ ಸೌಭಾಗ್ಯಗಳನ್ನು ಕೊಡಲಿ ಅಂತ ಪ್ರಾರ್ಥನೆ ಮಾಡ್ತೀನಿ.",11287,12099,,,100
kn_kannada_12_0015,kannada_12,kn,Dvaita,15,ಶ್ರೀಕೃಷ್ಣಾರ್ಪಣ.,12100,12115,,,1
kn_kannada_13_0000,kannada_13,kn,Dvaita,0,"ಶ್ರೀ ಗುರುಭ್ಯೋ ನಮಃ ಹರಿಃ ಓಂ ಯುದ್ಧದಿಂದ
ಜೀವ ಹಾನಿ ಅನ್ನೋದಕ್ಕೆ ಉತ್ತರವನ್ನು ಕೊಟ್ಟ ಶ್ರೀಕೃಷ್ಣ
ಇದು ಕ್ಷತ್ರಿಯನಾದ ನಿನ್ನ ಧರ್ಮ ಆದ್ದರಿಂದ
ಇದರಲ್ಲಿ ನೀನು ಕರ್ತವ್ಯದ ದೃಷ್ಟಿಯಿಂದ ತೊಡಗಬೇಕು ಅಂತ ಮತ್ತೊಂದು ಅಂಶವನ್ನು ಹೇಳಿ ಅರ್ಜುನನ ನಿರುತ್ಸಾಹವನ್ನ ಕಡಿಮೆಗೊಳಿಸಿದ್ದಾನೆ. ಅದನ್ನ ಮುಂದುವರಿಸುತ್ತಾ ಇದ್ದಾನೆ 32ನೇ ಶ್ಲೋಕದಲ್ಲಿ. ಯದೃಚ್ಛಯಾಚೋಪಪನ್ನಂ ಸ್ವರ್ಗದ್ವಾರಮಪಾವೃತಂ ಸುಖಿನಃ ಕ್ಷತ್ರಿಯಾ ಪಾರ್ಥ ಲಭಂತೇ ಯುದ್ಧಮೀದೃಶಂ ಪದವಿಭಾಗ ಯದೃಚ್ಛಯಾ ಚ ಉಪಪನ್ನಂ ಸ್ವರ್ಗದ್ವಾರಂ ಅಪಾವೃತಂ ಸುಖಿನಃ
ಕ್ಷತ್ರಿಯಾಃ
ಪಾರ್ಥ
ಲಭಂತೇ
ಯುದ್ಧಂ
ಈ ದೃಶಂ
ಈ ಶ್ಲೋಕದಲ್ಲಿ ಕೃಷ್ಣ ಹೇಳುವ ಮುಖ್ಯವಾದ ಒಂದು ಅಂಶ
ಇದು ನಿನ್ನ ಅದೃಷ್ಟದಿಂದ ಬಂದು ಒದಗಿದ
ದಿವ್ಯವಾದ ಸಂದರ್ಭ ಇದನ್ನ ಬಿಟ್ಟುಕೊಡಬೇಡ ಅಂತ. ಯದೃಚ್ಛಯ ಇದಂ ಉಪಪನ್ನಂ. ಯದೃಚ್ಛ ಅನ್ನೋದಕ್ಕೆ ಅಕಸ್ಮಾತ್ ಅಂತ ಅರ್ಥ. ಆದರೆ ರಾಘವೇಂದ್ರ ಸ್ವಾಮಿಗಳು ಒಂದು ಒಳ್ಳೆಯ ಅರ್ಥವನ್ನ ಇದಕ್ಕೆ ಕೊಟ್ಟಿದ್ದಾರೆ. ಯದೃಚ್ಛಾತು ತದಿಚ್ಛಾಸ್ಯಾತ್ ಅಂತ.
ಆಚಾರ್ಯರ ವಿಡಿಯೋದ ಸಂದೇಶ ಇದು.
ಯದೃಚ್ಛೆ ಅಂದ್ರೆ ಆಕಸ್ಮಿಕ ಅಂತ ನಾವು ಹೇಳ್ತೇವೆ.",0,781,,,100
kn_kannada_13_0001,kannada_13,kn,Dvaita,1,"ಆದ್ರೆ ಪ್ರಪಂಚದಲ್ಲಿ ಯಾವುದೇ ಘಟನೆ ಆಕಸ್ಮಿಕ ಅಲ್ಲ.
ಗಾಳಿ ಬಂದಾಗ ಒಂದು ಹುಲ್ಲು ಕಡ್ಡಿ ಅಲ್ಲಾಡಿದ್ರು ಅದು ಆಕಸ್ಮಿಕ ಅಲ್ಲ. ತೇನ ವಿನಾ ತೃಣಮಪಿ ನಚಲತಿ. ಯದೃಚ್ಛ ಅಂದ್ರೆ ಹರೀಚ್ಛೆ ಅಂತ ಅರ್ಥ. ಅಲ್ಲಿಗೆ ಆಕಸ್ಮಿಕ ಅಂದ್ರೆ ನಮ್ಮ ಪ್ರಯತ್ನದಿಂದ ಆಗಿದ್ದಲ್ಲ ಭಗವಂತ ಮನಸ್ಸು ಮಾಡಿ ಈ ಅವಕಾಶವನ್ನು ಕೊಟ್ಟಿದ್ದು ಅಂತ ಅರ್ಥ. ಆಕಸ್ಮಿಕವಾಗಿ ನಾನಲ್ಲಿ ಹೋದೆ ಅವರು ಕಾಣೋಕೆ ಸಿಕ್ಕರು ಅಂತ ಹೇಳ್ತೀವಿ.
ನಿಮ್ಮ ದೃಷ್ಟಿಯಲ್ಲಿ ಆಕಸ್ಮಿಕ ಅಂದ್ರೆ ಅನಿರೀಕ್ಷಿತ ಆದರೆ ಅದು ಭಗವಂತನ ಸಂಕಲ್ಪ.
ಅಲ್ಲಿಗೆ ಯಾವುದೇ ಘಟನೆಗಳು ಪ್ರಪಂಚದಲ್ಲಿ ಕಾರಣ ಇಲ್ಲದೆ ಆಗೋದಿಲ್ಲ ನಿಮ್ಮ ನಿಮ್ಮ ಇಚ್ಛೆಯಿಂದ ಆಗಿಲ್ಲ ಅಂತ ಬೇಕಾದರೆ ಹೇಳಿ ಆದರೆ ಭಗವಂತನ ಇಚ್ಛೆಯಿಂದ ಆಗಿದ್ದಕ್ಕೆ ಆಕಸ್ಮಿತ ಅಂತ ಹೇಳ್ತಾರೆ.
ಅಲ್ಲಿಗೆ ಅರ್ಜುನ ಇದಂ ಯದೃಚ್ಛಯಾ ಉಪಪನ್ನಂ.
ಈ ಮಹಾಭಾರತ ಯುದ್ಧ ನಾವು ಹೇಳುತ್ತೇವೆ ವಿಶ್ವದ ಒಂದು ದೊಡ್ಡ ದುರಂತ ಅಂತ.
ಕೃಷ್ಣ ಹೇಳುತ್ತಾನೆ.
ಇದು ಭಗವಂತನ ಇಚ್ಛೆಯಿಂದ ನಿನಗೆ ಸಿಕ್ಕಿದ ಚಾನ್ಸ್ ಒಂದು ಅವಕಾಶ.",782,1495,,,101
kn_kannada_13_0002,kannada_13,kn,Dvaita,2,"ಯದೃಚ್ಛಯ ಇದಂ ಉಪಪನ್ನಂ ಯಾಕೆ ಸ್ವರ್ಗದ್ವಾರಂ ಅಪಾವೃತಂ.
ಆವೃತ ಅಂದ್ರೆ ಮುಚ್ಚಿದೆ ಅಂತ ಅರ್ಥ.
ಅಪಾವೃತ ಅಂದ್ರೆ ತಿರ್ಕೊಂಡಿದೆ ಅಂತ ಅರ್ಥ. ನಿನಗೆ ಸ್ವರ್ಗದ ಬಾಗಿಲು ತೆರೆದಿದೆ ಅರ್ಜುನ ಸ್ವರ್ಗ ದ್ವಾರಂ ಅಪಾವೃತಂ ಭಗವಂತನ ಇಚ್ಛೆಯಂತೆ ಈ ಕರ್ತವ್ಯವನ್ನ ಧೈರ್ಯದಿಂದ ನೆರವೇರಿಸುವ ಮೂಲಕ ತೆರೆದ ಸ್ವರ್ಗ ಬಾಗಿಲು ನಿನಗೆ ಬಂದಿದೆ ನಿನ್ನ ಪಾಲಿಗೆ ಈ ಕರ್ತವ್ಯ ವ್ಯವನ್ನು ನೀನು ನಿಷ್ಠೆಯಿಂದ ಕ್ಷತ್ರಿಯ ವೃತ್ತಿ ಅಂತ ಮಾಡಿದರೆ ಇದರ ಫಲವಾಗಿ ಸ್ವರ್ಗದ ಸುಖವನ್ನು ನೀನು ಪಡೆಯುವುದು ಸಾಧ್ಯ.
ಆದ್ದರಿಂದ ಖಂಡಿತ ಹಿಂಜರಿಬೇಡ ಜೀವನದಲ್ಲಿ ಮತ್ತೊಮ್ಮೆ ಈ ಅವಕಾಶ ಸಿಗುತ್ತದೆ ಅಂತ ನಿನಗೆ ಎಣಿಸಬೇಡ. 
ಇದು ನನ್ನ ಇಚ್ಛೆಯಿಂದ ನಾನು ನಿನಗೆ ಒದಗಿಸಿಕೊಟ್ಟ ಸಂದರ್ಭ.
ಎದುರು ರಿಚ್ಛಯಾ ಉಪಪನ್ನಂ ಅಪಾವೃತಂ ಸ್ವರ್ಗದ್ವಾರಂ ತೆರೆದ ಸ್ವರ್ಗದ ಬಾಗಿಲು ನಿನಗೆ ನನ್ನ ಇಚ್ಛೆಯಿಂದ ಬಂದು ಒದಗಿದೆ. ಅರ್ಜುನ ಸುಖಿನ ಕ್ಷತ್ರಿಯಾ ಪಾರ್ಥ ಪಾರ್ಥ ಸುಖಿನಃ ಕ್ಷತ್ರಿಯಾಃ ಈ ದೃಶಂ ಯುದ್ಧಂ ಲಭಂತಿ. ಸುಖಿನಹ ಅಂದ್ರೆ ಸುಖವಾಗಿ
ತಿಂಡು ಉಂಡು ಮಲಗಿ ಬೆಳೆದ ಕ್ಷತ್ರಿಯರು ಅಂತ ಅರ್ಥ ಅಲ್ಲ.",1496,2259,,,107
kn_kannada_13_0003,kannada_13,kn,Dvaita,3,"ಸುಖಿನಹ ಅಂದ್ರೆ ಸುಖ ಬರಬೇಕಾದರೆ ನಮಗೊಂದು ಪುಣ್ಯ ಬೇಕು. ದುಃಖ ಬರೋದು ಪಾಪದಿಂದ ಸುಖ ಬರೋದು ಪುಣ್ಯದಿಂದ.
ಅಲ್ಲಿಗೆ ಸುಖಿನಹ ಅಂದ್ರೆ ಪುಣ್ಯವಂತರಾದ ಕ್ಷತ್ರಿಯರು ಈ ದೃಶ್ಯಂ ಯುದ್ಧಂ ಲಭಂತೇ.
ಈ ರೀತಿಯ ಒಂದು ಯುದ್ಧ ಕ್ಷತ್ರಿಯರಿಗೆ ತಮ್ಮ ಜೀವನದಲ್ಲಿ ಬರಬೇಕಾದರೆ ಅವರು ತುಂಬಾ ಪುಣ್ಯ ಮಾಡಿರಬೇಕು.
ಪುಣ್ಯ ಮಾಡಿದ ಕ್ಷತ್ರಿಯರಿಗಷ್ಟೇ ಒದಗಿ ಬರುವ ಈ ಯುದ್ಧದ ಸಂದರ್ಭ ಅರ್ಜುನ ನಿನಗೆ ಬಂದು ಹೋಗಿದೆ ಆದ್ದರಿಂದ ಇದು ನನ್ನ ಇಚ್ಛೆಯಿಂದ ಬಂದಿದೆ. ಇದನ್ನು ಯಾವತ್ತೂ ಹಾಳು ಮಾಡಿಕೊಳ್ಳಬೇಡ, ಹಿಂಜರಿ ಬೇಡ. 
ದೊಡ್ಡ ಅವಕಾಶ ಜೀವನದಲ್ಲಿ ನಿನಗೆ ಬಂದಿದೆ ಇದು. 
ಕ್ಷತ್ರಿಯರಿಗೆ ಯುದ್ಧ ಆ ರಣರಂಗದಲ್ಲಿ ಅವರು ಶತ್ರುಗಳ ಜೊತೆಯಲ್ಲಿ ಹೋರಾಡಿ ವೀರ ಮರಣವನ್ನು ಸೇರುತ್ತಾರೆ ಅಂತ. 
ವೀರ ಮರಣ ಅಂದ್ರೆ
ಈ ಸೂರ್ಯ ಮಂಡಲ ಇದೆಯಲ್ಲ ಇದು ಸ್ವರ್ಗದ ದ್ವಾರ ಸ್ವರ್ಗಕ್ಕೆ ಹೋಗೋ ಒಂದು ಬಾಗಿಲು.
ಆದರೆ ಸೂರ್ಯನ ತಾಪ ಎಷ್ಟು ಅಂತ ನಮಗೆ ಗೊತ್ತು.
ನಾವು ಕೋಟಿಗಟ್ಟಲೆ ಮೈಲು ದೂರದಲ್ಲಿದ್ದರೂ ಬೇಸಿಗೆ ಬಿಸಿಲನ್ನು ನಮಗೆ ತಡ್ಕೊಳ್ಳೋಕೆ ಆಗೋದಿಲ್ಲ.",2260,2996,,,105
kn_kannada_13_0004,kannada_13,kn,Dvaita,4,"ಹೀಗಿರುವಾಗ ಸೂರ್ಯ ಮಂಡಲದ ಒಳಗಡೆ ಹೋಗೋದು ಅಂದ್ರೆ ದೊಡ್ಡ ಸಾಹಸ ಅದು. ಸಾಧ್ಯವೇ ಇಲ್ಲ. 
ನಮ್ಮ ಕಲ್ಪನೆಗೆ ಮೀರಿದ್ದು. 
ಅದು ಇಬ್ಬರಿಗೆ ಅವಕಾಶ ಸಿಗುತ್ತದೆ. 
ಅದರ ಮೂಲಕ ಉತ್ತಮ ಗತಿಯನ್ನು ಪಡೆಯುವುದು. 
ಒಂದು ಸನ್ಯಾಸಿಗಳಿಗೆ, ವಿರಕ್ತರಿಗೆ, ಮತ್ತೊಂದು ಕ್ಷತ್ರಿಯರಿಗೆ. 
ಯುದ್ಧದಲ್ಲಿ ಧರ್ಮಕ್ಕಾಗಿ ಹೋರಾಡಿ ಮಡಿದ ವೀರ ಕ್ಷತ್ರಿಯರು ಸೂರ್ಯನ ದ್ವಾರದಿಂದ ಸ್ವರ್ಗ ಸೇರುತ್ತಾರೆ, ಸದ್ಗತಿಗೆ ಹೋಗ್ತಾರೆ. 
ಆದ್ದರಿಂದ ಅಷ್ಟು ದೊಡ್ಡ ಜೀವನದ ಅವಕಾಶ ಇದು. 
ಒಬ್ಬ ಕ್ಷತ್ರಿಯ ಇಂತಹ ಒಂದು ಯುದ್ಧದ ಅವಕಾಶ ಸಿಗದೆ ರೋಗ ರುಜಿನಗಳಿಂದ ದೇಹಾಂತ್ಯವಾದರೆ ಅದು ದೊಡ್ಡ ದುರಂತ ಅದು. 
ಹೆಚ್ಚಿನ ಕ್ಷತ್ರಿಯರೆಲ್ಲ ಹಾಗೆ ಸಾಯುವವರು. ಅರ್ಜುನ, ನಿನಗೆ ಕ್ಷತ್ರಿಯರಿಗೆ ಹೇಳಿದ ಸಂದರ್ಭ ಬಂದಿದೆ, ಇದರಲ್ಲಿ ಗೆದ್ದರು ಸೋತ್ರು ನಿನಗೆ ಶ್ರೇಯಸ್ಸು ನಿಶ್ಚಿತ. ಆದ್ದರಿಂದ ಹಿಂಜರಿಯದೆ ಹೋರಾಡು. ಮತ್ತೊಮ್ಮೆ ಶ್ಲೋಕ ಯದೃಚ್ಛಯಾಚೋಪಪನ್ನಂ ಸ್ವರ್ಗದ್ವಾರಮಪಾವೃತಂ ಸುಖಿನ ಕ್ಷತ್ರಿಯಾ ಪಾರ್ಥ ಲಭಂತೇ ಯುದ್ಧಮೀ ದೃಶಂ ಈ ದೃಶಂ ಯುದ್ಧಂ ಈ ರೀತಿಯ ಯುದ್ಧ ತುಂಬಾ ಅರ್ಥವತ್ತಾದ ಮಾತು. ಅಯ್ಯೋ ಯುದ್ಧ ಮಾಡಿದ್ರೆ ಕ್ಷತ್ರಿಯರಿಗೆ ಸ್ವರ್ಗ ಸಿಗುತ್ತದೆ ಅನ್ಕೊಂಡು ಅಕ್ಕಪಕ್ಕದ ಊರಿನವರನ್ನೆಲ್ಲ ಯುದ್ಧಕ್ಕೆ ಕರೆದು ಸಂಹಾರ ಮಾಡಿದ್ರೆ ಅದರಿಂದ ಸ್ವರ್ಗ ಸಿಗೋದಿಲ್ಲ.",2997,3898,,,114
kn_kannada_13_0005,kannada_13,kn,Dvaita,5,"ಒಬ್ಬ ದೇಶದ್ರೋಹಿಗಳ ನಿಗ್ರಹ ಏನಿದೆಯೋ ಕ್ಷತ್ರಿಯನಿಗೆ ಸಿಗೋದು ಅದು ಅಪರೂಪ ಅದು ಅವನ ಧರ್ಮ. ಮುಂದಿನ ಶ್ಲೋಕ ಆತಚೇತ್ವಮಿಮಂ ಧರ್ಮ್ಯಂ ಸಂಗ್ರಾಮಂ ನಕರಿಶ್ಯಸಿ ತತಸ್ವಧರ್ಮಂ ಕೀರ್ತಿಂಚ ಹಿತ್ವಾ ಪಾಪ ಭವಾಪ್ಸಿಸಿ
ಅರ್ಜುನ ಈ ಯುದ್ಧದಲ್ಲಿ ತೊಡಗಿದರೆ ನಿನಗೆ ಲಾಭ ಮಾತ್ರ ಅಲ್ಲ ಬಿಟ್ಟರೆ ದೊಡ್ಡ ನಷ್ಟ ಇದೆ ಅಂತ ಹೇಳ್ತಿದ್ದಾನೆ ಶ್ರೀಕೃಷ್ಣ
ಪದವಿ ಭಾಗ ಆಥ ಚೇತ್ ತ್ವಂ ಇಮಂ ಧರ್ಮಿ ಸಂಗ್ರಾಮಂ ನ ಕರಿಶ್ಯಸಿ ತತಃ ಸ್ವಧರ್ಮಂ ಕೀರ್ತಿಂ ಚ ಹಿತ್ವಾ ಪಾಪಂ ಅವಾಪ್ಸ್ಯಸಿ. ಅರ್ಜುನ ಒಂದು ವೇಳೆ ಈ ಯುದ್ಧದಲ್ಲಿ ನೀನೇ ಅನರ್ಥಗಳನ್ನು ಊಹಿ ಮಾಡಿ ಶಂಕರೋ ನರಕಾಯೈವ
ಬೇಡದ
ನೆವಗಳನ್ನು ಹೇಳಿ ಈ ಯುದ್ಧದಿಂದ ಹಿಂಜರಿದರೆ ತ್ವಂ ಇಮಂ ಧರ್ಮಂ ಸಂಗ್ರಾಮಂ ನ ಕರಿಶ್ಯಸಿ ಚೇತ್
ನೀನು ನಿನ್ನ ಕ್ಷತ್ರಿಯ ಧರ್ಮಕ್ಕೆ ಯೋಗ್ಯವಾದ ಈ ಯುದ್ಧವನ್ನು ಸಂಗ್ರಾಮಂ ಯುದ್ಧವನ್ನು ನ ಕರಿಶ್ಯಸಿಚ್ಛೇತ್
ಮಾಡೋದಿಲ್ಲ ಅಂತಾದರೆ
ಎರಡನ್ನ ಕಳೆದುಕೊಳ್ಳುತ್ತಿ ನೀನು
ಹಿತ್ವಾ ಪಾಪಂ ಅವಾಪ್ಸ್ಯಸಿ
ಏನು ಸ್ವಧರ್ಮಂ ಕೀರ್ತಿಂಚ ಹಿತ್ವ
ನಿನಗೆ ಅವ ಅವಕಾಶಕ್ಕೆ ಬಂದು ಒದಗಿದ ಅಪರೂಪವಾದ
ಕ್ಷತ್ರಿಯ ಧರ್ಮವನ್ನ ಕಳೆಕೊಂಡಂತೆ
ಕೀರ್ತಿಂಚ
ನಿನ್ನ ಕೀರ್ತಿಗೂ ಮಸಿ ಬಳೆದುಕೊಳ್ಳುತ್ತೀಯ ನೀನು
ಕೀರ್ತಿಯೂ ನಾಶ ಆಗುತ್ತೆ
ನಿನ್ನ ಧರ್ಮವನ್ನು ನೀನು ಬಿಟ್ಟಂತಾಗುತ್ತೆ
ನಮ್ಮ ಗೃಹಸ್ಥರ ಮನೆಗಳಿಗೆ
ಒಬ್ಬ ಜ್ಞಾನಿ ಧರ್ಮಿಷ್ಠನಾದ ವ್ಯಕ್ತಿ ಬರೋದು
ಅದು ಭಗವತ್ ಸಂಕಲ್ಪ ಅದು.",3899,4860,,,135
kn_kannada_13_0006,kannada_13,kn,Dvaita,6,"ಅವರ  ಶಾಸ್ತ್ರವೇ ಹೇಳುತ್ತದೆ ಕಲಿಕಾಲದಲ್ಲಿ ದೇವರು ದೇವತೆಗಳು
ನಮ್ಮ ಅನುಷ್ಠಾನಕ್ಕೋ ಭಕ್ತಿಗೋ
ಸತ್ಕರ್ಮಕ್ಕೋ ಮೆಚ್ಚಿ ಅವರಾಗಿ ನಮ್ಮ ಮನೆ ಬಾಗಿಲಿಗೆ ಬರೋದಿಲ್ಲ. ನಮ್ಮನ್ನು ಅನುಗ್ರಹಿಸಬೇಕು ಅಂತಿದ್ರೆ ನಮ್ಮ ಸಮಕಾಲದಲ್ಲಿ ಇರುವ ದೊಡ್ಡ ವ್ಯಕ್ತಿಗಳ ಮನಸ್ಸಿಗೆ ಪ್ರೇರಣೆ ಮಾಡಿ ನೀನು ಇವತ್ತು ಅವರ ಮನೆಗೆ ಹೋಗು. ಅವರ ಸತ್ಕಾರವನ್ನ ಮಾಡಿ ಆ ಮೂಲಕ ದೇವತೆಗಳು ಅವನಿಗೆ ಅನುಗ್ರಹವನ್ನ ನೀಡುತ್ತಾರೆ. ಆ ವ್ಯಕ್ತಿಯ ಮೂಲಕ ಒಂದು ವೇಳೆ ಅಂತಹ ಮಹಾತ್ಮರು ನಾವು ಕರೆ ಅರಿಯದೆ ನಮ್ಮ ಮನೆ ಬಾಗಿಲಿಗೆ ಬಂದಾಗ ದಡಾರ ಅಂತ ಬಾಗಿಲು ಮುಚ್ಚಿದ್ರೆ
ತಥಸ್ವಧರ್ಮಂ ಕೀರ್ತಿಂಚ ತ್ಯಕ್ತ್ವ
ನಾವು ಮಾಡುವ ಕರ್ತವ್ಯವನ್ನ ಕಳೆದುಕೊಂಡು
ದೊಡ್ಡ ನಷ್ಟಕ್ಕೆ ಒಳಗಾಗ್ತೀವಿ
ಅಷ್ಟೇ ಅಲ್ಲ ಅಪಕೀರ್ತಿ
ಅರ್ಜುನ ದೊಡ್ಡ ವೀರಾಧಿವೀರ ಅಂತ ನಾವು ತಿಳ್ಕೊಂಡ್ವಿ ನೋಡಿದ್ವು ಮಹಾಭಾರತದಲ್ಲಿ ದುರ್ಯೋಧನನ 11 ಅಕ್ಷೌಹಿಣಿ ಸೈನ್ಯವನ್ನು ದ್ರೋಣ ಭೀಷ್ಮಾದಿಗಳಂತ ಮಹಾ ರಥಿಕರನ್ನು ನೋಡಿ ವ್ಯವತು ಓಡಿ ಹೋದ. ಸ್ವಧರ್ಮಂ ಕೀರ್ತಿಂಚ ತ್ಯಕ್ತ್ವ ಅಷ್ಟೇ ಅಲ್ಲ ನೋಡಿ ಬೇಕಾದ್ದನ್ನ ಎರಡು ಕಳೆದುಕೊಂಡಿ ಬೇಡವಾದ ಅದ್ಭುತ ಬಂತು ಪಾಪಂ ಅವಾಪ್ಸ್ಯಸಿ
ಅಂತ ಪುಣ್ಯ ಕೆಲಸವನ್ನ ಮಾಡೋದು ನಿನ್ನ ಕರ್ತವ್ಯವನ್ನ ಬಿಟ್ರೆ ನೀನು ಪಾಪಂ ಅವಾಪ್ಸ್ಯಸಿ
ಒಬ್ಬ ಧಾರ್ಮಿಕನಾದ ಕಟ್ಟುಪಾಡಿನ ವ್ಯಕ್ತಿ ಮುಂಜಾನೆ ಅರುಣೋದಯ ಸೂರ್ಯೋದಯದಲ್ಲಿ ಆ ಸಂದರ್ಭದಲ್ಲಿ
ತಾನು ಮಾಡಬೇಕಾದ ಧಾರ್ಮಿಕ ಅನುಷ್ಠಾನಗಳನ್ನ ಮಾಡದೆ ಬೆಚ್ಚಗೆ ಹೊತ್ತು ಮಲಗಿದರೆ ಸ್ವಧರ್ಮವನ್ನು ಬಿಟ್ಟಂತೆ ಅಷ್ಟೇ ಅಲ್ಲ ಪಾಪಕ್ಕೆ ಹಾಗೆ ಈಡಾಗ್ತಾನೋ ಹಾಗೆ ನಿನಗೆ ಒಂದು ಕ್ಷತ್ರಿಯರಿಗೆ ಯೋಗ್ಯವಾದ ಅವಕಾಶವನ್ನ ಕಳೆದುಕೊಳ್ಳುತ್ತಿ ಅಷ್ಟೇ ಅಲ್ಲ ಸ್ವಧರ್ಮವನ್ನ ಬಿಟ್ಟಿದ್ದರಿಂದ ನಿನಗೆ ಪಾಪದ ಮೂಟೆಯು ತುಂಬುತ್ತದೆ.",4861,6056,,,155
kn_kannada_13_0007,kannada_13,kn,Dvaita,7,ಅಲ್ಲಿಗೆ ಎರಡು ನಷ್ಟ ಪಾಪದ ಲಾಭ. ಈ ಮೂರು ಅನಾಹುತಗಳು ನಿನಗೆ ಸೇರುತ್ತವೆ ಅರ್ಜುನ. ಆದ್ದರಿಂದ ಈ ಯುದ್ಧವನ್ನು ಬಿಡಬೇಡ. ಮತ್ತೊಮ್ಮೆ ಶ್ಲೋಕ ಅಥಚೇತ್ ತ್ವಮಿಮಂ ಧರ್ಮ್ಯಂ ಸಂಗ್ರಾಮಂ ನಕರಿಶ್ಯಸಿ. ತತಸ್ವ ಧರ್ಮಂ ಕೀರ್ತಿಂಚ ಹಿತ್ವಾ ಪಾಪಮವಾಪ್ಸ್ಯಸಿ ಮುಂದಿನ ಶ್ಲೋಕ ಅಕೀರ್ತಿಂಚಾಪಿ ಭೂತಾನಿ ಕಥೈಶ್ಯಂತಿ ತೇವ್ಯಯಾಂ ಸಂಭಾವಿತಸ್ಯ ಚಾಕೀರ್ತಿಹಿ ಮರಣಾದತಿರಿಚ್ಯತೆ ಈ ಪದ ವಿಭಾಗ ಅಕೀರ್ತಿಂ ಚ ಅಪಿ ಭೂತಾನಿ ಕಥೈಶ್ಯಂತಿ ತೇ ಅವ್ಯಯಾಂ ಸಂಭಾವಿತಸ್ಯ ಚ ಅಕೀರ್ತಿಹಿ ಮರಣಾತ್ ಅತಿರಿಕ್ಷತೆ ನಮ್ಮ ಜೀವನಕ್ಕೆ ದೊಡ್ಡ ಪಾಠ ಈ ಶ್ಲೋಕಗಳು. ಅರ್ಜುನ ನಿನ್ನ ಪಾಲಿಗೆ ಬಂದ ಸ್ವಧರ್ಮವಾದ ಈ ಯುದ್ಧವನ್ನ ನೀನು ಮಾಡಲಿಲ್ಲ ಅಂದ್ರೆ ಅರ್ಜುನ ಶತ್ರು ಸೈನ್ಯಕ್ಕೆ ಹೆದರಿ ಓಡಿ ಹೋದ. ಅರ್ಜುನನು ಹೀಗೆ ಮಾಡುತ್ತಾನೆ ಅಂತ ನಾವು ಅಂದುಕೊಂಡಿಲ್ಲ. ಆದರೆ ಎಷ್ಟು ಪುಕ್ಕಲು. ಹೀಗೆ ಭೂತಾನಿ ನಿನ್ನ ಸಮಕಾಲದ ಎಲ್ಲ ವ್ಯಕ್ತಿಗಳು ಅಕೀರ್ತಿಂ ಅವ್ಯಯಾಂ ಕಥೈಶ್ಯಂತಿ. ಸಮಕಾಲೀನರು ಅಡಿಕೊಳ್ತಾರೆ ಅರ್ಜುನ ಯುದ್ಧ ಬಿಟ್ಟು ಹೆದರಿ ಓಡಿ. ಓಡಿ ಹೋದ.,6057,6781,,,100
kn_kannada_13_0008,kannada_13,kn,Dvaita,8,"ಆ ಕಾಲಕ್ಕೆ ಮುಗಿತೋ?
ವೇದವ್ಯಾಸರು ಮಹಾಭಾರತದಲ್ಲಿ ಬರೆದಿಡುತ್ತಾರೆ.
ಮಹಾಭಾರತ ಯುದ್ಧ ಬಂದಾಗ ಅರ್ಜುನ ಕರ್ತವ್ಯವನ್ನ ಬಿಟ್ಟು ವಿಮುಖನಾಗಿ ಹೆದರಿ ಓಡಿದ ಅಂತ.
ಅಲ್ಲಿಗೆ ನಿನ್ನ ಅಪಕೀರ್ತಿ ನಿನ್ನ ಕಾಲಕ್ಕೆ ಮಾತ್ರ ಸೀಮಿತ ಅಲ್ಲ ಅವ್ಯಯ ಅದು ಕಾಲ ಕಾಲಕ್ಕೆ ದೀರ್ಘವಾಗಿ ಹೆದರು ಪುಕ್ಕಲು ಅರ್ಜುನ ಅಂತ ಶಾಶ್ವತವಾಗಿ ಉಳಿಯುವ ಅಪಕೀರ್ತಿ ನಿನ್ನದಾಗುತ್ತೆ ಅರ್ಜುನ.
ನಡಗಬೇಕು ಅರ್ಜುನ ಈ ಮಾತನ್ನು ಕೇಳಿದರೆ.
ಇದುವರೆಗೆ ಅಪಯಶಸ್ಸು ಅಕೀರ್ತಿಯನ್ನು ಪಡೆದುಕೊಂಡವ ಅಲ್ಲ ಅರ್ಜುನ.
ಅರ್ಜುನ ನೀನು ಹೆದರಿ ಓಡಿದ್ದಿ ಅಂತ ಜನ ಆಡಿಕೊಳ್ಳುತ್ತಾರೆ, ನಿನ್ನ ಕಾಲದಲ್ಲಿ ಆಡಿಕೊಳ್ಳುವುದು ಮಾತ್ರ ಅಲ್ಲ ಅದು ಇತಿಹಾಸದಲ್ಲಿ ದಾಖಲೆಯಾಗಿ ಉಳಿಯುತ್ತದೆ.
ಉಳಿಲಿ ಅನ್ಕೊಂಡವರು ಅನ್ಕೋತಾರೆ ನಾನೇನು ಹೆದರಲಿಲ್ಲ ಕೃಷ್ಣ. 
ನಾನು ಧರ್ಮದ ದೃಷ್ಟಿಯಿಂದ ಬಿಟ್ಟು ಹೋದದ್ದವು ಅನುಕಂಪೆ.
ಅರ್ಜುನ ನಿನ್ನ ಸತ್ಯ ನಿನಗೆ ಮಾತ್ರ ಗೊತ್ತು. 
ಸಂಭವ. ಆ ವಿತಸ್ಯ ಚಾ ಕೀರ್ತಿಹಿ
ಮರಣಾದತಿರಿಚ್ಯತೆ
ಒಬ್ಬ ಸಂಭಾವಿತನಾದ ವ್ಯಕ್ತಿ
ನಮ್ಮ ಸಮಾಜದಲ್ಲಿ ಗೌರವದಿಂದ ಸನ್ಮಾರ್ಗದಲ್ಲಿ ನಡೆದು ಹತ್ತು ಜನಕ್ಕೆ ಯೋಗ್ಯ ಅಂತ ಕಂಡ ಹೊಗಳಿಸಿಕೊಂಡ ವ್ಯಕ್ತಿ.",6782,7583,,,104
kn_kannada_13_0009,kannada_13,kn,Dvaita,9,"ಅವನಿಗೆ ಒಂದು ಕಪ್ಪು ಚುಕ್ಕೆ ಅಕೀರ್ತಿ ಅವನ ಕೆಲಸದಿಂದಲೋ ಅವನ ಸುತ್ತಮುತ್ತಲು ಬಂಧು ಬಳಗದವರು ಮಾಡಿದ ಕೆಲಸದಿಂದಲೋ ಒಂದು ಅಪಕೀರ್ತಿ ಬಂತು ಅಂದ್ರೆ ಮರಣಾದ ತಿರಿಚ್ಛತೆ.
ಸಾವಾದರೂ ವಾಸಿ ಅದಕ್ಕಿಂತ ಹೆಚ್ಚಿನ ದೊಡ್ಡದು ವೇದನೆ. ಅದು
ಒಬ್ಬ ಸಂಭಾವಿತನಾದ ವ್ಯಕ್ತಿಗೆ ಸಮಾಜದಲ್ಲಿ
ಗಣ್ಯನಾಗಿರುವ ವ್ಯಕ್ತಿಗೆ ತನ್ನ ಜೀವನದಲ್ಲಿ ಅಪಕೀರ್ತಿ ಬಂತು ಅಂದ್ರೆ ಸಾವು ಲೇಸು ಈ ಅಪಕೀರ್ತಿ ಬೇಡ ಅಂತಾನೆ ಅವನು.
ನಮ್ಮಲ್ಲಿ
ಅಕ್ರಮವಾದ ದುಡ್ಡುಗಳನ್ನ ಹಣವನ್ನ ಐಶ್ವರ್ಯವನ್ನ ಗಳಿಸಿಕೊಂಡು
ಅವರು ಇವರು ನಮ್ಮ ಮನೆಗೆ ದಾಳಿ ಮಾಡಿ ಹಿಡಿದು ತಗೊಂಡು ಹೋದ್ರು ಇಷ್ಟು ಆಸ್ತಿ ಮಾಡಿದ್ರು
ಅವರ ಸಂಪಾದನೆಗೆ ಮೀರಿದ ಆಸ್ತಿ ಇದೆ ಅಂತ ಜಗಜ್ಜಾಹೀರವಾದರೂ ತಲೆಗೆ ಮುಸುಕು ಹಾಕೊಂಡು ಓಡಾಡುತ್ತೀವಿ ಅದು ಮರ್ಯಾದೆ ಇಲ್ಲದವರು
ಆದರೆ ಸಂಭಾವಿತಸ್ಯ ಒಬ್ಬ ಗೌರವಾನ್ವಿತ ವ್ಯಕ್ತಿಗೆ ಜೀವನದಲ್ಲಿ ಒಂದು ಚಿಕ್ಕ ಅಪಕೀರ್ತಿ ಬಂದ್ರು ಸಾಕು ಅದು ಸಾಧ್ಯ ಸಾವಿಗಿಂತ ದೊಡ್ಡದು. ಸಾವಿನಲ್ಲಿ ಸಾವು ಬಂದಾಗ ಸಾವಿನ ಸಮಯದಲ್ಲಿ ಒಮ್ಮೆ ವೇದನೆ. ಇದು ಪ್ರತಿನಿತ್ಯ ಕೊರಗಿ ಕೊರಗಿ ಕೊರಗಿ
ಚಿತೆ ಚಿಂತೆ ಇವೆರಡರಲ್ಲಿ ಒಂದು ಬಿಂದು ಮಾತ್ರ ವ್ಯತ್ಯಾಸ.",7584,8381,,,110
kn_kannada_13_0010,kannada_13,kn,Dvaita,10,"ಎರಡಕ್ಕೂ ಯಾವ ವ್ಯತ್ಯಾಸವೂ ಇಲ್ಲ. ಆದ್ದರಿಂದ ಸಂಭಾವಿತನಾದ ನಿನ್ನಂಥ ಒಬ್ಬ ವ್ಯಕ್ತಿಗೆ ಒಂದು ಅಪಕೀರ್ತಿ. ಬಂತು ಅಂದ್ರೆ
ಸಾವಿಗಿಂತ ದೊಡ್ಡದು ಅರ್ಜುನ ಯೋಚನೆ ಮಾಡು. 
ನೀನು ಹೇಗೆ ತಲೆ ಎತ್ತಿ ಓಡಾಡ್ತಿ?
ಮಕ್ಕಳಿಗೆ ಹೇಳಿದಂತೆ ಶ್ರೀಕೃಷ್ಣ ಅರ್ಜುನನಿಗೆ ಬುದ್ಧಿವಾದ ಹೇಳಿದ. 
ಮತ್ತೊಮ್ಮೆ ಶ್ಲೋಕ
ಅಕೀರ್ತಿಂ ಚಾಪಿ ಭೂತಾನಿ
ಕಥೈಶ್ಯಂತಿ ತೇವ್ಯಯಾಂ
ಸಂಭಾವಿತಸ್ಯ ಚಾಕೀರ್ತಿಹಿ ಮರಣಾದತಿರಿಚ್ಯತೆ
ಈ ಉಪದೇಶ ಮುಂದುವರೆಯುತ್ತದೆ
ಮತ್ತೆ ಕೃಷ್ಣ ಇದಕ್ಕೆ ಪೂರಕವಾದ ಕೆಲವು ಮಾತುಗಳನ್ನ ಆಡ್ತಾನೆ
ಅದನ್ನ ಮುಂದಿನ ಭಾಗದಲ್ಲಿ ನಾವು ನೋಡೋಣ
ಈ ಪ್ರವಚನ ಸೇವೆಯನ್ನ ಮರವೇಕೆರೆ ಶ್ರೀ ಮುರಳೀಧರರಾವ್ ಅವರು ಪ್ರಾಯೋಜಿಸಿದ್ದಾರೆ ಶ್ರೀ ಕೃಷ್ಣ ಅವರಿಗೆ ಸಕಲ ಸೌಭಾಗ್ಯಗಳನ್ನು ಕೊಡಲಿ ಅಂತ ಪ್ರಾರ್ಥನೆ ಮಾಡ್ತೀನಿ. ಶ್ರೀ ಕೃಷ್ಣಾರ್ಪಣ.",8382,8953,,,73
kn_kannada_14_0000,kannada_14,kn,Dvaita,0,"ಶ್ರೀ ಗುರುಭ್ಯೋ ನಮಃ ಹರಿಃ ಓಂ ಶ್ರೀಕೃಷ್ಣ ಅರ್ಜುನನಿಗೆ ಉಪದೇಶವನ್ನು ನೀಡುತ್ತಾ ಸಾವಿಗೆ ಅಂಜಬೇಕಾದ ಸಂದರ್ಭ ಇಲ್ಲ. ಅಷ್ಟೇ ಅಲ್ಲ. ಇದು ನಿನ್ನ ಸ್ವಧರ್ಮ. ಈ ಸ್ವಧರ್ಮವನ್ನು ನೀನು ಆಚರಣೆ ಮಾಡಿದರೆ ಅದರಿಂದ ನಿನಗೆ ಶ್ರೇಯಸ್ಸೇ ಆಗ್ತದೆ ಹೊರತು ಪಾಪ ಬರೋದಿಲ್ಲ. ಆದ್ದರಿಂದ ಈ ಯುದ್ಧವನ್ನು ಮಾಡುವುದರಿಂದ ನಿನಗೆ ಲಾಭ ಇದೆ ಸಧರ್ಮಾಚರಣೆಯಿಂದ ಸಿಗುವ
ಭಗವತ್ ಪ್ರೀತಿನೋ ಸದ್ಗತಿನೋ ನಿನಗೆ ಆಗುತ್ತೆ.
ಅಷ್ಟೇ ಅಲ್ಲ
ಇದನ್ನ ಬಿಟ್ಟರೆ ನಿನಗೆ ಅಕೀರ್ತಿ ಕೆಟ್ಟ ಅಪವಾದ ಬರುವುದಿಲ್ಲ. ಸಂದರ್ಭ ಇದೆ.
ಅಕೀರ್ತಿಂ ಚಾಪಿ ಭೂತಾನಿ ಬರಲಿ ಅಂದ್ರೆ
ಸಂಭಾವಿತನಾದವನಿಗೆ ಬಂದ ಅಪಕೀರ್ತಿ ಅದು ಮರಣಕ್ಕಿಂತಲೂ ದೊಡ್ಡದು.
ಹೀಗೆ ಸ್ವಧರ್ಮ ಅನ್ನುವ ಕಾರಣದಿಂದ ಹೋರಾಡು ಈ ಈ ಸಂದರ್ಭವನ್ನೇ ಬಿಟ್ಟರೆ ನಿನಗೆ ಅಯಶಸ್ಸು, ಅಪಕೀರ್ತಿ ಬರುವ ಸಂದರ್ಭ ಇದೆ ಅನ್ನೋದನ್ನ ಹೇಳಿ ಮುಂದೆ ಅರ್ಜುನ ಹೀಗೆ ಹೇಳಬಹುದು ನನಗೆ ಅಪಕೀರ್ತಿ ಯಾಕೆ ಬರುತ್ತದೆ ನನ್ನನ್ನು ಹೊಗಳುತ್ತಾರೆ ಜನ. ಅವರ ಹಕ್ಕಿನ ರಾಜ್ಯ ಆದರೂ ಹಕ್ಕು ಸ್ಥಾಪನೆಗಾಗಿ ರಾಜ್ಯದ ಅಭಿಲಾಷೆಗಾಗಿ ಅರ್ಜುನ ಭೀಕರವಾದ ಈ ರಣರಂಗವನ್ನ ಬಿಟ್ಟು ಕೃಪೆಯಿಂದ ಭೀಷ್ಮ ದ್ರೋಣರ ಮೇಲೆ ಶತ್ರುಗಳ ಮೇಲೆ ಕೃಪೆ ಹೊಂದಿ, ಕರುಣೆ ಹೊಂದಿ ಯುದ್ಧವನ್ನು ಬಿಟ್ಟ.",0,850,,,119
kn_kannada_14_0001,kannada_14,kn,Dvaita,1,"ಎಂಥಾ ಕರುಣಾಳು. ಹೀಗೆ ನೀನು ಅಯಶಸ್ಸು ಅಪಕೀರ್ತಿ ಬರುತ್ತದೆ ಅಂತ ಯೋಚನೆ ಮಾಡಿದರೆ ಕೃಷ್ಣ, ನಾನು ನನಗೆ ಕೀರ್ತಿ ಬರುತ್ತದೆ ಜನ ನನ್ನನ್ನು ಹೊಗಳುತ್ತಾರೆ ಕರುಣಾಶಾಲಿ ಅಂತ ಹೊಗಳಿ. ಈಗ ನಾನು ಪಾತ್ರನಾಗ್ತೇನೆ ಅಂತ ನಾನು ಯೋಚನೆ ಮಾಡ್ತೇನೆ.
ಅನ್ನುವ ಪ್ರಶ್ನೆ ಬಂದಾಗ ಶ್ರೀಕೃಷ್ಣ 35ನೇ ಶ್ಲೋಕದಲ್ಲಿ ಇದಕ್ಕೆ ಉತ್ತರವನ್ನು ಕೊಡುತ್ತಾರೆ.
35ನೇ ಶ್ಲೋಕ ಭಯಾದ್ರಣಾದುಪರತಂ ಮಂಸ್ಯಂತೇತ್ವಾಂ ಮಹಾರಥಾಃ ಏಶಾಂಚತ್ವಂ ಬಹುಮತೋ ಭೂತ್ವಾ ಯಾಸ್ಯಶಿಲಾಘವಂ ಪದವಿಭಾಗ ಭಯಾತ್ ರಣಾತ್ ಉಪರತಂ ಮಂಸ್ಯಂತೇ ತ್ವಾಂ ಮಹಾರಥಾಹ ಏಶಾಂ ಚ ತ್ವಂ ಬಹುಮತಃ ಭೂತ್ವಾ ಯಾಶ್ಯಸಿ ಲಾಘವಂ ಅರ್ಜುನ ನೀನು ತಪ್ಪು ತಿಳಿದಿದ್ದಿ ನಿನ್ನ ಶತ್ರು ಪಕ್ಷದ ಅಲ್ಲಿ
ನಿನಗೆ ಆಗದವರೇ ಹೆಚ್ಚು.
ಅವರು ನಿನ್ನ ಗುಣಗ್ರಾಹಿಗಳಲ್ಲ.
ನಿನ್ನಲ್ಲಿ ಗುಣ ಇದ್ದರೂ ದೋಷವನ್ನೇ ಎತ್ತಿ ಆಡುವವರು.
ನೀನಂತಿ ಗುರು ಹಿರಿಯರ ವಧೆಯಿಂದ ಸಂಹಾರದಿಂದ ಅರ್ಜುನ ಕರುಣಾಳು ಆಗಿ ಯುದ್ಧದಿಂದ ಹಿಂದೆ ಸರಿದಾತ್.
ಆದರೆ ಅವರು ಹೀಗೆ ಯೋಚನೆ ಮಾಡೋದಿಲ್ಲ.
ಅವರ ಕಣ್ಣ ಮುಂದೆ ನೀನು ಯುದ್ಧವನ್ನು ಬಿಟ್ಟು ಬೆನ್ನು ಹಾಕಿದ್ದಷ್ಟೇ ಕಾಣುತ್ತದೆ.",851,1621,,,105
kn_kannada_14_0002,kannada_14,kn,Dvaita,2,"ಅವರು ನಿನ್ನನ್ನ ಅರ್ಥ ಮಾಡೋದು 11 ಅಕ್ಷೌಶಿಣಿ ಬೃಹದಾಕಾರದ ಸೈನ್ಯ. ಭೀಷ್ಮ ದ್ರೋಣಾದಿಗಳಂತಹ
ಮಹಾರಥಿಕರು
ಇವರ ಮುಂದೆ
ಹೇದರಿ ಅರ್ಜುನ ಯುದ್ಧಕ್ಕೆ ಬೆನ್ನು ಹಾಕಿದ ಅಂತಾರೆ.
ಭಯಾತ್ ರಣಾತ್ ಉಪರತಂ
ತ್ವಾಂ ಮಹಾರಥಾಹ ಮನ್ಯಂತೆ
ಮಹಾರಥಿ ಯಾರು ಯಾರಿದ್ದಾರೋ ನಿನ್ನ ಶತ್ರು ಪಕ್ಷದಲ್ಲಿ ಅಥವಾ ನಿನ್ನ ಪಕ್ಷದಲ್ಲಿ
ಅವರು ರಣಾತ್ ರಣರಂಗದಿಂದ ಭಯಾತ್ ಭಯದಿಂದಾಗಿ ಉಪರತಂ ಈ ಯುದ್ಧದಿಂದ ನೀನು ಹಿಂಜರಿದಿದ್ದಿ ಉಪರತನಾಗಿದ್ದಿ ಅಂದ್ರೆ ಈ ಯುದ್ಧವನ್ನು ಮಾಡದೆ ಸುಮ್ಮನೆ ಇದ್ದಿ ಇತಿ ಮನ್ಯಂತೆ ಹೀಗೆ ತಿಳಿತಾರೆ.
ನೀನು ಕರುಣಾಶಾಲಿಯಾಗಿ ಯುದ್ಧವನ್ನು ಬಿಟ್ಟಿದ್ದಿ ಅಂತ ಅವರು ಹೇಳೋದಿಲ್ಲ.
ರಣರಂಗದಲ್ಲಿ ಭಯದಿಂದ ಹಿಂದೆ ಸರಿದಿದ್ದಿ ಅಂತ ಆಡಿಕೊಳ್ಳುತ್ತಾರೆ ಮಹಾರಥಿಕರು.
ಆಗ್ಲಿ ಅವರು ಅನ್ಕೊಂಡ್ರೆ ಅನ್ಕೊಳ್ರಿ ನಾನಂತೂ ಕರುಣೆಯಿಂದ ಬಿಟ್ಟಿದ್ದು. ಆದ್ದರಿಂದ ನನಗಂತೂ ಆತ್ಮತೃಪ್ತಿ ಇದೆ. ಅಂದ್ರೆ ಅದಕ್ಕೆ ಕೃಷ್ಣ ಅಂತಾನೆ ಏಶಾಂಚತ್ವಂ ಬಹುಮತಾ ಭೂತ್ವಾ ಯಾಸ್ಯಸಿ ಲಾಘವಂ. ಯಾವ ನಿನ್ನ ಬಂಧು ಬಾಂಧವರ ಮಧ್ಯದಲ್ಲಿ ಅಣ್ಣ ತಮ್ಮಂದಿರ ಮಧ್ಯದಲ್ಲಿ ಬಹುಮತಃ ಭೂತ್ವಾ ನಿನಗೊಂದು ಒಂದು ದೊಡ್ಡ ಸ್ಥಾನ ಇದೆ ಬಾಂಧವರ ಮಧ್ಯದಲ್ಲಿ.",1622,2423,,,106
kn_kannada_14_0003,kannada_14,kn,Dvaita,3,"ನಿನ್ನ ಮೇಲೆ ಬಹುಮಾನ ಇದೆ ಅವರಿಗೆ.
ಬಹುಮಾನ ಅಂದ್ರೆ ನೀನು ತುಂಬಾ ಶ್ರೇಷ್ಠನಾದವನು ಧನ್ಮಿ
ಕೆಚ್ಚದೆಯ ವೀರ ಅನ್ನುವ ಭಾವ
ಬಹುಭಾವ ನಿನ್ನಲ್ಲಿ ಮಹತ್ವ ಬುದ್ಧಿ ಅವರಿಗಿದೆ.
ಯಾರಿಗೆ ನೀನು ಇದುವರೆಗೆ ಬಹುಮತನಾಗಿದ್ದ ದಿಯೋ
ದೊಡ್ಡವನು ವೀರ ಅಂತ
ಅವರ ತಿಳುವಳಿಕೆಗೆ ಪಾತ್ರನಾಗಿದ್ದೀಯೋ
ಅವರ ಮುಂದೆ
ದೇಶಾಂಚತ್ವಂ ಬಹುಮತೋ ಭೂತ್ವಾ ಯಾಸ್ಯಸಿ ಲಾಘವಂ
ಲಾಘವಂ ಯಾಸ್ಯಸಿ
ತುಂಬಾ ಕೆಳಮಟ್ಟಕ್ಕೆ ಇಳಿದಿಯಪ್ಪ ನೀನು ಇದುವರೆಗೆ ಅರ್ಜುನ ಅಂದ್ರೆ
ಅವರಿಗೆ ಏನೋ ಒಂದು ದೊಡ್ಡತನದ
ನೀನೊಂದು ಮಹಾಶೂರ ಅನ್ನೋ ಅರಿವು ಅವರಿಗಿತ್ತು.
ಆದರೆ
ನೀನು ಈ ಯುದ್ಧರಂಗಕ್ಕೆ ಬೆನ್ನು ಹಾಕಿದರೆ ತಟಸ್ಥನಾದರೆ
ನಿನ್ನನ್ನು ಹೊಗಳೋದಲ್ಲ
ಅವರು ಅವರ ಮನಸ್ಸಿನಲ್ಲಿ ನೀನೊಬ್ಬ ಕ್ಷುಲ್ಲಕ ಅನ್ನೋ ಭಾವ ಬಂದುಬಿಡುತ್ತದೆ.
ಇದುವರೆಗೆ ನಿನಗೆ ನೀನು ದೊಡ್ಡವನು ಅಂತ ತಿಳಿದವರೆಲ್ಲಾ ನಿನ್ನ ಬಾಂಧವರು, ಸಂಬಂಧಿಗಳು, ಸ್ನೇಹಿತರು ನಿನ್ನನ್ನು ನಾಳೆ ಮುಖ ಎತ್ತಿಯೂ ನೋಡೋದಿಲ್ಲ. ಅರ್ಜುನ ಹೀಗೆ ಮಾಡುತ್ತಾನೆ ಅಂತ ನಾವು ಅಂದುಕೊಂಡಿರಲಿಲ್ಲ. ಛೇ ಎಂತ ಪುಕ್ಕಲಪ್ಪ ಅಂತ ಅವರ ಮಧ್ಯದಲ್ಲಿ ನೀನು ಲಘು ಆಗ್ತಿಯಾ?",2424,3189,,,103
kn_kannada_14_0004,kannada_14,kn,Dvaita,4,"ಬಹಳ ಚಿಕ್ಕವನಾಗಿಬಿಡ್ತೀಯಾ ಅರ್ಜುನ. ಆದ್ದರಿಂದ ಆ ಕೀರ್ತಿ ಬಂದ್ರೆ ಬರ್ಲಿ ಅನ್ನಬೇಡ ನೀನು ನೀನು ಯಾರ ಜೊತೆಯಲ್ಲಿ ಬಾಳಬೇಕೋ ಅವರೇ ನಿನ್ನನ್ನು ತುಚ್ಛವಾಗಿ ಕಾಣುವಂತ ಸ್ಥಿತಿ ಬರುತ್ತದೆ. ಆದ್ದರಿಂದ ನೀನು ವಾಸ್ತವವಾಗಿ ಕರುಣೆಯಿಂದ ಈ ಯುದ್ಧದಿಂದ ಹಿಂಜರಿದರು ನೀನು ಕರುಣೆಯಿಂದ ಹಿಂಜರಿದೆ ಅಂತ ನಿನ್ನನ್ನು ದೊಡ್ಡದಾಗಿ ಕಾಣೋದಿಲ್ಲ. ನೀನು ಹೆದರಿ ಈ ಯುದ್ಧಕ್ಕೆ ಬೆನ್ನು ಹಾಕಿದ್ದಿ ಅಂತ ಅಂದುಕೊಳ್ಳುತ್ತಾರೆ. ಅವರ ಮನಸ್ಸಿನಲ್ಲಿ ನೀನೊಬ್ಬ ದೊಡ್ಡ ವ್ಯಕ್ತಿ ಅಂತಿತ್ತು ಬಹಳ ಕ್ಷುಲ್ಲಕನಾಗ್ತಿ. ಆದ್ದರಿಂದ ಲೌಕಿಕ ದೃಷ್ಟಿಯಿಂದ ನೋಡಿದರು ನೀನು ಯುದ್ಧದಲ್ಲಿ ಪಾಲ್ಗೊಳ್ಳುವುದೇ ವಾಸಿ. ಮತ್ತೊಮ್ಮೆ ಶ್ಲೋಕ ಭಯಾದ್ರಣಾದು ಪರತಂ ಮಂಸ್ಯಂತೆ ತ್ವಾಂ ಮಹಾರಥಾಹ ಏಶಾನಿ ಚತ್ವಂ ಬಹುಮತೋ ಭೂತ್ವಾ ಯಾಸ್ಯಸಿ ಲಾಘವಂ 
ಆಗಲಿ ಅಂದ್ರೆ ಅದಕ್ಕೂ ಮತ್ತೆ ಅದರ ಮುಂದಿನ ದುಷ್ಪರಿಣಾಮವನ್ನು ಶ್ರೀಕೃಷ್ಣ ಹೇಳುತ್ತಾನೆ 
ಅವಾಚ್ಯವಾದಾಂಶ್ಚ ಬಹುನ್ ವದಿಶ್ಯಂತಿ ತವಾಹಿತಾಃ 
ನಿಂದಂತಸ್ಯ ತವ ಸಾಮರ್ಥ್ಯಂ
ತತೋ ದುಃಖತರನ್ನು ಕಿಂ
ಪದ ವಿಭಾಗ
ಅವಾಚ್ಯ ವಾದಾನ್
ಚ ಬಹುನ್
ವದಿಶ್ಯಂತಿ
ತವ ಅಶಿತಾಹ
ನಿಂದಂತಃ
ತವ ಸಾಮರ್ಥ್ಯಂ ತತಃ ದುಃಖತರಂ ನು ಕಿಂ ಅರ್ಜುನ ತವ ಅಹಿತಾಹ ಇದುವರೆಗೆ ನಿನ್ನ ಬಂಧುಗಳ ಸ್ನೇಹಿತರ ಮಧ್ಯದಲ್ಲಿ ನಿನ್ನ ಸ್ಥಿತಿ ಏನು ಅಂತ ನಾನು ಹೇಳಿದ್ದೆ.",3190,4094,,,120
kn_kannada_14_0005,kannada_14,kn,Dvaita,5,"ನಿನ್ನ ಅಹಿತರು ಅಂದ್ರೆ ಶತ್ರುಗಳು ದುರ್ಯೋಧನಾದಿಗಳು. ಅವಾಚ್ಯ ವಾದಾನ್ವದಿಶ್ಯಂತಿ ನೀನು ಕಿವಿಯಲ್ಲಿ ಕೇಳಲಾರದ ಕಠೋರ ಮಾತುಗಳನ್ನು ಅವರು ಆಡುತ್ತಾರೋ ನೀವು ಜೂಜಾಡಿ ಸೋತು ಕಾಡಿಗೆ ಹೊರಟಾಗ ಮತ್ತೆ ಅಜ್ಞಾತವಾಸ ವನವಾಸಗಳನ್ನು ಮುಗಿಸಿ ಬರಿ ಗೊತ್ತಿರಿ ಅಂತ ಗೊತ್ತಿದ್ರು
ಜೂಜಿಗೆ ಸೋತಿದ್ದಕ್ಕೆ ನಿನ್ನನ್ನ ಗೇಲಿ ಮಾಡಿದರು ದುರ್ಯೋಧನಾದಿಗಳು.
ಷಂಡತಿಲಾಹ
ಮೊಳಕೆ ಬಾರದ ಎಳ್ಳಿನಂತೆ ಅಂತ.
ಇನ್ನು ರಣರಂಗಕ್ಕೆ ಇಷ್ಟೊಂದು ಸಿದ್ಧತೆ ನಡೆದಿರುವಾಗ ಅವರು 11 ಅಕ್ಷೌಹಿಣಿ ಸೈನ್ಯ. ನೀವು ಏಳು ಅಕ್ಷೌಹಿಣಿ ಸೈನ್ಯ. 
ಇವೆಲ್ಲ ಮುಖಾಮುಖಿಯಾಗಿ ರಣರಂಗದಲ್ಲಿ ನಿಂತಿರುವಾಗ ನೀನೇನಾದರೂ ಬೆನ್ನು ಹಾಕಿ ಹೋದರೆ ತವ ಅಹಿತಾಹ ನಿನ್ನ ಶತ್ರುಗಳು ಅವಾಚ್ಯ ವಾದಾನ್ವದಿಶ್ಯಂತಿ. 
ನಿನಗೆ ಹೇಳಬಾರದ ಮಾತುಗಳನ್ನು ಹೇಳುತ್ತಾರೆ ಅರ್ಜುನನಿಗೆ ನಿನಗೆ. ನಿನ್ನೆ ಪ್ರಜ್ಞೆ ಇರಲಿಲ್ವಾ?
ಗುರು ಹಿರಿಯರು ಬರ್ತಾರೆ ಅಂತ ಸುಮ್ಮನೆ ನೆವ ಎದುರುಗಡೆ ಕರುಣೆ ಅಂತ ಬಾಯಲ್ಲಿ ಆಡದ ಹೆದರಿದ್ದಾನೆ. 
ಇಂತಹ ಹೆದರುಪುಕ್ಕ ಕ್ಷತ್ರಿಯ ಜಾತಿಗೆ ಯೋಗ್ಯನಲ್ಲ. 
ನಮ್ಮ ವಂಶಕ್ಕೆ ಯೋಗ್ಯನಾದ ವ್ಯಕ್ತಿ ಅರ್ಜುನನಲ್ಲ. 
ನಿನ್ನ ತಂದೆ ನೀನು ತಾಯಿ ಅಣ್ಣ ತಮ್ಮಂದಿರು ಎಲ್ಲರನ್ನ ಸಿಕ್ಕಿ.",4095,4919,,,104
kn_kannada_14_0006,kannada_14,kn,Dvaita,6,"ಏರಿಸಿ ಆಡಬಾರದ ಮಾತುಗಳನ್ನ ಆಡ್ತಾರೋ
ಹೀಗಾಗಿ
ನೀನು ಈ ಯುದ್ಧದಲ್ಲಿ ಪಾಲ್ಗೊಳ್ಳದೆ ಹೋದರೆ ನಿಂದಂತಸ್ತವ ಸಾಮರ್ಥ್ಯಂ
ನಿನ್ನ ಸಾಮರ್ಥ್ಯವನ್ನು ನಿಂದಂತಹ ಬೈತಾ ನಿಂದನೆ ಮಾಡುತ್ತಾ ಹಾಳಾಗಿ ಹೋಗ್ಲಿ ಅರ್ಜುನ ಅಂತ ನಿನ್ನವರು ಹೇಳಿದ್ದಾರೆ ಹೇಳುತ್ತಾರೆ ಶತ್ರುಗಳು ಹೇಳುತ್ತಾರೆ.
ಯಾಕೆ?
ಎಷ್ಟು ಕಷ್ಟಪಟ್ಟು ಎಷ್ಟೆಷ್ಟು ದೂರದಿಂದ ಸೈನಿಕರು ಬಂದಿದ್ದಾರೆ ಯುದ್ಧದ ನಿರೀಕ್ಷೆಯಲ್ಲಿದ್ದರು ನೀನು ಘೋರ ಯುದ್ಧವನ್ನು ಕೊಡುತಿ ಅಂತ ಅವರು ನಿರೀಕ್ಷೆಯಿಂದ ಬಂದಿದ್ದಾರೆ ಅವರಿಗೆಲ್ಲ ನಿರಾಶೆಯಾದಾಗ ತವ ಸಾಮರ್ಥ್ಯಂ ನಿಂದಂತಹ ನಿನ್ನ ಸಾಮರ್ಥ್ಯ ಸಮರ್ಥ್ಯವನ್ನೇ ನಿಂದಿಸುತ್ತಾರೆ ಅವರು.  ಹೇ ಇಲ್ಲ ಅವನಿಗೆ ಅಂತಹ ಶಕ್ತಿ. ಸುಮ್ ಸುಮ್ಮನೆ ಗುಲ್ಲೆಬ್ಬಿಸಿದ್ರು ಆ ಅಸ್ತ್ರ ಪಡೆದ ಈ ಅಸ್ತ್ರ ಪಡೆದ ಅಷ್ಟು ತಪಸ್ಸು ಮಾಡದ ಅಂತ ಹೇಳ್ತಾರೆ. ಏನಿಲ್ಲ ಅರ್ಜುನ ಪಟ್ಟುಪೋಸಿ ಏನು ಸಾಮರ್ಥ್ಯವೂ ಇಲ್ಲ. ತವ ಸಾಮರ್ಥ್ಯಂ ನಿಂದಂತಹ ನಿನಗೆ ಅವಾಚ್ಯವಾದಾನ್ ವದಿಶ್ಯಂತಿ. ಮುಂದೆ ಆಡಬಾರದ ಮಾತುಗಳನ್ನ ಅಡಿಯಾರು.
ಕೃಷ್ಣ ಕೇಳ್ತಾನೆ.
ಯೋಚನೆ ಮಾಡು ಒಂದು ಸತಿ.
ಹೀಗಾದರೆ ಮುಂದೆ ಏನಾಗುತ್ತೆ ಅಂತ ನಾನು ಹೇಳಿದ ಮಾತನ್ನು ಯೋಚನೆ ಮಾಡಿ.",4920,5718,,,104
kn_kannada_14_0007,kannada_14,kn,Dvaita,7,"ತತೋ ದುಃಖತರನ್ನು ಕಿಂ.
ಈ ರಣರಂಗದಲ್ಲಿ ಹೋರಾಡುವುದೇ ಲೇಸು ಅಂತ ನಿನಗೆ ಅನಿಸುತ್ತೆ.
ಇದಕ್ಕಿಂತ ಹೆಚ್ಚು ದುಃಖ ನೀನು ಬದುಕಿರುವವರೆಗೂ ಅವರು ಮಾಡುವ ನಿಂದನೆಗಳನ್ನು ಕೇಳಿಕೊಂಡು ಬದುಕಬೇಕು. ನಿನ್ನ ಬಂಧು ಮಿತ್ರರ ಮಧ್ಯದಲ್ಲಿ ನೀನು ಅತ್ಯಂತ ಕೀಳು ಮಟ್ಟದವನಾಗಿ ಬದುಕಬೇಕಾಗುತ್ತೆ. 
ರಣರಂಗದಲ್ಲಿ ಹೋರಾಡಿ ಸಾಯೋದಿಲ್ಲೇಸೋ ಈ ದುಃಖವನ್ನು ಸಹಿಸಿಕೊಳ್ಳುವುದಿಲ್ಲೇಸೋ ಯೋಚನೆ ಮಾಡು ನೀನು. 
ರಣರಂಗವನ್ನ ಬಿಟ್ಟು ಓಡಿ ಹೋದ ಅರ್ಜುನನ ಸ್ಥಿತಿ ಈ ರೀತಿ ಇರುತ್ತದೆ ಅಂತ ನಿನಗೆ ಯೋಚನೆ ಮಾಡಿದಾಗ ಯುದ್ಧಲೇಸೋ ಈ ದುಃಖ ಲೇಸು ಅಂತ ಯೋಚನೆ ಮಾಡು ಅರ್ಜುನ ಅಂದ. 
ತತೋ ದುಃಖ ತರನ್ನು ಕಿಮ್ ಇದಕ್ಕಿಂತ ಹೆಚ್ಚಿನ ದುಃಖ ಮತ್ತಿನ್ನೇನು ಬೇಕು. 
ಆದ್ದರಿಂದ ಯುದ್ಧಕ್ಕೆ ವಿಮುಖನಾದರೆ ಬಹಳ ದೊಡ್ಡ ದುಃಖಕ್ಕೆ ಈಡು ಮಾಡಿಕೊಳ್ಳುತ್ತೇನೆ ನಿನ್ನನ್ನು ನೀನು. 
ಅದಕ್ಕಿಂತ ಯುದ್ಧದಲ್ಲಿ ಪಾಲ್ಗೊಳ್ಳುವುದೇ ಲೇಸು. 
ಮತ್ತೊಮ್ಮೆ ಶ್ಲೋಕ ಅವಾಚ್ಯವಾದ ಅಂಶ ಬಹುನ್ ವದಿಶ್ಯಂತಿ ತವಾಶಿತಾಹ ನಿಂದಂತಸ್ತವ ಸಾಮರ್ಥ್ಯಂ ತತೋ ದುಃಖತರನ್ನು ಕಿಂ ಇಷ್ಟು ಹೇಳಿ ಅರ್ಜುನ ಹಿಂದೆ ನಚೈತತ್ತಿದ್ಮ ಕತರನ್ನು ಗರಿಯೋ
ಯದ್ವಾ ಜಯೇಮ ಯದಿವಾನೋ ಜಯೇಯುಹು ಅಂದಿತ
ನಾವು ಯುದ್ಧದಲ್ಲಿ ಗೆಲ್ತೇವೋ ಅಥವಾ ಸೋಲ್ತೇವೋ
ನಮ್ಮ ಶತ್ರುಗಳೇ ಗೆಲ್ತಾರೋ ನಾವು ಗೆಲ್ತೇವೋ ಇದು ಸಂದಿಗ್ಧ ಕೃಷ್ಣ
ಆದ್ದರಿಂದ ಈ ಯುದ್ಧವನ್ನ ಮಾಡಿ ಗುರು ಹಿರಿಯರ ವಿರೋಧವನ್ನ ಕಟ್ಟಿಕೊಂಡು ಜಯವು ಸಂದಿಗ್ಧ ಈ ಸಂದಿಗ್ಧವಾದ ಈ ಕಠೋರ ಕರ್ಮದಲ್ಲಿ ನನ್ನನ್ನು ಯಾಕೆ ಒತ್ತಾಯ ಮಾಡ್ತಿ ಅದಕ್ಕೆ ಶ್ರೀಕೃಷ್ಣ ಈ ಶ್ಲೋಕದಲ್ಲಿ ಉತ್ತರವನ್ನು ಕೊಡ್ತಾ ಇದ್ದಾನೆ ಶ್ಲೋಕ 37 ಹತೋವಾ ಪ್ರಾಪ್ಸ್ಯಸಿ ಸ್ವರ್ಗಂ ಜಿತ್ವಾವಾ ಭೋಕ್ಷಸೇ ಮಹಿಂ ತಸ್ಮಾತ್ ಉತ್ತಿಷ್ಠ ಕೌಂತೇಯ ಯುದ್ಧಾಯ ಕೃತ ನಿಶ್ಚಯಃ
ಪದ ವಿಭಾಗ ಹತಃ ವಾ ಪ್ರಾಪ್ಸ್ಯಸಿ ಸ್ವರ್ಗಂ ಜಿತ್ವಾ ವಾ ಭೋಕ್ಷ್ಯಸೆ ಮಹಿಂ ತಸ್ಮಾತ್ ಉತ್ತಿಷ್ಠ ಕೌಂತೇಯ ಯುದ್ಧಾಯ ಕೃತ ನಿಶ್ಚಯಃ ಅರ್ಜುನ ನೀನು ಒಂದು ಮುಖವನ್ನು ಯೋಚನೆ ಮಾಡಿದಿ ಈ ಯುದ್ಧದಲ್ಲಿ ನಾವು ಸೋತ್ರೆ ಅಂತ ನಿನ್ನ ಮನಸ್ಸು ಸೋತಿ ಏನಾಯ್ತು ಇಷ್ಟು ಗುರು ಹಿರಿಯರನ್ನು ಕೊಂದು ಕೊನೆಗೂ ನಮಗೆ ರಾಜ್ಯ ಸಿಕ್ಲಿಲ್ಲ ಸೋತುಬಿಟ್ವು ನಾವು.",5719,7180,,,201
kn_kannada_14_0008,kannada_14,kn,Dvaita,8,"ಅಂದ್ರೆ ಇದು ದೊಡ್ಡ ನಿರಾಶೆ ಅಲ್ವೋ ಅಂತ ಯೋಚನೆ ಮಾಡಿದ್ದೀವಿ. 
ನೋಡು ನೀನು ಸೋತಿ ಅಂತ ಇಟ್ಕೋ. 
ನೀನು ಯಾವ ರೀತಿ ಸೋತಿ? 
ಕ್ಷತ್ರಿಯ ನೀನೊಬ್ಬ. 
ಶತ್ರುಗಳು ಧರ್ಮ ಧೈರ್ಯ. ದ್ವೇಷಿಗಳು ಸಮಾಜ ಘಾತುಕರು
ಇವರನ್ನ
ನಿಗ್ರಹಿಸಬೇಕಾದ್ದು ಕ್ಷತ್ರಿಯನ ಧರ್ಮ.
ಈ ಧರ್ಮವನ್ನು ಮಾಡಿದಿ.
ಆದರೆ ಗೆಲುವು ಆಗಲಿಲ್ಲ.
ನೀನು ನಿನ್ನ ಧರ್ಮವನ್ನು ಮಾಡಿದ್ದು ವ್ಯರ್ಥವಾ ಹಾಗಾದರೆ ಗೆಲುವು ಆಗಲಿಲ್ಲ ಅಂತ.
ಆದ್ದರಿಂದ ನೀನು ಬರೇ ಯುದ್ಧದಲ್ಲಿ ಶತ್ರುಗಳ ನನ್ನ ಕೊಲ್ಲಕ್ಕೆ ಹೊರಟಿದ್ದೇನೆ ಅಂತ ಯೋಚನೆ ಮಾಡಬೇಡ.
ಅದರ ಪರಿಣಾಮ ಅದು ಸಾರ್ಥಕ ಆಗುವುದು ನಾನು ಗೆದ್ದರೆ ಮಾತ್ರ ಅಂತ ಯೋಚನೆ ಇದೆ.
ನೀನು ಗೆದ್ದರೆ ಮಾತ್ರ ನಿನಗೆ ಲಾಭ ಅಲ್ಲ.
ನೀನು ನಿನ್ನ ಕರ್ತವ್ಯವನ್ನ ಮಾಡಿ ಸೋತ್ರು ಅದಕ್ಕೊಂದು ಲಾಭ ಇದೆ.
ನಾವು ಜೀವನದಲ್ಲಿ ಧಾರ್ಮಿಕ ಸಾಧನೆಯಲ್ಲಿ ದೊಡ್ಡ ಗುರಿ ಇಟ್ಟುಕೊಂಡಿದ್ದೇವೆ.
ನಾವು ನಿರೀಕ್ಷಿಸಿದ ಗುರಿಯನ್ನ ತಲುಪೋಕೆ ಆಗ್ಲಿಲ್ಲ.
ಅಂದ ಮಾತ್ರಕ್ಕೆ ಅದೆಲ್ಲ ವ್ಯರ್ಥವೋ ಅದಕ್ಕೊಂದು ಫಲ ಇಲ್ವೋ?
ಅದೇ ನೋಡಿ ನಾವು ಲೌಕಿಕ ಜೀವನದಲ್ಲಿ ಆರ್ಥಿಕ ಸಮೃದ್ಧಿಗಾಗಿ ಒಂದು ದೊಡ್ಡ ಯೋಜನೆಯನ್ನ ಹಾಕೊಂಡಿದ್ದೇವೆ.",7182,7970,,,110
kn_kannada_14_0009,kannada_14,kn,Dvaita,9,"ಒಂದು ದೊಡ್ಡ ಸಂಸ್ಥೆಯನ್ನು ಒಂದು ದೊಡ್ಡ ಕೈಗಾರಿಕೆಯನ್ನು ನಾವು ಸ್ಥಾಪನೆ ಮಾಡೋಕೆ ಉದ್ದೇಶ ಮಾಡಿ ಪ್ರಯತ್ನ ಮಾಡಿದ್ದೇವೆ.
ಸೋತು ಸಾಲ ಸೋಲ ತಲೆ ಮೇಲೆ ಕೈ ಇಟ್ಟುಕೊಂಡು ನಿರಾಶರಾಗಿ ಕುಳಿತು. ಇದು ವ್ಯರ್ಥ.
ಅಧ್ಯಾತ್ಮ ಸಾಧನೆಯಲ್ಲಿ ಹಾಗಲ್ಲ.
ಯುದ್ಧ ನಿನ್ನ ಧರ್ಮ ನಿನ್ನ ಸಾಧನ ಪ್ರಪಂಚ ಅದು. ನೀನು ಅದನ್ನು ಮಾಡಕ್ಕೆ ಗುರಿ ಇಟ್ಟುಕೊಂಡು ತೊಡಗಿದ್ದಿ. 
ಅಲ್ಲಿ ಜಯ ನಿನಗೆ ಸಿಕ್ಲಿಲ್ಲ, ಜಯವೇ ಯುದ್ಧದ ಫಲ ಅಲ್ಲ. 
ಅದು ನಿನ್ನ ಸ್ವಧರ್ಮಾಚರಣೆ. 
ಸ್ವಧರ್ಮಾಚರಣೆಯ ಫಲ ಜಯ ಅದು ಗೌಣ. 
ಸ್ವಧರ್ಮಾಚರಣೆ ಮಾಡಿದ್ದರಿಂದ ನಿನಗೆ ಲೌಕಿಕವಾದ ಲಾಭ ಸಿಗದೆ ಇದ್ದರೂ ಮಾಡಿದ್ದೆಲ್ಲ ವ್ಯರ್ಥ ಅಂತ ಅಂದುಕೊಳ್ಳಿ. ಕೊಡಬೇಕಾದ್ದಿಲ್ಲ.
ಹತೋವ ಪ್ರಾಪ್ಸ್ಯಸಿ ಸ್ವರ್ಗಂ.
ಆದ್ದರಿಂದ ಒಳ್ಳೆ ಫಲ ನಿನಗೆ ಸಿಕ್ಕೇ ಸಿಗುತ್ತೆ.
ಶತ್ರು ಪರವಾಗಿಲ್ಲ ನನ್ನ ಧರ್ಮವನ್ನು ನಾನು ಬಿಡೋದಿಲ್ಲ ಅಂತ
ಏಕಾದಶಿ ಉಪವಾಸದಲ್ಲಿ ತೊಡಗಿದವ
ಆ ಉಪವಾಸದಿಂದಲೇ ಅವನ ದೇಹಾಂತ ಆಯ್ತು ಅಂದ್ರೆ ಅದು ವ್ಯರ್ಥ ಅಂತೀರಾ ನೀವು? ಅದು ಭಗವಂತನ ಪ್ರೀತಿಗೆ ಪಾತ್ರವಾಗಿ ಆಗೋದಿಲ್ಲವಾ ಆ ವ್ಯಕ್ತಿ.",7971,8720,,,104
kn_kannada_14_0010,kannada_14,kn,Dvaita,10,"ಆದ್ದರಿಂದ ಇದು ಸ್ವಧರ್ಮ ಆಚರಣೆ ಅರ್ಜುನ. ಜಯವೇ ಈ ಕರ್ಮದ ಮುಖ್ಯ ಫಲ ಅಲ್ಲ. ನೀನು ನಿನ್ನ ಕರ್ಮವನ್ನ ನಿಷ್ಠೆಯಿಂದ ಮಾಡೋದು ಅಷ್ಟೇ ದಾರಿ ಅಷ್ಟೇ ನಿನ್ನದು ಫಲ ಅದು ನನಗೆ ಬಿಟ್ಟುಬಿಡು. ಅಂದ ಜಯ ಸಿಗೋದಿಲ್ಲ. ಅದು ಸಂದಿಗ್ಧ ನಾ ನಾನು ಮಾಡಿದ್ದು ವ್ಯರ್ಥ ಅಂತ ನೀನು ಭಾವಿಸಬೇಡ, ನಿನಗೆ ಜಯವು ಸಿಗದೆ ಇದ್ದರೂ ಹತಃ ಈ ಯುದ್ಧದಲ್ಲಿ ನೀನು ಶತ್ರುಗಳಿಂದ ಶತ್ರು ಸ್ವರ್ಗಂ ಪ್ರಾಪ್ಸ್ಯಸಿ. ಸ್ವಧರ್ಮಾಚರಣೆ ಮಾಡಿದ ನಿಮಿತ್ತದಿಂದ ನೀನು ಸದ್ಗತಿಯನ್ನ ಪಡೆಯುತ್ತೀಯಾ? ಹತೋವ ಪ್ರಾಪ್ಸ್ಯಸಿ ಸ್ವರ್ಗಂ. ಇದಕ್ಕೆ ರಾಘವೇಂದ್ರ ಸ್ವಾಮಿಗಳು ವೇದದ ಸಂವಾದವನ್ನು ಕೊಡ್ತಾರೆ. ಕ್ಷತ್ರಿಯರಿಗೆ ರಣರಂಗದಲ್ಲಿ ಮಡಿದರು ಶ್ರೇಯಸ್ಸಿದೆ. ಏ ಯುಧ್ಯಂತೇ ಪ್ರಧನೇಶು ಶೂರಾಸಹ ಪ್ರಧಾನ ಅಂದ್ರೆ ಯುದ್ಧ. ಪ್ರಧನೇಶು ಯುದ್ಧಗಳಲ್ಲಿ ಏ ಯುಧ್ಯಂತೇ ಶೂರಾಸಹ. ಶೂರರು ಯುದ್ಧಗಳಲ್ಲಿ ರಣರಂಗದಲ್ಲಿ ಏನು ಯುದ್ಧ ಮಾಡುತ್ತಾರೋ ತನುತ್ಯಜಾಹ ಅಲ್ಲಿ ಅವರ ದೇಹಾಂತ ಆಯ್ತು ಶತ್ರು. ಏವಾ ಸಹಸ್ರ ದಕ್ಷಿಣಾಹ ಜೀವನದಲ್ಲಿ ಒಂದು ಸಾವಿರ ಆ ಕಾಲದಲ್ಲಿ ದಕ್ಷಿಣೆಯನ್ನು ಕೊಡುತ್ತೇನೆ ಸಾವಿರ ಬ್ರಾಹ್ಮಣರಿಗೆ ದಕ್ಷಿಣೆಯನ್ನು ಕೊಡುತ್ತೇನೆ ಅಂತ ಸಂಕಲ್ಪ ಮಾಡಿ ಆ ಸಂಕಲ್ಪವನ್ನ ಯಾರು ಈಡೇರಿಸುತ್ತಾರೆ.",8721,9555,,,112
kn_kannada_14_0011,kannada_14,kn,Dvaita,11,"ತಾರೋ ಅವರು ಕೂಡ
ದೇವಾಪಿ ಗಚ್ಛತಾಮ್ ಸಿದ್ ದೇವಾಪಿ ಗಚ್ಛತಾತ್
ಇದು ಮರಣದ ಸಂದರ್ಭದಲ್ಲಿ
ಮೃತನಾದ ವ್ಯಕ್ತಿಗೆ ಉತ್ತರ ಕ್ರಿಯೆಯನ್ನ ಮಾಡುವ
ಮಕ್ಕಳು ಯಮನಿಗೆ ಮಾಡುವ ಪ್ರಾರ್ಥನೆ
ಯಾವ ಕ್ಷತ್ರಿಯರು ತಮ್ಮ ಧರ್ಮಕ್ಕೆ ಅನುಗುಣ ಆಗಿ ಹೋರಾಡಿ ರಣರಂಗದಲ್ಲಿ ಸಾಯ್ತಾರೋ
ಯಾವೊಬ್ಬ ಸಾಧಕ ತಾನು ಜೀವನದಲ್ಲಿ ಸಹಸ್ರ ದಕ್ಷಿಣೆಯನ್ನು ಕೊಡಬೇಕು ಅಂತ ಸಂಕಲ್ಪ ಮಾಡಿ ಅದನ್ನ ಕೊಡ್ತಾನೋ
ಅವರಿಗೆ ಯಾವ ಲೋಕ ಸಿಗ್ತದೋ
ನನ್ನ ಮುಂದೆ ನಾನು ಕರ್ಮವನ್ನು ಮಾಡುತ್ತಾ ಇರುವ ಈ ವ್ಯಕ್ತಿಗೂ ಆ ಲೋಕವನ್ನು ಕೊಡು ಯಮದೇವ ಅಂತ ಪ್ರಾರ್ಥನೆ ಮಾಡ್ತೀನಿ. ಹೀಗೆ ಈ ವೇದ ವಾಕ್ಯ ಅಪೌರುಷೇಯವಾದ ಸಾಹಿತ್ಯ
ರಣರಂಗದಲ್ಲಿ ಸತ್ತವರಿಗೆ ಸದ್ಗತಿಯನ್ನ ಹೇಳಿದೆ.
ಅದನ್ನ ಯುದ್ಧ ಮಾಡೋದು ಕೇವಲ ರಾಜ್ಯದ ಲಾಭ ಜಯ ಇಷ್ಟೇ ಉದ್ದೇಶಕ್ಕಲ್ಲ ಅದು ನಿನ್ನ ಕರ್ತವ್ಯ.
ಅದನ್ನ ನೀನು ಮಾಡಿದರೆ ಅದರಿಂದ ಹತೋವ ಪ್ರಾಪ್ಯಸಿ ಸ್ವರ್ಗಂ ಇಲ್ಲ ಯುದ್ಧದಲ್ಲಿ ಗೆದ್ದಿ
ಜಿತ್ವಾ ವಾ ಭೋಕ್ಷಸೇ ಮಹೀಮ್ ಗೆದ್ದರೆ ಅಂತೂ
ರಾಜ್ಯ ಆಳುವ ದೊಡ್ಡ ಸಂದರ್ಭ ನಿನಗೆ ಬರುತ್ತದೆ.",9556,10273,,,104
kn_kannada_14_0012,kannada_14,kn,Dvaita,12,"ಒಂದು ಕಡೆ ಲೌಕಿಕ ಪದೋನ್ನತಿ
ಇನ್ನೊಂದು ಕಡೆ ನಿನ್ನ ಕರ್ತವ್ಯವನ್ನ ನೆರವೇರಿಸಿದ ಫಲವಾಗಿ ಪರಲೋಕದಲ್ಲಿ ಸದ್ಗತಿ.
ಹೀಗೆ ಶತ್ರು ಲಾಭ ಗೆದ್ರು ಲಾಭ. ಸೋಲು ಮತ್ತು ಗೆಲುವು ಎರಡರಲ್ಲೂ ನೀನು ನಿರಾಶನಾಗುವ ಸಂದರ್ಭ ಇಲ್ಲ. ಸೋತ್ರು ಸದ್ಗತಿ ಇದೆ. ಗೆದ್ರು ರಾಜ್ಯ ಇದೆ ಜೊತೆಯಲ್ಲಿ ಸದ್ಗತಿ ಇದೆ. ಆದ್ದರಿಂದ ಹತೋವಾ ಪ್ರಾಪ್ಸೆಸಿ ಸ್ವರ್ಗಂ ಜಿತ್ವ ವಾ ವಾ ಭೋಕ್ಷಸೇ ಮಹಿಂ ತಸ್ಮಾತ್ ಆದ್ದರಿಂದ ಕೌಂತೇಯ ಕುಂತಿಯ ಮಗನೇ ಉತ್ತಿಷ್ಠ ಹೇಳು ಯುದ್ಧಾಯ ಕೃತ ನಿಶ್ಚಯಃ ಉತ್ತಿಷ್ಠ ಅಂದ್ರೆ ಏಳು ಎದ್ದು ಕಾಡಿಗೆ ಹೋಗೋ ಅಲ್ಲ ಯುದ್ಧಕ್ಕಾಗಿ ನಿಶ್ಚಯ ಮಾಡಿ ಕೃತ ನಿಶ್ಚಯಃ ನಿಶ್ಚಯವನ್ನ ಮಾಡಿ ಮಾಡಿದವನಾಗಿ ಉತ್ತಿಷ್ಠ.
ಅರ್ಜುನ ರಥದ ಹಿಂಭಾಗದಲ್ಲಿ ಕುಳಿತಿದ್ದ ಕುಳಿತಿರುವ ಅರ್ಜುನನನ್ನ ಉತ್ತಿಷ್ಠ ಅಂತ ಸರಿಯಾದ ಕಾರಣವನ್ನು ಕೊಟ್ಟು ಉತ್ತಿಷ್ಠ ಅಂತ ಕೈಹಿಡಿದು ಎಳೆಯಲಿಲ್ಲ ಕೃಷ್ಣ.
ಹೇಳೋದಕ್ಕೆ ಬೇಕಾದ ಸರಿಯಾದ ಕಾರಣವನ್ನ ಅವನ ಮುಂದೆ ಹೇಳಿ ತಸ್ಮಾತ್ ಉತ್ತಿಷ್ಠಕ ಉಂತೀಯಾ ಯಾಕೆ ಯುದ್ಧಾಯ ಕೃತ ನಿಶ್ಚಯಃ
ಯುದ್ಧಕ್ಕೆ ನಿಶ್ಚಯವನ್ನ ಮಾಡಿ ಎದ್ದೇಳು
ಹೋರಾಡು
ಒಂದು ಯುದ್ಧದಲ್ಲಿ ಸಾಯಿ ಅಥವಾ ಗೆಲ್ಲು
ಎರಡರಲ್ಲೂ ನಿನಗೆ ಶ್ರೇಯಸ್ಸಿದೆ ಎಂಥ ಉಪದೇಶ
ಜೀವನದಲ್ಲಿ ದೊಡ್ಡ ಆಘಾತಗಳು ಆದಾಗ ಅದನ್ನ ಎದುರಿಸುವ ಸಾಮರ್ಥ್ಯ ನಮಗೆ ಬರಬೇಕಾದರೆ ಕೃಷ್ಣನ ಈ ಮಾತನ್ನ ಜ್ಞಾಪಿಸಿಕೊಳ್ಳಬೇಕು.",10274,11192,,,127
kn_kannada_14_0013,kannada_14,kn,Dvaita,13,"ಸತ್ತರೆ ಸ್ವರ್ಗ ಬದುಕಿದ್ರೆ ಭೋಗ.
ಏನೇ ಆಗಲಿ ಹೀಗೆ ಮಾಡುತ್ತೇನೆ ಅಂತ ನಾನು ಎಳೆದಿದ್ದೇನೆ ಇದನ್ನು ಮಾಡಿಯೇ ತೀರ್ತೇನೆ.
ಸೋಲು ಗೆಲುವುಗಳನ್ನ ಹಿಮ್ಮೆಟ್ಟಿ ಗುರಿಯನ್ನು ಸಾಧಿಸುವ ಸ್ಪೂರ್ತಿ ಕೃಷ್ಣನ. ಈ ಮಾತಿನಲ್ಲಿದೆ.
ಮತ್ತೊಮ್ಮೆ ಶ್ಲೋಕ
ಹತೋವಾ ಪ್ರಾಪ್ಯಸಿ ಸ್ವರ್ಗಂ
ಜಿತ್ವಾ ವಾ ಭೋಕ್ಷಸೇ ಮಹೀಂ
ತಸ್ಮಾದ್ ಉತ್ತಿಷ್ಠ ಕೌಂತೇಯ ಯುದ್ಧಾಯ ಕೃತ ನಿಶ್ಚಯಃ
37ನೇ ಶ್ಲೋಕ ಮುಗಿದಿದೆ.
ಮುಂದಿನ ಉಪದೇಶದ ಮುಂದುವರೆದ ಭಾಗವನ್ನು
ಮುಂದಿನ ಭಾಗದಲ್ಲಿ ನೋಡೋಣ ಅಂತ ಹೇಳ್ತಾ ಶ್ರೀಕೃಷ್ಣಾರ್ಪಣಮಸ್ತು.
ಈ ಪ್ರವಚನ ಸೇವೆಯನ್ನು
ಶ್ರೀಯುತರಾದ ಮರವೇಕೆರೆ ಮುರಳೀಧರ ರಾಯರು ನಡೆಸಿಕೊಟ್ಟಿದ್ದಾರೆ.
ಶ್ರೀಕೃಷ್ಣನ ಪನವಾನುಗ್ರಹದಿಂದ ಅವರ ಅಭಿಷ್ಟಗಳು ಈಡೇರಲಿ ಅಂತ ಪ್ರಾರ್ಥನೆ ಮಾಡ್ತಾ ಶ್ರೀ ಕೃಷ್ಣಾರ್ಪಣಮಸ್ತು",11193,11745,,,69
kn_kannada_15_0000,kannada_15,kn,Dvaita,0,"ಶ್ರೀ ಗುರುಭ್ಯೋ ನಮಃ ಹರಿಃ ಓಂ ಶ್ರೀಕೃಷ್ಣ
ಅರ್ಜುನನಿಗೆ
ಯುದ್ಧದಿಂದ
ಐಹಿಕ ಮತ್ತು ಆಮುಷ್ಪಿಕ
ಲಾಭಗಳನ್ನು ಹೇಳಿ
ಆ ಯುದ್ಧವನ್ನು ಮಾಡದೆ ಹೋದರೆ
ಆಗುವ ಅನರ್ಥಗಳನ್ನು ಮನವರಿಕೆ ಮಾಡಿಸಿ
ಯುದ್ಧಾಯ ಕೃತನಿಷ್ಠಿ ಜಯ ಉತ್ತಿಷ್ಠಾ ಅಂತ ಸಂದೇಶವನ್ನ ಕೊಟ್ಟ.
ಅದನ್ನು ಮುಂದುವರಿಸುತ್ತಾನೆ 38ನೇ ಶ್ಲೋಕದಲ್ಲಿ
ಸುಖ ದುಃಖೆ ಸಮೇ ಕೃತ್ವಾ
ಲಾಭ ಲಾಭೌ ಜಯಾ ಜಯೌ
ತತೋ ಯುದ್ಧಾಯ ಯುಜ್ಯಸ್ವ ನೈವ ಪಾಪ ಭವಾಪ್ಸ್ಯಸಿ ಪದವಿ ವಿಭಾಗ ಸುಖ ದುಃಖೆ ಸಮೇ ಕೃತ್ವಾ ಲಾಭಾ ಲಾಭೌ ಜಯಾ ಜಯೌ ತತಃ ಯುದ್ಧಾಯ ಯುಧ್ಯಸ್ವ ನ ಏವ ಪಾ ಪಾಪಂ ಅವಾಪ್ಸ್ಯಸಿ
ಹಿಂದೆ ಅರ್ಜುನ ಯುದ್ಧವನ್ನು ಬಿಡೋದಕ್ಕೆ ಒಂದು ಕಾರಣವನ್ನು ಹೇಳಿದ್ದ
ಪಾಪಮೇವಾಶ್ರಯೇದ ಸ್ವಾನ್
ಬಂಧುಗಳನ್ನು ಗುರು ಹಿರಿಯರನ್ನು ಕೊಲ್ಲುವುದರಿಂದ ನನಗೆ ಪಾಪ ಬಂದಿತು ಅಂತ
ಅದಕ್ಕೆ ಶ್ರೀಕೃಷ್ಣ ಇಲ್ಲಿ ಉತ್ತರವನ್ನು ಕೊಡುತ್ತಾನೆ ಸುಖ ದುಃಖೆ ಸಮೀಕೃತ್ವ ಜೀವನದಲ್ಲಿ ಒಂದು ಕರ್ತವ್ಯಕ್ಕೆ ನಾವು ಬದ್ಧರಾಗಿರುತ್ತೇವೆ. ಅದನ್ನ ಮಾಡುವಾಗ ಕಷ್ಟ ಆಗಬಹುದು, ದುಃಖ ಆಗಬಹುದು.",0,708,,,100
kn_kannada_15_0001,kannada_15,kn,Dvaita,1,"ಬಹಳ ತ್ರೇಷ ಪಡಬೇಕಾಗಬಹುದು. ಮಾಡಿದ ಮೇಲೆ ಸುಖ ಸಿಗಬಹುದು. ಆದರೆ ಸುಖಕ್ಕೋಸ್ಕರ ಮಾಡುತ್ತೇನೆ ಅಂತ ನೀನು ಸುಖದ ಅತ್ಯುತ್ಕಟ ಅಭಿಲಾಷೆಯನ್ನು ಇಟ್ಟುಕೊಂಡರೆ ನೀನು ಕೈಗೊಂಡ ಕೆಲಸ ಪೂರ್ಣ ಆಗದೆ ಇದ್ದರೆ ನೀನು ನಿರಾಶನಾಗ್ತೀಯ. ಆ ಕೆಲಸದಲ್ಲಿ ಪ್ರಯತ್ನದಲ್ಲಿ ತೊಡಗಿದಾಗ ನಿನಗೆ ಅನೇಕ ತೊಂದರೆಗಳು ಬರುತ್ತೆ. ಆ ತೊಂದರೆಗಳನ್ನ
ದೂರ ಮಾಡಬೇಕಾದರೆ ನೀನು ಕಷ್ಟ ಪಡಬೇಕು.
ಕಷ್ಟ ಆಗುತ್ತೆ ಅಂತ ಕೈಕಟ್ಟಿ ಕೂತ್ರೆ ನಿನಗೆ ಯಶಸ್ಸು ಸಿಗುವುದಿಲ್ಲ.
ಹೀಗೆ ಒಂದು ಕೆಲಸವನ್ನು ಮಾಡುವಾಗ ಲಾಭವನ್ನೇ ಈ ಕೆಲಸದಿಂದ ಸಿಗುವ ಸುಖವನ್ನೇ ಗುರಿಯಾಗಿ ಇಟ್ಟುಕೊಂಡ್ರೆ ಅದು ಸಿಗದೆ ಇದ್ದಾಗ ನಿರಾಶೆ.
ಆ ಮಾರ್ಗದಲ್ಲಿ ನಡೆಯುವಾಗ ಆಗುವ ಕ್ಲೇಶಗಳನ್ನೇ ಪ್ರಧಾನವಾಗಿ ಇಟ್ಟುಕೊಂಡ್ರೆ ಪ್ರಯತ್ನವೇ ಮಾಡುವಂತಿಲ್ಲ.
ಹಾಗಾದರೆ ನಾವು ಕರ್ತವ್ಯವನ್ನ ಮಾಡಬೇಕಾದರೆ ಇದು ನನ್ನ ಕರ್ತವ್ಯ ನಾನು ಮಾಡಲೇ ಬೇಕಾದ ಕೆಲಸ ಅನ್ನೋ ಕೆಲಸದ ಬಗ್ಗೆ ಗಮನ. ಇರಬೇಕು ಹೊರತು
ಅದರಿಂದ ಸಿಗುವ ಸುಖ
ಅದನ್ನು ಮಾಡುವಾಗ ಆಗುವ ದುಃಖ
ಇವನ್ನ ಮರೆತುಬಿಡಬೇಕು ಸಮೇಕೃತ್ವ
ನನಗೆ ಸುಖ ಬಂದ್ರು ಅಷ್ಟೇ ದುಃಖ ಆದ್ರೂ ಅಷ್ಟೇ
ದುಃಖವು ಸುಖಕ್ಕೆ ಸಮಾನ
ಯಾಕೆ
ನಾವು ಕಷ್ಟಪಟ್ಟು ಒಂದು ಕೆಲಸವನ್ನ ಮಾಡುತ್ತೇವೆ.",709,1539,,,114
kn_kannada_15_0002,kannada_15,kn,Dvaita,2,"ಸುಖದ ನಿರೀಕ್ಷೆಯಿಂದ. ಆದರೆ ಆ ಸುಖ ಸಿಕ್ಕಾಗ ಅಷ್ಟು ಖುಷಿಯಾಗುವುದಿಲ್ಲ, ಕೆಲಸ ಮಾಡುವಾಗ ಎಷ್ಟು ಖುಷಿ ಇತ್ತೋ, ಇಷ್ಟು ನಿರೀಕ್ಷೆ ಇತ್ತೋ, ಆ ನಿರೀಕ್ಷೆಗೆ ಸಮನಾದ ತೃಪ್ತಿ ಸುಖ ಸಿಕ್ಕಾಗ ಇರೋದಿಲ್ಲ. ಕಾಡಿದಾಗ. ಒಂದು ಕಡೆ ಹೇಳ್ತಾನೆ ಔತ್ಸುಕ್ಯ ಮಾತ್ರ ಮಮಸಾದಯತಿ ಪ್ರತಿಷ್ಠಾತ್.
ಒಂದು ಅಧಿಕಾರಕ್ಕಾಗಿ ನಾವು ನಮ್ಮ ಜೀವನವನ್ನೇ ಪಣವನ್ನಾಗಿ ಇಟ್ಟುಕೊಂಡು ದುಡಿತೀವಿ.
ಯಾಕೆ ಅಧಿಕಾರ ಸಿಕ್ರೆ ಅದರ ಖುಷಿಯ ನಿರೀಕ್ಷೆಯಿಲ್ಲ.
ಸಿಕ್ತು ಆ ಅಧಿಕಾರ.
ಆ ಅಧಿಕಾರ ಸಿಕ್ಕಾಗ ನಾವು ಏನು ನಿರೀಕ್ಷೆ ಮಾಡಿದ್ದವೋ ಸುಖವನ್ನ ಛೇ, ಬಹಳ ಕಿರಿಕಿರಿ ಅಪ್ಪ ಅಂತ ಅನ್ಸುತ್ತೆ. ಆ ಸುಖ ಅಲ್ಲಿ ಸಿಕ್ಕೋದಿಲ್ಲ. ಅಂದ ಬರೆ ಸುಖದ ನಿರೀಕ್ಷೆಯಿಂದ ನೀನು ನಿನ್ನ ಕರ್ತವ್ಯದಲ್ಲಿ ತೊಡಗಬೇಡ. ಯಾಕೆ? ಆ ಸುಖವು ದುಃಖದಂತೆ ಒಮ್ಮೆ ಬೇಡ ಅಂತ ಅನ್ನಿಸ್ತದೆ. ದುಃಖವು ಹೇಗೆ ಬೇಡವೋ ಈ ಕಷ್ಟದಲ್ಲಿ ಸಿಗುವ ಸುಖ. ಸುಖವು ಬೇಡ.
ಅರಣ್ಯದಲ್ಲಿ ಹೋಗುವ ಒಬ್ಬ ವ್ಯಕ್ತಿ
ದೊಡ್ಡ ಹೊಂಡವನ್ನ ಗುಂಡಿಯನ್ನ ನೋಡದೆ ಬಿದ್ದ.",1540,2238,,,100
kn_kannada_15_0003,kannada_15,kn,Dvaita,3,"ಆ ಗುಂಡಿಯಲ್ಲಿ ತುಂಬಾ ಬಳ್ಳಿಗಳು ಹಿಡಿದಿತ್ತು.
ಆ ಬಳ್ಳಿಯಲ್ಲಿ ತಲೆ ಕೆಳಗಾಗಿ ಕಾಲು ಮೇಲಾಗಿ ಜೋತಾಡ್ತಾ ಇದ್ದಾನೆ.
ಕೆಳಗಡೆ ದೊಡ್ಡ ಒಂದು ಹಾವು ಹೆಡೆ ಬಿಚ್ಚಿ ನಿಂತಿದೆ.
ಬಳ್ಳಿಯಲ್ಲಿ ನೇತಾಡ್ತಾ ಇದ್ದಾನೆ ಬಿದ್ರೆ ಹಾವು.
ಅದರ ಮಧ್ಯದಲ್ಲಿ ಆ ಬಳ್ಳಿಯ ಮೇಲ್ಗಡೆ ಒಂದು ಜೇನು ಗೂಡು ಕಟ್ಟಿದೆ.
ಅದಕ್ಕೆ ಒಂದು ಇಲಿಯೋ ಒಂದು ಅಳಿಲೋ ಬಂದು ಆ ಜೇನನ್ನ ತಿನ್ನುತ್ತಾ ಇದೆ. 
ಜೇನಿನ ಗೂಡು ಅಲ್ಲಾಡಿದೆ.
ತೊಟಕು ತೊಟಕು ತೊಟಕು ಜೇನಿನ ಹನಿ ಕೆಳಗಡೆ ಬೀಳ್ತಾ ಇದೆ ಅದಕ್ಕೆ ಆ ಅಂತ ನಾಲಿಗೆ ಕೊಟ್ಟ.
ಇದು ಸುಖ.
ಕೆಳಗಡೆ ದುಃಖ.
ಮೇಲ್ಗಡೆ ಯಾವತ್ತು ಬಳ್ಳಿ ಜಾರಿ ಬೀಳುತ್ತೋ ಅನ್ನೋ
ಭಯ ಅದರ ಮಧ್ಯದಲ್ಲಿ ಜೇನಿನ ತೊಟ್ಟು.
ಹೀಗೆ ಕಷ್ಟದ ಒಂದು ಸಾಧನೆಯನ್ನು ಮಾಡಿದ. ಯಾವಾಗ ಮಿತಿಮೀರಿದ ಸುಖದ ನಿರೀಕ್ಷೆಯನ್ನ ಇಟ್ಟುಕೊಂಡರೆ ಆ ಸುಖ ಈ ವ್ಯಕ್ತಿ ನೆಕ್ಕುವ ಜೇನಿನ ಹನಿಯಂತೆ ತೊಟುಕಾಗಿರಬಹುದು.
ಭಯ ದುಃಖಗಳ ಮಧ್ಯದಲ್ಲಿ ಸಿಗುವ ಸುಖ ಅದು ನಿರಾಶೆಗೆ ಈಡು ಮಾಡಬಹುದು.",2239,2914,,,102
kn_kannada_15_0004,kannada_15,kn,Dvaita,4,"ಆದ್ದರಿಂದ ದುಃಖದ ಮಧ್ಯದಲ್ಲಿ ಸಿಗುವ ತೊಟುಕು ಸುಖ ಅದು ದುಃಖ ಸಮಾನ. ಅನ ಅಂತ ಸುಖ ದುಃಖಗಳು ಎರಡು ತ್ಯಾಜ್ಯ.
ನನಗೆ ಇದರಿಂದ ಸುಖವು ಬೇಡ ಈ ದುಃಖಕ್ಕೂ ನಾನು ಹಿಂಜರಿಯುವುದಿಲ್ಲ.
ಈ ಭಾವದಿಂದ ಇದು ನನ್ನ ಕರ್ತವ್ಯ ಅನ್ನೋ ಛಲದಿಂದ ಮುನ್ನುಗ್ಗು.
ಇದು ಕರ್ತವ್ಯಕ್ಕೆ ಶ್ರೀಕೃಷ್ಣ ನೋಡಿ ಭಗವದ್ಗೀತೆ ನಮ್ಮ ಇವತ್ತಿನ ಬುದ್ಧಿಜೀವಿಗಳು ಅಥವಾ ಸಂಶೋಧಕರು ಹೇಳುವಂತೆ ಸುಮಾರು ಎರಡುವರೆ ಸಾವಿರ ಕ್ರಿಸ್ತಪೂರ್ವ ಅಷ್ಟು ಪ್ರಾಚೀನವಾದ ಒಂದು ಗ್ರಂಥ. ಅಲ್ಲಿ ವ್ಯಾಸರು ಶ್ರೀಕೃಷ್ಣ ಕೊಟ್ಟ ಕರ್ತವ್ಯದ ಸಂದೇಶ ನೋಡ್ರಿ. ನೀನು ಈ ಪ್ರಪಂಚದಲ್ಲಿ ನಿನ್ನ ಕರ್ತವ್ಯಕ್ಕಾಗಿ ಹುಟ್ಟಿದ್ದಿ ಹೊರತು ನಿರ್ವಂಚನೆಯಿಂದ ಲಾಭ ಸೋಲುಗಳ ಬಗ್ಗೆ ನಿರೀಕ್ಷೆಯನ್ನ ಬಿಟ್ಟು ನಿನ್ನ ಕರ್ತವ್ಯ ಅನ್ನೋದು ಏನು ನೆರವೇರಿಸು. 
ಇದು ಜೀವನದ ಗುರಿಯಾಗಿರಬೇಕು. 
ಕೆಲಸವನ್ನ ನಾವು ಸಹಿವಿ ಏಕೆ ಹೊರತು ಕೆಲಸದಿಂದ ಬರುವ ಫಲವನ್ನ ನಿರೀಕ್ಷಿಸಿ ಕೆಲಸ ಕೆಲಸದಿಂದ ಸಿಗುವ ಸುಖವನ್ನ
ಕಳೆದುಕೊಳ್ಳಬಾರದು. 
ಆದ್ದರಿಂದ ಅರ್ಜುನ ಸುಖ ದುಃಖೆ ಸಮೇಕೃತ್ವ
ವೈಶೈಕ ಸುಖವು ದುಃಖಕ್ಕೆ ಸಮಾನ ಅಂತ ತಿಳಿದು ಒಂದು.",2916,3676,,,104
kn_kannada_15_0005,kannada_15,kn,Dvaita,5,"ಲಾಭಾ ಲಾಭೌ
ನಾನು ಮಾಡಿದ ಈ ಕೆಲಸದಿಂದ ನನಗೆ ಲಾಭ ಆಗುತ್ತೋ ನಷ್ಟ ಆಗುತ್ತೋ ಯೋಚನೆ ಮಾಡಬೇಕು. ಮಾಡಬೇಡ. 
ನಿನ್ನ ಕರ್ತವ್ಯ ಇದು ನೀನು ಮಾಡು. 
ವಿದ್ಯಾರ್ಥಿ ತಾನು ಓದುವ ಸಮಯದಲ್ಲಿ ನಾನು ಇಷ್ಟು ಕಷ್ಟಪಟ್ಟು ಓದಿದ್ರೆ ನನಗೆ ಕೆಲಸ ಸಿಗುತ್ತೋ ಇಲ್ವೋ ಅನ್ನೋದನ್ನ ಯೋಚನೆ ಮಾಡಿದರೆ ಓದು ಕುಂಠಿತವಾಗುತ್ತದೆ. 
ಸಿಗುತ್ತೋ ಇಲ್ವೋ ಅನ್ನೋ ನಿರೀಕ್ಷೆಯನ್ನ ಬಿಟ್ಟು ಓದೋದು ನನಗೆ ಅನ್ನ ಕರ್ತವ್ಯ ಅನ್ನೋ ಕರ್ತವ್ಯದಲ್ಲಿ ತೊಡಗಿದರೆ
ಕೆಲಸ ಸಿಕ್ರೆ ಅದರಿಂದ ಸಿಗುವ ಸುಖ ಅದು ದುಪ್ಪಟ್ಟಾಗ್ತದೆ.
ಆದ್ದರಿಂದ ಕರ್ತವ್ಯವನ್ನ ನೆರವೇರಿಸುವಾಗ ಲಾಭ ನಷ್ಟದ ಬಗ್ಗೆ ಚಿಂತನೆಯನ್ನ ಬಿಡಬೇಕು.
ಜಯಾ ಜಯೌ ಪ್ರಕೃತ ಯುದ್ಧ.
ಯುದ್ಧದ ಲಾಭ ಅಂದ್ರೆ ಏನು? ಆರ್ಥಿಕವಾದ ಲಾಭ ಅಲ್ಲ.
ಜಯ
ಅಪಜಯ
ಸೋಲು ಗೆಲುವು.
ಈ ಯುದ್ಧವನ್ನ ಮಾಡಿದರೆ ನಾನು ಸೋಲ್ತೇನೋ ಗೆಲ್ತೇನೋ.
ಇಷ್ಟು ಕಷ್ಟಪಟ್ಟು ಬಂಧುಗಳನ್ನ ಕೊಂದರು ನನಗೆ ಜಯ ಬರಲಿಲ್ಲ.
ಇದನ್ನ ಯೋಚನೆ ಮಾಡಿದ್ರೆ ನಿರಾಶೆ ಆಗುತ್ತೆ.
ಅಥವಾ ಬಂಧುಗಳನ್ನು ಕೊಂದು ಜಯ ಸಿಕ್ತು.",3678,4385,,,101
kn_kannada_15_0006,kannada_15,kn,Dvaita,6,"ಈ ಜಯವನ್ನು ಹಿಡಿದುಕೊಂಡು ಏನು ಮಾಡಬೇಕು? ಬಂಧುಗಳಿಲ್ಲ, ಬಳಗಲಿಲ್ಲ, ಸ್ನೇಹಿತರಿಲ್ಲ, ಏನು ಮಾಡಬೇಕು? ನಿರಾಶೆ.
ನೀನು ಜಯ ಅಪಜಯಗಳ ಬಗ್ಗೆ ಯುದ್ಧದಿಂದ ಸಿಗುವ ಪರಿಣಾಮದ ಬಗ್ಗೆ ಯೋಚನೆ ಮಾಡದೆ ಸುಖ ದುಃಖಗಳನ್ನು ಕಡೆಗಣಿಸಿ ಲಾಭ ಲಾಭಗಳ ಬಗ್ಗೆ ತಲೆ ಕೆಡಿಸಿಕೊಳ್ಳದೆ ತತೋ ಯುದ್ಧಾಯ ಯುಜ್ಯಸ್ವ. 
ಇದು ನಿನ್ನ ಸ್ವಕರ್ಮ ಕ್ಷತ್ರಿಯ. 
ಯುದ್ಧಾಯ ಯುಜ್ಯಸ್ವ ನೀನು ಈ ಕರ್ತವ್ಯದಲ್ಲಿ ತೊಡಗು. 
ಇವತ್ತಿನ ಕೆಲಸಗಾರರಿಗೆ ದೇಶ ಸೇವೆಗೆ ಹೊರಟವರಿಗೆ ಅಥವಾ ಜೀವನಕ್ಕಾಗಿ ಸರಕಾರಿ ಕೆಲಸಗಳನ್ನು ಅವಲಂಬಿಸಿದವರಿಗೆ ಒಂದು ದೊಡ್ಡ ಸಂದೇಶ ಇದು. ಅವರು ತಮಗೆ ತಿಂಗಳ ಕೊನೆಯಲ್ಲಿ ಸಿಗುವ ಸಂಬಳ ಎಷ್ಟು ಅನ್ನೋದರ ಬಗ್ಗೆ ಯೋಚನೆಯನ್ನ ಬಿಟ್ಟು ಈ ಕೆಲಸಕ್ಕೆ ನಾನು ಒಪ್ಪಿಕೊಂಡಿದ್ದೇನೆ. ನನಗೆ ಇದರ ಪ್ರತಿಫಲವಾಗಿ ಸಂಬಳ ಎಷ್ಟೇ ಬರಲಿ ನಾನು ನಿಷ್ಠನಾಗಿ ನಿರ್ವಂಚನೆಯಿಂದ ನನ್ನ ಈ ಕರ್ತವ್ಯವನ್ನು ಮುಗಿಸಬೇಕು. 
ಈ ಪ್ರಜ್ಞೆ ಇದ್ದರೆ ಇದೊಂದು ಶ್ರೀಕೃಷ್ಣನ ಸಂದೇಶವನ್ನು ನಾವು ಪಾಲಿಸಿದರೆ ಸಾಕು ನಮ್ಮ ಸರಕಾರದ ಅನೇಕ ಶಾಖೆಗಳು ಅಕೃತ್ಯ, ಅನ್ಯಾಯ, ಮೋಸ, ಲಂಚ ಈ ದುಷ್ಟ ಭಾವಗಳಿಗೆ ಒಳಗಾಗದೆ ದೊಡ್ಡ ಮಟ್ಟದ ಸುಧಾರಣೆಯನ್ನು ಕಂಡಾವು.",4386,5187,,,109
kn_kannada_15_0007,kannada_15,kn,Dvaita,7,"ಅಷ್ಟೇ ಅಲ್ಲ ಇಂತಹ ಉದ್ದೇಶ ಇಟ್ಟುಕೊಂಡು ಲಾಭಾಲಾಭದ ಬಗ್ಗೆ ಯೋಚನೆ ಮಾಡದೆ ಇದು ನನ್ನ ಕರ್ತವ್ಯ ಅಂತ ನಾವು ನಮ್ಮ ಕರ್ತವ್ಯವನ್ನು ನಿಷ್ಠೆಯಿಂದ ಮಾಡಿದರೆ ಅದಕ್ಕೆ ಸಿಗುವ ಫಲ ಅನಂತ.
ನಮಗೆ ಸರಕಾರ ಒಂದಿಷ್ಟು ಸಂಬಳ ಕೊಟ್ಟಿತ್ತು ಅಥವಾ ನಮ್ಮ ಅಧಿಕಾರಿ ಒಂದಿಷ್ಟು ಸಂಬಳವನ್ನು ಕೊಟ್ಟಾನು ಅಷ್ಟೇ ಕರ್ಮದ ಫಲ ಅಲ್ಲ.
ನಿಮ್ಮ ಕೆಲಸವನ್ನ ವಿಶ್ವತಶ್ಚಕ್ಷುವಾಗಿ ನೋಡುವ ಸಹಸ್ರಾಕ್ಷಣಾದ ಭಗವಂತ ಇದ್ದಾನೆ.
ಅವನು ಮೆಚ್ಚಬೇಕು ಅನ್ನೋ ದೃಷ್ಟಿಯಿಂದ ಕೆಲಸವನ್ನ ಮಾಡಿದಾಗ ಅದರಿಂದ ಸಿಗುವ ಲಾಭ ತೃಪ್ತಿ ಅದು ಬೇರೆಯೇ.
ನಾವು ನಮ್ಮ ಕಾರ್ಯಕ್ಷೇತ್ರದಲ್ಲಿ ಜನಸೇವೆಯೇ ಜನಾರ್ದನನ ಸೇವೆ ಅಂತ ದೊಡ್ಡದಾಗಿ ಫಲಕವನ್ನು ಹಾಕಿಕೊಂಡಿರುತ್ತೇವೆ. 
ಅದು ಕಾರ್ಯದಲ್ಲಿ ಬರಬೇಕು. 
ಅದು ಹೃದಯದ ಒಳಗಡೆ ಬರಬೇಕಾ ಬೋರ್ಡು. 
ಆವಾಗ ನಿರ್ವಂಚನೆಯಿಂದ ನಮ್ಮ ಕರ್ತವ್ಯವನ್ನು ನಾವು ಮಾಡಿ ದೇಶ ಸೇವೆಯನ್ನು ಮಾಡಿದ ನಿಜವಾದ ಆದ ಪುಣ್ಯ ಭಾಗಿಗಳು ಆದೇವು. ಆದ್ದರಿಂದ ಕೃಷ್ಣ ಅರ್ಜುನನಿಗೆ ಕೊಟ್ಟ ಸಂದೇಶ ಯುದ್ಧ ನಿನ್ನ ಕರ್ತವ್ಯ. ಆದ್ದರಿಂದ ಆಗುವ ಸುಖ ದುಃಖದ ಬಗ್ಗೆ ಲಾಭ ಅಲಾಭಗಳ ಬಗ್ಗೆ ಲಾಭ ನಷ್ಟಗಳ ಬಗ್ಗೆ ಜಯ ಅಪಜಯದ ಬಗ್ಗೆ ಸೋಲು ಗೆಲುವುಗಳ ಬಗ್ಗೆ ನೀನು ಯೋಚನೆ ಮಾಡಬೇಡ ನೀನು ಮಾಡಿದ್ದಕ್ಕೆ ಏನು ಕೊಡಬೇಕು ಅಂತ ನನಗೆ ಗೊತ್ತು ನಾನಿದ್ದೇನೆ.",5188,6069,,,124
kn_kannada_15_0008,kannada_15,kn,Dvaita,8,"ಜವಾಬ್ದಾರಿ ತತೋ ಯುದ್ಧಾಯ ಯುದ್ಧ್ಯಸ್ವ ನೈವ ಪಾಪಮ ವಾಪ್ಸ್ಯಸಿ. 
ನಿನ್ನ ಕರ್ತವ್ಯವನ್ನ ನೀನು ಮಾಡಿದ್ರೆ ಅರ್ಜುನ ಪಾಪ ಬರುತ್ತದೆ ಅಂತ ಯಾವ ಧರ್ಮಶಾಸ್ತ್ರ ಹೇಳುತ್ತದೆ ಹೇಳು. 
ಆದ್ದರಿಂದ ಪಾಪಮೇವಾಶ್ರಯೇದಸ್ಮಾತ್ ಅಂತ ಏನು ನೀನು ಸಂಶಯವನ್ನ ವ್ಯಕ್ತಪಡಿಸಿದ್ದಿ ಆ ಪಾಪ ನಿನಗೆ ಖಂಡಿತ ಅಂಟೋದಿಲ್ಲ ಈ ಕೆಲಸ ಭಗವಂತ ಮೆಚ್ಚುವ ಕೆಲಸ ಅನ್ನೋ ಭಾವದಿಂದ ಫಲದ ಬಗ್ಗೆ ನಿರಾಶನಾಗಿ ನಿನ್ನ ಕರ್ತವ್ಯವನ್ನು ನೆರವೇರಿಸು ಇದರಿಂದ ನೀನು ಪಾಪವನ್ನು ಹೊಂದುವುದಿಲ್ಲ. ಒಬ್ಬ ಯೋಧ ನಮ್ಮ ದೇಶದ ರಕ್ಷಣೆಗಾಗಿ ನಿಂತವ. ಶತ್ರುಗಳು ನುಗ್ಗಿ ಬಂದಾಗ ಅವರನ್ನು ಕೊಂದರೆ ನನಗೆ ಪಾಪ ಬರುತ್ತದೆ ಅಂತ ಕೂತರೆ ಅವನು ತನ್ನ ಕರ್ತವ್ಯವನ್ನು ನೆರವೇರಿಸಲಿಲ್ಲ. ನೆರವೇರಿಸಿದಂತೆ ಆಗುತ್ತಾ?
ಆ ಸಂದರ್ಭದಲ್ಲಿ ಆ ಕಡೆ ಈ ಕಡೆ ನೋಡದೆ ಲಾಭ ನಷ್ಟಗಳನ್ನ ಕಡೆಗಣಿಸಿ ತನ್ನ ಕರ್ತವ್ಯವನ್ನು ಮಾಡಿದರೆ ಮಾತ್ರ ಶತ್ರು ಬದುಕಿದ್ದನು ಏನಾದರೂ ಶೇಷ ಅವನಿಗೆ.
ಆ ರೀತಿ ಕರ್ತವ್ಯದಲ್ಲಿ ತೊಡಗು.
ಮತ್ತೊಮ್ಮೆ ಶ್ಲೋಕ ಸುಖ ದುಃಖೆ ಸಮೇ ಕೃತ್ವಾ ಲಾಭಾ ಲಾಭೌ ಜಯಾ ಜಯೌ ತತೋ ಯುದ್ಧಾಯ ಯುಜ್ಯಸ್ವ ನೈವ ಪಾಪಂ ಅವಾಪ್ಸೆಸಿ ಪಾಪಂ ನೈವ ಅವಾಪ್ಸೆಸಿ ಪಾಪವನ್ನು ಖಂಡಿತ ಹೊಂದುವುದಿಲ್ಲ ಅರ್ಜುನ ಇದುವರೆಗೆ ಶ್ರೀಕೃಷ್ಣ ಅರ್ಜುನ ನನಗೆ ಕರ್ತವ್ಯ ದೃಷ್ಟಿಯಿಂದ ಯುದ್ಧವನ್ನು ಮಾಡು.",6070,6960,,,124
kn_kannada_15_0009,kannada_15,kn,Dvaita,9,"ಮಾಡಿದ್ದರಿಂದ ಸ್ವಧರ್ಮ ಅನುಷ್ಠಾನ ಶತ್ರು ಬದುಕಿದ್ರು.
ಎರಡು ಜಯಾಜಯಗಳಲ್ಲಿ ನಿನಗೆ ಐಹಿಕ ಆಮುಷ್ಪಿಕ ಲಾಭಗಳಿವೆ.
ಆದ್ದರಿಂದ ತೊಡಗು.
ಅವರನ್ನು ಕೊಲ್ಲುತ್ತೇನೆ ಅಂತ ಬೇಸರ ಮಾಡಬೇಡ ಶರೀರ ಹೋಗುವಂತದ್ದು. ಆತ್ಮ ಸಾಯೋದಿಲ್ಲ.
ಹೀಗೆ ಕರ್ತವ್ಯದ ದೃಷ್ಟಿಯಿಂದ
ಯುದ್ಧದಲ್ಲಿ ತೊಡಗಿಸಿದ ಶ್ರೀಕೃಷ್ಣ.
ಭಗವದ್ಗೀತೆಯ 39ನೆಯ ಶ್ಲೋಕದಿಂದ
ಯುದ್ಧ ಒಂದು ಆಧ್ಯಾತ್ಮಿಕ
ಕರ್ತವ್ಯವಾಗಿ ಬದಲಾಯಿಸುತ್ತಾನೆ ಶ್ರೀಕೃಷ್ಣ ಇಲ್ಲಿ. ಯುದ್ಧವನ್ನ
ಇದುವರೆಗೆ ವಸ್ತುಸ್ಥಿತಿಯನ್ನ ಹೇಳಿದ
ಆತ್ಮ ನಿತ್ಯ, ಶರೀರ ಅನಿತ್ಯ
ಈ ಅಧ್ಯಾತ್ಮದ ಸಂದೇಶವನ್ನ ಹೇಳಿದ
ಯುದ್ಧವನ್ನು ಮಾಡು ಮಾಡದೆ ಇದ್ದರೆ ನಿನಗೆ
ಅಕೀರ್ತಿ ಬರುತ್ತದೆ
ಮಾಡಿದ್ರೆ ಜಯ ಸಿಗುತ್ತೋ ಇಲ್ಲವೋ
ಸಿಕ್ಕರೂ ಲಾಭ ಇದೆ ಸಿಗದೆ ಇದ್ದರೂ ಲಾಭ ಇದೆ ಲೌಕಿಕ ದೃಷ್ಟಿಯಿಂದ ಯುದ್ಧದ ವಿಶ್ಲೇಷಣೆಯನ್ನ ಶ್ರೀಕೃಷ್ಣ ಮಾಡಿದ.
ಇದರ ನಂತರ
ಇಡೀ ಯುದ್ಧ ಅಥವಾ ನಾವು ಮಾಡುವ ಜೀವನದಲ್ಲಿ ಮಾಡುವ ಕೆಲಸ ಒಂದು ಅಧ್ಯಾತ್ಮದ ಮುಖವನ್ನು ಅದಕ್ಕೆ ಶ್ರೀಕೃಷ್ಣ ಕೊಡ್ತಾ ಇದ್ದಾನೆ.
39ನೇ ಶ್ಲೋಕ
ಏಶಾತೇ ಭಿಹಿತಾ ಸಾಂಖ್ಯ ಬುದ್ಧಿರಿಯೋಗೇತ್ವಿಮಾಂ ಶುಣು
ಬುದ್ಧ್ಯಾ ಯುಕ್ತೋ ಯಯಾ ಪಾರ್ಥ
ಕರ್ಮ ಬಂಧಂ ಪ್ರಹಾಸ್ಯಸಿ
ಪದ ವಿಭಾಗ
ಏಶಾ
ತೇ
ಅಭಿಹಿತಾ
ಸಾಂಖ್ಯೆ ಬುದ್ಧಿಹಿ ಯೋಗೇ ತು ಇಮಾಂ ಶುಣು ಬುದ್ಧ್ಯಾ ಯುಕ್ತಃ ಯಯಾ ಪಾರ್ಥ ಕರ್ಮ ಬಂಧಂ ಪ್ರಹಾಸ್ಯಸಿ ಇಲ್ಲಿ ಸಾಂಖ್ಯ ಯೋಗ ಅನ್ನುವ ಎರಡು ಶಬ್ದ ಬಂದಿದೆ.",6961,7918,,,130
kn_kannada_15_0010,kannada_15,kn,Dvaita,10,"ನಮ್ಮ ಭಾರತೀಯ ಷಡ್ ದರ್ಶನಗಳಲ್ಲಿ ಈ ಹೆಸರಿನ ಎರಡು ಸಿದ್ಧಾಂತಗಳು ದರ್ಶನಗಳಿವೆ.
ಸಾಂಖ್ಯ ಅಂತ ಒಂದು ಸಿದ್ಧಾಂತ ಕಪಿಲ ಮುನಿಯಿಂದ ಕಪಿಲ ಅಂತ ಪರಮಾತ್ಮನ ಒಂದು ರೂಪ ಇದೆ ಆ ಪರಮಾತ್ಮನು ಕಪಿಲ ರೂಪದಿಂದ ಬಂದು ಸಾಂಖ್ಯ ಸಿದ್ಧಾಂತವನ್ನು ನಿರೂಪಣೆ ಮಾಡಿದ.
ಇವತ್ತು ಸಾಂಖ್ಯ ಸಿದ್ಧಾಂತ ಅಂತ ಏನು ಸಿಗುತ್ತೋ ನಮಗೆ ಅದು ಭಗವಂತನ ಅವತಾರವಾದ ಕಪಿಲ ಹೇಳಿದ್ದಲ್ಲ ಕಪಿಲ ಮುನಿ ಹೇಳಿದ್ದು ಅದು ಇನ್ನೊಬ್ಬ.
ಯೋಗ ಅಂದ್ರೆ ಪಾತಂಜಲ ಸಿದ್ಧಾಂತ ಯೋಗ ಸಿದ್ಧಾಂತ.
ಅದನ್ನ ಪತಂಜಲಿ ಮಹಾಮುನಿ ಆರಂಭ ಮಾಡಿತು. 
ಸಾಂಖ್ಯ ಯೋಗಗಳು ಹೀಗೆ ಎರಡು ಸಿದ್ಧಾಂತಗಳು ದ್ವೈತಾದ್ವೈತ ಅಂತ ಹೇಗಿದೆಯೋ ಸಾಂಖ್ಯ ಯೋಗ ಅಂತ ಎರಡು ಸಿದ್ಧಾಂತಗಳು. 
ಸಾಂಖ್ಯ ಸಿದ್ಧಾಂತ ಇವತ್ತು ನಮಗೆ ಸಿಗೋದು ದೇವರಿಲ್ಲ ಅಂತ ಹೇಳುವ ಆದರೆ ದೇಹ ಬಿಟ್ಟು ಆತ್ಮ ಇದ್ದಾನೆ ಸ್ವರ್ಗ ಇದೆ ಮೋಕ್ಷ ಇದೆ ಆದರೆ ದೇವರು ಅನ್ನೋದು ಇಲ್ಲ. ಅಂತ ಹೇಳುವ ಸಾಂಖ್ಯ ಸಿದ್ಧಾಂತ.
ಯೋಗ ಅಂದ್ರೆ ಅದರ ಜೊತೆಯಲ್ಲಿ ದೇವರನ್ನು ಸೇರಿಸುತ್ತಾರೆ.",7919,8609,,,102
kn_kannada_15_0011,kannada_15,kn,Dvaita,11,"ಪತಂಜಲಿ ಸಾಂಖ್ಯ ಸಿದ್ಧಾಂತಕ್ಕೆ ದೇವರನ್ನ ಸೇರಿಸಿ ಪರಿಷ್ಕರಿಸಿದ.
ದೇವರು ಇದ್ದಾರೆ ಜೀವನು ಇದ್ದಾನೆ.
ಹೀಗೆ ದೇವರನ್ನ ಒಪ್ಪಿದ ಸಾಂಖ್ಯದ ಪರಿಷ್ಕೃತ ರೂಪವಾದ ಒಂದು ದರ್ಶನ ಯೋಗ ದರ್ಶನ. ಜನ.
ದೇವರನ್ನ ಒಪ್ಪದ
ಭೌತಿಕವಾದ
ಜಡ ಪದಾರ್ಥಗಳಿಗೆ ಸ್ವಾತಂತ್ರ್ಯವನ್ನು ಕೊಟ್ಟ ಒಂದು ಸಿದ್ಧಾಂತ ಸಾಂಖ್ಯ ದರ್ಶನ.
ಭಗವದ್ಗೀತೆ ಈ ಶ್ಲೋಕವನ್ನ ವ್ಯಾಖ್ಯಾನ ಮಾಡ್ತಾ ಸಾಂಖ್ಯ ಯೋಗ ಅನ್ನೋ ಶಬ್ದಗಳಿಗೆ ಈ ಎರಡು ದರ್ಶನಗಳು ಅಂತ ಅರ್ಥ ಮಾಡಿದವರೇ ಹೆಚ್ಚು. ನಮ್ಮ ಇತಿಹಾಸ, ಮಹಾಭಾರತ, ವೇದ ಇವುಗಳನ್ನೆಲ್ಲ ನೋಡಿದಾಗ ಭಗವಂತನ ಸ್ಥಾನಕ್ಕೆ ನಾವು ಸೇರಬೇಕಾದರೆ ಸಾಂಖ್ಯ ಒಂದು ಮಾರ್ಗ, ಯೋಗ ಇನ್ನೊಂದು ಮಾರ್ಗ. ಏಕೆ ಸಾಂಖ್ಯೇನ ಯೋಗೇನ ಕೆಲವರು ಸಾಂಖ್ಯದಿಂದ ಕೆಲವರು ಯೋಗ ಮಾರ್ಗದಿಂದ. ದಿಂದ ನನ್ನನ್ನ ಪಡೀತಾರೆ ಅಂತ ಮುಂದೆ ಗೀತೆಯಲ್ಲೂ ಬರುತ್ತದೆ.
ಆದರೆ ಸಾಂಖ್ಯ ಯೋಗ ಶಬ್ದಗಳಿಗೆ ಇಲ್ಲಿ ರಾಘವೇಂದ್ರ ಸ್ವಾಮಿಗಳು ಸಾಂಖ್ಯ ಸಿದ್ಧಾಂತ ಯೋಗ ಸಿದ್ಧಾಂತ ಅಂತ ಅರ್ಥ ಮಾಡಲಿಲ್ಲ.
ಸಂಖ್ಯಾ ಅಂದ್ರೆ ಸಂಸ್ಕೃತದಲ್ಲಿ ಜ್ಞಾನ ಅಂತ ಅರ್ಥ.
ಆಧಾರ ಕೊಡಿ ಒಟ್ಟು ರಾಘವೇಂದ್ರ ಸ್ವಾಮಿಗಳು ಶುದ್ಧಾತ್ಮ ತತ್ವ ವಿಜ್ಞಾನಂ ಸಾಂಖ್ಯಮಿತ್ಯಭಿಧೀಯತೆ ಅಂದಿದ್ದಾರೆ.",8610,9423,,,109
kn_kannada_15_0012,kannada_15,kn,Dvaita,12,"ಸಾಂಖ್ಯ ಅಂದ್ರೆ ಶುದ್ಧನಾದ ಆತ್ಮನ ತತ್ವಜ್ಞಾನ. 
ಇವತ್ತು ನಮ್ಮನ್ನು ಆತ್ಮ ಅಂದ್ರೆ ನಾವು ನಮ್ಮನ್ನು ನಾವೇನು ತಿಳಿದಿದ್ದೇವೋ ಸರಿಯಾದ ತಿಳುವಳಿಕೆ ಅಲ್ಲ.
ದೇವರನ್ನ ನಾವೇನು ತಿಳಿದಿದ್ದೇವೋ ಸರಿಯಾದ ತಿಳುವಳಿಕೆ ಅಲ್ಲ.
ನಮ್ಮ ಪಾಲಿಗೆ ದೇವರು ಅಂದ್ರೆ ಸಂಕಟ ಬಂದಾಗ ವೆಂಕಟರಮಣ ನಮಗೆ ಕಷ್ಟ ಬಂದಾಗ ಅವನನ್ನು ಕಾಲು ಹಿಡಿಯೋದು.
ಸುಖ ಬಂದಾಗ ನೆನೆಸಿದ್ರು ಆಯ್ತು ಇಲ್ಲಾಂದ್ರು ಇಲ್ಲ ನಮಗೆ ಬೇಕಾದ್ದನ್ನು ಕೊಡುವ ಬೇಡವಾದದ್ದನ್ನ ಆಚೆ ಮಾಡುವ ಒಬ್ಬ ಮಹಾನ್ ವ್ಯಕ್ತಿ ಅಂತ. ಇದು ಶುದ್ಧ ಆತ್ಮ ತತ್ವಜ್ಞಾನ ಅಲ್ಲ.
ಭಗವಂತನ ಪಾತ್ರ ದೇವರ ಪಾತ್ರ ಅಷ್ಟೇ ಅಲ್ಲ.
ನಿಮಗೆ ಬೇಕಾದ್ದನ್ನು ಕೊಟ್ಟು ಬೇಡವಾದದ್ದನ್ನು ದೂರ ಮಾಡಲಿಕ್ಕೆ ಅದೊಂದು ಯಾಂತ್ರಿಕವಾಗಿ ಕಲ್ಪಿಸಿದವಾದ ಚೈತನ್ಯ ಅಲ್ಲ ಅದು.
ನಿಮಗೋಸ್ಕರ ಇರುವಂತವನು ಅಲ್ಲ ದೇವರು.
ಅವನಿಗೆ ಬೇಕಾದ ಕೆಲಸಗಳಿವೆ.
ನಮ್ಮನ್ನು ನಾವೇನು ತಿಳ್ಕೊಂಡಿದ್ದೇವೆ? ನಮಗೇನು ಅನಿಸುತ್ತೆ ಕೆಲವೊಮ್ಮೆ ನಾನು ತುಂಬಾ ಒಳ್ಳೆಯವನು ಅಂತ.
ಮತ್ತೊಮ್ಮೆ ಅನಿಸುತ್ತೆ ಕೆಲವು ಸಂದರ್ಭದಲ್ಲಿ ಛೀ ಎಂತ ಕೆಟ್ಟ ಬುದ್ದಿಯಪ್ಪ ನಂದು ಅಂತ.",9425,10181,,,101
kn_kannada_15_0013,kannada_15,kn,Dvaita,13,"ನಮ್ಮ ಬಗ್ಗೆ ನಮಗೆ ಸರಿಯಾದ ಜ್ಞಾನ ಇಲ್ಲ.
ಶ್ರೀಕೃಷ್ಣ ಇದುವರೆಗೆ ಸಾಂಖ್ಯವನ್ನ ಹೇಳಿದ ಶುದ್ಧ ಆತ್ಮನ ಜ್ಞಾನವನ್ನ ಹೇಳಿದ. ದೇಹವೇ ಆತ್ಮನಲ್ಲ ದೇಹಕ್ಕಿಂತ ಬೇರೆಯಾದ ಒಬ್ಬ ಆತ್ಮನಿದ್ದಾನೆ ದೇಹದ ಧರ್ಮಗಳು ಅವನಲ್ಲಿ ಇಲ್ಲ ಅವನು ಶುದ್ಧ ಪರಿಶುದ್ಧ.
ಇನ್ನು ಭಗವಂತನ ಬಗ್ಗೆನೂ ಹೇಳಿದ್ದಾನೆ ಅವನು ದೇವರು ಬಿಂಬ ನಾವು ಪ್ರತಿಬಿಂಬರು ಪ್ರತಿಬಿಂಬ ಕನ್ನಡಿಯಲ್ಲಿ ಬೀಳುತ್ತದೆ. 
ಅದು ಅಲ್ಲಾಡಬೇಕಾದರೆ ನಮ್ಮ ಕೈ ಅಲ್ಲಾಡಬೇಕು. 
ಅದರಂತೆ ನಮ್ಮಲ್ಲಿ ಕ್ರಿಯೆಗಳು ನಡೆಯಬೇಕಾದರೆ ನಾವು ಮಾಡಬೇಕಾದರೆ ಬಿಡಬೇಕಾದರೆ ನಮ್ಮಲ್ಲಿ ಯಾವುದೇ ಒಂದು ಮೂವ್ಮೆಂಟ್ ಕ್ರಿಯೆ ಅದು ಆಗಬೇಕಾದರೆ ಅದು ಭಗವಂತ ಮಾಡಿಸಬೇಕು. 
ಹೀಗೆ ಭಗವಂತ ನ ಅಧೀನಕ್ಕೆ ಈ ಇಡೀ ಈ ಜಗತ್ತು ಒಳಪಟ್ಟಿದೆ. ಇದು ಭಗವಂತನ ಶುದ್ಧ ಜ್ಞಾನ.
ಜೀವ ದೇಹಕ್ಕಿಂತ ಭಿನ್ನನಾದವನು, ದೇಹ ನಶ್ವರ, ಜೀವ ಶಾಶ್ವತ, ಅನಾದಿ ನಿತ್ಯ.
ಈ ಸಾಂಖ್ಯವನ್ನು ನಾನು ಇದುವರೆಗೆ ನಿನಗೆ ಹೇಳಿದ್ದೇನೆ ಅರ್ಜುನ.
ಇಲ್ಲಿ ಬುದ್ಧಿಹಿ ಅಂತ ಶಬ್ದ ಇದೆ.
ಬುದ್ಧಿಹಿ ಅಂದ್ರೆ ಬುದ್ಧಿ ಅಂದ್ರೆ ತಿಳುವಳಿಕೆ, ನಿಂಗೆ ಬುದ್ಧಿ ಇಲ್ವಾ ಅಂತ ಕೇಳ್ತೀವಿ ನಾವು.",10182,10952,,,106
kn_kannada_15_0014,kannada_15,kn,Dvaita,14,"ಬುದ್ಧಿ ಅಂದ್ರೆ ತಿಳುವಳಿಕೆ ಅಂತ ಅರ್ಥ. 
ಆದರೆ ಇಲ್ಲಿ ಬುದ್ಧಿ ಶಬ್ದಕ್ಕೆ ನಾನು ಬುದ್ಧಿಯನ್ನ ಹೇಳಿದ್ದೇನೆ ಅಂತ. 
ವಸ್ತು ಈ ವಾಕ್ಯ ಪ್ರಯೋಗ ನಾವು ಕನ್ನಡದಲ್ಲಿ ಮಾಡ್ತೇವೆ. 
ಸಂಸ್ಕೃತದಲ್ಲಿ ಈ ವಾಕ್ಯ ಪ್ರಯೋಗ ತಪ್ಪು. 
ಬುದ್ಧಿ ಅಂದ್ರೆ ಜ್ಞಾನ, ಜ್ಞಾನವನ್ನು ಹೇಳೋಕೆ ಆಗಲ್ಲ. 
ಮಾತನ್ನ ಆಡಬಹುದು ನಾವು ಹೇಳಬಹುದು. ಜ್ಞಾನವನ್ನು ಹೇಳೋದು ಹೇಗೆ? 
ಅಂದ ಬುದ್ಧಿಹಿ ಅಭಿಹಿತ ಅಂದ್ರೆ ಜ್ಞಾನವನ್ನ ಹೇಳಿದ್ದೇನೆ ಅಂತ ಅರ್ಥ ಅಲ್ಲ ಅದು ಅಬದ್ಧ ಪ್ರಯೋಗ ಅದು. 
ಬುದ್ಧಿಹಿ ಅಂದ್ರೆ ಬುದ್ಧ್ಯತೆ ಅನಯಾ ಇತಿ ಬುದ್ಧಿಹಿ ರಾಘವೇಂದ್ರ ಸ್ವಾಮಿಗಳು ಆ ಅರ್ಥವನ್ನು ಮಾಡಿದ್ದಾರೆ. 
ಯಾವುದರಿಂದ ಜ್ಞಾನವು ನಮಗೆ ಬರ್ತದೋ ಅದು ಬುದ್ಧಿ. 
ಬುದ್ಧಿಗೆ ಕಾರಣವಾದ್ದು.
ನಾನು ಗೀತೆಯ ಅರ್ಥವನ್ನ ಹೇಳಿದರೆ ನಿಮಗೆ ತಿಳುವಳಿಕೆ ಬರುತ್ತದೆ.
ಅಲ್ಲಿಗೆ ಬುದ್ಧಿ ಅಂದ್ರೆ ನನ್ನ ಮಾತು ಅಂತ ಅರ್ಥ.
ಹಾಗಾದರೆ ಬುದ್ಧಿಹಿ ಅಂದ್ರೆ ಮಾತು.
ಸಾಂಖ್ಯ ಅಂದ್ರೆ ಸಾಂಖ್ಯ ದರ್ಶನ ಅಂತ ಅರ್ಥ ಅಲ್ಲ.
ಶುದ್ಧ ಆತ್ಮ ತತ್ವ ಜ್ಞಾನ.
ಅಲ್ಲಿಗೆ ಅರ್ಜುನ ತೇ ನಿನಗೆ ಸಾಂಖ್ಯೇ ಶುದ್ಧ ಆತ್ಮ ಜ್ಞಾನದ ಬಗ್ಗೆ
ಬುದ್ಧಿಸಿ ಮಾತುಗಳನ್ನ ಅಭಿಹಿತ ಹೇಳಿದ್ದೇನೆ.",10954,11757,,,112
kn_kannada_15_0015,kannada_15,kn,Dvaita,15,"ಆತ್ಮನ ಸ್ವರೂಪ ಏನು?
ಪರಮಾತ್ಮನ ಸ್ವರೂಪ ಏನು?
ಇದರ ಬಗ್ಗೆ ಸಂಕ್ಷಿಪ್ತವಾಗಿ ಅರ್ಜುನ ನಿನಗೆ ತಿಳುವಳಿಕೆಯನ್ನ ನೀಡಿದ್ದೇನೆ.
ಜೀವಾತ್ಮ ಪರಮಾತ್ಮನ ಪ್ರತಿಬಿಂಬ ಅವ ಅವನು ಅಜರ ಅಮರ
ಪರಮಾತ್ಮ ಬಿಂಬ ಅವನು ಸರ್ವನಿಯಾಮಕ
ಹೀಗೆ ಏಶಾತೆ ಅಭಿಹಿತಾ ಸಾಂಖ್ಯೆ ಬುದ್ಧಿಹಿ
ಸಾಂಖ್ಯದ ವಿಷಯದಲ್ಲಿ ಶುದ್ಧ ಆತ್ಮ ತತ್ವಜ್ಞಾನದ ಬಗ್ಗೆ ನಾನು ಇದುವರೆಗೆ ಕೆಲವು ಮಾತುಗಳನ್ನು ಆಡಿದ್ದೇನೆ ಅಭಿಹಿತಾ ಬುದ್ಧಿಹಿ ಬುದ್ಧಿಹಿ ಅಂದ್ರೆ ಮಾತು ಆಡಿದ್ದೇನೆ. 
ಯೋಗೇತು ಇಮಾಂ ಶುಣು. 
ಇಲ್ಲಿ ಯೋಗ ಅಂದ್ರೆ ನಮ್ಮ ಈ ಪಾತಂಜಲ ಯೋಗ ಅಲ್ಲ. 
ಈ ಶಬ್ದ ಗೀತೆಯಲ್ಲಿ ಮತ್ತೆ ಮತ್ತೆ ಬರುತ್ತದೆ ಯೋಗ ಅನ್ನೋ ಶಬ್ದ. 
ಅದಕ್ಕೆ ಕೃಷ್ಣನೇ ವಿವರಣೆ ಕೊಟ್ಟಿದ್ದಾನೆ. 
ಯೋಗ ಕರ್ಮಸು ಕೌಶಲಂ. ನಾವು ಮಾಡುವ ಕರ್ತವ್ಯದಲ್ಲಿ ತೋರುವ ಕೌಶಲ
Skillness.
ಅದು ಯೋಗ ಅಂತ.
ಏನದು?
ಅದನ್ನು ಬಿಡಿಸ್ತಾನೆ ಕೃಷ್ಣನೇ ನೋಡಿ.
ಸಿದ್ಧ ಸಿದ್ಧೋ ಸಮೋಭೂತ್ವ ಸಮತ್ವಂ ಯೋಗ ಉಚ್ಚತೆ ಅಂತ.
ಹಿಂದಿನ ಶ್ಲೋಕದಲ್ಲಿ ಶ್ರೀಕೃಷ್ಣ ಹೇಳಿದಂತೆ ನಾವು ಜೀವನದಲ್ಲಿ ನಮ್ಮ ಕರ್ತವ್ಯವನ್ನ ನೆರವೇರಿಸಿದಾಗ ಅದು ಕೆಲವೊಮ್ಮೆ ಸಫಲವಾಗಬಹುದು, ಕೆಲವೊಮ್ಮೆ ನಿಷ್ಫಲವಾಗಬಹುದು.",11759,12553,,,108
kn_kannada_15_0016,kannada_15,kn,Dvaita,16,"ಸಿದ್ದಿ ಅಸಿದ್ದಿ ಅದು ಸಫಲವಾಗಲಿ ನಿಷ್ಫಲವಾಗಲಿ ನನ್ನ ಕರ್ತವ್ಯದನ್ನು ನಾನು ನೆರವೇರಿಸಿದ್ದೇನೆ ಅನ್ನೋ ತೃಪ್ತಿ ಏನಿದೆಯೋ ಇದನ್ನ ಯೋಗ ಕರ್ಮದಲ್ಲಿ ಮಾಡಬೇಕು. ಆಡುವ ಕೌಶಲ.
ಕೃಷ್ಣನಿಗೆ ಯೋಗೇಶ್ವರ ಅಂತ ಹೆಸರು.
ಯಾಕೆ ಅಂದ್ರೆ
ಅವನು ದೇವ ದೇವ.
ಈ ಲೋಕವೆಂಬ ಆಶ್ರಯವನ್ನ 14 ಒಳಗೆ ಬರೆ ಭೂಮಿ ಅಲ್ಲ.
14 ಲೋಕದ ಅದ್ಭುತ ಪ್ರಪಂಚವನ್ನ ನಿರ್ಮಾಣ ಮಾಡಿದ ಅದಮ್ಯ ಶಕ್ತಿ ಪರಮಾತ್ಮ. ಮಹಾಭಾರತ ಯುದ್ಧದಲ್ಲಿ ಶ್ರೀಕೃಷ್ಣ ಮಾಡಿದ್ದೇನು? ಅರ್ಜುನನ ರಥವನ್ನು ಓಡಿಸುವ ಸೂತನ ಕೆಲಸ. ಆದರೆ ಎಷ್ಟು ಆ ಅವನ ವ್ಯಕ್ತಿತ್ವ ಎಲ್ಲಿ? ಅವನು ಕೈಗೊಂಡ ಕೆಲಸ ಎಲ್ಲಿ? ಆದರೆ ಎಷ್ಟು ನಿಷ್ಠೆಯಿಂದ ಶ್ರೀಕೃಷ್ಣ ಅದನ್ನ ನೆರವೇರಿಸಿದ ಅಂದ್ರೆ ಕುದುರೆಗಳಿಗೆ ಗಾಯವಾದಾಗ ಅದಕ್ಕೆ ಔಷಧ ಉಪಚಾರಗಳನ್ನ ಮಾಡಿ ಕಾಲ ಕಾಲಕ್ಕೆ ತಿಂಡಿ ತಿನಸುಗಳನ್ನ ತಿನ್ನಿಸಿ ನೀರು ಕುಡಿಸಿ ಮೈ ದಡವಿ ಅರ್ಜುನ ಯುದ್ಧ ಆರಂಭ ಮಾಡುವಂತ ಆಯ್ತಾ.
ಒಬ್ಬ ದೇವ ದೇವ ಮಾಡಿದ ಯೋಗ ಇದು ಕರ್ಮ ಸೌಕೌಶಲಂ.
ಶ್ರೀ ಕೃಷ್ಣ ಯುದ್ಧದಲ್ಲಿ ತಾನು ಕೈಗೊಂಡ ಕರ್ತವ್ಯ ಒಬ್ಬ ಸಾರಥ್ಯ ಒಬ್ಬ ಸಾರಥಿಯಾಗಿ ಅವನು ಏನು ಮಾಡಿದ ಮಾಡಬೇಕು.",12554,13316,,,112
kn_kannada_15_0017,kannada_15,kn,Dvaita,17,"ಅದನ್ನ ಎಷ್ಟು ನಿಷ್ಠೆಯಿಂದ ಮಾಡಿದ್ದ ಇದು ಯೋಗ. 
ಯೋಗಃ ಉಪಾಯಃ. 
ಅಂದ್ರೆ ಮೊದಲನೆಯದು ಶುದ್ಧಾತ್ಮ ತತ್ವ ಜ್ಞಾನ ಸಂಖ್ಯ. 
ಯೋಗ ಅಂದ್ರೆ ಆ ಜ್ಞಾನವನ್ನ ಪಡೆಯೋದಕ್ಕೆ ಬೇಕಾದ ಉಪಾಯ. 
ಉಪಾಯ ಅಂದ್ರೆ ಸಾಧನ ಸಲಕರಣೆ. 
ನಾವು ಜೀವನದಲ್ಲಿ ಒಳ್ಳೆಯ ಉದ್ದೇಶವನ್ನ ಇಟ್ಟುಕೊಂಡು ಕರ್ತವ್ಯವನ್ನ ನಿಷ್ಠೆಯಿಂದ ಮಾಡಿದರೆ ಆ ಜ್ಞಾನದ ಪ್ರಾಪ್ತಿ ನಮಗಾಗುತ್ತೆ. ಆ ಜ್ಞಾನದ ಗಳಿಕೆಗೆ ಸಾಧನ ಏನಿದೆಯೋ ನಾವು ಮಾಡುವ ಕರ್ತವ್ಯ ಏನಿದೆಯೋ ಅದನ್ನ ಯೋಗ ಅಂತ ಕರೆದಿದ್ದಾನೆ. ಯೋಗೇತು ಇಮಾಂಶುಣು ಮುಂದೆ ನಾನು ಈ ಜ್ಞಾನ ಪಡೆಯುವುದಕ್ಕೆ ಬೇಕಾದ ಯೋಗವನ್ನು ಸಾಧನೆಯನ್ನು ಪ್ರಥಮ ಶಕ್ತಿ ಶಟ್ಟಕದಲ್ಲಿ ಆರನೇ ಅಧ್ಯಾಯದವರೆಗೂ ಹೇಳುತ್ತೇನೆ ಅಂತ. 
ಇಲ್ಲಿಂದ ಗೀತೆ ಒಂದು ತಿರುವು ಪಡೀತದೆ ಟ್ವಿಸ್ಟ್ ತಗೊಳ್ಳುತ್ತೆ. 
ಆ ಪರಮಾತ್ಮನ ನಮ್ಮ ಸರಿಯಾದ ಜ್ಞಾನ ಹೇಗೆ ಬಂದಿತು ಅನ್ನೋ ಉಪಾಯವನ್ನು ನಾನು ಮುಂದೆ ಹೇಳುತ್ತೇನೆ. 
ಆಯ್ತು ಅದರಿಂದ ನಾನೇನು ಮಾಡಬೇಕು? 
ಅಲ್ಲಿಗೆ ಯುದ್ಧ ಕೇವಲ ಒಂದು ಜಯ ಅಪಜಯ ಇಷ್ಟೇ ಸೀಮಿತವಾದ ಒಂದು ಕರ್ತವ್ಯ ಅಲ್ಲ.",13318,14043,,,101
kn_kannada_15_0018,kannada_15,kn,Dvaita,18,"ಅದು ಒಂದು ಯೋಗ. 
ಜ್ಞಾನ ಪ್ರಾಪ್ತಿಗೆ ಭಗವಂತನ ಅನುಗ್ರಹಕ್ಕೆ ಭಗವಂತನ ತಿಳುವಳಿಕೆಗೆ ಕಾರಣವಾಗ ಒಂದು ದೊಡ್ಡ ಸಾಧನೆ ಅದು. 
ನಾವು ಜಪ ಪೂಜೆ ಮುಂತಾದ ಧಾರ್ಮಿಕ ಕಾರ್ಯಗಳನ್ನು ಏನು ನಡೆಸುತ್ತೇವೆ. ಇದು ಹೇಗೆ ಒಂದು ಸಾಧನೆಯೋ
ಕ್ಷತ್ರಿಯರಿಗೆ ಯುದ್ಧವು ಅಂತ ಒಂದು ಸಾಧನೆ.
ಬುದ್ಧ್ಯಾ ಯುಕ್ತೋಯಯಾ ಪಾರ್ಥ
ಈ ಯೋಗದಿಂದ ನೀನು ಆ ಬುದ್ಧಿಯನ್ನ ಅಂದ್ರೆ
ಶುದ್ಧಾತ್ವ ತತ್ವಜ್ಞಾನವನ್ನ ನನ್ನ ಮಾತನ್ನ
ಕೇಳಿಕೊಂಡ್ರೆ ಬುದ್ಧ್ಯಾ ಯುಕ್ತಃ ನನ್ನ ಮಾತನ್ನ ಕೇಳಿ ತಿಳಿದುಕೊಂಡು ಅದರಂತೆ ಅನುಷ್ಠಾನ ಮಾಡಿದಿ ಅಂದ್ರೆ ಅರ್ಜುನ ಕರ್ಮಬಂಧಂ ಪ್ರಹಾಸ್ಯಸಿ. 
ಈ ಪ್ರಪಂಚದ ಬಂಧವನ್ನೇ ಕಳೆದುಕೊಳ್ಳುತ್ತಿ ಮೋಕ್ಷ ಸಿಗುತ್ತದೆ ನಿನಗೆ. 
ಅದನ್ನ ಇದು ಯುದ್ಧ ರಾಜ್ಯ ಲಾಭ ಬಹಳ ಕ್ಷುಲ್ಲಕ ಇದು. 
ಇಡೀ ಮತ್ಯ ಹುಟ್ಟಿ ಬರದ ಮೋಕ್ಷಕ್ಕೆ ಹೋಗುವಷ್ಟು ದೊಡ್ಡ ಫಲಕ್ಕೆ ಸಾಧನವಾದದ್ದು ಈ ಯುದ್ಧ ಅಂತ ತಿಳ್ಕೋ. 
ಆದ್ದರಿಂದ ಇದುವರೆಗೆ ನಾನು ಆತ್ಮ ತತ್ವಜ್ಞಾನದ ಬಗ್ಗೆ ಕೆಲವು ಮಾತುಗಳನ್ನು ಆಡಿದ್ದೇನೆ. 
ಇನ್ನು ಮುಂದೆ ಆ ಆತ್ಮ ತತ್ವಜ್ಞಾನವನ್ನು ಹೇಗೆ ಪಡೆಯಬಹುದು ಅದಕ್ಕೆ ಬೇಕಾದ ಉಪಾಯವನ್ನು ಹೇಳುತ್ತೇನೆ.",14045,14821,,,106
kn_kannada_15_0019,kannada_15,kn,Dvaita,19,"ಇದರ ಮಹತ್ವ ಏನು ಅಂದ್ರೆ ಈ ಶುದ್ಧಾತ್ಮ ತತ್ವಜ್ಞಾನವನ್ನು ನನಗೆ ನನ್ನ ಮಾತಿನಿಂದ ನೀನು ಕೇಳಿ ತಿಳಿದು ಅನುಷ್ಠಾನವನ್ನ ಮಾಡಿದರೆ ಕರ್ಮಬಂಧಂ ಪ್ರಹಾಸ್ಯಸಿ ಮತ್ತೆ ಹುಟ್ಟಿ ಈ ಪ್ರಪಂಚದ ಬಂಧನಕ್ಕೆ ನೀನು ಒಳಗಾಗದಿರುವ ಮೋಕ್ಷವನ್ನ ಪಡೀತೀಯಾ ಮತ್ತೊಮ್ಮೆ ಶ್ಲೋಕ ಏಷಾತೇ ಭಿಹಿತಾ ಸಾಂಖ್ಯೆ ಬುದ್ಧಿರಿ ಯೋಗೇತ್ ವಿಮಾಂ ಶುಣು ಬುದ್ಧ್ಯಾ ಯುಕ್ತೋ ಯಯಾ ಪಾರ್ಥ ಕರ್ಮ ಬಂಧಂ ಪ್ರಹಾಸ್ಯಸಿ 
ಮುಂದಿನ ಭಾಗವನ್ನು ಮುಂದಿನ ಸಂದರ್ಭದಲ್ಲಿ ನೋಡೋಣ ಶ್ರೀಕೃಷ್ಣಾರ್ಪಣಮಸ್ತು 
ಈ ಪ್ರವಚನ ಸೇವೆಯನ್ನು ಶ್ರೀಯುತರಾದ ಮರವೇಕೆರೆ ಮುರಳೀಧರ ರಾಯರು ನಡೆಸಿಕೊಟ್ಟಿದ್ದಾರೆ. ಶ್ರೀಕೃಷ್ಣನ ಪನವಾನುಗ್ರಹದಿಂದ ಅವರ ಅಭಿಷ್ಟಗಳು ಈಡೇರಲಿ ಅಂತ ಪ್ರಾರ್ಥನೆ ಮಾಡುತ್ತಾ ಶ್ರೀಕೃಷ್ಣಾರ್ಪಣಮಸ್ತು.",14823,15350,,,65
kn_kannada_16_0000,kannada_16,kn,Dvaita,0,"ಶ್ರೀ ಗುರುಭ್ಯೋ ನಮಃ ಹರಿಃ ಓಂ ಭಗವದ್ಗೀತೆಯ 39ನೇ ಶ್ಲೋಕದಲ್ಲಿ ಇದುವರೆಗೆ ಸಾಂಖ್ಯದ ಬಗ್ಗೆ ಹೇಳಿದ್ದೇನೆ. ಮುಂದೆ ಯೋಗದ ಬಗ್ಗೆ ಹೇಳುವವನಿದ್ದೇನೆ ಅಂತ ಶ್ರೀಕೃಷ್ಣ ಹೇಳಿದ. ಯೋಗ ಅಂದ್ರೆ ಉಪಾಯ. ಉಪಾಯ ಅಂದ್ರೆ ಸಾಧನೆ. ಯಾವುದನ್ನ ಮಾಡಿದ್ರೆ ನಾವು ತತ್ವಜ್ಞಾನವನ್ನ ಗಳಿಸಬಹುದೋ ಅಂತಹ ಸಾಧನೆಯ ಬಗ್ಗೆ ನಾನು ಹೇಳುತ್ತೇನೆ ಅಂತ ಶ್ರೀಕೃಷ್ಣ ಅರ್ಜುನನಿಗೆ ನಿರೂಪಿಸಿದ. ಅಲ್ಲಿಗೆ ಪ್ರಕೃತ ಯುದ್ಧವನ್ನು ಮಾತ್ರ ಕೇಂದ್ರೀಕರಿಸದೆ ಯುದ್ಧ ಕ್ಷತ್ರಿಯರಿಗೆ ಸಂಬಂಧಪಟ್ಟಿದ್ದು. ಇಡೀ ಸಾಧಕ ವರ್ಗಕ್ಕೆ ಅವನು ಕ್ಷತ್ರಿಯನಾಗಿರಲಿ ಬ್ರಾಹ್ಮಣ, ವೈಶ್ಯ ಯಾರೇ ಆಗಿರಲಿ ಇಡೀ ಸಾಧಕ ವರ್ಗಕ್ಕೆ ಸಂಬಂಧಪಟ್ಟ ಸಂದೇಶವನ್ನ ನಾನು ನೀಡುತ್ತೇನೆ ಅಂತ ಕೃಷ್ಣ ಭಗವದ್ಗೀತೆಯನ್ನ ಅರ್ಜುನನಿಗೆ ಮಾತ್ರ ಮೀಸಲಾಗಿ ಇಟ್ಟಿದ್ದ. ಇಟ್ಟಿದ್ದನ್ನು ಬಿಟ್ಟು
ಸಕಲ ಜಿಜ್ಞಾಸು ವರ್ಗಕ್ಕೆ ಮುಟ್ಟಿಸುವ ಒಂದು ಪ್ರತಿಜ್ಞೆಯನ್ನ ಹಿಂದಿನ ಶ್ಲೋಕದಲ್ಲಿ ಮಾಡಿದ್ದಾರೆ.
ಅದರ ಪ್ರಶಂಸೆಯನ್ನ ಅದರ ಮಹತ್ವ ಏನು ಅಂತ ಮೊದಲು ಒಂದೆರಡು ಶ್ಲೋಕಗಳಲ್ಲಿ ಶ್ರೀಕೃಷ್ಣ ನಿರೂಪಿಸುತ್ತಾನೆ.
40ನೇ ಶ್ಲೋಕದಲ್ಲಿ ಆ ಸಾಧನೆಯ ಯೋಗ ಮಾರ್ಗದ ಉಪಾಯಾನುಷ್ಠಾನದ ಮಹತ್ವವನ್ನು ತಿಳಿಸ್ತಾ ಇದ್ದಾನೆ ಶ್ರೀಕೃಷ್ಣ.",0,830,,,103
kn_kannada_16_0001,kannada_16,kn,Dvaita,1,"ನೇಹಾಭಿಕ್ರಮನಾಶೋಸ್ತಿ ಪ್ರತ್ಯವಾಯೋ ನವಿದ್ಯತೆ ಸ್ವಲ್ಪಮಪ್ಯಸ್ಯ ಧರ್ಮಸ್ಯ ತ್ರಾಯತೆ ಮಹತೋ ಭಯಾತ್ ಪದ ವಿಭಾಗ
ನ ಇಹ ಅಭಿಕ್ರಮ ನಾಶಃ ಅಸ್ತಿ
ಪ್ರತ್ಯವಾಯಃ ನ ವಿದ್ಯತೆ
ಸ್ವಲ್ಪಂ ಅಪಿ ಅಸ್ಯ ಧರ್ಮಸ್ಯ ತ್ರಾಯ ಅತಿ ಮಹತಃ ಭಯಾತ್.
ಬಹಳ ಮುಖ್ಯವಾದ ಒಂದು ಅಂಶ.
ನಾವು ಈಗಾಗಲೇ ಯೋಗ ಅನ್ನುವ ಶಬ್ದದ ಅರ್ಥವನ್ನು ತಿಳಿಸಿಕೊಂಡಿದ್ದೇವೆ.
ಯೋಗ ಅಂದ್ರೆ ಇವತ್ತು ಮಾಡುವ ಯೋಗಾಭ್ಯಾಸ ಅಲ್ಲ.
ಜ್ಞಾನವನ್ನು ಗಳಿಸಬೇಕಾದರೆ ಮಾಡಬೇಕಾದ ಕರ್ತವ್ಯ. ಅದನ್ನ ಒಂದು ಶಬ್ದದಿಂದ ಭಗವದ್ಗೀತೆಯಲ್ಲಿ ಕೃಷ್ಣ ಕರೆದಿದ್ದಾರೆ. ನಿಷ್ಕಾಮ ಕರ್ಮ. ಕಾಮ ಅಂದ್ರೆ ಫಲದ ಬಗ್ಗೆ ಅಭಿಲಾಷೆ. ನಿಷ್ಕಾಮ ಅಂದ್ರೆ ಫಲದ ಬಗ್ಗೆ ಅಭಿಲಾಷೆಯನ್ನು ತೊರೆದ ಕರ್ಮ. ಕರ್ಮ ಅಂದ್ರೆ ಕೆಲಸ. ನಾವು ಜೀವನದಲ್ಲಿ ಯಾವುದೇ ಕೆಲಸವನ್ನು ಮಾಡಿದಾಗಲೂ ಕೂಡ ಅದಕ್ಕೊಂದು ಫಲವನ್ನ ಗುರುತಿಸಿಕೊಂಡಿರ್ತೀವಿ. ಫಲದ ಬಗ್ಗೆ ಆಸಕ್ತಿ ತೋರದ ಕರ್ಮ ನಿಷ್ಕಾಮ ಕರ್ಮ. ಫಲಕ್ಕಾಗಿಯೇ ಮಾಡುವ ಕರ್ಮ ಸಕಾಮ ಕರ್ಮ. ತನ್ನ ಉದಾಹರಣೆಯಿಂದ ಸ್ಪಷ್ಟಪಡಿಸುವುದಾದರೆ,
ಸಂಬಳಕ್ಕಾಗಿಯೇ ನೌಕರಿ ಮಾಡೋದು ಸಕಾಮ ಕರ್ಮ.
ಇದು ನನ್ನ ಕರ್ತವ್ಯ ಅವರ ಇಷ್ಟ ಬಂದಷ್ಟು ಕೊಡ್ಲಿ ಅಂತ
ಫಲದ ಬಗ್ಗೆ ಸಂಬಳದ ಬಗ್ಗೆ ಹೆಚ್ಚು ಒತ್ತು ಕೊಡದೆ ಕರ್ಮವನ್ನು ಮಾಡೋದು ನಿಷ್ಕಾಮ ಕರ್ಮ.",831,1688,,,118
kn_kannada_16_0002,kannada_16,kn,Dvaita,2,"ಕರ್ಮ.
ಈ ನಿಷ್ಕಾಮ ಕರ್ಮದ ಮಹತ್ವವನ್ನು ಅಂದ್ರೆ ಯೋಗದ ಮಹತ್ವವನ್ನ
ಶ್ರೀಕೃಷ್ಣ ಈ 40ನೇ ಶ್ಲೋಕದಲ್ಲಿ ಹೇಳಿದ್ದಾನೆ.
ನ ಇಹ ಅಭಿಕ್ರಮ ನಾಶೋಸ್ತಿ.
ಇಹ ಈ ನಿಷ್ಕಾಮ ಕರ್ಮದಲ್ಲಿ ತೊಡಗಿದವನಿಗೆ ಅಭಿಕ್ರಮ ಅಂದ್ರೆ ಅಂದ್ರೆ ಆರಂಭ
ಅದರ ನಾಶಹ ನ ಅಸ್ತಿ
ಭಗವದ್ಗೀತೆಯನ್ನ ಚಂದ ಕೇಳಿದ
ಅದುವರೆಗೆ ದೇವರು ಧರ್ಮ ಕರ್ಮಗಳ ಬಗ್ಗೆ ಅಷ್ಟು ಶ್ರದ್ಧೆ ಇರಲಿಲ್ಲ
ಕೇಳಿದ ಮೇಲೆ ಅವನಿಗೆ ಶ್ರದ್ಧೆ ಮೂಡಿತು
ನಾಳೆಯಿಂದ ನಾಗ ನಾನು
ಧಾರ್ಮಿಕ ಕಾರ್ಯಗಳನ್ನ ಮಾಡಬೇಕು ಅಂತ ನಿಶ್ಚಯ ಮಾಡಿದ.
ಶುರು ಮಾಡಿದ ಮರುದ್ವೇಷದಿಂದ.
ಆ ಸ್ಪೂರ್ತಿ ಇರುವವರೆಗೆ ಧಾರ್ಮಿಕ ಕಾರ್ಯಗಳು ಜಪವೋ ಪೂಜೆಯೋ ನಡೀತು.
ಆ ಸ್ಪೂರ್ತಿ ಕುಂಠಿತವಾಗ್ತಾ ಬಂತು ಮತ್ತೆ ಮೊದಲನೇ ತರನೆ ಅದನ್ನ ಬಿಟ್ಟಿದ್ದೆ ಅವನು.
ಹಾಗಾದರೆ ಆ ಸ್ಪೂರ್ತಿಯಿಂದ ಒಂದು ನಾಲ್ಕು ದಿವಸ ಸತ್ಕರ್ಮವನ್ನು ಮಾಡಿದ್ನಲ್ಲ ಮತ್ತೆ ಬಿಡ್ಲಿ.
ಅದು ವ್ಯರ್ಥನೋ ಇದು ಉಪಕ್ರಮ ಅಭಿಕ್ರಮ.
ಸತ್ಕರ್ಮದ ಆರಂಭ.
ಮಧ್ಯದಲ್ಲಿ ಬಿಟ್ಟ ಅವನು.
ಅಭಿಕ್ರಮ ನಾಶಹ ನಾಸ್ತಿ.
ನಿಷ್ಕಾಮ ಭಾವನೆಯಿಂದ ನನ್ನ ಕರ್ತವ್ಯ ಇದು.",1689,2417,,,104
kn_kannada_16_0003,kannada_16,kn,Dvaita,3,"ನಾಲ್ಕು ದಿವಸ ಈ ಸತ್ಕರ್ಮಗಳನ್ನ ಮಾಡಿದ್ರು ಆಮೇಲೆ ಬಿಟ್ರು ನಾಲ್ಕು ದಿವಸ ಮಾಡಿದ್ದು ವ್ಯರ್ಥ ಆಗಲ್ಲ ಅದಕ್ಕೊಂದು ಫಲ ಇದೆ ಅಂದ ಶ್ರೀಕೃಷ್ಣ. 
ಇದು ನಿಷ್ಕಾಮ ಕರ್ಮದ ಮಹತ್ವ. 
ಅದೇ ನೋಡಿ ಸಕಾಮ ಕರ್ಮದಲ್ಲಿ ನಾನು ನನ್ನ ಬಡತನದ ನಿವಾರಣೆಗಾಗಿ ಯಾವುದೋ ಒಂದು ಸ್ವಾರ್ಥ. ನನ್ನ ಮಗಳ ಮದುವೆಗಾಗಿ ಇಷ್ಟು ದೊಡ್ಡ ಒಂದು ತಿಂಗಳು ಇಂತಹ ಕೆಲಸವನ್ನ ಮಾಡುತ್ತೇನೆ ಅಂತ ಸಂಕಲ್ಪ ಮಾಡಿದೆ. ಸ್ವಾರ್ಥಕ್ಕಾಗಿ ಈ ಸಂಕಲ್ಪವನ್ನ ಮಾಡಿ ನಾಲ್ಕು ದಿವಸ ಮಾಡಿ ಆಮೇಲೆ ಬಿಟ್ಟರೆ ನಿಮ್ಮ ಇಷ್ಟಾರ್ಥ ನೆರೆ ಬರೋದಿಲ್ಲ. ನೆರವೇರುವುದಿಲ್ಲ ಅಷ್ಟೇ ಅಲ್ಲ, ಆ ಸಂಕಲ್ಪ ಮಾಡಿ ಮಧ್ಯೆ ಬಿಟ್ಟರಲ್ಲ ದೇವರಿಗೆ ಮೋಸ ಮಾಡಿದ್ದೀರಿ ನೀವು. 
ಅದರಿಂದ ಪಾಪ ಬರುತ್ತದೆ. 
ಹೀಗೆ ಸಕಾಮ ಕರ್ಮದಲ್ಲಿ ತೊಡಗಿ ಅಭಿಕ್ರಮ ತೊಡಗಿ ಮಧ್ಯದಲ್ಲಿ ಬಿಟ್ಟರೆ ಪಾಪ ಬರುತ್ತದೆ. 
ನಿಷ್ಕಾಮ ಕರ್ಮದಲ್ಲಿ ಆರಂಭದ ನಾಲ್ಕು ಹೆಜ್ಜೆಗಳನ್ನಿಟ್ಟು ಆಮೇಲೆ ಬಿಟ್ರು ಅದರಿಂದ ಪಾಪ ಬರೋದಿಲ್ಲ.
ಅಷ್ಟೇ ಅಲ್ಲ ಅದರಿಂದ ಅವನಿಗೆ ಯೋಗ್ಯತೆಗೆ ಸಿಗುವಷ್ಟು ಫಲ ಸಿಕ್ಕೇ ಸಿಗುತ್ತದೆ.",2418,3142,,,102
kn_kannada_16_0004,kannada_16,kn,Dvaita,4,"ಇದು ನಿಷ್ಕಾಮ ಕರ್ಮದ ಯೋಗದ ಮಹತ್ವ.
ನ ಇಹ ಅಭಿಕ್ರಮ ನಾಶಃ
ನಿಷ್ಕಾಮ ಕರ್ಮದಲ್ಲಿ ಆರಂಭದ ನಾಶ ಇಲ್ಲ.
ಒಂದಿಷ್ಟು ದಿವಸ ಮಾಡಿದ್ರೆ ಆಮೇಲೆ ಬಿಟ್ಟ ಅದರಿಂದ ವ್ಯರ್ಥ ಆಗೋದಿಲ್ಲ ಅದು. 
ಸ್ನೇಹ ಅಭಿಕ್ರಮ ನಾಶೋಸ್ತಿ. 
ಅಷ್ಟೇ ಅಲ್ಲ ಎರಡನೇ ಅಂಶ ಪ್ರತ್ಯವಾಯೋ ನವಿದ್ಯತೆ. 
ಸಕಾಮ ಕರ್ಮದಲ್ಲಿ ಸಂಕಲ್ಪ ಮಾಡಿದ್ದನ್ನ ಅರ್ಥದಲ್ಲಿ ನಿಲ್ಲಿಸಿದರೆ ಅದರಿಂದ ಅನರ್ಥ ಆಗುತ್ತೆ. 
ಆದರೆ ನಿಷ್ಕಾಮ ಕರ್ಮ ದಲ್ಲಿ ಅರ್ಧದಲ್ಲಿ ನಿಲ್ಲಿಸಿದ್ರು ಅದರಿಂದ ಪಾಪ ಇಲ್ಲ. ಪ್ರತ್ಯವಾಯಹ ನವಿದ್ಯತೆ ಪ್ರತ್ಯವಾಯ ಅಂದ್ರೆ ಪಾಪ ಪಾಪ ಇಲ್ಲ. ಇದು ಸಕಾಮ ಕರ್ಮಕ್ಕೂ ನಿಷ್ಕಾಮ ಕರ್ಮಕ್ಕೂ ಇರುವ ಎರಡು ವ್ಯತ್ಯಾಸ. ಮಾಡಿ ಅರ್ಧಕ್ಕೆ ನಿಲ್ಲಿಸಿದರೆ ತೊಂದರೆ ಇಲ್ಲ. ಅಷ್ಟೇ ಅಲ್ಲ ನಿಲ್ಲಿಸಿದ್ದರಿಂದ ಪಾಪ ಇಲ್ಲ. ಸಕಾಮ ಕರ್ಮದಲ್ಲಿ ಮಾಡಿ ಅರ್ಧಕ್ಕೆ ನಿಲ್ಲಿಸಿದರೆ ಫಲ ಸಿಗುವುದಿಲ್ಲ. ಅಷ್ಟೇ ಅಲ್ಲ ಅರ್ಧಕ್ಕೆ ಸಂಕಲ್ಪ ಮಾಡಿದ್ದನ್ನ ನಿಲ್ಲಿಸಿದ್ದರಿಂದ ಪಾಪ ಬರುತ್ತದೆ. ಎರಡು ಅಂಶ ಆಯ್ತು. ಸ್ವಲ್ಪ ಮಪ್ಯಸ್ಯ ಧರ್ಮಸ್ಯ ತ್ರಾಯತೆ ಮಹತೋ ಭಯಾತ್. ಈ ನಿಷ್ಕಾಮ ಕರ್ಮವನ್ನು ಸ್ವಲ್ಪಮಪಿ ನಮಗೆ ಕೈಲಾದಷ್ಟು ಮಾಡಿದರು ಅದರ ಫಲ ಮಹತ್ತಾದದ್ದು.",3143,3937,,,109
kn_kannada_16_0005,kannada_16,kn,Dvaita,5,"ನೀವು ಯಾವುದೇ ಅಪೇಕ್ಷೆ ಇಲ್ಲದೆ ಇದು ನನ್ನ ಕರ್ತವ್ಯ ಅನ್ನೋ ದೃಷ್ಟಿಯಿಂದ ನಾನು ಮಾಡಿದ ಈ ಕರ್ತವ್ಯದಿಂದ ಈ ಕರ್ತವ್ಯ ವನ್ನ ನನಗೆ ಒದಗಿಸಿಕೊಟ್ಟ ಭಗವಂತ ನೋಡಿ ಸಂತುಷ್ಟನಾಗಲಿ ಅನ್ನೋ ಭಾವನೆಯಿಂದ ನಿಮಗೆ ಕೈಲಾದಷ್ಟು ಮಾಡಿದರು ಅದರ ಫಲ ಬಹು ದೊಡ್ಡದು. ಆದರೆ ಸಕಾಮ ಕರ್ಮವನ್ನ ನೀವು ಮಾಡಿದರೆ ಇಂತಹ ಫಲಕ್ಕೋಸ್ಕರ ಮಗಳ ಮದುವೆಗೋಸ್ಕರ ಈ ಪ್ರದಕ್ಷಿಣೆ. ಎಂತ ಉದ್ದೇಶ ಇಟ್ಟುಕೊಂಡು ಒಂದು ಸತ್ಕರ್ಮವನ್ನ ಮಾಡಿದರೆ
ನಿಮಗೆ ಎಷ್ಟು ಫಲ ಸಿಗಬೇಕೋ ನೂರಕ್ಕೆ ನೂರು ಪಾಲು ಫಲವೂ ಸಿಗಬೇಕು ಅಂತಿಲ್ಲ.
ಅಥವಾ ನೀವೆಷ್ಟು ಗುರಿ ಹಾಕೊಂಡಿದ್ದೀರಾ ಅಷ್ಟೇ ನೀನು ಕೇಳಿದ್ದು ಮಗಳ ಮದುವೆ ತಾನೇ ಅಷ್ಟೇ ಅಂತಾನೆ ದೇವರು.
ಅದೇ ಆ ಸ್ವಾರ್ಥದ ಉದ್ದೇಶ ಬಿಟ್ಟು ಅದೇ ಕರ್ಮವನ್ನ ಮಾಡಿದ್ರೆ
ಭಗವಂತ ಪ್ರೀತನಾಗಿ
ಅನಂತ ಫಲವನ್ನು ಕೊಡುತ್ತಿದ್ದ.
ನೀವು ಅವನು ಕೊಡುವ ಫಲಕ್ಕೆ
ಮಾರ್ಜಿನ್ ಹಾಕಿದಿರಿ.
ತಡೆ ಹಾಕಿದಿರಿ ನಮ್ ಮಗಳ ಮದುವೆ ಆದ್ರೆ ಸಾಕು ಅಂತ.
ಅಲ್ಲಿಗೆ
ಸಕಾಮ ಕರ್ಮದಿಂದ ಸಿಗುವ ಫಲಕ್ಕೆ ಒಂದು ಮಿತಿ ಇದೆ.",3938,4643,,,105
kn_kannada_16_0006,kannada_16,kn,Dvaita,6,"ನಿಷ್ಕಾಮ ಕರ್ಮದಲ್ಲಿ ಸ್ವಲ್ಪಮಪಿ ಅಸ್ಯ ಧರ್ಮಸ್ಯ ತ್ರಾಯತೆ ಮಹತೋ ಭಯಾತ್
ದೊಡ್ಡ ಭಯದಿಂದ ಆ ಕರ್ಮವು ನಿಮ್ಮನ್ನ ರಕ್ಷಣೆ ಮಾಡುತ್ತದೆ.
ನಿಷ್ಕಾಮವಾಗಿ ಭಗವಂತನ ಆದೇಶವನ್ನು ಪಾಲಿಸುವ ಸ್ವಕರ್ಮವನ್ನು ನೀವು ಮಾಡಿದಿರಿ ಅಂದ್ರೆ ನಿಮಗೆ ಸಂಸಾರದಲ್ಲಿ ಬರುವ ಬರಬಹುದಾದ ದೊಡ್ಡ ಕಷ್ಟ ಭಯದಿಂದ ಭಗವಂತ ನಿಮ್ಮನ್ನು ಪಾರು ಮಾಡಬಲ್ಲ.
ಅದೇ ಫಲದ ಗುರಿಯನ್ನು ಇಟ್ಟುಕೊಂಡರೆ ಆ ಫಲವನ್ನು ಮಾತ್ರ ಕೊಟ್ಟು ಸುಮ್ಮನಾಗ್ತಾನೆ.
ಹೀಗೆ ಮೂರು ಲಾಭಗಳು ನಿಷ್ಕಾಮ ಕರ್ಮದಲ್ಲಿದೆ.
ಮೊದಲನೆಯದು ಆರಂಭ ಮಾಡಿ ಮಧ್ಯದಲ್ಲಿ ಬಿಟ್ಟರೆ ಅದು ವ್ಯರ್ಥ ಆಗೋದಿಲ್ಲ ಅದರಿಂದ ಪಾಪ ಬರೋದಿಲ್ಲ.
ಎರಡು.
ಮೂರನೆಯದಾಗಿ ಈ ಕರ್ಮವನ್ನು ನಿಷ್ಕಾಮ ಕರ್ಮವನ್ನು ನಿಮಗೆ ಕೈಲಾದಷ್ಟು ಮಾಡಿದರು ಸಾಕು. 
ಆದ್ದರಿಂದ ದೊಡ್ಡ ಲಾಭ ಇದೆ ತ್ರಾಯತೆ ರಕ್ಷಣೆ ಮಾಡುತ್ತದೆ ಮಹತೋ ಭಯ. 
ದೊಡ್ಡ ಆಪತ್ತಿನಿಂದ ನಿಮ್ಮನ್ನ ರಕ್ಷಣೆ ಮಾಡುತ್ತದೆ ಆ ನಿಷ್ಕಾಮ ಕರ್ಮ. 
ಇದು ನಿಷ್ಕಾಮ ಕರ್ಮದ ಯೋಗದ ವಿಶೇಷ ಅಂತ ಶ್ರೀಕೃಷ್ಣ ಯೋಗವನ್ನು ಪ್ರಶಂಸೆ ಮಾಡಿದರು. ಇಲ್ಲಿ ರಾಘವೇಂದ್ರ ಸ್ವಾಮಿಗಳು ಹೇಳ್ತಾರೆ ನಿಷ್ಕಾಮ ಕರ್ಮವನ್ನ ಮಾಡಿ ಅರ್ಥಕ್ಕೆ ನಿಲ್ಲಿಸಿದ್ರು ಅದು ವ್ಯರ್ಥ ಅಲ್ಲ ಅಂತ ಕೃಷ್ಣ ಗೀತೆಯಲ್ಲಿ ಹೇಳಿದ್ದಾನೆ.",4644,5479,,,112
kn_kannada_16_0007,kannada_16,kn,Dvaita,7,"ವೇದವ್ಯಾಸರು ಬೇರೆ ಪುರಾಣಗಳಲ್ಲಿ ಇನ್ನೊಂದು ಅಂಶವನ್ನು ಸ್ಪಷ್ಟಪಡಿಸಿದ್ದಾರೆ. ಆರಂಭ ಮಾತ್ರಂ ಇಚ್ಛಾವ ವಿಷ್ಣು ಧರ್ಮೇ ನನಿಷ್ಫಲಾತ್
ನಿಮಗೆ ಯಾವುದೋ ಒಂದು ಸಂದರ್ಭದಲ್ಲಿ ಪ್ರವಚನವನ್ನು ಕೇಳ್ತಾನೋ ಅಥವಾ ಇನ್ಯಾವುದೋ ಒಂದು ಸಂದರ್ಭದಿಂದ ನಾನು ಇಂತಹ ಸತ್ಕರ್ಮವನ್ನು ಮಾಡಬೇಕು ಅಂತ ಒಂದು ಇಚ್ಛೆ ಬಂತು.
ನೀವು ಮರುದಿವಸ ಮಾಡಿದ್ದೀರೋ ಇಲ್ವೋ ಆ ಸಂದರ್ಭದಲ್ಲಿ ಆ ಸದಿಚ್ಛೆ ಬಂತಲ್ಲ ಅದಕ್ಕೂ ಒಂದು ಫಲ ಇದೆ. ನೀವು ಮಾಡೋದು ಬೇಡ. 
ಮಾಡಿ ಅರ್ಧದಲ್ಲಿ ನಿಲ್ಲಿಸಿದ್ರು ಅದಕ್ಕೆ ಫಲ ಇದೆ. 
ಇದನ್ನ ಮಾಡಬೇಕು ಅಂತ ನಿಮಗೆ ಆ ಸಂದರ್ಭದಲ್ಲಿ ಇಚ್ಛೆ ಬಂದ್ರು ಅದಕ್ಕೊಂದು ಫಲ ಇದೆ. 
ಉಳಿದವರಿಗೆ ಬರದೇ ಇರುವ ಒಂದು ಭಾವ ನಿಮ್ಮಲ್ಲಿ ಮೂಡುತ್ತಲ್ಲ ಆರಂಭ ಮಾತ್ರಂ ಇಚ್ಛಾವ ಅದರ ಬಗ್ಗೆ ಒಂದು ಇಚ್ಛೆ ಮೂಡಿದ್ರು ಸಾಕು ವಿಷ್ಣು ಧರ್ಮೇ ನ ನಿಷ್ಫಲ. ಭಗವಂತನಿಗೆ ಪ್ರೀತಿಕರವಾದ ಕರ್ಮದ ಬಗ್ಗೆ ನಿಮಗೆ ಮಾಡಬೇಕು ಅಂತ ಇಚ್ಛೆ ಬಂದರೂ ಸಾಕು ಅದು ನಿಷ್ಫಲ ಆಗುವುದಿಲ್ಲ. ಅದಕ್ಕೊಂದು ಫಲ ಇದೆ. ಇದು ನಿಷ್ಕಾಮ ಕರ್ಮ ಸಕಾಮ ಕರ್ಮಗಳ ಅಂತರ.",5480,6206,,,105
kn_kannada_16_0008,kannada_16,kn,Dvaita,8,"ಆದ್ದರಿಂದ ಯೋಗ ಮಾರ್ಗದಲ್ಲಿ ನೀನು ನಿರತನಾಗು. ಯುದ್ಧವನ್ನ ಬರೇ ಒಂದು ಲೌಕಿಕ ಆದ ಫಲಕ್ಕಾಗಿ ಮಾಡುತ್ತೇನೆ ಅಂತ ಅರ್ಜುನ ಯೋಚನೆ ಮಾಡಬೇಡ ಅದು ಒಂದು ಜ್ಞಾನ ಪ್ರಾಪ್ತಿಗೆ ಭಗವಂತನ ಪ್ರೀತಿಕರವಾದ ಒಂದು ಸಾಧನ ಮಾರ್ಗ ಅಂತ ತಿಳ್ಕೊಂಡು ಅದರಲ್ಲಿ ತೊಡಗು. ಇಲ್ಲಿಗೆ ಗೀತೆ ಬರೇ ಅರ್ಜುನನಿಗೆ ಮಾತ್ರ ಸೀಮಿತವಾಗದೆ ಎಲ್ಲ ಸಾಧಕ ವರ್ಗಕ್ಕೂ ವಿಸ್ತೃತವಾದ ಒಂದು ಸಂದೇಶವನ್ನ ನೀಡುತ್ತಾ ಇದೆ. ಅತ್ತಮೆ ಶ್ಲೋಕ
ನೇ ಹಾಭಿಕ್ರಮ ನಾಶೋಸ್ತಿ
ಪ್ರತ್ಯವಾಯೋದ ವಿದ್ಯತೆ
ಸ್ವಲ್ಪಮಪ್ಯಸ್ಯ ಧರ್ಮಸ್ಯ
ತ್ರಾಯತೆ ಮಹತೋ ಭಯಾತ್
ಇದರ ಮೇಲೆ
ನಮ್ಮೆಲ್ಲರಿಗೆ ಒಂದು ಪ್ರಶ್ನೆ ಬರುತ್ತದೆ ನೀನು ಸಾಧನ ಮಾರ್ಗದಲ್ಲಿ ತೊಡಗು ಅಂತಿ ಕೃಷ್ಣ. ನಮ್ಮಲ್ಲಿ ಅನೇಕ ದರ್ಶನಗಳಿವೆ. ಒಂದು ದರ್ಶನ ಹೇಳುತ್ತದೆ ನೀನು ಕರ್ಮಾಚರಣೆಯನ್ನ ಮಾಡು ಅಂತ. ಇನ್ನೊಂದು ದರ್ಶನ ಹೇಳುತ್ತದೆ ಕರ್ಮಾಚರಣೆಯಿಂದ ನೀನು ಭಗವಂತನ ಬಳಿಗೆ ಸೇರುವುದಕ್ಕೆ ಸಾಧ್ಯವಿಲ್ಲ. ನೀನು ಸನ್ಯಾಸ ಆಗಿ ಕರ್ಮವನ್ನ ಬಿಟ್ಟು ಕ್ಷಮದಮ ಉಪನಿಷತ್ತಿನ ಅಧ್ಯಯನ ಆಧ್ಯಾತ್ಮ ಮಾರ್ಗದಲ್ಲಿ ತೊಡಗಿದರೆ ಮಾತ್ರ ದೇವರು ಸಿಗ್ತಾನೆ.",6207,6954,,,100
kn_kannada_16_0009,kannada_16,kn,Dvaita,9,"ಅಲ್ಲಿಗೆ ಕೆಲವರು ಕರ್ಮವೇ ಜೀವನದ ಗುರಿ ಮುಟ್ಟುವುದಕ್ಕೆ ಮೋಕ್ಷಕ್ಕೆ ಸಾಧನ ಅಂತಾರೆ. 
ಕೆರವಲಂತಾರೆ ಜ್ಞಾನ ಅಂತ. ಇನ್ನು ಕೆಲವರು ಅಂತಾರೆ ಯೋಗ ಮಾರ್ಗ ಅಂತ, ಮತ್ತೆ ಕೆಲವರು ಅಂತಾರೆ ಪ್ರಾಣಾಯಾಮ ಅಂತ. ಯಾವುದನ್ನು ಸಾಧನೆ ಮಾರ್ಗ ಅಂತ ನಾನು ನೋಡಬೇಕು ಹೇಳು. ಅಂದ್ರೆ ತುಂಬಾ ಗೊಂದಲ ಇದೆ. ಅಲ್ಲ ಯೋಗಾನುಷ್ಠಾನ ಮಾಡು, ಕರ್ಮಾನುಷ್ಠಾನ ಮಾಡು ಅಂದ್ರೆ ಬೇಡ ಅಂತ ಹೇಳುವ ಒಂದು ವಾದ ಇದೆಯಲ್ಲ. ಏನು ಮಾಡಬೇಕು? ಅದಕ್ಕೆ ಶ್ರೀಕೃಷ್ಣನ ಉತ್ತರ. ವ್ಯವಸಾಯಾತ್ ಆತ್ಮಿಕಾ ಬುದ್ಧಿಹಿ ಏಕೇಹ ಕುರುನಂದನ ಬಹುಶಾಕಾಹ್ಯನಂತಾಶ್ಚ ಬುದ್ಧಯೋ ವ್ಯವಸಾಯಿನಾಂ ಪದ ವಿಭಾಗ ವ್ಯವಸಾಯಾತ್ಮಿಕಾ ಒಂದೇ ಪದ ಅದು ಬುದ್ಧಿಹಿ ಏಕಾ ಇಹ ಕುರುನಂದನ ಬಹುಶಾಖಾಹ ಶಿ ಅನಂತಾಹ ಚ ಬುದ್ಧಯಹ ಅವ್ಯವಸಾಯಿನಾಂ ಕನ್ನಡದಲ್ಲಿ ವ್ಯವಸಾಯ ಶಬ್ದಕ್ಕೆ ಅರ್ಥ ಬೇರೆ ವ್ಯವಸಾಯ ಮಾಡು ಅಂದ್ರೆ ಒಂದು ವ್ಯವಸಾಯ ಮಾಡು ಅಂತ ಅರ್ಥ. 
ಇಲ್ಲ ವ್ಯವಸಾಯ ಮಾಡು ಅಂದ್ರೆ ಪ್ರಯತ್ನ ಮಾಡು ಅಂತ ಅರ್ಥ ಇದೆ. 
ಆದರೆ ಇಲ್ಲಿ ವ್ಯವಸಾಯ ಶಬ್ದಕ್ಕೆ ನಿಶ್ಚಯ ಅಧ್ಯವಸಾಯ ನಿರ್ಧಾರ ಅಂತ ಅರ್ಥ.",6956,7690,,,106
kn_kannada_16_0010,kannada_16,kn,Dvaita,10,"ಅರ್ಜುನ ಕುರುನಂದನ ಇಹ ಈ ಸಾಧನ ಮಾರ್ಗದಲ್ಲಿ ವ್ಯವಸಾಯಾತ್ಮಿಕಾ ಬುದ್ಧಿಹಿ ಏಕಾ ಬುದ್ಧಿಯನ್ನು ಶಬ್ದಕ್ಕೆ ನಾವು ಹಿಂದಿನ ಅರ್ಥ ನೋಡಿದ್ದೇವೆ ಮಾತು.
ನಿರ್ಧಾರಾತ್ಮಕ ತತ್ವಜ್ಞಾನಕ್ಕೆ ಕಾರಣವಾದ ಮಾತು ಒಂದೇ ಅದರಲ್ಲಿ ಮತ್ತೊಂದು ಇಲ್ಲ.
ಸದ್ಗತಿಗೆ ಮೋಕ್ಷಕ್ಕೆ ಭಗವದ್ದರ್ಶನಕ್ಕೆ ಇದು ಕಾರಣ ಅಂತ ನಿರ್ಧಾರಾತ್ಮಕವಾದ ಮಾತು. ಮಾತು ಅದು ಒಂದೇ.
ಕರ್ಮ ಕಾರಣ ಅಂದ್ರೆ ಕರ್ಮ ಕಾರಣ, ಧ್ಯಾನ ಅಂದ್ರೆ ಧ್ಯಾನ.
ಮತ್ತೆ ಧ್ಯಾನ ಅಂತ ಕೆಲವರು ಅಂತಾರೆ, ಕರ್ಮ ಅಂತ ಮತ್ತೊಬ್ಬರು ಅಂತಾರೆ ಅಂದ್ರೆ ಅವ್ಯವಸಾಯಿನಾಂ.
ನಿರ್ಧಾರ ಇಲ್ಲದವರ ವೇದ ಶಾಸ್ತ್ರಗಳ ಸರಿಯಾದ ಅರ್ಥವನ್ನ ತಿಳಿಕೊಳ್ಳದೆ ಒಂದು ನಿರ್ಧಾರಕ್ಕೆ ಬಾರದವರ ಅವ್ಯವಸಾಯಿ. ಅವ್ಯವಸಾಯಿನಾಂ ಅವರ ಅವ್ಯವಸಾಯಿಗಳು.
ಇದೇ ಅಂತ ಒಂದು ನಿರ್ಧಾರ ಇಲ್ಲದವರು.
ಉಪನಿಷತ್ತುಗಳನ್ನು ವೇದಗಳನ್ನು ಬಹಳಷ್ಟು ಅಧ್ಯಯನ ಮಾಡಿದ್ರು ಕೂಡ ಅದಾದ್ರೂ ಆಗಬಹುದು ಇದಾದ್ರೂ ಆಗಬಹುದು.
ಅನ್ನೋ ವಿಕಲ್ಪಕ್ಕೆ ಗುರಿಯಾದವರು ಅವರು ಅವ್ಯವಸಾಯಿಗಳು.
ಅವ್ಯವಸಾಯಿನಾಂ ಬುದ್ಧಯಃ ಮಾತುಗಳು ಅವರ ಮಾತು. ಮಾತುಗಳು ಬಹುಶಾಖಾಹ ಅದಕ್ಕೆ ತುಂಬಾ ಬ್ರಾಂಚಸ್ ಇದೆ.
ಕರ್ಮ ಮಾರ್ಗವು ಶ್ರೇಯಸ್ಸು ಜ್ಞಾನ ಮಾರ್ಗವು ಶ್ರೇಯಸ್ಸಿಗೆ ಕಾರಣ.",7692,8517,,,106
kn_kannada_16_0011,kannada_16,kn,Dvaita,11,"ಧ್ಯಾನವು ಸರಿನೇ ಯೋಗವು ಸರಿನೇ.
ನಮ್ಮ ಇವತ್ತಿನ ಸುಧಾರಣಾವಾದ ಇದೆ ನೋಡ್ರಿ.
ಆ ಮತವು ಸರಿ ಈ ಮತವು ವಿರುದ್ಧವಾದ ಎರಡು ಸಿದ್ಧಾಂತಗಳನ್ನು ಹೇಳು ಅದು ಸರಿ ಇದು ಸರಿ ಅಂತೀವಿ. ಇದು ನಿರ್ಧಾರಾತ್ಮಕವಾದ ಜ್ಞಾನ ಇಲ್ಲದೆ ಇರುವವರು ಹೇಳುವ ಮಾತುಗಳು ಬುದ್ಧಯಹ ಮಾತುಗಳು. ಅವ್ಯವಸಾಯಿನಾಂ ನಿರ್ಧಾರ ಇಲ್ಲದೆ ಇರುವವರ ಬುದ್ಧಯಹ ಮಾತುಗಳು ಬಹುಶಾಖಾಹ ಅನೇಕ ವಿಧವ ಆದದ್ದು ಕರ್ಮವು ಸರಿ, ಜ್ಞಾನವು ಸರಿ, ಧ್ಯಾನವು ಸರಿ, ಯೋಗವು ಸರಿ, ಸಾಂಖ್ಯವು ಸರಿ.
ಅಂತ ಇದು ನಿರ್ಧಾರಾತ್ಮಕ ಜ್ಞಾನ ಇಲ್ಲದೆ ಅರ್ಧಂಬರ್ಧ ತಿಳುವಳಿಕೆಯಿಂದ ಹೇಳುವ ಮಾತುಗಳು.
ಆದ್ದರಿಂದ ಸಾಧನೆ ಮಾರ್ಗ ಒಂದೇ ಅದು.
ನಾನ್ಯ ಪಂಥಾ ಅಯನಾಯ ವಿದ್ಯತೆ.
ಅಯನ ಅಂದ್ರೆ ಮೋಕ್ಷ.
ಮೋಕ್ಷ ಕ್ಷಕ್ಕೆ ಎರಡು ಮಾರ್ಗಗಳಿಲ್ಲ ಉಪನಿಷತ್ತೆ ಹೇಳಿದೆ. 
ಆದ್ದರಿಂದ ಬೇಕಾದಷ್ಟು ಸಿದ್ಧಾಂತಗಳಿರಬಹುದು. 
ಅದೆಲ್ಲಾ ನಿರ್ಧಾರ ಇಲ್ಲದವರು ಉಪನಿಷತ್ತುಗಳಿಂದ ಒಳ ಹೃದಯವನ್ನ ಅರಿಯದೆ ಆಡಿದವರ ಮಾತುಗಳು ಅದರ ಬಗ್ಗೆ ತಲೆ ಕೆಡಿಸಿಕೊಳ್ಳಬೇಡ. 
ಆದರೆ ಉಪನಿಷತ್ತಿನ ಪೂರ್ವಾಪರ ಉಪಕ್ರಮ ಉಪಸಂಹಾರಗಳನ್ನ ಸರಿಯಾಗಿ ತಿಳಿಸಿ ಹಿಡಿದು ನೀನು ನೋಡಿದರೆ ಅದು ಒಂದೇ ಮಾತು ನಿರ್ಧಾರ ಅಲ್ಲಿ ಮತಭೇದ ಇಲ್ಲ.",8518,9332,,,112
kn_kannada_16_0012,kannada_16,kn,Dvaita,12,"ಆದ್ದರಿಂದ ಅನೇಕ ಗೊಂದಲಗಳಿದೆ ನಾನು ಯಾವ ಮಾರ್ಗ ಹಿಡಿಲಿ ಅಂತ ಅನ್ನಬೇಡ ಒಂದೇ ಮಾರ್ಗ ನಿರ್ಧಾರಿತವಾದ್ದು ಒಂದಿದೆ ಅಂದ. 
ಅಲ್ಲಿಗೆ ಯೋಗ ಮಾರ್ಗದಲ್ಲಿ ತೊಡಗು ಅಂದರೆ ಯಾವುದು ಯೋಗ ಅಂದರೆ ಯಾರು ಭಗವತ್ ದರ್ಶನವನ್ನ ಪಡೆದು ಇದೇ ಅಂತ ನಿರ್ಧಾರಾತ್ಮಕವಾಗಿ ಉಪನಿಷತ್ತಿನ ಉಪಕ್ರಮಾದಿಗಳನ್ನ ಸೇರಿಸಿ ಜೋಡಿಸಿ ಯುಕ್ತಿಯುಕ್ತವಾಗಿ ಅನುಭವಕ್ಕೆ ಅನುಗುಣವಾಗಿ ಹೇಳ್ತಾರೋ ಆ ಮಾರ್ಗವನ್ನ ಹಿಡಿ. ಮತ್ತೊಮ್ಮೆ ಶ್ಲೋಕ ವ್ಯವಸಾಯಾತ್ಮಿಕಾ ಬುದ್ಧಿಹಿ ಏಕೇಹ ಏಕಾ ಒಂದೇ ಅಂತ ಅರ್ಥ ಇಹ ಕುರುನಂದನ ಬಹುಶಾಖಾಹ ಅನಂತಾಶ್ಚ ಬುದ್ಧಯೋ ಅವ್ಯವಸಾಯಿನಾಂ ಉತ್ತರಾರ್ಥ ತುಂಬಾ ಅನ್ವರ್ಥವಾದ ಮಾತು. ನಿರ್ಧಾರ ಇಲ್ಲದವರಿಗೆ ಹಲವು ಮಾರ್ಗಗಳು ಅದರ ಒಟ್ಟರ್ಥ ಒಬ್ಬ ತನ್ನ ಹೊಲಗದ್ದೆಗಳಿಗೆ ನೀರು ಬೇಕು ಅಂತ ಭಾವಿ ತೋಡಿದ.
ಒಂದು 10 ಅಡಿ ತೋಡಿದ ನೀರು ಸಿಕ್ಲಿಲ್ಲ.
ಇನ್ನೊಂದು ಕಡೆ 10 ಅಡಿ ತೋಡಿದ.
15 ಅಡಿ ತೋಡಿದ ಅಲ್ಲೂ ಸಿಗಲಿಲ್ಲ.
ಅದನ್ನ ಬಿಟ್ಟ ಮತ್ತೊಂದು ಕಡೆ 20 ಅಡಿ ತೋಡಿದ.
ಅಲ್ಲೂ ನೀರು ಸಿಗಲಿಲ್ಲ.
ನೋಡಿ ಬಹುಶಾಖಾಹ.",9334,10047,,,101
kn_kannada_16_0013,kannada_16,kn,Dvaita,13,"ನಿರ್ಧಾರ ಇಲ್ಲದೆ ಇದ್ದವರಿಗೆ ಮಾರ್ಗಗಳು ಹಲವು. ಒಂದು ಕಡೆ 10, ಮತ್ತೊಂದು ಕಡೆ 15, ಇನ್ನೊಂದು ಕಡೆ 20. ಇವೆಲ್ಲವನ್ನು ಒಟ್ಟು ಸೇರಿಸಿ ಒಂದೇ ಕಡೆ ಆತ ಗುಂಡಿ ತೋಡಿದರೆ, ಬಾವಿ ತೋಡಿದರೆ ನೀರು ಸಿಗುತ್ತಿತ್ತಾ? ಹೀಗೆ ಯಾರಿಗೆ ನಿರ್ಧಾರಾತ್ಮಕವಾದ ಜ್ಞಾನ ಇಲ್ಲವೋ, ಅವರಿಗೆ ಹಲವು ಮಾರ್ಗಗಳು ತೆರೆದುಕೊಳ್ಳುತ್ತವೆ.
ನಾವು ಒಂದು ನಿರ್ಧಾರವನ್ನು ತಗೊಂಡು ಒಂದು ಮಾರ್ಗದಲ್ಲಿ ಇಡುತ್ತೇವೆ ಪಕ್ಕದವನು ಇನ್ನೊಂದು ದಾರಿಯಲ್ಲಿ ಹೋಗ್ತಾ ಇದೆ  ಅದು ಚೆನ್ನಾಗಿದೆ ಅಲ್ಲ.
ಹೀಗೆ ನೀವು ಶಾಖಾ ಚಂಕ್ರಮಣ ಮಾಡಿದರೆ
ಒಂದರಿಂದ ಮತ್ತೊಂದಕ್ಕೆ ಹಾರ್ತಾ ಹೋದರೆ
ಅವ್ಯವಸಾಯಿನಾಂ ಬಹುಶಾಖಾಃ
ನಿರ್ಧಾರ ಇದೆ. ಇಲ್ಲದೆ ಇದ್ದವರಿಗೆ ಅನೇಕ ಆಪ್ಷನ್ಸ್ ಇರುತ್ತದೆ.
ಅನಂತಾಶ್ಚ ಅದು ಬೇಕಾದಷ್ಟು ಇರುತ್ತದೆ.
ಆದ್ದರಿಂದ ನೀವು ನಿಮ್ಮ ಜೀವನದ ಮಾರ್ಗ ನಿಮ್ಮ ಸಾಮರ್ಥ್ಯಕ್ಕೆ ಸರಿಯಾಗಿ ಕಂಡುಕೊಳ್ಳಿ ಮತ್ತೊಬ್ಬರು ಇನ್ನೊಬ್ಬರು ಮಗದೊಬ್ಬರು ಅಂತ ನೋಡ್ತಾ ಇದ್ದರೆ ಹಲವು ಮಾರ್ಗಗಳು ನಿಮಗೆ ಎದುರಾಗುತ್ತೆ ಗೊಂದಲದಲ್ಲೇ ಮುಳುಗುತ್ತೀರಿ ಹೊರತು ನಿಮ್ಮ ನಿರ್ಧಾರ ನೀವು ತಗೊಳ್ಳಿ.
ಇದು ಲೌಕಿಕವಾಗಿ ನಮ್ಮ ಈ ಈಗ ಜೀವನಕ್ಕೆ ಒಂದು ಬೆಳಕು ಕೊಡುವ ಭಗವದ್ಗೀತೆ ಇನ್ನೊಂದು ಮುಖದ ಅರ್ಥ.",10048,10880,,,111
kn_kannada_16_0014,kannada_16,kn,Dvaita,14,ಮತ್ತೊಮ್ಮೆ ಶ್ಲೋಕ ವ್ಯವಸಾಯಾತ್ಮಿಕಾ ಬುದ್ಧಿಹಿ ಏಕೇಹ ಕುರುನಂದನ ಬಹುಶಾಖಾಹ್ಯನಂತಾಶ್ಚ ಬುದ್ಧಯೋ ವ್ಯವಸಾಯಿನಾಂ ಶ್ರೀಕೃಷ್ಣಾರ್ಪಣಮಸ್ತು. ಮುಂದಿನ ಭಾಗವನ್ನ ಮುಂದೆ ನೋಡೋಣ. ಈ ಪ್ರವಚನ ಸೇವೆಯನ್ನು ಶ್ರೀಯುತರಾದ ಮರವೇಕೆರೆ ಮುರಳೀಧರ ರಾಯರು ನಡೆಸಿಕೊಟ್ಟಿದ್ದಾರೆ. ಶ್ರೀಕೃಷ್ಣನ ಪನವಾನುಗ್ರಹದಿಂದ ಅವರ ಅಭಿಷ್ಟಗಳು ಈಡೇರಲಿ ಅಂತ ಪ್ರಾರ್ಥನೆ ಮಾಡುತ್ತಾ ಶ್ರೀಕೃಷ್ಣಾರ್ಪಣಮಸ್ತು.,10881,11184,,,31
kn_kannada_17_0000,kannada_17,kn,Dvaita,0,"ಶ್ರೀ ಗುರುಭ್ಯೋ ನಮಃ ಹರಿಃ ಓಂ ಶ್ರೀಕೃಷ್ಣ
ಏಶಾತೆ ಅಭಿಹಿತಾ ಸಾಂಕ್ಶಿ
ಆತ್ಮನ ಕುರಿತಾಗಿ ಬುದ್ಧಿಹಿ ಕೆಲವು ಮಾತುಗಳನ್ನು ನಿನಗೆ ಹೇಳಿದ್ದೇನೆ
ಯೋಗೇತು ಇಮಾಂ ಶೃಣು
ಜಾ ಜ್ಞಾನ ಸಾಧನೆಯ ಬಗ್ಗೆ
ಭಗವಂತನ ಅಪರೋಕ್ಷ ಜ್ಞಾನ ನಮಗೆ ಆಗಬೇಕಾದರೆ ಏನು ಮಾಡಬೇಕು?
ಜ್ಞಾನ ಸಾಧನೆಯ ಬಗ್ಗೆ ಈಗೋ ಮುಂದೆ ಹೇಳುತ್ತೇನೆ ಕೆಲವು ಮಾತುಗಳನ್ನು ಅಂತ
ಹೊಸದೊಂದು ವಿಷಯವನ್ನು ಹೇಳುತ್ತೇನೆ ಅಂತ ಪ್ರತಿಜ್ಞೆ ಮಾಡಿದ್ದಾನೆ. ಆ ಯೋಗದ ಬಗ್ಗೆ ಪ್ರಶಂಸೆಯನ್ನ ಮಾಡಿ ಕೊನೆಗೆ ಆ ಮಾತನ್ನ ಶುರು ಮಾಡ್ತಾನೆ. ಯೋಗವನ್ನು ಪ್ರಶಂಸೆ ಮಾಡ್ತಾ ಬರುವ ಮತ್ತೆ ಎರಡು ಮೂರು ಶ್ಲೋಕಗಳು ಭಗವದ್ಗೀತೆಯ ದ್ವಿತೀಯಾಧ್ಯಾಯದಲ್ಲಿ 42 ಮತ್ತು 43 ಇವೆ. ಇವೆರಡು ಸೇರಿ ಒಂದು ಅರ್ಥವನ್ನು ಹೇಳುತ್ತವೆ. 44ನೇ ಶ್ಲೋಕ ಇದಕ್ಕೆ ಪೂರಕವಾದ ವಿಷಯವನ್ನು ಹೇಳುತ್ತದೆ. 42ನೇ ಶ್ಲೋಕ ಯಾಮಿಮಾಂ ಪುಷ್ಪಿತಾಂ ವಾಚಂ ಪ್ರವದಂತ್ಯ ವಿಪಶ್ಚಿತಃ ವೇದವಾದರ ತಾ ಪಾರ್ಥ ನಾನ್ಯದಸ್ತೀತಿ ವಾದಿನಃ
ಕಾಮಾತ್ಮನಃ ಸ್ವರ್ಗಪರಾಃ
ಜನ್ಮ ಕರ್ಮ ಫಲಪ್ರದಾಂ
ಕ್ರಿಯಾ ವಿಶೇಷ ಬಹುಲಾಂ
ಭೋಗೈಶ್ವರಿಯ ಗತಿಂ ಪ್ರತಿ ಪದ ವಿಭಾಗ ಯಾಂ ಇಮಾಂ ಪುಷ್ಪಿತಾಂ ವಾಚಂ ಪ್ರವದಂತಿ ಅವಿಪಶ್ಚಿತಃ ವೇದ ವಾದರತಾಃ ಪಾರ್ಥ ನ ಅನ್ಯತು ಅಸ್ತಿ ಇತಿ ವಾದಿನಃ ಕಾಮಾತ್ಮಾನಃ ಸ್ವರ್ಗ ಪರಾಹ ಜನ್ಮ ಕರ್ಮ ಫಲಪ್ರದಾಂ ಒಂದೇ ಶಬ್ದ ಅದು ಕ್ರಿಯಾ ವಿಶೇಷ ಬಹುಲಾಂ ಭೋಗೈ ಈಶ್ವರಿಯ ಗತಿಂ ಪ್ರತಿ.",0,938,,,135
kn_kannada_17_0001,kannada_17,kn,Dvaita,1,"ಕೊನೆಯಿಂದ ಮೊದಲಿಗೆ ಬರಬೇಕು.
ಭೋಗೈಶ್ವರಿಯ ಗತಿಂ ಪ್ರತಿ ಯಾಂ ಇಮಾಂ ಪುಷ್ಪಿತಾಂ ವಾಚಂ ಪ್ರವದಂತಿ.
ಸ್ತೇ ಅಂಥವರು ಅವಿಪಶ್ಚಿತಃ ವೇದ ವಾದರತಾಹ
ನ ಅನ್ಯತು ಅಸ್ತಿ ಇತಿ ವಾದಿನಃ
ಸಾಧಾರಣ ವೇದದ ಆಪಾತತಃ ಮೇಲ್ಗಡೆ ಕಾಣುವ ಅರ್ಥವನ್ನು ನೋಡಿದರೆ ನಮ್ಮ ಲೌಕಿಕ ಅಭಿಷ್ಟದ ಸಿದ್ದಿಗಾಗಿ
ಅನೇಕ ಕರ್ಮಗಳನ್ನು ಯಜ್ಞ, ಯಾಗ ಇಂತಹ ಧಾರ್ಮಿಕ ಆಚರಣೆಗಳನ್ನು ವೇದದ ಸಂಹಿತಾವಾಗ ಹೇಳುವಂತೆ ಕಾಣುತ್ತದೆ.
ನಿಮಗೆ ಸಂತತಿ ಬೇಕೋ ಪುತ್ರಕಾಮಹ ಪುತ್ರೇಷ್ಠ್ಯ ಯಜೇತಾ
ಸ್ವರ್ಗ ಸ್ವರ್ಗ ಬೇಕು ಸ್ವರ್ಗ ಕಾಮಹ ಜ್ಯೋತಿಷ್ಠೋಮಾಭ್ಯಾಂ ಯಜೇತಾ ಕಾರಿರಿಯ ವೃಷ್ಟಿಕಾಮಹ ಯಜೇತಾ ಮಳೆ ಬೇಕಾದರೆ ಇಂಥ ಯಾಗ ಮಾಡಿ ಸಂತತಿ ಬೇಕಾದರೆ ಹೀಗೆ ಮಾಡ್ರಿ ಸ್ವರ್ಗ ಬೇಕು ಅಂತ ಆದರೆ ಇಂಥ ಯಾಗಗಳನ್ನ ಮಾಡಿ ಹೀಗೆ ಸಮಗ್ರ ವೇದದ ಅಭಿಪ್ರಾಯ ಮೇಲ್ಗಡೆ ನೋಡಿದಾಗ ಒಂದು ಲೌಕಿಕ ಫಲ ಅದಕ್ಕಾಗಿ ಧಾರ್ಮಿಕ ಕ್ರಿಯೆಗಳು. ಇದನ್ನ ತಿಳಿಸಿ ಇದಕ್ಕೆ ಬೇಕಾಗಿರುವ ಅಂಗ ಉಪಾಂಗಗಳನ್ನು ಆಚಾರ ಉಪಾಸನೆಗಳನ್ನು ಹೇಳುವ ಉದ್ದೇಶ. ವೇದಕ್ಕೆ ಇದ್ದಂತೆ ಕಾಣುತ್ತದೆ.",939,1650,,,100
kn_kannada_17_0002,kannada_17,kn,Dvaita,2,"ಸಮಗ್ರ ವೇದವನ್ನು ನಮ್ಮ ಭಾರತ ದೇಶದ ಅತಿ ಪ್ರಾಚೀನ ಸಿದ್ಧಾಂತಗಳಲ್ಲಿ ಒಂದಾದ ಮೀಮಾಂಸಾ ದರ್ಶನ ಯಜ್ಞಯಾಗಾದಿ ಕರ್ಮಗಳಿಗಾಗಿಯೇ ವೇದ ಇದೆ. ಅವುಗಳ ಆಚರಣೆ ಹೇಗೆ? ಯಾವ ಕರ್ಮಕ್ಕೆ ಯಾವುದು ಅಂಗ?
ಯಾವ ಯಾಗವನ್ನು ಹೇಗೆ ಮಾಡಬೇಕು?
ಅನ್ನೋದನ್ನ ತಿಳಿಸುವ ಸೂತ್ರಗಳನ್ನು ವೇದದ ಅರ್ಥವನ್ನು ನಿರ್ಣಯ ಮಾಡುವ ಸೂತ್ರಗಳನ್ನ ವ್ಯಾಸರ ಶಿಷ್ಯರಾದ ಜೈಮಿನಿಗಳು ರಚನೆ ಮಾಡಿದ್ದಾರೆ.
ಸಮಗ್ರ ವೇದ ತ್ಯಾಗಾದಿ ಕರ್ಮಪರ
ನ ಸ್ವರ್ಗಾದೇ ಫಲಾಂತರಂ
ಸ್ವರ್ಗವನ್ನು ಬಿಟ್ಟರೆ ಬೇರೆ ಪುರುಷಾರ್ಥವೇ ಇಲ್ಲ
ಸ್ವರ್ಗ ನೀವು ಎಷ್ಟು ಸಾಧನೆ ಮಾಡ್ತೀರೋ ಎಷ್ಟು ಪುಣ್ಯ ಗಳಿಸ್ತೀರೋ ಆ ಪುಣ್ಯ ಮುಗಿಯುವವರೆಗೆ ಸ್ವರ್ಗದ ಸುಖ ಮತ್ತೆ ತಿರುಗಿ ಈ ಕಡೆ
ಹೀಗೆ ಶಕ್ತಿ ಶಾಶ್ವತವಾದ ಒಂದು ಫಲ ಇಲ್ಲ. 
ಇದು ಮೀಮಾಂಸಕರು ವೇದದಿಂದ ಕಂಡುಕೊಂಡ ಅರ್ಥ. 
ಶ್ರೀಕೃಷ್ಣ ಅರ್ಜುನನನ್ನು ಕುರಿತು ಹೇಳುತ್ತಾನೆ ಕ್ರಿಯಾ ವಿಶೇಷ ಬಹುಲಾಂ ಭೋಗೈಶ್ವರ್ಯ ಗತಿಂ ಪ್ರತಿ ಯಾಮಿಮಾಂ ಪುಷ್ಪಿತಾಂ ವಾಚಂ ಪ್ರವದಂ ಕ್ರಿಯಾ ವಿಶೇಷ
ಯಜ್ಞ ಯಾಗಾದಿ
ಧಾರ್ಮಿಕ ಕ್ರಿಯೆಗಳೇ ಬಹುಲಾಂ
ಹೆಚ್ಚು ತುಂಬಿರುವ
ಬಹುಲಾಂ ವಾಚಂ
ವೇದದ ಮಾತಿನ ತಾತ್ಪರ್ಯ ಯಜ್ಞ ಯಾಗಾದಿ ಕ್ರಿಯೆಗಳನ್ನು ಮಾಡಬೇಕು
ಯಾಕೆ?",1651,2461,,,112
kn_kannada_17_0003,kannada_17,kn,Dvaita,3,"ಭೋಗ ಐಶ್ವರ್ಯ ಗತಿಂ ಪ್ರತಿ. ನಮಗೆ ಐಹಿಕ ಸುಖಕ್ಕಾಗಿ, ಸಂಪತ್ತಿಗಾಗಿ, ಸ್ವರ್ಗಕ್ಕಾಗಿ ಭೋಗ ಐಶ್ವರ್ಯ ಗತಿಂ ಪ್ರತಿ. ಹೀಗೆ ಸುಖದ ಗಳಿಕೆಗಾಗಿ ಐಶ್ವರ್ಯದ ಪ್ರಾಪ್ತಿಗಾಗಿ ಕ್ರಿಯಾ ವಿಶೇಷ ಬಹುಲಾಂ. ಯಜ್ಞಯಾಗಾದಿ ಕ್ರಿಯೆಗಳೇ ಪ್ರಧಾನವಾಗಿ ಉಳ್ಳದ್ದಾಗಿ ಯಾಂ ಇಮಾಂ ವಾಚಂ ಪ್ರಪದಂತಿ. ವೇದದ ಈ ಮಾತುಗಳನ್ನ ಇದರ ಬಗ್ಗೆ ಇದೆ ಅಂತ ಹೇಳುತ್ತಾರೆ. ಅಲ್ಲಿ ಪುಷ್ಪಿತಾಂ ವಾಚಂ ಈ ವೇದ ಕರ್ಮ ಹೂವುಗಳನ್ನು ಏನು ಹೇಳ್ತಾ ಇದಿಯೋ ಅದು ವೇದದ ಪುಷ್ಪದ ಸ್ಥಾನದಲ್ಲಿ ಇರುವಂತದ್ದು. ಪುಷ್ಪ ಅಂದ್ರೆ ಹೂವು. ಮರ ಮಾವಿನ ಮರ ಹಣ್ಣುಗಳನ್ನು ಕೊಡುವ ಮರ ಹೂ ಬಿಡುತ್ತದೆ. ಆ ಹೂವಿನ ಆಕರ್ಷಣೆಗೆ ಒಳಗಾಗಿ ಹೂವನ್ನೇ ಕಿತ್ತರೆ ಹಣ್ಣು ಸಿಗೋದಿಲ್ಲ. ಮಾವಿನ ಹೂವು ಬಿಟ್ಟಾಗ ಅದರ ಪರಿಮಳಕ್ಕಾಗಿ ಸುಗಂಧಕ್ಕಾಗಿ ಆ ಹೂವಿನ ಗೊಂಚಲನ್ನ ಕಿತ್ತುಬಿಟ್ಟರೆ ಮಾವಿನ ಹಣ್ಣು ಸಿಗೋದಿಲ್ಲ. ಹಾಗಾದರೆ ಮರದಲ್ಲಿ ಹೂ ಬಿಡ್ತು ಅಂದ್ರೆ ಅದು ಮುಂದೆ ಹಣ್ಣಿನ ಸೂಚನೆ. ಹಾಗೆ ವೇದದ ಪುಷ್ಪ ಪುಷ್ಪ ಯಾವುದು ಅಂದ್ರೆ
ಕಾಮ್ಯ ಕರ್ಮಗಳು.",2462,3165,,,101
kn_kannada_17_0004,kannada_17,kn,Dvaita,4,"ನಮ್ಮ ಬೇರೆ ಬೇರೆ ಲೌಕಿಕ ಅಭಿಷ್ಟ ಸಿದ್ದಿಗಾಗಿ
ಯಜ್ಞಯಾಗಾದಿ ಕರ್ಮಗಳು ವೇದದ ಹೂವಿನ ಸ್ಥಾನದಲ್ಲಿದೆ.
ಆ ಹೂವಿಗೆ ಮಾರುಹೋದರೆ ಹಣ್ಣು ಸಿಗೋದಿಲ್ಲ ನಮಗೆ.
ಆದ್ದರಿಂದ ಪುಷ್ಪಿತಾಂ ವಾಚಂ ಕರ್ಮ ಎಂಬ ಪುಷ್ಪ ಯುಕ್ತವಾದ ಮಾತನ್ನಾಗಿ ಪ್ರಪದಂತಿ. ವೇದಗಳ ಕರ್ಮ ನಿರೂಪಣೆಯೇ ವೇದದ ಪರಮ ಉದ್ದೇಶ ಎಂಬುದಾಗಿ ಕೆಲವರು ಹೇಳುತ್ತಾರೆ. ಅದು ಪುಷ್ಪ ಫಲ ಅಲ್ಲ. ಅದು ಅಂತಿಮ ಗುರಿಯಲ್ಲವೇ. ವೇದದ್ದು ಅದು ಸಾಮಾನ್ಯ ಲೌಕಿಕ ಆಮಿಷಕ್ಕೆ ಬಿದ್ದವರಿಗಾಗಿ ಹೇಳುವ ಕರ್ಮ. 
ಹೀಗಾಗಿ ಅದನ್ನೇ ಪ್ರಧಾನ ಉದ್ದೇಶ ಅಂತ ಯಾರು ಬಯಸ್ತಾರೋ ಅಭಿಪಶ್ಚಿತಃ ಅಂತವರು ವಿಪಶ್ಚಿತ್ ಅಂದ್ರೆ ಜ್ಞಾನಿಗಳು ಅಂತ ಅರ್ಥ. 
ಅಭಿಪಶ್ಚಿತಃ ಅಂದ್ರೆ ಅವರು ತತ್ವಜ್ಞಾನಿಗಳಲ್ಲ. ಯಾಕಲ್ಲಾ ವೇದ ವಾದರತಃ ಪಾರ್ಥ ಇಲ್ಲಿ ವಾದ ಶಬ್ದಕ್ಕೆ ಗೀತಾ ಭಾಷ್ಯದಲ್ಲಿ ಆಚಾರ್ಯರು ಅಪೂರ್ವವಾದ ಒಂದು ಅರ್ಥವನ್ನ ಪ್ರಮಾಣಬದ್ಧವಾಗಿ ಕೊಟ್ಟಿದ್ದಾರೆ. ವಾದೋ ವಿಷಯಕತ್ವಂಚ ಮುಖತೋ ವಚನಂ ಸ್ಮೃತಂ ವಾದ ಅಂದ್ರೆ ಮೇಲುಮೈಗೆ ಕಾಣುವ ಅರ್ಥ ಅಂತ ಅರ್ಥ. ಪೂರ್ವಾಪರ ವಿಚಾರ ಮಾಡಿ ತಾತ್ಪರ್ಯವನ್ನು ಅರಿಯುವ ಬದಲು ವಾಕ್ಯವನ್ನು ಓದಿಕೊಂಡು ಹೋದಾಗ ಏನು ಅರ್ಥ ಸಿಗ್ತದೋ ಅದನ್ನ ಆ ಅರ್ಥದಲ್ಲೇ ಆ ವಾಕ್ಯಕ್ಕೆ ತಾತ್ಪರ್ಯ ಅಂತ ತಿಳಿಯೋರು ಯಾರಿದ್ದಾರೋ ಅವರು ವೇದ ವಾದರ ರಾತರು.",3166,4036,,,120
kn_kannada_17_0005,kannada_17,kn,Dvaita,5,"ವೇದದ ತಾತ್ಪರ್ಯ ಅವರಿಗೆ ಬೇಕಾಗಿಲ್ಲ.
ವೇದದಲ್ಲಿ ಮೇಲುಮೈಗೆ ಕಾಣುವ ಅರ್ಥವೇ ವೇದದ ನಿಜವಾದ ಅರ್ಥ ಅಂತ ತಿಳಿಯುವ ಸಾಮಾನ್ಯ ಅವಿವೇಕಿಗಳು.
ಸಮುದ್ರದ ಅಡಿಗೆ ಮುಳುಗಿ ಮುತ್ತುರತ್ತವನ್ನು ಹೆಕ್ಕುವ ಬದಲು ಮೇಲ್ಗಡೆ ಈಜಾಡಿ ಉಪ್ಪು ನೀರು ಕುಡಿದು ಸಮುದ್ರಕ್ಕೆ ಇಳಿಬಾರದು ಅಂತ ತೀರ್ಮಾನ ಮಾಡುವವರು.
ಇವರು ವೇದ ವಾದ ರತಾ ಪಾರ್ಥ.
ನ ಅನ್ಯತು ಅಸ್ತೀತಿ ವಾದಿನಃ.
ಅನ್ಯತು ನ ಅಸ್ತಿ.
ಸ್ವರ್ಗ ಅನ್ನೋ ಪುರುಷಾರ್ಥ ಬಿಟ್ಟರೆ ಬೇರೆ ಮೋಕ್ಷ ಅನ್ನೋ ತಿರುಗಿ ಬಾರದ ಒಂದು ಸ್ಥಿತಿ ಇಲ್ಲ.
ಬ್ರಹ್ಮ ಎಂಬ ಸರ್ವೋತ್ತಮನಾದ ಜಗತ್ತಿಗೆ ಸೃಷ್ಟಿಕರ್ತನಾದ ಪರಮ ಚೇತನ ಅವನಿಲ್ಲ. 
ಮೀಮಾಂಸ ಸಿದ್ಧಾಂತವೇ ಇದು. 
ಅವರು ಪ್ರಪಂಚದ ಸೃಷ್ಟಿಕರ್ತನಾದ ಒಬ್ಬ ದೇವರನ್ನು ಒಪ್ಪುವುದಿಲ್ಲ. 
ಹೀಗೆ ಅನ್ಯತ್ ನ ಅಸ್ತೀತಿ ವಾದಿನಃ ಕಾಣುವ ಸ್ವರ್ಗಾದಿ ಫಲ ಬಿಟ್ಟು ಮೋಕ್ಷ ಎಂಬ ಪುರುಷಾರ್ಥವೇ ಇಲ್ಲ. ಅದನ್ನು ಕೊಡುವ ಸರ್ವಶಕ್ತನಾದ ಸರ್ವೋತ್ತಮನಾದ ಒಬ್ಬ ದೇವರು ಅವನಿಲ್ಲ ಅಂತ ಹೇಳುವವರು ವೇದದ ಮಾತುಗಳನ್ನ ಪುಷ್ಪಪ್ರಧಾನವನ್ನಾಗಿ ತಿಳಿಯುತ್ತಾರೆ. ವೇದದ ಪರಮ ತಾತ್ಪರ್ಯ ಚರಮ ಗುರಿ ಅದು ಸ್ವರ್ಗ.",4037,4801,,,105
kn_kannada_17_0006,kannada_17,kn,Dvaita,6,"ಅದಕ್ಕಾಗಿ ಅನೇಕ ಕರ್ಮಗಳನ್ನು ವೇದ ಹೇಳ್ತಾ ಇದೆ. ಎಂತ ಅವರು ತಿಳ್ಕೊತಾರೆ.
ಅಂಥವರು ಕಾಮಾತ್ಮಾನಃ.
ಅವರ ಮನಸ್ಸು ಅದು ಬೇಕು ಇದು ಬೇಕು ಅಂತ ಕಾಮನೆಯಿಂದ ತುಂಬಿರುತ್ತದೆ ಇಲ್ಲಿ ಆತ್ಮ ಅಂದ್ರೆ ಮನಸ್ಸು.
ಆಸೆ ತುಂಬಿದ ಮನಸ್ಸುಳ್ಳವರು.
ಲೌಕಿಕ ಭೋಗ ಭಾಗ್ಯಗಳ ಕಡೆಗೆ ಮನಸ್ಸನ್ನ ಹರಿಬಿಟ್ಟು ಅದರಲ್ಲಿ ಆಸಕ್ತರಾಗಿದ್ದವರು.
ಸ್ವರ್ಗ ಪರಾಹ.
ಸ್ವರ್ಗ ಸಿಕ್ರೆ ನಮಗೆ ದೊಡ್ಡ ಸಾಧನೆ ಅಂತ ಬಗೆಯುವವರು.
ಸ್ವರ್ಗವೇ ಪರಾಹ.
ಪ್ರಧಾನವಾದ ಒಂದು ಪುರುಷಾರ್ಥ ಅಂತ ತಿಳ್ಕೊಂಡವರು.
ಜನ್ಮ ಕರ್ಮ ಫಲ ಪ್ರದಾಂ ವಾಚಂ ವತಂತಿ. ಆಯ್ತು ಯಜ್ಞ ಯಾಗಾದಿಗಳನ್ನ ಮಾಡಿದಿರಿ
ಮತ್ತೆ ಹುಟ್ಟಲಾಗದ ಒಂದು ಸ್ಥಿತಿ ಅದರಿಂದ ಸಾಧಿಸಬಹುದು ಅಂದ್ರೆ ಜನ್ಮ ಕರ್ಮ ಫಲಪ್ರದ
ಯಜ್ಞ ಯಾಗಾದಿಗಳನ್ನ ಮಾಡಿ ಸ್ವರ್ಗಕ್ಕೆ ಹೋದರು ಪುಣ್ಯ ತೀರಿದಾಗ ಮತ್ತೆ ಹುಟ್ಟಿ ಬರಲೇಬೇಕು
ಹೀಗೆ ಜನ್ಮಕ್ಕೆ ಕಾರಣವಾದ ಕರ್ಮ ಆ ಕರ್ಮವೇ ಫಲವಾಗಿ ಉಳ್ಳದ್ದು ವೇದ. 
ವೇದದ ಪರಮ ತಾತ್ಪರ್ಯ ಅಭಿಪ್ರಾಯ ಕರ್ಮ. 
ಆ ಕರ್ಮದಿಂದ ಏನಾಗುತ್ತೆ ಕರ್ಮಣ ಬದ್ಧತೆ ಜಂತುಹು.",4802,5516,,,101
kn_kannada_17_0007,kannada_17,kn,Dvaita,7,"ಆ ಕರ್ಮದಿಂದ ಪುನರ್ಜನ್ಮ ಆಗುತ್ತೆ. 
ಸ್ವರ್ಗಕ್ಕೆ ಹೋದರು ಪುಣ್ಯ ತೀರಿದಾಗ ಅಲ್ಲಿ ತಳ್ಳುತ್ತಾರೆ ಕೆಳಗೆ ಬರಲೇಬೇಕು. 
ಹೀಗೆ ಜನ್ಮ ಮಕ್ಕೆ ಕಾರಣವಾದ ಯಜ್ಞ ಯಾಗಾದಿ ಕರ್ಮಗಳೇ ಫಲ ವೇದದ ಗುರಿ. 
ಇದನ್ನು ಕೊಡುತ್ತದೆ ವೇದದ ಮಾತುಗಳು. 
ಅನೇಕ ಯಜ್ಞ ಯಾಗಾದಿ ಕರ್ಮಗಳನ್ನ ಅದು ಬೋಧಿಸುತ್ತದೆ. 
ಹೀಗೆ ವಾಚಂ ವದಂತಿ ವೇದದ ಮಾತನ್ನ ಕರ್ಮ ಪ್ರಧಾನವಾದ ಮತ್ತು ಅಂತ ಹೇಳ್ತಾರೆ ಅಂಥವರು ಅವಿಪಶ್ಚಿತಃ ಅಜ್ಞಾನಿಗಳು ವೇದ ವಾದರತಾಃ ವೇದದ ಮೇಲುಮೈಗೆ ಕಾಣುವ ಅರ್ಥದಲ್ಲಿ ಆಸಕ್ತರು ಅನ್ಯತು ನ ಅಸ್ತಿತಿ ವಾದಿನಃ ಸ್ವರ್ಗ ಬಿಟ್ಟರೆ ಬೇರೆ ಯಾವ ಫಲವೂ ಇಲ್ಲ ಬ್ರಹ್ಮನಂತೂ ಇಲ್ಲ ಕಾಮಾತ್ಮಾನಃ ಕಾಮ್ಯ ವಸ್ತುಗಳಿಗೆ ಸೋತ ಮನಸ್ಸುಳ್ಳವರು ಸ್ವರ್ಗ ಪರಾಹ ಸ್ವರ್ಗದಲ್ಲೇ ಆಸಕ್ತರಾದವರು ಅಂಥವರು ಕ್ರಿಯಾವಿಶೇಷ ಬಹುಲಾಂ ಜನ್ಮ ಕರ್ಮ ಫಲಪ್ರದಾಂ ಭೋಗೈಶ್ವರ್ಯ ಗತಿಂ ಪ್ರತಿ ಯಾಂ ಇಮಾಂ ಪುಷ್ಪಿತಾಂ ವಾಚಂ ವದಂತಿ ಈ ವೇದದ ಮಾತುಗಳು ಪುಷ್ಪಿತ ಅಂದ್ರೆ ಮೇಲುಮೈಗೆ ಕಾಣುವ ಅರ್ಥದಲ್ಲೇ ತಾತ್ಪರ್ಯವುಳ್ಳದ್ದು ಎಂಬುದಾಗಿ ವದಂತಿ ಹೇಳುತ್ತಾರೆ.
ಹೀಗೆ ವೇದಕ್ಕೆ ಯಜ್ಞಯಾಗಾದಿ ಕರ್ಮಗಳಲ್ಲೇ ತಾತ್ಪರ್ಯ ಅಂತ ಹೇಳುವವರು ವೇದದ ತಾತ್ಪರ್ಯವನ್ನು ಅರಿತವರಲ್ಲ.",5518,6330,,,109
kn_kannada_17_0008,kannada_17,kn,Dvaita,8,"ವೇದ ಇದಕ್ಕೆ ಅಭಿಪ್ರೇತವಾದ
ಇದಕ್ಕಿಂತಲೂ ಮಿಗಿಲಾದ ಒಂದು ಅರ್ಥ ಇದೆ. 
ಆದ್ದರಿಂದ ಇಂಥಾ ಅರ್ಥದಲ್ಲೇ ತಾತ್ಪರ್ಯವನ್ನ ತಿಳಿದ ಅಜ್ಞಾನಿಗಳು ಬಹುಶಾಕಾಹಿ ಅನಂತಾಷ್ಟ ಅವರಿಗೆ ಧನ್ಯವಾದ. ದೃಢವಾದ ಒಂದು ನಿಶ್ಚಯ ಇಲ್ಲ. ಬಹುಶಾಖಾಹ. ಅವರು ಬೇರೆ ಬೇರೆ ಬೇರೆ ಬೇರೆ ರೀತಿಯ ಮಾರ್ಗಗಳನ್ನು ಅನುಸರಿಸುತ್ತಾರೆ. ಆದರೆ ವ್ಯವಸಾಯಾತ್ಮಿಕಾ ಬುದ್ಧಿಹಿ ಏಕೈವ. ಸರಿಯಾಗಿ ನಿರ್ಣಯ ಮಾಡಿದ ಶಾಸ್ತ್ರ ಸಮ್ಮತವಾದ ಮಾತು ಮಾತ್ರ ಒಂದೇ ಅನ್ನೋದನ್ನ ಹಿಂದಕ್ಕೆ ಸೇರಿಸಿಕೊಳ್ಳಬೇಕು. ಮತ್ತೊಮ್ಮೆ ಹೇಳಿ. ಶ್ಲೋಕ
ಯಾಮಿಮಾಂ ಪುಷ್ಪಿತಾಂ ವಾಚಂ
ಪ್ರವದಂತ್ಯ ವಿಪಶ್ಚಿತಃ
ವೇದವಾದರತಾ ಪಾರ್ಥ
ನಾನ್ಯದಸ್ತೀತಿವಾದಿನಃ
ಕಾಮಾತ್ಮಾನಃ ಸ್ವರ್ಗಪರಾಃ
ಜನ್ಮ ಕರ್ಮ ಫಲ ಪ್ರದಾಮ್ ಕ್ರಿಯಾ ವಿಶೇಷ ಬಹುಲಾಮ್ ಭೋಗೈಶ್ವರಿಯ ಗತಿಂ ಪ್ರತಿ ಮುಂದಿನ ಶ್ಲೋಕ ಭೋಗೈಶ್ವರಿಯ ಪ್ರಸಕ್ತಾನಾಮ್ ತಯಾಪಹೃತ ಚೇತಸಾಮ್ ವ್ಯವಸಾಯಾತ್ಮಿಕಾ ಬುದ್ಧಿಹಿ ಸಮಾಧ ನವಿಧೀಯತೆ
ಪದವಿ ಭಾಗ
ಭೋಗೈಶ್ವರ್ಯ ಪ್ರಸಕ್ತಾನಾಂ
ತಯಾ ಅಪಹೃತ ಚೇತಸಾಂ
ವ್ಯವಸಾಯಾತ್ಮಿಕಾ ಬುದ್ಧಿಹಿ ಸಮಾಧೌ ನವಿಧೀಯತೆ
ನ ವಿಜೀಯತೆ. 
ಮಾ ಎಂಬುದು ನಿಷೇಧ. 
ವಿಜೀಯತೆ ಅನ್ನೋದು ಕ್ರಿಯಾಪದ. 
ಆಗ್ಲಿ ವೇದದಿಂದ ಇಂತಹ ವಿಷಯವನ್ನು ಸ್ವರ್ಗವೇ ಪುರುಷಾರ್ಥ ಅನ್ನೋ ವಿಷಯವನ್ನು ತಿಳ್ಕೊಳ್ಳಿ.",6331,7194,,,107
kn_kannada_17_0009,kannada_17,kn,Dvaita,9,"ಅದರಿಂದ ಏನಾಯ್ತು ಅಂದ್ರೆ ಯಾರು ಭೋಗ ಮತ್ತು ಐಶ್ವರ್ಯದಲ್ಲಿ ಆಸಕ್ತರೋ. ಭೋಗ ಅಂದ್ರೆ ಸುಖದ ಅನುಭವ. ಅದು ತಿನ್ನಬೇಕು, ಇದನ್ನ ನೋಡಬೇಕು. ಹೀಗೆ ಇಂದ್ರಿಯಗಳ ವಿಷಯಗಳಿಂದ ಬರುವ ಸುಖದ ಸೆಳೆತಕ್ಕೆ ಒಳಗಾದವರು. ಐಶ್ವರ್ಯ. ಆ ಭೋಗ ಮಾಡಬೇಕಾದರೆ ಸುಖವನ್ನು ಉಣಬೇಕಾದರೆ. ಅದಕ್ಕೆ ಬೇಕಾದ ಸಾಧನ ಸಲಕರಣೆಗಳು ಬೇಕು. ಐಶ್ವರ್ಯ ಅಂದ್ರೆ ದುಡ್ಡು, ದ್ರವ್ಯ. ಹೀಗೆ ಸಂಪತ್ತಿನ ಕಡೆಗೆ ವಾಲುವವರು ಸುಖ ಸಾಧನಗಳನ್ನ ಸಂಪಾದಿಸುವುದಕ್ಕಾಗಿ ಅದೇ ನಾವು ಗಳಿಸಬೇಕಾದ ಪರಮ ಜೀವನ. ನದ ಗುರಿ ಅಂತ ಬಯಸಿ
ಸುಖ ಸಾಧನಗಳಿಗೆ ಮಾರುಹೋಗಿ ಐಶ್ವರ್ಯ ಪ್ರಸಕ್ತರು.
ದುಡ್ಡಿನ ಕಡೆಗೆ ಅದರ ಸೆಳೆತಕ್ಕೆ ಒಳಗಾದವರು.
ತಯಾ ಅಪಹೃತ ಚೇತಸಾಂ ಅಂದ್ರೆ ತಯಾ ಅಂದ್ರೆ ಭೋಗೈಶ್ವರ್ಯಗಳ ಆಸಕ್ತಿಯಿಂದ ಅಪ ಅಕೃತ ಚೇತಸಾಂ
ಚೇತಹ ಅಂದ್ರೆ ಮನಸ್ಸು
ಆ ಮನಸ್ಸು
ಸಾರಥಿಯಾದ ಬುದ್ಧಿಯ ಕೈಯಲ್ಲಿ ಇರಬೇಕು ಆತ್ಮರತಿಕ ಈ ದೇಹದಲ್ಲಿ
ಬುದ್ಧಿಯ ಕೈಯಲ್ಲಿ ಸಾರಥಿಯ ಕೈಯಲ್ಲಿ ಮನಸ್ಸನ್ನು ಕಡಿವಾಣ ಕುದುರೆಗಳು ಇಂದ್ರಿಯಗಳು
ಆ ಕಡಿವಾಣ
ಮನಸ್ಸೆಂಬ ಕಡಿವಾಣ ಬುದ್ಧಿ ಎಂಬ ಸಾರಥಿಯ ಕೈಯಲ್ಲಿ ಇರುವ ಬದಲು
ಕುದುರೆಗಳ ಸೆಳೆತಕ್ಕೆ ಆ ಕಡಿವಾಣ ಒಳಗಾದರೆ
ತಯಾ ಅಪಹೃತ ಚೇತಸಾಂ
ಭೋಗೈಶ್ವರ್ಯಗಳ ಲಾಲಸೆಯಿಂದ್ಗೆ ಅಪಹೃತ ಅದರ ಸೆಳೆತಕ್ಕೆ ಒಳಗಾದ ಚೇತಸಾಂ ಮನಸ್ಸುಳ್ಳವರು ಯಾರ ಮನಸ್ಸು ಲೌಕಿಕ ಭೋಗ ಭಾಗ್ಯಗಳ ಸೆಳೆತಕ್ಕೆ ಒಳಗಾಗಿದೆಯೋ ಅಂಥವರು.",7196,8127,,,129
kn_kannada_17_0010,kannada_17,kn,Dvaita,10,"ಅವರ ಮನಸ್ಸೆಂಬ ಕಡಿವಾಣ ಕುದುರೆ ಎಳೆದುಕೊಂಡಿದೆ. ಕುದುರೆ ಹೋದಲ್ಲಿ ಕಡಿವಾಣ ತಿರುಗುತ್ತದೆ ಅಲ್ಲಿಗೆ ವಿಷಯದ ಸೆಳೆತಕ್ಕೆ ಒಳಗಾಗಿ ಅಧಃಪತನಕ್ಕೆ ಒಳಗಾಗಿದೆ. ಆಗಾಗುವ ಭೀತಿ ಅವರದು. 
ಹೀಗೆ ಭೋಗ ಐಶ್ವರ್ಯ ಪ್ರಸಕ್ತಾನಾಂ ಅವುಗಳಲ್ಲಿ ಆಸಕ್ತನಾಗಿದ್ದು ಯಾಕೆ ಅಂದ್ರೆ ತಯಾ ಅಪಹೃತ ಚೇತಸಾಂ. 
ಅವುಗಳಿಂದಲೇ ತಮ್ಮ ಮನಸ್ಸನ್ನ ಸೆಳೆತಕ್ಕೆ ಒಳಪಡಿಸಿಕೊಂಡಿರುವವರು ಅವರ ಬುದ್ಧಿಹಿ ಅವರ ಜ್ಞಾನ. ಆ ಅವರ ಮನಸ್ಸು ವ್ಯವಸಾಯಾತ್ಮಿಕ ವ್ಯವಸಾಯ ಅಂದ್ರೆ ರಾಘವೇಂದ್ರ ಸ್ವಾಮಿಗಳು ಅರ್ಥ ಬರೀತಾರೆ ಸಮ್ಯಕ್ ಪ್ರಮಾಣ ನಿರ್ಣೀತ ಅರ್ಥ ನಿಶ್ಚಯ ರೂಪ ಪ್ರಮಾಣಗಳ ಸರಿಯಾದ ವಿಮರ್ಶೆಯಿಂದ ಒಂದು ನಿರ್ಧಾರಾತ್ಮಕವಾದ ಬುದ್ಧಿ ಅವರಿಗಿಲ್ಲ ಅವರು ತಮಗೆ ಬೇಕಾದಂತೆ ವೇದದಿಂದ ಅರ್ಥವನ್ನು ತಿಳಿದುಕೊಂಡು ಭೋಗ ಭಾಗ್ಯದ ಕಡೆ ಗಮನ ಕೊಟ್ಟವರು. ಅಂಥವರ ಬುದ್ಧಿಹಿ ಬುದ್ಧಿಯು ಸಮಾಧೋ ನವಿಚೀಯತೆ. ಸಮಾಧಿ ಅಂದ್ರೆ ಭಗವಂತನ ಬಗ್ಗೆ ಧ್ಯಾನ. ಭಗವಂತನ ಬಗ್ಗೆ ಧ್ಯಾನ ಮಾಡಬೇಕಾದರೆ ಮನಸ್ಸು ಲೌಕಿಕ ಸೆಳೆತಕ್ಕೆ ಒಳಗಾಗಿರಬಾರದು. ಆದರೆ ಇವರು ಭೋಗೈಶ್ವರ್ಯ ಪ್ರಧಾನವಾದ ಜೀವನವಾಗಿರುವುದರಿಂದ ಇವರದ್ದು ಅವರು ದೇವರ ಕೋಣೆಯಲ್ಲಿ ಕೂತರು ಕೂತಿದ್ದು ಕೋಣೆಯಲ್ಲಾದರೂ ಮನಸ್ಸು ಊರೆಲ್ಲ ಸಂಚಾರ ಮಾಡುತ್ತದೆ.",8128,8969,,,106
kn_kannada_17_0011,kannada_17,kn,Dvaita,11,"ಹೀಗಾಗಿ ಭಗವಂತನ ಬಗ್ಗೆ ಇದಮಿತ್ತಂ ಅಂತ ಅವನು ಇದ್ದೇ ಇದ್ದಾನೆ ಅವನು ನಮ್ಮನ್ನು ಉದ್ದಾರ ಮಾಡುತ್ತಾನೆ ಈ ಜನ್ಮ ಬಂಧದಿಂದ ವಿಮೋಚನೆಗೊಳಿಸುತ್ತಾನೆ ಅನ್ನೋ ನಿರ್ಧಾರ ಅವರಿಗೆ ಇಲ್ಲದೆ ಇರೋದ್ರಿಂದ ಪ್ರಪಂಚದ ಪ್ರಧಾನ ಉದ್ದೇಶ ಉಣ್ಣೋದು ತಿನ್ನೋದು ಸುಖ ಪಡೋದು. ಹೀಗೆ ಲೌಕಿಕ ಭೋಗ ಭಾಗ್ಯಕ್ಕೆ ಮನಸೋತವರ ಬುದ್ಧಿ. ಭಗವಂತನ ಕಡೆ ಏಕಾಗ್ರತೆ ಕೊಳ್ಳುವುದಿಲ್ಲ. ಬುದ್ಧಿಹಿ ಸಮಾಧೌ ನ ವಿಜೀಯತೆ. ಇಂತಹ ಸೆಳತಕ್ಕೆ ಒಳಗಾದವರ ಬುದ್ಧಿಯು ಸಮಾಜಿಗಾಗಿ ಸಮಾಜ್ಯರ್ಥೆ ಸಮಾಜಿಗಾಗಿ ಭಗವಂತನಲ್ಲಿ ಏಕಾಗ್ರತೆಯನ್ನು ಹೊಂದುವುದಕ್ಕಾಗಿ ನ ವಿಜೀಯತೆ ಶಕ್ತವಾಗುವುದಿಲ್ಲ. ಅವರು ಭಗವಂತನ ಧ್ಯಾನದಲ್ಲಿ ಕೂಡುತ್ತೇವೆ ಅಂತ ಕಣ್ಣು ಮುಚ್ಚಿ ಕೂತ್ರು ಕೂಡ ಅವರ ಮನಸ್ಸು ಊರೆಲ್ಲಾ ಹೇಗೆ ದುಡ್ಡು ಮಾಡೋದು, ಹೇಗೆ ಬೇಕಾದ್ದನ್ನು ಕೊಂಡುಕೊಳ್ಳುವುದು, ಹೇಗೆ ನಮ್ಮ ಶ್ರೀಮಂತಿಕೆಯನ್ನು ಬೆಳೆಸಿಕೊಳ್ಳುವುದು. ಇಷ್ಟೇ ಯೋಚನೆ ಇರುತ್ತದೆ ಹೊರತು ಭಗವಂತನ ಬಗ್ಗೆ ಏಕಾಗ್ರತೆ ಆ ಮನಸ್ಸಿಗೆ ಬರುವುದಿಲ್ಲ. ಆದ್ದರಿಂದ ನಿಮಗೆ ವ್ಯವಸಾಯಾತ್ಮಕವಾದ ನಿರ್ಧಾರ ಸಾರಾತ್ಮಕವಾದ ಬುದ್ಧಿ
ಅದು ಬರಬೇಕು ಅಂತ ಆದರೆ
ಲೌಕಿಕ ಭೋಗ ಭಾಗ್ಯದ ಸೆಳತಕ್ಕೆ ಒಳಗಾಗಬಾರದು
ಅಂದ್ರೆ ಪ್ರಪಂಚವನ್ನೇ ಬಿಟ್ಟು ಕೂತಿರಿ ಅಂತ ಅರ್ಥ ಅಲ್ಲ
ಪ್ರಪಂಚದ ವಿಷಯ ಭೋಗ ಭಾಗ್ಯಗಳು ನಮಗಾಗಿ ಇರಬೇಕು ಹೊರತು
ಅವುಗಳಿಗಾಗಿಯೇ ನಮ್ಮನ್ನು ಅರ್ಪಿಸಿಕೊಳ್ಳುವ
ಮನೋಭಾವ ಇದ್ದರೆ ಆವಾಗ ಸಮಾಧಿಯಲ್ಲಿ ಅಂದ್ರೆ ಭಗವಂತನ ಧ್ಯಾನದಲ್ಲಿ ನಮ್ಮ ಮನಸ್ಸು ಏಕಾಗ್ರಗೊಳ್ಳುವುದಿಲ್ಲ.",8970,9991,,,129
kn_kannada_17_0012,kannada_17,kn,Dvaita,12,"ಮನಸ್ಸನ್ನ ಎಲ್ಲಿ ಹರಿ ಬಿಡಿತೀವೋ ಅಲ್ಲಿ ಹಾರಾಡುತ್ತದೆ ಹೊರತು ಆದರೆ ಸಾಕು ಅಂತ ಉದಾಸೀನ್ಯ ಭಾವ ಎಲ್ಲಿದೆಯೋ ಅಲ್ಲಿ ಏಕಾಗ್ರಗೊಳ್ಳುವುದಿಲ್ಲ. 
ಆದ್ದರಿಂದ ಭಗವಂತನಲ್ಲಿ ದೇವರಲ್ಲಿ ನಮ್ಮ ಮನಸ್ಸು ಏಕಾಗ್ರಗೊಂಡು ಅವನಿಗಾಗಿ ನಾವು ಏನಾದರೂ ಮಾಡಬೇಕು ಅಂತಾದರೆ ಲೌಕಿಕ ಭೋಗದ ಸೆಳೆತ ನಮ್ಮಲ್ಲಿ ಇರಬಾರದು. 
ಲೌಕಿಕ ಭೋಗವನ್ನು ಬಿಟ್ಟೆ ಬಿಡಿ ಅಂತ ಕೃಷ್ಣ ಹೇಳಲಿಲ್ಲ. 
ಅವುಗಳ ಆಕರ್ಷಣೆ ಅದೇ ನನ್ನ ಜೀವನದ ಪರಮಗುರಿ ಅದಿದ್ದರೆ ಮಾತ್ರ ಬಾಳಿಯೇನು ಅನ್ನೋ ನಿರ್ಧಾರ ಇದ್ದರೆ ನಿಮಗೆ ಸಮಾಧಿಯ ಸ್ಥಿತಿಯನ್ನು ಹೊಂದಿದೆ. ಅಂದಾಜು ಸಾಧ್ಯವಿಲ್ಲ. ಆದ್ದರಿಂದ ಇಂತಹ ಯುಕ್ತಿಯಿಂದ ವೇದದ ಅರ್ಥವನ್ನು ತಿಳಿದವರ ಬುದ್ಧಿ ಏನಿದೆಯೋ ಅದು ವ್ಯವಸಾಯಾತ್ಮಕವಾದ ಬುದ್ಧಿ. ಅದು ಏಕ ಅದರಲ್ಲಿ ಭಿನ್ನಾಭಿಪ್ರಾಯ ಇಲ್ಲ. ಯಾರ ಬುದ್ಧಿ ಅವ್ಯವಸಾಯಾತ್ಮಕವಾಗಿದೆಯೋ ನಿರ್ಧಾರಾತ್ಮಕ ಆಗಿರಲ್ಲೋ ಅದು ಅಂತವರ ಮತಗಳು ಹಾಗೆ ಮಾಡಬಹುದು ಹೀಗೆ ಮಾಡಬಹುದು ಅದು ದೇವರು ಇದು ದೇವರು ಇದ್ದವರನ್ನೆಲ್ಲ ಬೆನ್ನು ಹಿಡಿದು ಅವರು ಲೌಕಿಕ ಭಾಗ್ಯದ ಸೆಳೆತಕ್ಕೆ ಒಳಗಾಗಿ ಪರಮ ಗುರಿಯನ್ನು ತಲುಪುವುದಿಲ್ಲ. ಮತ್ತೊಮ್ಮೆ ಶ್ಲೋಕ ಭೋಗೈಶ್ವರ್ಯ ಪ್ರಸಕ್ತಾನಾಂ ತಯಾಪಹೃತ ಚೇತಸಾಂ ವ್ಯವಸಾಯಾತ್ ಮಿಕಾ ಬುದ್ಧಿಹಿ ಸಮಾಧೌ ನ ವಿಧೀಯತೆ ಇದುವರೆಗೆ ಶ್ರೀಕೃಷ್ಣ ಯೋಗೇತು ಇಮಾಂ ಶೃಣು ಅಂತ ಭಗವಂತನ ಜ್ಞಾನಕ್ಕೆ ಬೇಕಾದ ಸಾಧನೆಯನ್ನು ನಾನು ಹೇಳುತ್ತೇನೆ ಅಂತ ಏನು ಪ್ರತಿಜ್ಞೆ ಮಾಡಿದ್ನೋ ಅದು ಯಾಕೆ ಅದರ ಅಗತ್ಯ ಏನು ಅಂತ ಅದನ್ನ ಪ್ರಶ್ನೆ ಕ್ಷಮ್ಸೆ ಮಾಡಿ ಮುಂದೆ ಆ ಸಾಧನೆಯ ಬಗ್ಗೆ ಹೇಳೋದಕ್ಕೆ ಆರಂಭ ಮಾಡ್ತಾನೆ ಅದು ಮುಂದಿನ ಶ್ಲೋಕದಲ್ಲಿದೆ ಅದನ್ನು ಮುಂದಿನ ಭಾಗದಲ್ಲಿ ನೋಡೋಣ ಶ್ರೀ ಕೃಷ್ಣಾರ್ಪಣಮಸ್ತು.",9993,11140,,,153
kn_kannada_17_0013,kannada_17,kn,Dvaita,13,ಭಗವದ್ಗೀತೆಯ ಈ ಪ್ರಾಯೋಜಕತ್ವವನ್ನು ಶ್ರೀ ಮರಬೇಕರೆ ಮುರಳೀಧರರಾವ್ ತಾವು ವಹಿಸಿಕೊಂಡು ನಡೆಸ್ತಾ ಇದ್ದಾರೆ. ಶ್ರೀ ಕೃಷ್ಣ ಅವರಿಗೆ ವಿಶೇಷವಾದ ಅನುಗ್ರಹವನ್ನು ಮಾಡಲಿ ಅಂತ ಪ್ರಾರ್ಥನೆ ಮಾಡ್ತೀನಿ.,11141,11298,,,19
kn_kannada_18_0000,kannada_18,kn,Dvaita,0,"ಶ್ರೀ ಗುರುಭ್ಯೋ ನಮಃ ಹರಿಃ ಓಂ 45ನೆಯ ಶ್ಲೋಕ
ತ್ರೈಗುಣ್ಯ ವಿಷಯಾ ವೇದಾಹ
ನಿಸ್ತ್ರೈಗುಣ್ಯೋ ಭವಾರ್ಜುನ
ನಿರ್ದ್ವಂದ್ವೋ ನಿತ್ಯ ಸತ್ವಸ್ಥೋ
ನಿರ್ಯೋಗಕ್ಷೇಮ ಆತ್ಮವಾನ್ ಪದ ವಿಭಾಗ
ತ್ರೈಗುಣ್ಯ ವಿಷಯಾಹ
ವೇದಾಹ
ನಿಸ್ತ್ರೈಗುಣ್ಯಹ
ಭವ ಅರ್ಜುನ
ನಿರ್ದ್ವಂದ್ವಹ
ನಿತ್ಯ ಸತ್ವಸ್ಥಹ
ನಿರ್ಯೋ ಯೋಗಕ್ಷೇಮಃ
ಆತ್ಮವಾ
ಈ ಶ್ಲೋಕ ಕೇಳೋದಕ್ಕೆ
ನಿರ್ ಎಂಬ ಉಪಸರ್ಗವನ್ನು ಮತ್ತೆ ಮತ್ತೆ ಬಳಸಿ
ಕಟು ಶಬ್ದಗಳನ್ನು ಒಳಗೊಂಡಿದೆ
ಆದರೆ
ಬಹಳ ಮುಖ್ಯವಾದ ಒಂದು ತತ್ವವನ್ನು ಶ್ರೀಕೃಷ್ಣ ಈ ಶ್ಲೋಕದಲ್ಲಿ ಹೇಳಿದ್ದಾನೆ
ಇಲ್ಲಿ ನೋಡಿ
ಪೂರ್ವ ಅರ್ಥವನ್ನ ಕೇಳಿದಾಗ
ವೇದಕ್ಕೆ ವಿರುದ್ಧವಾದದ್ದನ್ನೇನೋ ಕೃಷ್ಣ ಹೇಳುತ್ತಿದ್ದಾನೆ ಅನ್ನೋ ರೀತಿಯಲ್ಲಿ ಕಾಣುತ್ತದೆ.
ವೇದಾಹ ತ್ರೈಗುಣ್ಯ ವಿಷಯಾಹ
ವೇದಗಳು ತ್ರೈಗುಣ್ಯದ ಬಗ್ಗೆ ಹೇಳುತ್ತಾ ಇವೆ.
ಅರ್ಜುನ ನಿಸ್ತ್ರೈಗುಣ್ಯೋ ಭವ
ನೀನು ತ್ರೈಗುಣ್ಯ ತ್ರೈಗುಣ್ಯವನ್ನು ಬಿಟ್ಟುಬಿಡು. ಹಾಗಾದರೆ ವೇದ ಹೇಳುವುದು ತ್ರೈಗುಣ್ಯವನ್ನ ನೀನು ತ್ರೈಗುಣ್ಯವನ್ನು ಅರಸುಬೇಡ. ವೇದ ಹೇಳಿದ್ದನ್ನ ಬಿಟ್ಟುಬಿಡು ನೀನು. ಹಾಗಾದರೆ ವೇದಕ್ಕೆ ಬೆನ್ನು ಹಾಕು. ವೇದ ಹೇಳಿದ್ದು ನಿನಗಲ್ಲ ಅನ್ನೋ ಅಭಿಪ್ರಾಯ ಪೂರ್ವಾರ್ಥದಲ್ಲಿ ಕಾಣುತ್ತದೆ.",0,815,,,101
kn_kannada_18_0001,kannada_18,kn,Dvaita,1,"ಇಲ್ಲಿ ಭಾಷ್ಯಕಾರರನ್ನು ಅನುಸರಿಸದೆ ಹೋದಲ್ಲಿ ಈ ಶ್ಲೋಕದಲ್ಲಿ ಕೃಷ್ಣನ ಭಾವ ನಾವು ಅರ್ಥ ಮಾಡಿಕೊಳ್ಳುವುದು ಕಷ್ಟ. ತ್ರೈಗುಣ್ಯ ಅಂದ್ರೆ ಏನು? ತ್ರಿಗುಣ. ತ್ರಿಗುಣ ಅಂದ್ರೆ ಸತ್ವ, ರಜಸ್ಸು, ತಮಸ್ಸು. ಈ ಪ್ರಪಂಚದ ಪ್ರತಿಯೊಂದು ವಸ್ತುಗಳಲ್ಲೂ ಜಡ ವಸ್ತು ಯಾಕೆ? ಆತ್ಮನಲ್ಲೂ ಈ ಗುಣಗಳು ಹಾಸುಹೊಕ್ಕಾಗಿವೆ. ಸಾತ್ವಿಕ ಜೀವರು, ರಾಜಸ ಜೀವರು, ತಾಮಸ ಜೀವರು ಅಂತ ಹೇಳ್ತೀವಿ ನಾವು. ಹೀಗೆ ಇಡೀ ಪ್ರಪಂಚ ತ್ರಿಗುಣಾರ್ಥ ಪಕ್ಕವಾದದ್ದು.
ತ್ರೈಗುಣ್ಯ ಅಂದ್ರೆ
ಈ ಮೂರು ಗುಣಗಳಿಗೆ ಸಂಬಂಧಪಟ್ಟದ್ದು.
ವಿಷಯಾಹ
ವಾದ ಅಂತ ಹಿಂದಿನ ಶ್ಲೋಕದಲ್ಲಿ ಬಂತು.
ವಾದ ಅಂದ್ರು ವಿಷಯ ಅಂದ್ರು ಒಂದೇ ಅರ್ಥ.
ವಾದೋ ವಿಷಯಕತ್ವಂಚ ಮುಖತೋ ವಚನಂ
ವೇದಾಹ ಆ ತ್ರೈಗುಣ್ಯ ವಿಷಯಾಹ
ವೇದಗಳು
ತ್ರಿಗುಣಕ್ಕೆ ಸಂಬಂಧಪಟ್ಟ
ವಸ್ತುವನ್ನು ಮೇಲುಮೈಗೆ ಹೇಳಿದಂತೆ ಕಾಣುತ್ತದೆ.
ಅರ್ಥಾತ್
ವೇದದ ಮೇಲುಮೈಗೆ ಕಾಣುವ ಅರ್ಥ ಅದು
ತ್ರಿಗುಣ ವಸ್ತುಗಳಿಗೆ ಸಂಬಂಧಪಟ್ಟ ಅಂತ ಪಟ್ಟಿದ್ದು.
ತ್ರಿಗುಣ ವಸ್ತುಗಳು ಅಂದ್ರೆ
ಲೌಕಿಕ ಭೋಗ ಭಾಗ್ಯಗಳು ಸ್ವರ್ಗ ನೋಡಿ ಸ್ವರ್ಗವು ತ್ರಿಗುಣದಲ್ಲಿ ಸೇರಿದೆ.",816,1565,,,101
kn_kannada_18_0002,kannada_18,kn,Dvaita,2,"ಸ್ವರ್ಗದಲ್ಲೂ
ಕೇವಲ ಸತ್ವಗುಣದ ಪ್ರಭಾವ ಮಾತ್ರ ಅಲ್ಲ
ರಜೋಗುಣ ತಮೋಗುಣಗಳ ಪ್ರಭಾವವು ಅಲ್ಲಿದೆ ರಾಗದ್ವೇಷಾದಿಗಳು ಅಲ್ಲಿದೆ.
ದೇವಲೋಕ ಲೋಕಕ್ಕೆ ದೈತ್ಯರು ಆಕ್ರಮಿಸುತ್ತಾರೆ, ಇಂದ್ರನಿಗೆ ಸಿಟ್ಟು ಬರುತ್ತದೆ. 
ಅವರ ವಿರುದ್ಧ ಹೋರಾಡುತ್ತಾನೆ, ಹೋರಾಟ, ಬಡೆದಾಟ, ಕೋಪ, ತಾಪ ಅಲ್ಲೂ ಇದೆ. 
ಹೀಗಾಗಿ ಇವೆಲ್ಲ ತ್ರೈಗುಣ್ಯಗಳು, ತ್ರಿಗುಣಕ್ಕೆ ಸಂಬಂಧಪಟ್ಟದ್ದು. 
ಲೌಕಿಕವಾಗಿ ನಾವು ಸುಖ ಸಾಧನ ಅಂತ ಏನು ಮನೆಗೆ ಸ್ವಾಗತ ಮಾಡುತ್ತೇವೋ ಅವುಗಳು ತ್ರೈಗುಣ್ಯಗಳು. ಗುಣ್ಯಗಳೇ.
ಅದು ಸುಖಕ್ಕೆ ಕಾರಣ ಆಗ್ತದೆ ಅನ್ನೋದು ಎಷ್ಟು ಸತ್ಯನೋ
ದುಃಖವನ್ನು ಕೊಡುತ್ತದೆ ಅನ್ನೋದು ಅಷ್ಟೇ ಸತ್ಯ.
ಇವತ್ತು ಆಧುನಿಕ ಸರಕರಣೆಗಳು ಬೇಕಾದಷ್ಟು ನಮ್ಮ ಮನೆಯಲ್ಲಿವೆ.
ಹಿತಮಿತವಾಗಿ ಬಳಸಿದ್ರೆ ಅದು ನಮಗೆ ಅನುಕೂಲ.
ಅದು ಒಂದು ಅಂಕೆಯನ್ನ ಮೀರಿದ್ರೆ ಅದು ನಮಗೆ ಪ್ರತಿಫಲ. ತಿಗೋಳ.
ನಿರಂತರ ದೂರದರ್ಶನವನ್ನು ನಮ್ಮ ಮೊಬೈಲ್ ಫೋನನ್ನು ನೋಡ್ತಾ ಇದ್ರೆ ಒಂದು ವರ್ಷದಲ್ಲಿ ಕಣ್ಣಿಗೆ ಕನ್ನಡಕ್ಕೆ ಹಾಕೋಬೇಕಾಗುತ್ತೆ.
ಮನಸ್ಸಿನ ಮೇಲೆ ಪ್ರಭಾವವನ್ನು ಬಿಡುತ್ತದೆ.
ಕಣ್ಣಿನ ಇಂದ್ರಿಯಗಳ ಮೇಲೆ ಪ್ರಭಾವವನ್ನು ಬಿಡುತ್ತದೆ.
ಹೀಗೆ ಲೌಕಿಕ ಭೋಗ ಸಾಧನಗಳು ಏನಿವೆಯೋ ಸ್ವರ್ಗವು ಸೇರಿದಂತೆ ಎಲ್ಲವೂ ತ್ರಿಗುಣಾತ್ಮಕವಾದದ್ದು.",1566,2424,,,106
kn_kannada_18_0003,kannada_18,kn,Dvaita,3,"ಇದರ ಬಗ್ಗೆ ವೇದವು ಹೇಳ್ತಾ ಇದೆ ಅಂತ ನಮಗೆ ವಿಷಯಾಹ ಆಪಾತತಹ ಈ ತ್ರೈಗುಣ್ಯಕ್ಕೆ ಸಂಬಂಧಪಟ್ಟ ವಿಷಯವನ್ನ ವೇದ ಹೇಳ್ತಾ ಇದೆ ಅಂತ ಅನ್ನಿಸ್ತಾ ಇದೆ ಅರ್ಜುನ ಆದರೆ ನಿಸ್ತ್ರೈಗುಣ್ಯೋ ಭವ ನೀನು ಆ ತ್ರಿಗುಣದ ಬಗ್ಗೆ ಆಸಕ್ತಿಯನ್ನ
ಪಡ್ಕೋಬೇಡ.
ನೀ ನಿನಿಸ್ತ್ರೈಗುಣ್ಯನಾಗು.
ಸ್ವರ್ಗದ ಬಗ್ಗೆಯೂ ಆಸಕ್ತಿಯನ್ನ
ತಾಳಬೇಡ.
ಲೌಕಿಕ ಯುದ್ಧದಿಂದ ಕೇಳ್ತಾ ಇದ್ದಿ.
ನಮಗೆ ಪದವಿ ಸಿಗುತ್ತೆ.
ಆದರೆ ಅಲ್ಲಿಂದ ಸುಖ ಸಿಗೋದಿಲ್ಲ.
ಆದ್ದರಿಂದ ಇವೆಲ್ಲ ತ್ರಿ ಗುಣಗಳ ಬಗ್ಗೆ ನೀನು ಮನಸ್ಸು ಕೆಡಿಸಿಕೊಳ್ಳಬೇಡ, ವೇದವು ಅದನ್ನ ಮೇಲ್ಮೈಗೆ ಹೇಳುವಂತೆ ಕಾಣುತ್ತದೆ, ನೀನು ನಿಸ್ತ್ರೈಗುಣ್ಯೋ ಭವ. 
ಇದು ಸಾಧನೆಯ ಬಗ್ಗೆ ಶ್ರೀಕೃಷ್ಣ ಹೇಳಿದ್ದು. 
ರಾಯರು ಈ ಶ್ಲೋಕಕ್ಕೆ ಅವತಾರಿಕೆಯನ್ನು ಕೊಡ್ತಾ ಇದಾನಿಂ ಪ್ರತಿಜ್ಞಾತಂ ಯೋಗಂ ಪ್ರಾಧಾನ್ಯೇನ ಆಹಾ ತ್ರೈಗುಣ್ಯ ನಿತ್ಯಾದಿನ ಆ ಷಷ್ಠಾಧ್ಯಾಯಂ
ಇಲ್ಲಿಂದ
ಆರನೇ ಅಧ್ಯಾಯ ಮುಗಿಯುವವರೆಗೆ
ಶ್ರೀಕೃಷ್ಣ ಯೋಗದ ಬಗ್ಗೆ ನಾನು ಮಾತು ಹೇಳುತ್ತೇನೆ ಅಂತ ಏನು ಹೇಳಿದ್ನೋ ಅದನ್ನು ಹೇಳೋಕೆ ಆರಂಭ ಮಾಡಿದ್ದಾನೆ.
ಅಲ್ಲಿಗೆ ಮೊದಲು ಅರ್ಜುನನಿಗೆ ಸಾಧನಾನುಷ್ಠಾನದ ಬಗ್ಗೆ ಹೇಳುವಾಗ ಕೃಷ್ಣ ಎಷ್ಟು ಹೇಳಿದ ಮಾತು ವೇದದಲ್ಲಿ ಪುರಾಣಗಳಲ್ಲಿ ಮೇಲ್ಮೈಗೆ ಹೇಳುವ ವಿಷಯದ ಬಗ್ಗೆಯೇ ಆಸಕ್ತನಾಗಿರದೆ ಅದನ್ನು ಬಿಟ್ಟುಬಿಟ್ಟು ನೀನು ನಿಸ್ತ್ರೈಗುಣ್ಯ ಭಾವವನ್ನು ಹೊಂದು ತ್ರಿಗುಣಗಳ ಆಕರ್ಷಣೆಗೆ ಒಳಗಾಗದೆ ನೀನು ದೇವರು ಅವನು ನಮ್ಮ ಮೇಲೆ ಪ್ರಸನ್ನನಾಗಬೇಕು ಮೋಕ್ಷ ಅದೇ ಜೀವನದ ಪರಮ ಗುರಿಯಾಗಿರಬೇಕು.",2425,3450,,,135
kn_kannada_18_0004,kannada_18,kn,Dvaita,4,"ಈ ಭಾವವನ್ನ ತಾಳುವ ಸಾತ್ವಿಕನಾಗಬೇಕು ಹೊರತು ಐಶ್ವರ್ಯ ಬೇಕು, ಮನೆ ಬೇಕು, ಮಕ್ಕಳು ಬೇಕು, ಸಂತತಿ ಬೇಕು, ಸ್ವರ್ಗ ಬೇಕು. ಹೀಗೆ ತ್ರಿಗುಣಕ್ಕೆ ಸಂಬಂಧಪಟ್ಟ ವಿಷಯ ಪದಾರ್ಥಗಳ ಬಗ್ಗೆ ಆಸಕ್ತಿ. ಅನ್ನ ತಾಳಬೇಡ. 
ವೇದದಲ್ಲಿ ಏನೋ ಮೇಲ್ಭಾಗ್ಯ ಹೇಳುವಂತೆ ಕಾಣುತ್ತದೆ ಅದು. 
ಮತ್ತೆ ಏನು ಮಾಡಬೇಕು ನೀನು? 
ನಿರ್ದ್ವಂದ್ವಾಹ ಭಗವದ್ಗೀತೆಯಲ್ಲಿ ಶಾಸ್ತ್ರಗಳಲ್ಲಿ ದ್ವಂದ್ವ ಅನ್ನೋ ಶಬ್ದಕ್ಕೆ. 
ನಮ್ಮ ಆಡು ಭಾಷೆಯಲ್ಲಿ ದ್ವಂದ್ವ ಅಂದ್ರೆ ಡೀಲಿಮಾ ಅದು ಮಾಡಬೇಕೋ ಇದು ಮಾಡಬೇಕೋ ಅಂತ ನಿರ್ಧಾರ ಮಾಡದ ಒಂದು ಸ್ಥಿತಿ.
ಸಂದೇಹ ಅಂತ ಹೇಳಬಹುದು.
ಆದರೆ ಇಲ್ಲಿ ಭಗವದ್ಗೀತೆಯಲ್ಲಿ ದ್ವಂದ್ವ ಅಂದ್ರೆ ಸುಖ ದುಃಖಗಳು.
ನಿರ್ದ್ವಂದ್ವಹ.
ನೀನು ಸುಖ ದುಃಖಗಳ ಬಗ್ಗೆ ಆಸಕ್ತಿಯನ್ನ ಕಳೆದುಕೋ.
ನಿತ್ಯ ಸತ್ವಸ್ಥಃ ಇದು ಇದಕ್ಕೆ ಅಪೂರ್ವವಾದ ಒಂದು ಅರ್ಥವನ್ನು ಹೇಳಿದ್ದಾರೆ. ಇದಕ್ಕೆ ಕಾಣುವ ಅರ್ಥ ಯಾವತ್ತೂ ಸತ್ವಗುಣದಲ್ಲಿ ಇರು ಅಂತ. ನಿತ್ಯ ಸತ್ವಸ್ಥಃ ಸತ್ವ ಅಂದ್ರೆ ಸತ್ವಗುಣ. ತ್ರಿಗುಣಗಳಲ್ಲಿ ಒಂದು ಅಲ್ಲಿ ಇರು ಅಂತ. ವಸ್ತುವಸ್ತು ಸತ್ವಗುಣವು ಪ್ರಾಕೃತವಾದದ್ದೆ.",3451,4202,,,100
kn_kannada_18_0005,kannada_18,kn,Dvaita,5,"ಅದಕ್ಕಾಗಿ ಸತ್ವಗುಣ. ಸತ್ವ ಅಂದ್ರೆ ಸತ್ವಗುಣ ಪ್ರಿಯನಾದ ಭಗವಂತ.
ಭಗವದ್ ಭಕ್ತರಿಗೆ ಕೃಷ್ಣನ ಭಕ್ತರಿಗೆ ಸಾತ್ವತರು ಅಂತ ಹೆಸರು.
ಯಾಕೆ ಅಂದ್ರೆ ಸತ್ವಗುಣ ಪ್ರಿಯರು ಅವರು.
ಸತ್ವ ಅಂದ್ರೆ ಪರಮಾತ್ಮ.
ಪರಮಾತ್ಮನಿಗೆ ಪರಮಾತ್ಮನ ವಿಶೇಷ ಸನ್ನಿಧಾನ ಸತ್ವಗುಣ ಪ್ರಚಲಿತ. ಚುರುವಾದ ವಸ್ತುವಿನಲ್ಲಿದೆ.
ಬ್ರಹ್ಮದೇವರ ದೇಹ ಮನಸ್ಸು ಸತ್ವ ಪ್ರಧಾನವಾದದ್ದು.
ಭಗವಂತನ ಸನ್ನಿಧಾನ ಅಲ್ಲಿ ಪೂರ್ಣ ಇದೆ.
ಅಂದ ಸತ್ವ ಸತ್ವ ಅಂದ್ರೆ ಪರಮಾತ್ಮ ಸತ್ವಗುಣದಲ್ಲಿ ಸನ್ನಿಧಾನವನ್ನ ಹೊಂದಿರುವ ಪರಮಾತ್ಮ ಅಂತ ಅರ್ಥ.
ನಿತ್ಯಂ ಯಾವತ್ತೂ ಸತ್ವಸ್ಥಃ ಅಂದ್ರೆ ನಿತ್ಯಂ ಸತ್ವೇ ಸಾಧುಗುಣೋಪೇತೆ ಹರೌ ತಿಷ್ಠತಿ. 
ರಾಘವೇಂದ್ರ ಸ್ವಾಮಿಗಳು ಕೊಟ್ಟ ಅರ್ಥ. 
ಸಾಧುಗುಣಗಳಿಂದ ಒಳ್ಳೆಯ ಸದ್ಗುಣಗಳಿಂದ ಕೂಡಿದ ಪರಮಾತ್ಮನಲ್ಲಿ ಸ್ಥಃ ಇರುವವನು. 
ಪರಮಾತ್ಮನಲ್ಲಿ ಇರೋದು ಅಂದ್ರೆ ಪರಮಾತ್ಮ ಬಗ್ಗೆ ಮನಸ್ಸನ್ನು ಇಟ್ಟವರು.
ಹೀಗಾಗಿ ನೀನು ಸದಾ ಭಗವದೇಕ ನಿಷ್ಠನಾದರೆ ನಿರ್ದ್ವಂದ್ವಹ.
ಸುಖ ದುಃಖಗಳ ಬಗ್ಗೆ ಆಸಕ್ತಿಯನ್ನ ಕಳೆದುಕೊಳ್ಳುತ್ತೀಯಾ?
ಸುಖ ಬೇಕು ದುಃಖ ಬೇಡ ಅಂತ ಅದರ ಬಗ್ಗೆ ಪ್ರಯತ್ನ ಮಾಡುವ ಬದಲು ನಿನ್ನ ಮನಸ್ಸನ್ನ ಸದಾ ಭಗವದ ಆಸಕ್ತಗೊಳಿಸಿದರೆ ಅಲ್ಲಿ ಅದು ರಮಿಸುತ್ತದೆ ಹೊರತು ಸುಖದ ಆಕರ್ಷಣೆಯನ್ನ ಕಳೆದುಕೊಳ್ಳುತ್ತದೆ, ದುಃಖದ ಬಗ್ಗೆ ಹೆದರೋದನ್ನ ಕಳೆದುಕೊಳ್ಳುತ್ತದೆ ಅದು.",4203,5116,,,116
kn_kannada_18_0006,kannada_18,kn,Dvaita,6,"ಆದ್ದರಿಂದ ನೀನು ನಿರ್ದ್ವಂದ್ವನ ಆಗಬಹುದು. 
ನಿರ್ದ್ವಂದ್ವೋ ನಿತ್ಯ ಸತ್ವಸ್ಥಃ 
ನಿರ್ಯೋಗಕ್ಷೇಮಃ 
ಯೋಗ ಅಂದ್ರೆ 
ಅಪ್ರಾಪ್ತ ಪ್ರಾಪ್ತಿಹಿ. ನನಗೆ ಅದು ಬರಬೇಕು, ಇದು ಬರಬೇಕು ಅನ್ನೋ ನಿರೀಕ್ಷೆ. ಕ್ಷೇಮ ಅಂದ್ರೆ ನಮ್ಮಲ್ಲಿ ಈಗಾಗಲೇ ಏನಿದೆಯೋ ಸ್ಥಿತಸ್ಯ ಪರಿರಕ್ಷಣ. ಅದು ಇದ್ದಂತೆ ಉಳಿಬೇಕು. ನಾವು ಶ್ರೀಮಂತರಾಗಿಯೂ ಮಧ್ಯಮ ವರ್ಗದವರಾಗಿಯೂ ಒಂದು ಅನುಕೂಲ ಸ್ಥಿತಿಯನ್ನು ಹೊಂದಿರುತ್ತೇವೆ. ಇದು ಹೀಗೆ ಇರಲಪ್ಪ, ಇದನ್ನು ವ್ಯತ್ಯಾಸ ಮಾಡಬೇಡ ಅಂತ ಅನ್ನೋದರ ಬಗ್ಗೆ ಆಸಕ್ತಿ. ಅಥವಾ ಇನ್ನಷ್ಟು ನನಗೆ ಬರಬೇಕು ಅನ್ನೋ ಆಕರ್ಷಣೆ. 
ಒಂದು ಯೋಗ ಇನ್ನೊಂದು ಕ್ಷೇಮ. 
ನಿರಿಯೋಗ ಕ್ಷೇಮಃ. 
ನೀನು ಪರಮಾತ್ಮನಲ್ಲಿ ನಿನ್ನ ಮನಸ್ಸನ್ನ ನೆಲೆಗೊಳಿಸಬೇಕಾದರೆ ಯೋಗಕ್ಷೇಮದ ಚಿಂತನೆಯನ್ನ ಬಿಟ್ಟುಬಿಡಬೇಕು. 
ನೀನು ಯೋಗಕ್ಷೇಮದ ಚಿಂತನೆ ಚಿಂತನೆಯನ್ನ ಮಾಡಿದರೆ ಅದು ಮುಗಿಯೋದೇ ಇಲ್ಲ.
ಅಷ್ಟು ಬಂದ್ರೆ ಮತ್ತಷ್ಟು ಬೇಕು ಅಂತ ಮತ್ತೆ ಮನಸ್ಸು ಸಿದ್ಧವಾಗಿರುತ್ತದೆ.
ಕೂಡಿಟ್ಟಷ್ಟು ಕೂಡಿದ್ದನ್ನ ರಕ್ಷಣೆ ಮಾಡುವ ಹೊಣೆಗಾರಿಕೆ ಹೆಚ್ಚಾಗುತ್ತೆ.
ಸಂಗ್ರಹ ಮಾಡುವ ಅಪೇಕ್ಷೆ ಹೆಚ್ಚಾದಷ್ಟು ಮತ್ತಷ್ಟು ಮತ್ತಷ್ಟು ಸಂಗ್ರಹದ ಲಾಲಸೆ ಬೆಳೆಯುತ್ತದೆ.
ಹೀಗಾಗಿ ನೀನು ಯೋಗಕ್ಷೇಮದ ಚಿಂತನೆಯನ್ನ ಬಿಟ್ಟುಬಿಡಬೇಕು.",5118,5976,,,103
kn_kannada_18_0007,kannada_18,kn,Dvaita,7,"ಅದನ್ನೇ ಶ್ರೀಕೃಷ್ಣ ಭಗವದ್ಗೀತೆಯ ಕೊನೆಯಲ್ಲಿ ಹೇಳಿದ.
ಯೋಗಕ್ಷೇಮಂ ವಹಾಮ್ಯಹಂ.
ಯಾರು ಅನನ್ಯಾಶ್ಚಿಂತಯಂತಹ ನನ್ನನ್ನು ಏಕಾಗ್ರತೆಯಿಂದ ನೆನೆಸಿಕೊಳ್ಳುತ್ತಾರೋ ಅಂದ್ರೆ ಮನೆಯ ಯೋಗಕ್ಷೇಮದ ಆಸಕ್ತಿಯನ್ನು ಬಿಟ್ಟು. ನನ್ನಲ್ಲೇ ನಿರಂತರ ಧ್ಯಾನಾಸಕ್ತರಾಗಿರುತ್ತಾರೋ ಅವರ ಯೋಗಕ್ಷೇಮದ ಜವಾಬ್ದಾರಿ ನನ್ನದು ಅಂದ ಶ್ರೀಕೃಷ್ಣ. ಆದ್ದರಿಂದ ಭಗವಂತನ ಮೇಲೆ ಭಾರವನ್ನು ಹೊರಿಸಿ ನಿರ್ಯೋಗಕ್ಷೇಮಃ ಯೋಗಕ್ಷೇಮದ ಹೊಣೆಗಾರಿಕೆಯನ್ನ ಬಿಟ್ಟು ನಿರ್ದ್ವಂದ್ವನಾಗಿ ನಿತ್ಯ ಸತ್ವಸ್ಥ ತಹಾ ಸದಾ ಸಾಧು ಗುಣಗಳಿಂದ ಸದ್ಗುಣಗಳ್ ಪೂರ್ಣನಾದ ಪರಮಾತ್ಮನಲ್ಲಿ ಆಸಕ್ತನಾಗಿರಬೇಕು ಆತ್ಮವ ತುಂಬಾ ಮುಖ್ಯವಾದ ಒಂದು ಭಾವನೆ ಬ್ರಹ್ಮಸೂತ್ರದಲ್ಲಿ ವೇದವ್ಯಾಸರು ನಾವು ನಿರಂತರ ಚಿಂತನೆ ಮಾಡಬೇಕಾದ ಒಂದು ಅಂಶವನ್ನು ಹೇಳಿದ್ದಾರೆ ಆತ್ಮೇತಿ ಉಪಗಚ್ಛಂತಿ ಗ್ರಾಹಯಂತಿಚಾ ಅಂತ.
ನಾವು ಸದಾ ಏನು ಭಗವಂತನ ಬಗ್ಗೆ ಚಿಂತನೆ ಮಾಡಬೇಕು ಅಂದ್ರೆ ಆತ್ಮ ಅಂತ. ಆತ್ಮ ಅಂದ್ರೆ ಸ್ವಾಮಿ.
ನನ್ನನ್ನು ಕಾಯುವ ಒಡೆಯ ಪರಮಾತ್ಮ.
ಪರಮಾತ್ಮ ಸ್ವಾಮಿ ನಾನು ಅವನ ದಾಸ.
ಪರಮಾತ್ಮ ಸದ್ಗುಣಗಳ ರಾಶಿ.
ನಾನು ಅವನ ದಾಸ ಅಂದ್ರೆ ನಾನು ಗುಣಗಳ ದಾಸ.
ಅವನು ಸಂತೋಷ ಪಡಬೇಕಾದರೆ ಸದ್ಗುಣಗಳ ರಾಶಿ ಅವನು.",5977,6797,,,102
kn_kannada_18_0008,kannada_18,kn,Dvaita,8,"ಅವನು ಸಂತೋಷ ಪಡಬೇಕಾದರೆ ನಮ್ಮಲ್ಲಿ ಪ್ರೀತನಾಗಬೇಕಾದರೆ ಒಂದೊಂದೇ ಸದ್ಗುಣಗಳನ್ನು ನಾವು ತುಂಬಿಸಿಕೊಳ್ಳಬೇಕು.
ಹೀಗೆ ಸದ್ಗುಣ ಗಣಿಯಾದ ಪರಮಾತ್ಮನಲ್ಲಿ ದಾಸ್ಯವನ್ನು ನಾವು ವಹಿಸಿದರೆ,
ಅವನಂತೆ ಅವನಲ್ಲಿರುವ ಸದ್ಗುಣಗಳನ್ನು ಬೆಳೆಸಿಕೊಳ್ಳುವ ಪ್ರಯತ್ನ ನಮ್ಮಲ್ಲಿ ನಡೆಯುತ್ತದೆ. 
ಹೀಗಾಗಿ ಅವನು ಸಕಲ ಗುಣ ಪೂರ್ಣನಾದ ಸ್ವಾಮಿ. 
ನಾನು ಅವನ ಅಧೀನ. 
ಅವನಿಗಾಗಿ ನಾನಿದ್ದೇನೆ. 
ಈ ಪರಮಾತ್ಮನು ಸ್ವಾಮಿಯನ್ನು ಅನುಸರಿ ಸಂಧಾನ ಏನಿದೆಯೋ ಅದನ್ನ ಶ್ರೀಕೃಷ್ಣ ಈ ಶ್ಲೋಕದಲ್ಲಿ ಆತ್ಮವಾನ್ ಆತ್ಮ ಅಂದ್ರೆ ಸ್ವಾಮಿ ಆತ್ಮವಾನ್ ಶ್ರೀಕೃಷ್ಣನೇ ಭಗವಂತನೇ ಸ್ವಾಮಿಯಾಗಿ ಉಳ್ಳವನಾಗು ಹೀಗೆ ಮೂರು ಅಂಶಗಳನ್ನ ಶ್ರೀಕೃಷ್ಣ ಇಲ್ಲಿ ಹೇಳಿದ್ದಾರೆ ಬಿಡಬೇಕಾದ ಅಂಶ ಎರಡು ನಿರ್ದ್ವಂದ್ವಹ ನಿರಿಯೋಗಕ್ಷೇಮಃ
ನೀನು ಸುಖ ದುಃಖಗಳ ದ್ವಂದ್ವವನ್ನ ದಾಟಬೇಕು
ಯೋಗಕ್ಷೇಮಗಳ ಬಗ್ಗೆ ಚಿಂತೆಯನ್ನ ಬಿಡಬೇಕು
ಇದು ಬಿಡಬೇಕಾದ ಎರಡು ಅಂಶ
ನಾವು ಗಳಿಸಬೇಕಾದ ಎರಡು ಅಂಶ ಒಂದು ಆತ್ಮವಾನ್ ಭಗವಂತನೇ ನಮ್ಮ ಸ್ವಾಮಿ ಪೊರೈವವನು ಎಂಬ ದೃಢ ನಂಬಿಕೆ ನಾವು ನಮ್ಮಲ್ಲಿ ಬೇಕು.
ನಿತ್ಯ ಸತ್ವಸ್ಥಃ
ಈ ಭಾವನೆ ಬರಬೇಕಾದರೆ ನಾವು ಸತತ ಪರಮಾತ್ಮನನ್ನ ಚಿಂತನೆ ಮಾಡಬೇಕು ಮನಸ್ಸಿನಲ್ಲಿ.",6798,7616,,,104
kn_kannada_18_0009,kannada_18,kn,Dvaita,9,"ಅದು ಕ್ಷಮ ಇಲ್ಲದೆ ಖರ್ಚಿಲ್ಲದೆ ಆಗುವ ಕೆಲಸ.
ನಮ್ಮ ಬೇರೆ ಬೇರೆ ಲೌಕಿಕ ಕೆಲಸಗಳನ್ನು ಮಾಡುತ್ತಾ ಇರುವಾಗಲೂ ಕೂಡ ಭಗವಂತನ ನಾಮಸ್ಮರಣೆ ಮನಸ್ಸಿನಲ್ಲಿ ಭಗವಂತನ ಸ್ಮರಣೆ ಏನಿದೆಯೋ, ಇದನ್ನು ಮಾಡೋದು ಬಹಳ ಸುಲಭವಾದ ಒಂದು ಕೆಲಸ. 
ಅನ್ನ ನಿತ್ಯ ಸತ್ವಸ್ಥಃ ನೀವು ಯಾವುದೇ ಕೆಲಸ ಕಾರ್ಯಗಳಲ್ಲಿ ತೊಡಗಿದ್ದರೂ ಮನಸ್ಸು ನಿರಂತರ ಭಗವಂತನ ಚಿಂತನೆಯಲ್ಲಿ ಇರಲಿ. 
ಅವನೇ ಸ್ವಾಮಿ ಅವನು ಕೊಟ್ರೆ ಇದೆ ಅವನು ಮಾಡಿದ್ದಕ್ಕೆ ನಾನು ಸಿದ್ಧ ಅನ್ನೋ ಭಗವಂತನ ಸ್ವಾಮಿತ್ವ. ಚಿಂತನೆಯನ್ನ ನಡೆಸ್ತಾ ಇರಿ. 
ಇವೆರಡು ಮಾಡಬೇಕಾದ್ದು ಅವೆರಡು ಬಿಡಬೇಕಾದ್ದು. 
ಇದು ಯೋಗ ಮಾರ್ಗದಲ್ಲಿ ಭಗವಂತನನ್ನ ಕಾಣುವ ಅವನ ಅನುಗ್ರಹಕ್ಕೆ ಪಾತ್ರರಾಗುವ ದಾರಿಯಲ್ಲಿ ನಾವು ಮಾಡಬೇಕಾದ ಆರಂಭದ ಹಂತ. 
ಮತ್ತೊಮ್ಮೆ ಶ್ಲೋಕ ತ್ರೈಗುಣ್ಯ ವಿಷಯಾ ವೇದಾ ನಿಸ್ತ್ರೈಗುಣ್ಯೋ ಭವಾರ್ಜುನ ನಿರ್ದ್ವಂದೋ ನಿತ್ಯ ಸತ್ವಸ್ಥಃ ನಿರಿಯೋಗಕ್ಷೇಮ ಆತ್ಮವಾನ್
ಶ್ರೀ ವೇದಾಚಾರ್ಯರು ತ್ರೈಗುಣ್ಯ ವಿಷಯಾಹ ಅಂದ್ರೆ ವೇದಗಳು ಮೇಲುಮೈಗೆ ತ್ರೈಗುಣ್ಯದ ಬಗ್ಗೆ ಹೇಳ್ತಾ ಇದ್ದಾವೆ ಅಂತ ಒಂದು ಅರ್ಥವನ್ನ ಮಾಡಿದ್ದಾರೆ ಹೇಳಿದ್ದಾರೆ.
ಭಗವದ್ಗೀತಾ ತಾತ್ಪರ್ಯದಲ್ಲಿ ವೇದವನ್ನ ಪ್ರಶಂಸೆ ಮಾಡುವ ಇನ್ನೊಂದು ಅರ್ಥವನ್ನು ಇದಕ್ಕೆ ಹೇಳಿದ್ದಾರೆ.",7617,8464,,,108
kn_kannada_18_0010,kannada_18,kn,Dvaita,10,"ತ್ರೈಗುಣ್ಯ ವಿಷಯ ಯ ತ್ರೈಗುಣ್ಯ ವಿಷಯಾಹ ಅಂತ ಎರಡು ಪದ ಈಗ ಮೂರು ಪದ ತ್ರೈಗುಣ್ಯ ವಿಷಯ ಯ ತ್ರೈಗುಣ್ಯ ಅಂದ್ರೆ ತ್ರಿಗುಣ ಗಳಿಂದ ಆಗಿರುವ
ಲೌಕಿಕ ವಿಷಯಗಳು.
ಅಂದ್ರೆ ರುಚಿಯಾದ ಪದಾರ್ಥಗಳು, ಇಂಪಾದ ಶಬ್ದಗಳು, ಈ ವಿಷಯ ಪದಾರ್ಥಗಳು.
ಅವುಗಳು ವಿಷಗಳು.
ನಮಗೆ ಗೊತ್ತಾಗುವುದಿಲ್ಲ.
ಇವತ್ತು ನಾವು ದೇಹದ ಪುಷ್ಟಿಗೆ ಅಂತ ಏನು ಆಹಾರ ತೆಗೆದುಕೊಳ್ಳುತ್ತೇವೋ, ಒಂದರ್ಥದಲ್ಲಿ ವಿಷ ಬೆರೆತ ಆಹಾರ.
ವಿಷ ಮಿಶ್ರಿತವಾದ ಗಾಯ. ಆಳಿ.
ವಿಷ ಮಿಶ್ರಿತವಾದ ನೀರು.
ಹೇಗೋ ಹಾಗೆ ಕಣ್ಣಿಗೆ ಚಂದವಾಗಿ ಕಾಣುವ ವಸ್ತುಗಳು ಕಿವಿಗೆ ಇಂಪಾಗಿ ಸೆಳೆಯುವ ಶಬ್ದಗಳು ನಾಲಿಗೆಗೆ ರುಚಿ ಅಂತ ಕಾಣುವ ಬೇರೆ ಬೇರೆ ವಸ್ತುಗಳು ತಿನ್ನುವ ವಸ್ತುಗಳು ಇವೆಲ್ಲ ತ್ರೈಗುಣ್ಯಗಳು ತ್ರಿಗುಣ್ಯಗಳು. ಗುಣದ ವಿಕಾರಗಳು.
ಇದು ವಿಷಗಳು.
ಎಷ್ಟೆಷ್ಟು ಇದರ ಆಕರ್ಷಣೆಗೆ ನಾವು ಒಳಗಾಗ್ತೇವೋ ಅಷ್ಟಷ್ಟು ನಮ್ಮ ಮನಸ್ಸನ್ನು ವಿಷಮಯವಾಗಿ ಮಾಡುತ್ತವೆ.
ಇಂತಹ ತ್ರೈಗುಣ್ಯ ಎಂಬ ವಿಷವನ್ನು ಯಾಪಯಂತಿ ಅದಲ್ಲಪ್ಪ ಇದು ಅಂತ ದೂರ ಮಾಡುವಂತವು. ಗಳು ವೇದಗಳು.",8465,9177,,,100
kn_kannada_18_0011,kannada_18,kn,Dvaita,11,ತ್ರೈಗುಣ್ಯದ ಬಗ್ಗೆ ನಮ್ಮ ಮನಸ್ಸಿನ ಆಸಕ್ತಿಯನ್ನ ಕಡಿಮೆಗೊಳಿಸಿ ಭಗವಂತನ ಬಗ್ಗೆ ನಮ್ಮ ಬುದ್ಧಿ ಬೆಳೆಯುವಂತೆ ಮನಸ್ಸು ಸೆಳೆಯುವಂತೆ ಮಾಡುವಂತ ವೇದ ರಾಶಿ ಇದು ತ್ರೈಗುಣ್ಯ ವಿಷಯಾಹ ವೇದಾಹ ಇಹಚೇದವೇದೀತ್ ಅಥ ಸತ್ಯಮಸ್ತಿ ಉಪನಿಷತ್ ಹೇಳುವ ಮಾತು ಮನುಷ್ಯ ಜನ್ಮ ಬಂದಾಗ ನೀವು ಭಗವಂತನ ಬಗ್ಗೆ ತಿಳ್ಕೊಂಡ್ರೆ ನಿಮ್ಮ ಜೀವನ ಸಾರ್ಥಕ. ನಚೇತ್ ಇಹ ಅವೇದಿತ್ ಇದು ಬಂದಾಗ ನೀವು ತಿಳಿಯೋದಕ್ಕೆ ಪ್ರಯತ್ನ ಪಟ್ಟಿಲ್ಲ ಅಂದ್ರೆ ಮಹತೀ ವಿನಷ್ಟಿಹಿ ಜೀವನದ ದೊಡ್ಡ ನಷ್ಟ ಅದು. ಮುಂದೆ ಯಾವ ಶರೀರ ನಿಮಗೆ ಬರುತ್ತೋ ಗೊತ್ತಿಲ್ಲ. ಒಂದು ಒಂದು ಮರವಾಗಿ ಕಾಡಿನಲ್ಲಿ ಹುಟ್ಟಿದರೆ ಸಾವಿರಾರು ವರ್ಷಗಳು ವ್ಯರ್ಥ. ಅಂದ ಅಮೂಲ್ಯವಾದ ಈ ಮಾನವ ದೇಹದಿಂದ ಸಾಧ್ಯವಾದಷ್ಟು ತ್ರೈಗುಣ್ಯ ವಿಷಯಗಳ ಸಂಪಾದನೆಯನ್ನ ಬಿಟ್ಟು ಮನಸ್ಸಿನಿಂದ ಭಗವತ್ ಚಿಂತನೆಯನ್ನು ಮಾಡೋದಕ್ಕೆ ಪ್ರಯತ್ನಪಟ್ಟರೆ ಅದು ಸಾರ್ಥಕ ಅಂತ ಹೀಗೆ ಉಪನಿಷತ್ತುಗಳು ಬುದ್ಧಿ ಹೇಳಿ. ಈ ತ್ರಯಗುಣ್ಯದ ಬಗ್ಗೆ ಅದು ವಿಷ ಅಂತ ಅದರಿಂದ ಆಗುವ ಅನರ್ಥಗಳನ್ನ ನಮ್ಮ ಮುಂದೆ ಇಟ್ಟು ಅದನ್ನ ದೂರ ಮಾಡುವಂತಹ ಕೆಲಸ ವೇದ ಮಾಡುತ್ತದೆ ಅಂತ ಇದೊಂದು ಅಮೂಲ್ಯವಾದ ಅರ್ಥವನ್ನ ಶ್ರೀಮದಾಚಾರ್ಯರು ಭಗವದ್ಗೀತಾ ತಾತ್ಪರ್ಯದಲ್ಲಿ ಹೇಳಿದ್ದಾರೆ.,9178,10013,,,114
kn_kannada_18_0012,kannada_18,kn,Dvaita,12,ಮುಂದಿನ ಸಂಚಿಕೆಯಲ್ಲಿ ಶ್ರೀಕೃಷ್ಣ ಇದುವರೆಗೆ ಪ್ರಾಪಂಚಿಕ ವಿಷಯವನ್ನು ತೊರೆದು ನಾವು ಭಗವಂತನಲ್ಲಿ ಆಸಕ್ತರಾಗಿರಬೇಕು ಅನ್ನೋ ಅಮೂಲ್ಯವಾದ ಒಂದು ಸಾಧನ ಮಾರ್ಗವನ್ನು ಉಪದೇಶ ಮಾಡಿದ. ಇದರ ಬಗ್ಗೆ ಬರುವ ಆಕ್ಷೇಪವನ್ನ ಮುಂದಿನ ಶ್ಲೋಕದಲ್ಲಿ ವಿಮರ್ಶೆ ಮಾಡುತ್ತಾನೆ. ಅದನ್ನ ಮುಂದಿನ ಭಾಗದಲ್ಲಿ ನೋಡೋಣ. ಶ್ರೀ ಕೃಷ್ಣಾರ್ಪಣಮಸ್ತು. ಭಗವದ್ಗೀತೆಯ ಈ ಪ್ರಾಯೋಜಕತ್ವವನ್ನು ಶ್ರೀ ಮರಬೇಕರೆ ಮುರಳೀಧರರಾವ್ ತಾವು ವಹಿಸಿಕೊಂಡು ನಡೆಸ್ತಾ ಇದ್ದಾರೆ. ಶ್ರೀಕೃಷ್ಣ ಅವರಿಗೆ ವಿಶೇಷವಾದ ಅನುಗ್ರಹವನ್ನು ಮಾಡ್ಲಿ ಅಂತ ಪ್ರಾರ್ಥನೆ ಮಾಡ್ತೀನಿ.,10014,10432,,,49
kn_kannada_19_0000,kannada_19,kn,Dvaita,0,"ಶ್ರೀ ಗುರುಭ್ಯೋ ನಮಃ ಹರಿಃ ಓಂ ಭಗವದ್ಗೀತೆಯ 46ನೇ ಶ್ಲೋಕ ಯಾವಾನರ್ಥಃ ಉದಪಾನೇ ಸರ್ವತಸ್ಸಂಪ್ಲುತೋದಕೇ ತಾವಾನ್ ಸರ್ವೇಶು ವೇದೇಶು ಬ್ರಾಹ್ಮಣಸ್ಯ ವಿಜಾ ಆನತಃ
ಪದವಿಭಾಗ
ಯಾವಾನ್
ಅರ್ಥಃ
ಉದಪಾನೆ
ಸರ್ವತಃ
ಸಂಪ್ಲುತೋದಕೆ
ತಾವಾನ್
ಸರ್ವೇಶು
ವೇದೇಶು
ಬ್ರಾಹ್ಮಣಸ್ಯ ವಿಜಾನತಃ ಹಿಂದೆ ಶ್ರೀಕೃಷ್ಣ ಹೇಳಿದ ತ್ರೈಗುಣ್ಯದ ಬಗ್ಗೆ ನಿನ್ನ ಮನಸ್ಸನ್ನ ಕೆಡಿಸಿಕೊಳ್ಳಬೇಡ ನಿಸ್ತ್ರಿಗುಣ್ಯನಾಗಿ ಭಗವತ್ ಪ್ರಜ್ಞೆಯನ್ನ ಬಿಡಿಸಿಕೋ ಅದಕ್ಕೆ ನಮಗೆ ಈ ಪ್ರಶ್ನೆ ಕೃಷ್ಣನ ಮಾತಿನ ಮೇಲೆ ಬರಬಹುದು ತ್ರೈಗುಣ್ಯಕ್ಕೆ ಸಂಬಂಧಪಟ್ಟ ವಿಷಯಗಳು ಅಂದ್ರೆ ಭೋಗ, ಭಾಗ್ಯ, ಸ್ವರ್ಗ ಇವುಗಳ ಮೇಲೆ ಆಸಕ್ತಿ ಹೊಂದಿ ಇವುಗಳನ್ನ ಸಾಧಿಸಿ ಕೊಡುವ ಕಾಮ್ಯ ಕರ್ಮಗಳ ಬಗ್ಗೆ ಆಸಕ್ತಿ. ಅವುಗಳನ್ನ ಮಾಡುವ ಮನೋಭಾವ. ಇದನ್ನು ಬಿಟ್ಟುಬಿಡು. ಅದು ನಶ್ವರ. ನೀನು ಭಗವದೇಕ ನಿಷ್ಠನಾಗು ಭಗವತ್ಪ್ರಜ್ಞೆಯನ್ನು ಬಿಡಿಸಿಕೋ ನಿನಗೆ ಶಾಶ್ವತವಾದ ಸುಖ ಸಿಗುತ್ತದೆ. ಒಟ್ಟಿನಲ್ಲಿ ಕರ್ಮ ಮಾರ್ಗವನ್ನು ಬಿಡು ಜ್ಞಾನ ಮಾರ್ಗವನ್ನು ಅನುಸರಿಸು. ಇದು ಶ್ರೀಕೃಷ್ಣನ ಭಾವ. ಆಗ ನಮಗೆ ಬರುವ ಪ್ರಶ್ನೆ. ಜ್ಞಾನ ಮಾರ್ಗದಲ್ಲಿ ಹೋದರೆ ಯಾರು ಕರ್ಮಾಚರಣೆಯಿಂದ ಸ್ವರ್ಗಾದಿ ಫಲಗಳನ್ನ ಗಳಿಸುತ್ತಾರೋ ಅದಿಲ್ಲ ನಮಗೆ.",0,828,,,106
kn_kannada_19_0001,kannada_19,kn,Dvaita,1,"ಯಾರು ಕರ್ಮ ಮಾರ್ಗದಲ್ಲಿ ಆಸಕ್ತರಾಗಿರುತ್ತಾರೋ ಅವರಿಗೆ ಸ್ವರ್ಗ ಐಹಿಕ ಭಾಗ್ಯ ಇದು ಸಿಗುತ್ತದೆ ಮೋಕ್ಷ ಸಿಗಲ್ಲ. ಅಲ್ಲಿಗೆ ಅವರಿಗೆ ಮೋಕ್ಷ ಇಲ್ಲ ಜ್ಞಾನ ಮಾರ್ಗದಲ್ಲಿ ಅಲ್ಲಿರುವವರಿಗೆ ಸ್ವರ್ಗ ಇಲ್ಲ. 
ಅಲ್ಲಿಗೆ ಲಾಭ ನಷ್ಟಗಳ ಚಿಂತನೆಯನ್ನ ಮಾಡಿದರೆ ಎರಡು ಮಾರ್ಗಗಳು ಒಂದೇ ಅಲ್ವಾ? 
ಜ್ಞಾನ ಮಾರ್ಗದಲ್ಲಿರುವವನಿಗೆ ಕರ್ಮ ಮಾರ್ಗದಿಂದ ಸಿಗುವ ಸ್ವರ್ಗಾದಿ ಭಾಗ್ಯಗಳಿಲ್ಲ. 
ಕರ್ಮ ಮಾರ್ಗದಲ್ಲಿ ಇರುವವರಿಗೆ ಜ್ಞಾನ ಮಾರ್ಗದಲ್ಲಿ ಸಿಗುವ ಮೋಕ್ಷದ ಫಲ ಇಲ್ಲ. 
ಅಂದ್ರೆ ಅದಾದರೆ ಏನು ಇದಾದರೆ ಏನು?
ಅನ್ನೋ ಪ್ರಶ್ನೆಗೆ ಬಹಳ ಒಳ್ಳೆಯ ಉದಾಹರಣೆಯನ್ನು ಕೊಟ್ಟು ಭಗವದ್ಗೀತೆಯಲ್ಲಿ ಶ್ರೀಕೃಷ್ಣ ಸರಳವಾದ ಸಮಾಧಾನವನ್ನ ಹೇಳಿದ್ದಾನೆ.
ಇಲ್ಲಿ ಯಾವಾನ್ ಅನ್ನೋ ಶಬ್ದ ಆರಂಭದಲ್ಲಿದೆ.
ಅದಕ್ಕೆ ಸಂಬಂಧಪಟ್ಟ ಇನ್ನೊಂದು ಶಬ್ದ ತಾವಾನ್ ಅನ್ನೋದು.
ಯಾರು ಅಂದ್ರೆ ಅವನು ಅನ್ನೋದು ಹೇಗೆ ಬೇಕೋ
ಹಾಗೆ ಇದರ ಜೊತೆ ಸೇರಿಸಿಕೊಳ್ಳಬೇಕಾದ ಮತ್ತೊಂದು ಶಬ್ದವನ್ನ ಇಲ್ಲಿ ತೆಗೆದುಕೊಳ್ಳಬೇಕು.
ಅವಾಗ ಶ್ಲೋಕದ ಅನ್ವಯ ಉದಪಾನೇ ಯಾವಾನ್ ಅರ್ಥಃ ಸರ್ವತ ಸಂಪುಲುತೋದಕ್ಕೆ ತಾವಾನ್ ಉತ್ತರಾರ್ಥದಲ್ಲಿ ಇದೆ. ಉದಪಾನ ಅಂದ್ರೆ ಕೂಪ ಅಂತ ಅರ್ಥ ಬರೀತಾರೆ.",829,1635,,,104
kn_kannada_19_0002,kannada_19,kn,Dvaita,2,"ಉದಕ ಅಂದ್ರೆ ನೀರು, ಉತು ಅಂದ್ರು ನೀರು. ಉದಪಾನ ಅಂದ್ರೆ ನೀರು ತುಂಬಿದ ಭಾವಿ. ಉದಪಾನೇ ಯಾವಾನ್ ಅರ್ಥಃ ಭಾವಿಯಿಂದ ಅಥವಾ ಕೆರೆಯಿಂದ ನಿಮಗೆ ಎಷ್ಟು ಪ್ರಯೋಜನ ಸಿಗ್ತದೋ. ತಾವಾನ್ ಸರ್ವತಃ ಸಂಪ್ಲುತೋದಕೆ ಆ ಎಲ್ಲ ಪ್ರಯೋಜನವು ತುಂಬಿ ಹರಿಯುವ ಒಂದು ಹೊಳೆಯಲ್ಲಿ ನಿಮಗೆ ಸಿಕ್ಕೇ ಸಿಗುತ್ತೆ. ನಿಮ್ಮ ಮನೆ ಪಕ್ಕದಲ್ಲಿ ಸ್ವಚ್ಛವಾದ ನೀರಿನ ತೊರೆ ಹರಿತಾ ಇದ್ದರೆ ಬಾವಿ ತೋಡುವ ಚಿಂತೆ ನಮಗೆ ಯಾಕೆ? ಯಾಕೆ ಅಂದ್ರೆ,
ಭಾವಿಯಿಂದ ಸಿಗುವ ಎಲ್ಲ ಪ್ರಯೋಜನಗಳು
ಹರಿಯುವ ನದಿಯಿಂದ ಸಿಕ್ಕೇ ಸಿಗ್ತದೆ.
ಅದಕ್ಕೆ ವಿಪರೀತವಾಗಿ ಇಟ್ಟುಕೊಳ್ಳಿ
ಹರಿಯುವ ನದಿಯಿಂದ ಏನು ಪ್ರಯೋಜನ ಸಿಗ್ತದೋ ಅದೆಲ್ಲ ಭಾವಿಯಿಂದ ಆಗಲ್ಲ.
ಭಾವಿ ಮತ್ತೆ ತುಂಬಿ ಹರಿಯುವ ಸ್ವಚ್ಛವಾದ ನದಿ.
ಇವೆರಡರಲ್ಲಿ ಭಾವಿಯ ಪ್ರಯೋಜನ ಎಲ್ಲ ನದಿಯಿಂದ ಆಗುತ್ತೆ, ನದಿಯಿಂದ ಸಿಗುವ ಪ್ರಯೋಜನ ಇಲ್ಲ ಭಾವಿಯಲ್ಲಿ ಆಗಲ್ಲ.
ಎಂತ ಸರಳವಾದ ಒಂದು ಉದಾಹರಣೆ ನೋಡ್ರಿ.
ಕೃಷ್ಣ ಹೇಳಲಿಕ್ಕೆ ಹೊರಟಿದ್ದು 
ಜ್ಞಾನಿಗಳಿಗೆ ಏನು ಪ್ರಯೋಜನ ಸಿಗ್ತದೋ ಅದು ಕರ್ಮಿಗಳಿಗಿಲ್ಲ.",1636,2351,,,100
kn_kannada_19_0003,kannada_19,kn,Dvaita,3,"ಕರ್ಮ ಮಾರ್ಗದಲ್ಲಿರುವವರಿಗೆ ಏನು ಪ್ರಯೋಜನ ಇದೆಯೋ ಅದು ಜ್ಞಾನ ಮಾರ್ಗದಲ್ಲಿರುವವರಿಗೆ ಇಲ್ಲ.
ಎರಡು ಸಮಾನ. ಆದರೆ
ಜ್ಞಾನ ಮಾರ್ಗದಲ್ಲಿ ಭಗವಂತನನ್ನ ಮೆಚ್ಚಿಸಿದವರಿಗೆ ಸಿಗುವ ಪ್ರಯೋಜನ ಅದು ಹರಿಯುವ ಹೊಳೆಯಂತೆ.
ಕರ್ಮ ಮಾರ್ಗದಲ್ಲಿ ಆಸಕ್ತರಾದವರಿಗೆ ಸಿಗುವ ಫಲ ಅದು ಭಾವಿಯಂತೆ.
ಭಾವಿ ಇದ್ದವರಿಗೆ ಹೊಳೆಯ ಅನುಕೂಲತೆ ಇಲ್ಲ ಆದರೆ ಹೊಳೆ ಇದ್ದವರಿಗೆ ಭಾವಿಯ ಅನುಕೂಲತೆ ಇದೆ ಅಂತ. ಏನ್ ಹೇಳ್ತಾ ಶ್ರೀಕೃಷ್ಣ? ಜ್ಞಾನ ಮಾರ್ಗದಿಂದ ಭಗವಂತನನ್ನ ಮೆಚ್ಚಿಸಿದವರಿಗೆ ಕರ್ಮ ಮಾರ್ಗದಲ್ಲಿ ಏನು ಗಳಿಸಬಹುದೋ ಅದೆಲ್ಲ ಇವರಿಗೂ ಇದೆ. ಭಗವಂತ ಪ್ರಸನ್ನನಾದರೆ ಕಿಮಿಹ ಅಲಭ್ಯಂ ಪ್ರಸನ್ನೇ ಶ್ರೀನಿಕೇತನೇ. ಭಗವಂತ ಪ್ರಸನ್ನನಾದರೆ ಬರೇ ತನ್ನ ಬಡಿಯಲ್ಲಿ ಕರೆಸಿಕೊಳ್ಳುತ್ತಾನೆ ಅಷ್ಟೇ ಅಲ್ಲ
ಇವಾಗ ಇರುವಾಗ ಪ್ರಾಪಂಚಿಕ ಜೀವನವನ್ನು ಕೂಡ ನಿಶ್ಚಿಂತೆಯಿಂದ ನಡೆಯುವಂತೆ ಮಾಡ್ತಾನೆ.
ಸುಧಾಮ ಶ್ರೀಕೃಷ್ಣನ ಬಡಿಗೆ ಹೋಗಿದ್ದು
ಪತ್ನಿಯ ಒತ್ತಾಯಕ್ಕೆ ಲೌಕಿಕ ಭಾಗ್ಯದ ಒಂದು
ಅಪೇಕ್ಷಾ ಅವನ ಮನಸ್ಸಿನ ಮೂಲೆಯಲ್ಲಿ ಇತ್ತೋ ಏನೋ
ಆದರೆ ಕೃಷ್ಣನ ದರ್ಶನ ಆಗುತ್ತೆ ಅಂತ ಕೃಷ್ಣನ ದರ್ಶನ ಆಯಿತು. ಅವನು ಲೌಕಿಕ ಭಾಗ್ಯ ಬೇಕು, ಧನ ಕನಕಾದಿಗಳು ಬೇಕು ಅಂತ ಉದ್ದೇಶ ಪ್ರಧಾನವಾದ ಅವನದಲ್ಲ.",2352,3184,,,110
kn_kannada_19_0004,kannada_19,kn,Dvaita,4,"ಕೃಷ್ಣನನ್ನು ನೋಡಬೇಕು, ಅವನ ಅನುಗ್ರಹ ಪಾತ್ರನಾಗಬೇಕು ಅಂತ. ಕೃಷ್ಣ ಅನುಗ್ರಹ ಮಾಡಿ ಅಷ್ಟೇ ಬಿಟ್ಟನೋ, ಮನೆ ತುಂಬಾ ಬಂಗಾರ ಮಯವನ್ನಾಗಿ ಮಾಡಿ ತುಂಬಲಾರದ ಸಂಪತ್ತನ್ನು ಸುಧಾರಿಸಿ. ಆ ಮನೆಗೆ ಕೊಟ್ಟ.
ಅಲ್ಲಿಗೆ ಜ್ಞಾನ ಮಾರ್ಗವನ್ನು ಯಾರು ಅರಿಸುತ್ತಾರೋ ಅವರಿಗೆ ಲೌಕಿಕ ಸುಖ ಭೋಗ ಭಾಗ್ಯಗಳು ಸಿಗುತ್ತವೆ. 
ಜೊತೆಯಲ್ಲಿ ಭಗವಂತನ ಅನುಗ್ರಹದಿಂದ ಮೋಕ್ಷ ರೂಪವಾದ ಪುನರಾವೃತ್ತಿ ರಹಿತವಾದ ಭಗವತ್ ಸಾನಿಧ್ಯವು ದೊರೆಯುತ್ತದೆ.
ಅದನ್ನ ಜ್ಞಾನಿಗಳ ಸುಖದಲ್ಲಿ ಕರ್ಮಿಗಳ ಸುಖವು ಸೇರಿಕೊಳ್ಳುತ್ತದೆ. 
ಕರ್ಮಿಗಳ ಸುಖದಲ್ಲಿ ಜ್ಞಾನಿಗಳ ಸುಖ ಸೇರೋದಿಲ್ಲ. 
ಇದಕ್ಕೆ ನೀರು ಹೊಳೆ ಇವೆರಡು ದೃಷ್ಟಾಂತ. 
ಉತ್ತರಾರ್ಥದ ಚಿಂತನೆ ಸರ್ವೇಷು ವೇದೇಶು. 
ಅಂದ್ರೆ ಸಕಲ ವೇದಗಳಲ್ಲಿ ವಿಜಾನತಃ ಬ್ರಾಹ್ಮಣಸ್ಯ ತಾಮಾ ಜ್ಞಾನವನ್ನು ಗಳಿಸಿದ ಬ್ರಾಹ್ಮಣನಿಗೆ ತಾವಾನ್ ಅಷ್ಟು ಪ್ರಯೋಜನ ಸಿಗುತ್ತದೆ. 
ವೇದದ ಮೇಲುಮೈಗೆ ತೋರುವ ಕರ್ಮದ ಬಗ್ಗೆ ಆಸಕ್ತಿ ತಾಳಿದವನಿಗೆ ಏನು ಪ್ರಯೋಜನ ಇದೆಯೋ ಅದು ವಿಜಾನತಃ ಬ್ರಾಹ್ಮಣಸ್ಯ ತಾವಾನ್ ಅವೆಲ್ಲವೂ ಜ್ಞಾನಿಯಾದವನಿಗೆ ಸಿಗುತ್ತದೆ. 
ನೋಡಿ ಭಗವದ್ಗೀತೆಯನ್ನ ಶ್ರೀಕೃಷ್ಣ ಹೇಳಿದ್ದು ಯಾವುದೋ ಒಂದು ವರ್ಗಕ್ಕೆ ಅಲ್ಲ.",3185,3997,,,101
kn_kannada_19_0005,kannada_19,kn,Dvaita,5,"ಇಲ್ಲಿ ನೋಡಿ ಗೀತೆಯ ಶಬ್ದವನ್ನು ನೋಡಿದಾಗ ಜ್ಞಾನಿಯಾದ ಬ್ರಾಹ್ಮಣನಿಗೆ ಅದೆಲ್ಲವೂ ಸಿಗುತ್ತದೆ. ಹಾಗಾದರೆ ಬ್ರಾಹ್ಮಣರಿಗೆ ಮಾತ್ರ ದೇವರು ಕೊಡೋದು ಉಳಿದವರಿಗೆ ಯಾರಿಗೂ ಕೊಡೋದಿಲ್ಲ ಅನ್ನೋ ಅಪಾರ್ಥದ ಕಲ್ಪನೆ ಇಲ್ಲಿ ಬರುವ ಸಂದರ್ಭ ಇದೆ. ಇಲ್ಲಿ ಶ್ರೀಮದಾಚಾರ್ಯರು ಬ್ರಾಹ್ಮಣ ಅನ್ನೋ ಶಬ್ದಕ್ಕೆ ಬ್ರಹ್ಮ ಆಣತಿ ಗಚ್ಛತಿ ಇತಿ ಬ್ರಾಹ್ಮಣಃ ಬ್ರಾಹ್ಮಣ ಅಂದ್ರೆ ಅದು ಒಂದು ಜಾತಿಗೆ ಮೀಸಲಾಗಿಟ್ಟ ಶಬ್ದ ಅಲ್ಲ. ಬ್ರಹ್ಮನನ್ನು ತಿಳಿದವನು ತಿಳಿದವನು ಅಂದ್ರೆ ಮನಸ್ಸಿನಲ್ಲಿ ಹೀಗೆ ಹಾಗೆ ಅಂತ ತಿಳ್ಕೊಂಡವನಲ್ಲ. ಬ್ರಹ್ಮನನ್ನ ಕಣ್ಣಿಂದ ನೋಡಿದವನು. ಬ್ರಹ್ಮ ಆಣತಿ ಅಂದ್ರೆ ಬ್ರಹ್ಮನನ್ನು ಕಣ್ತುಂಬ ನೋಡಿದ್ದಾನೆ ಅವನು ಬ್ರಾಹ್ಮಣ. ಅದಕ್ಕೆ ಬ್ರಾಹ್ಮಣ ಅಂದ್ರೆ ಯಾವುದೋ ಒಂದು ವರ್ಗ ಅಲ್ಲ ನಾವು ತಿಳಿದ ಅರ್ಥ ಅದಕ್ಕೆ ಅಲ್ಲ. ಬ್ರಹ್ಮನನ್ನ ಅಪರೋಕ್ಷೀಕರಿಸಿಕೊಂಡವನು ದೇವರನ್ನ. ಕಣ್ಣಿಂದ ಕಂಡವನು. 
ಇದು ಅದು ಯಾರು ಬೇಕಾದರೂ ಆಗಬಹುದು. 
ಆವಾಗ ಕೂಡಲೇ ಬರುವ ಸಮಸ್ಯೆ ವಿಜಾನತಃ ಅಂತ ಒಂದೇ ಶಬ್ದ ಇದೆ. 
ವಿಜಾನತಃ ಅಂದ್ರೆ ಜ್ಞಾನಿಯಾದವನು ಅಂತ ಅರ್ಥ. 
ಅಲ್ಲಿಗೆ ಬ್ರಾಹ್ಮಣ ವಿಜಾನತಃ ಎರಡು ಒಂದೇ ಅರ್ಥ ಆಯ್ತಲ್ಲ.",3998,4792,,,105
kn_kannada_19_0006,kannada_19,kn,Dvaita,6,"ಅಂದ್ರೆ ವಿಜಾನತಃ ಅಂದ್ರೆ ದೇವರನ್ನ ಕಣ್ಣು ಮುಚ್ಚಿ ಧ್ಯಾನ ಮಾಡುವುದರಿಂದ ಇಲ್ಲೇ ನೋಡೋಕೆ ಆಗಲ್ಲ.
ನಾವೇನು ಮಾಡಬೇಕು ಅಂದ್ರೆ ಆತ್ಮಾವಾರೇ ದೃಷ್ಟವ್ಯಃ ಶ್ರೋತವ್ಯಃ ಮಂತವ್ಯಃ ನಿದಿಧ್ಯಾಸಿತವ್ಯಃ
ಪರಮಾತ್ಮನನ್ನ ಕಣ್ಣಿಂದ ನೋಡಬೇಕಾದರೆ ಅದಕ್ಕಿಂತ ಮುಂಚೆ ಮೂರು ಪ್ರಯತ್ನಗಳು ನಮ್ಮಿಂದ ನಡೀಬೇಕು.
ಒಂದು ಶ್ರೋತವ್ಯಃ ನಾವು ತಿಳಿದವರಿಂದ ಕೇಳಬೇಕು ಮೊದಲು. 
ನಮಗೆ ಸಂಸ್ಕೃತ ಭಾಷೆ ಬರೋದಿಲ್ಲ, ಗೀತೆ ಅರ್ಥ ಆಗೋದಿಲ್ಲ. 
ಕೇಳಿ. 
ಹೀಗೆ ಕೇಳೋದು ನಮಗೆ ತಿಳಿಯದೆಯಿದ್ದದ್ದನ್ನ ತಿಳಿಯೋದಕ್ಕಾಗಿ ಆತ್ಮ ತತ್ವದ ಬಗ್ಗೆ ಕೇಳೋದು ಮೊದಲನೇ ಹೆಜ್ಜೆ, ಶೋಥವ್ಯ. 
ಆಮೇಲೆ ಮಂತವ್ಯ. ಕೇಳಿದ್ದು ನಾವು ಅವರು ಹೇಳಿದ್ದನ್ನ.
ಅದು ಅವರ ಸ್ವತ್ತಾಗಿ ಉಳಿಬಾರದು ನಮ್ಮ ಸ್ವತ್ತಾಗಬೇಕು ಅದು.
ಅವರು ಏನು ಹೇಳಿದ್ದಾರೋ ಹೌದು ಅಂತ ನಾನು ಮನವರಿಕೆ ಮಾಡಿಕೊಳ್ಳಬೇಕು.
ಆ ಮನವರಿಕೆ ಮಾಡೋದಕ್ಕೋಸ್ಕರ ಹೇಳಿದ್ದನ್ನ ಕೇಳಿದ್ದನ್ನ ಒಂದು ಕಿವಿಯಲ್ಲಿ ಕೇಳಿದ್ದನ್ನ ಮತ್ತೊಂದು ಕಿವಿಯಲ್ಲಿ ಬಿಡದೆ ಅದನ್ನ ದೃಢವಾಗಿ ಮನಸ್ಸಿನಲ್ಲಿ ಅಲ್ಲಿ ಉಳಿಸಿಕೊಂಡು ಹೌದು ಅವರು ಹೇಳಿದ್ದು ಸರಿ ಅಂತ
ಯುಕ್ತಿಗಳಿಂದ ಅದನ್ನ ನಮ್ಮದನ್ನಾಗಿ ಮಾಡಬೇಕು ಇದನ್ನ ಮನನ ಅಂತ ಕರೀತಾರೆ.",4794,5610,,,104
kn_kannada_19_0007,kannada_19,kn,Dvaita,7,"ಇವೆರಡು ನಡೆದಾಗ ದೇವರ ಬಗ್ಗೆ ಒಂದು ಸ್ಪಷ್ಟವಾದ ತಿಳುವಳಿಕೆ ಬರುತ್ತದೆ ನಮಗೆ ದೇವರು ಅಂದ್ರೆ ಅವರು ಎಲ್ಲೋ ದೂರದಲ್ಲಿರುವ ಒಬ್ಬ ರಾಜ
ಸ್ವಲ್ಪ ಹೆಚ್ಚು ಕಡಿಮೆ ಆಚಾರ ವಿಚಾರದಲ್ಲಿ ಹೆಚ್ಚು ಕಡಿಮೆ ಆದರೆ ದೇವರು ಸಿಟ್ಟು ಮಾಡ್ಕೋತಾನೆ ಶಾಪ ಕೊಡ್ತಾನೆ. ಕೊಡ್ತಾನೆ ಅಂತ.
ದೇವರ ಬಗ್ಗೆ ಇದ್ದ ಹೆದರಿಕೆ ಹೋಗಬೇಕು.
ಶ್ರೀಕೃಷ್ಣ ಹೇಳ್ತಾನೆ ಸುಹೃದಂ ಸರ್ವಭೂತಾನಾಂ.
ನಾನು ಎಲ್ಲರ ಸ್ನೇಹಿತ ಅಂತ.
ಎಲ್ಲೋ ಒಂದು ಮೂಲೆಯಲ್ಲಿ ಪ್ರಪಂಚದ ಸಿಂಹಾಸನದಲ್ಲಿ ಇಲ್ಲ ಅವನು.
ಪ್ರತಿಯೊಬ್ಬ ಮನುಷ್ಯರ ಒಳಗೆ ಇದ್ದಾನೆ ಅವನು.
ಹೀಗೆ ಭಗವಂತನ ಬಗ್ಗೆ ಸರಿಯಾದ ಸ್ಪಷ್ಟವಾದ ಒಂದು ತಿಳಿ. ತಿಳುವಳಿಕೆ ಬಂದಾಗ
ಅದು ದೃಢವಾದಾಗ ನಿದಿತ್ಯಾಸಿತವ್ಯಃ ಧ್ಯಾನ ಮಾಡಬೇಕು. 
ನಿರಂತರ ಧ್ಯಾನ ಮಾಡ್ತಾ ಇದ್ರೆ ಒಂದು ದಿವಸ ಭಗವಂತ ನಮ್ಮ ಈ ಭೌತಿಕ ಕಣ್ಣಿಗೆ ಬೀಳುತ್ತಾನೆ. 
ಹೀಗೆ ಭಗವಂತನನ್ನ ನೋಡಬೇಕಾದರೆ ಅದರ ಹಿನ್ನೆಲೆಯಲ್ಲಿ ಶ್ರವಣ ಮಾನನ ಧ್ಯಾನಗಳು ನಡೆಯಬೇಕು. ಇದನ್ನ ವಿಜಾನತಃ ಅನ್ನೋ ಶಬ್ದ ಹೇಳ್ತಾ ಇದೆ. 
ಅಲ್ಲಿಗೆ ಬ್ರಾಹ್ಮಣ ಅನ್ನೋ ಶಬ್ದದಿಂದ ಬ್ರಹ್ಮನನ್ನು ಕಣ್ಣಿಂದ ಕಂಡವನು ಅನ್ನೋ ಅರ್ಥವನ್ನು ಹೇಳಿದರೆ ಅದಕ್ಕೆ ಪೂರಕವಾಗಿ ಅದಕ್ಕೆ ಬೇಕಾಗಿರುವ ಪೂರ್ವ ರಂಗವನ್ನ ಅಂದ್ರೆ ಶ್ರವಣ, ಮನನ, ಧ್ಯಾನಗಳನ್ನ ವಿಜಾನತಃ ಅನ್ನೋ ಶಬ್ದ ಹೇಳ್ತಾ ಇದೆ.",5611,6498,,,122
kn_kannada_19_0008,kannada_19,kn,Dvaita,8,"ಹಾಗಾದರೆ ವೇದದಿಂದ ಇಂದ ವಿಜಾನತಃ ಪರಮಾತ್ಮನನ್ನ ಶ್ರವಣ ಮಾಡಿ ತಿಳುಕೊಂಡವನು. 
ಆಮೇಲೆ ಮನನ ಮಾಡಿಕೊಂಡವನು. 
ಆಮೇಲೆ ಧ್ಯಾನ ಮಾಡಿದವನು ಮತ್ತೆ ಬ್ರಾಹ್ಮಣಸ್ಯ ಅಂತಹ ಪರಮಾತ್ಮನನ್ನ ಪ್ರತ್ಯಕ್ಷೀಕರಿಸಿಕೊಂಡವನ ಫಲದಲ್ಲಿ ಕರ್ಮ ಮಾರ್ಗದಲ್ಲಿ ಅಲ್ಲಿ ಏನು ಫಲ ಸಿಗ್ತದೋ ಸ್ವರ್ಗ ಐಹಿಕ ಭೋಗಗಳು ಇದೆಲ್ಲ ಸೇರಿಕೊಳ್ಳುತ್ತವೆ. ಸ್ವರ್ಗ ಸಿಕ್ಕ ಮೇಲೆ ಮೋಕ್ಷ ಸಿಕ್ಲಿಲ್ಲಲ್ವಾ ಅನ್ನೋ ಕೊರತೆ ಇರುತ್ತದೆ. ಮೋಕ್ಷ ಸಿಕ್ಕ ಮೇಲೆ ಸ್ವರ್ಗ ಸಿಕ್ಲಿಲ್ಲಲ್ವಾ ಅನ್ನೋ ಕೊರತೆ ಬರೋದಿಲ್ಲ. ಯಾಕೆ ಅಂದ್ರೆ ಅದರಲ್ಲಿ ಇದು ಸೇರಿಕೊಳ್ಳುತ್ತದೆ. ಅದಕ್ಕೆ ನದಿ ಭಾವಿಗಳ ದೃಷ್ಟಾಂತ. ಆದ್ದರಿಂದ ಧ್ಯಾನ ಮಾರ್ಗ ಕರ್ಮ ಮಾರ್ಗ ಇವೆರಡನ್ನ ತುಲನಾ ತುಲನಾ ಪಕವಾಗಿ ನೋಡಿದರೆ ಪ್ರಶಸ್ತವಾದದ್ದು ಜ್ಞಾನ ಮಾರ್ಗ ಕರ್ಮ ಮಾರ್ಗ ಅಲ್ಲ. ಆದ್ದರಿಂದ ಅರ್ಜುನ ನೀನು ನಿತ್ಯ ಸತ್ವಸ್ಥನಾಗು ಆತ್ಮವಾನ್ ಪರಮಾತ್ಮನನ್ನು ಸ್ವಾಮಿ ಅಂತ ದೃಢವಾಗಿ ನಂಬು. ಮತ್ತೊಮ್ಮೆ ಶ್ಲೋಕ ಯಾವಾನರ್ಥಃ ಉದಪಾನಿ ಸರ್ವತ ಸಂಪ್ಲು ತೋದಕೆ ತಾವಾನ್ ಸರ್ವೇಶು ವೇದೇಶು ಬ್ರಾಹ್ಮಣಸ್ಯ ವಿಜಾನತಃ 47ನೇ ಶ್ಲೋಕ ಸಾಧಾರಣ ಭಗವದ್ಗೀತೆ ಅಂತ ಮಾತಾಡುವವರೆಲ್ಲ ಈ ಶ್ಲೋಕವನ್ನ ಆಡೇ ಆಡ್ತಾರೆ.",6500,7306,,,105
kn_kannada_19_0009,kannada_19,kn,Dvaita,9,"ಆಡೆ ಆಡ್ತಾರೆ ಅಷ್ಟೇ ಅಲ್ಲ
ಗೀತೆಯನ್ನ ಬಯ್ಯೋದಕ್ಕೆ ಒಂದು ಸಾಧನವಾಗಿ ಈ ಶ್ಲೋಕವನ್ನ ಬಳಸಿಕೊಳ್ಳುತ್ತಾರೆ.
ಆ ಶ್ಲೋಕ
ಕರ್ಮಣ್ಯೇ ವಾಧಿಕಾರಸ್ತೇ
ಮಾ ಫಲೇಷು ಕದಾಚನ
ಮಾ ಕರ್ಮ ಫಲ ಹೇತುರ್ಭೂಹು
ಮಾ ಅತೇ ಸಂಗೋಸ್ತ್ವ ಕರ್ಮಣಿ
ಪದವಿ ಭಾಗ
ಕರ್ಮಣಿ ಏವ ಅಧಿಕಾರಃ ತೇ
ಮಾ ಫಲೇಷು ಕದಾಚನ
ಮಾ ಕರ್ಮ ಫಲ ಹೇತುಹು ಭೂಹು
ಮಾ
ತೇ
ಸಂಗಹ
ಅಸ್ತು
ಅಕರ್ಮಣಿ
ಈ ಶ್ಲೋಕವನ್ನು ನಮ್ಮ ಮನೋಭೂಮಿಕೆಯಲ್ಲಿ ನಾವು ಅರ್ಥ ಮಾಡಿಕೊಂಡಿದ್ದು
ಕೆಲಸದಲ್ಲಿ ಮಾತ್ರ ನಿನಗೆ ಅಧಿಕಾರ
ಫಲದಲ್ಲಿ ಅಧಿಕಾರ ಇಲ್ಲ ಸ್ವಲ್ಪ ಇದನ್ನ ಹಿಂಜಿದ್ರೆ ನೀನು ಯಾವುದೇ ಒಂದು ಆಫೀಸಲ್ಲೋ ರಾಜಕೀಯ ವಲಯದಲ್ಲೋ ಕೆಲಸಕ್ಕೆ ಸೇರಿದ್ರೆ ಕೆಲಸ ಮಾಡೋದ್ರಲ್ಲಿ ನಿಂಗೆ ಅಧಿಕಾರ ಹೊರತು ತಿಂಗಳ ಸಂಬಳ ಕೇಳೋದ್ರಲ್ಲಿ ನಿಂಗೆ ಅಧಿಕಾರ ಇಲ್ಲ. ಕಾರ್ಮಿಕ ವಿರೋಧಿ ನೀತಿಯನ್ನ ಶ್ರೀಕೃಷ್ಣ ಇಲ್ಲಿ ಪ್ರತಿಪಾದನೆ ಮಾಡಿದ್ದಾನೆ ಅಂತ.
ತಮ್ಮ ಮೂಗಿಗೆ ನೇರವಾಗಿ ಗೀತೆಯನ್ನ ಕಾಣುವವರಿಗೆ
ಗೀತೆಯನ್ನ ಟೀಕೆ ಮಾಡಲಿಕ್ಕೆ ಇದೊಂದು ಶ್ಲೋಕ.
ಸಾಮಾನ್ಯ ಜನರ ಮುಂದೆ ಇದನ್ನ ಆಡಿದ ಕೂಡಲೇ ಗೀತೆಯ ಬಗ್ಗೆ ಒಂದು ಜಿಗುಪ್ಸೆ ಬಂದೇ ಬರುತ್ತದೆ ಯಾಕೆಂದರೆ ನಾವು ಕೆಲಸಕ್ಕೆ ಹೋಗೋದು ಕೆಲಸಕ್ಕೋಸ್ಕರ ಅಲ್ಲ ಸಂಬಳಕ್ಕೋಸ್ಕರ ಹೋಗೋದು.",7307,8132,,,119
kn_kannada_19_0010,kannada_19,kn,Dvaita,10,"ಇದು ಎಲ್ಲರ ಮನಸ್ಸಿನಲ್ಲಿ ದೃಢವಾಗಿದ್ದಾಗ ಅದಕ್ಕೆ ವಿರುದ್ಧವಾಗಿ ಕೆಲಸ ಮಾಡು ಸಂಬಳ ಕೇಳಬೇಡ ಅಂತ ಶ್ರೀಕೃಷ್ಣ ಹೇಳಿದರೆ, ಈ ಗೀತೆ ನಮಗೆ ಬೇಡ ಅಂತ ಹೇಳುವ ಮನೋಭಾವ ತಪ್ಪು ಅರ್ಥವನ್ನು ಹೇಳಿ ಶ್ರೀಕೃಷ್ಣನ ಮನೋಭಾವಕ್ಕೆ ವಿರುದ್ಧವಾದ ಅರ್ಥವನ್ನು ಹೇಳಿ ಗೀತೆಯಿಂದ ವಿಮುಖರನ್ನಾಗಿ ಮಾಡುವ ಪ್ರಯತ್ನ ಇದು. ಆದರೆ ಭಗವದ್ಗೀತೆ ಈ ಶ್ಲೋಕವನ್ನ ನಿಮ್ಮ ಮುಂದೆ ಹೇಳ್ತೇನೆ ನೋಡಿ.
ತೇ ಕರ್ಮಣ್ಯೇವ ಅಧಿಕಾರಃ.
ಅರ್ಜುನ ನಿನಗೆ ಕರ್ಮದಲ್ಲಷ್ಟೇ ಅಧಿಕಾರ.
ನೋಡಿ ಈ ಸಂದರ್ಭವನ್ನು ನಾವು ನೋಡಬೇಕು. ಈ ಹಿಂದೆ ಕೃಷ್ಣ ಹೇಳಿದ್ದು ಕರ್ಮ ಮಾರ್ಗ ಬೇಡ ಜ್ಞಾನ ಮಾರ್ಗವನ್ನು ಅನುಸರಿಸು. ಹಾಗಾದರೆ ವೇದಗಳು ಹೇಳ್ತಾ ಇದೆಯಲ್ಲ
ಸ್ವರ್ಗ ಬೇಕಾದರೆ ಈ ಕರ್ಮ ಮಾಡು, ಮಳೆ ಬೇಕಾದರೆ ಈ ಯಜ್ಞ ಮಾಡು, ಮಕ್ಕಳು ಬೇಕಾದರೆ ಇಂಥಾದ್ದನ್ನ ಮಾಡು.
ಅಂದರೆ ಅದಕ್ಕು ಉತ್ತರವನ್ನು ಕೊಡ್ತಾ ಇದೆ ಗೀತೆ.
ನೀನು ಕೆಲಸ ಮಾಡು ಸಂಬಳ ಕೇಳಬೇಡ ಅನ್ನೋ ಅಭಿಪ್ರಾಯ ಅಲ್ಲ. 
ವೇದದ ಭಾವ ಏನು ಅನ್ನೋದನ್ನ ಕೃಷ್ಣ ಇಲ್ಲಿ ಸ್ಪಷ್ಟ ಪಡಿಸುತ್ತಾನೆ.",8133,8842,,,103
kn_kannada_19_0011,kannada_19,kn,Dvaita,11,"ನಿನಗೆ ಅರ್ಜುನ ವೇದ ಹೇಳಿದ ಕೆಲಸವನ್ನ ಮಾಡುವುದರಲ್ಲಿ ಅಧಿಕಾರ ಹೊರತು
ಫಲವನ್ನ ಹೇಳುತ್ತದೆ ವೇದ ನಿನಗೆ ಸ್ವರ್ಗ ಬೇಕಾದರೆ ಹೀಗೆ ಮಾಡು ಅಂತ.
ನೀನು ಇದನ್ನು ಮಾಡು ಸ್ವರ್ಗ ಬೇಕಾದರೆ ಅಂದ್ರೆ ಮಾಡುವುದು ಮುಖ್ಯ ಸ್ವರ್ಗದ ಅಭಿಲಾಷೆ ಮಾಡು ಯಾಗವನ್ನು ಮಾಡು ಎರಡನ್ನು ಮಾಡು ಅನ್ನೋದಿಲ್ಲ. ಸ್ವರ್ಗದ ಅಭಿಲಾಷೆ ಇದ್ದಲ್ಲಿ ಹೀಗೆ ಮಾಡು. 
ಅಲ್ಲಿಗೆ ಸ್ವರ್ಗದ ಅಭಿಲಾಷೆ ಪಟ್ಟುಕೋ ನೀನು ಅದಕ್ಕೋಸ್ಕರ ಕೆಲಸವನ್ನು ಎರಡನ್ನ ವಿಧಿ ಮಾಡೋದಿಲ್ಲ ವೇದ. 
ವೇದ ಹೇಳೋದು ನಿನಗೆ ಇಂತಹ ಅಪೇಕ್ಷೆ ಇದ್ರೆ ಹೀಗೆ ಮಾಡು ಅಂತ. 
ಆದರೆ ವೇದ ನೋಡಿ ಅಹರಹ ಸಂಧ್ಯಾಮುಪಾಸೀತಾ. 
ನೀನು ಎರಡು ಹೊತ್ತು ಸಂಧ್ಯಾವಂದನೆಯನ್ನ ಮಾಡು.
ನಿನಗೆ ಅಪೇಕ್ಷೆ ಇದ್ರೆ ಇಲ್ಲ ಆ ಕಂಡಿಷನ್ ಇಲ್ಲ.
ಹಾಗಾದರೆ ವೇದದಲ್ಲಿ ಎರಡು ಭಾಗ ಇದೆ.
ನಿಮಗೆ ಲೌಕಿಕ ಫಲದ ಅಪೇಕ್ಷೆ ಇದ್ರೆ ಇಂತಹ ಕೆಲಸವನ್ನು ಮಾಡು.
ವೇದದ ಅಭಿಪ್ರಾಯ ನೀನು ಸ್ವರ್ಗವನ್ನು ಬಯಸು, ನೀನು ಮಕ್ಕಳನ್ನು ಬಯಸು, ಸಂಪತ್ತನ್ನು ಬಯಸು ಈ ಯಾಗವನ್ನು ಬಯಸು.",8843,9535,,,101
kn_kannada_19_0012,kannada_19,kn,Dvaita,12,"ಮಾಡು ಅಂತ ಅಲ್ಲ, ನಿನಗೆ ಇದ್ರೆ ಹೀಗೆ ಮಾಡು ಅಂತ. ಅದು ಯಾರಿಗೆ ಅಪೇಕ್ಷೆ ಇದೆಯೋ ಅವರಿಗೆ.
ಅದು ಐಚ್ಛಿಕ.
ಆದರೆ
ಭಗವಂತನ ಪ್ರೀತಿಕರವಾದ ಕೆಲವು ಕರ್ಮಗಳನ್ನು ಹಿಡಿದೆ ಅಲ್ಲಿ ಕಂಡೀಶನ್ ಹಾಕಲಿಲ್ಲ.
ಆಹರಹ ಸಂಧ್ಯಾಮುಪಾಸೀತ ಮಾಡೇ ಮಾಡಯ್ಯ ನೀನು ಅಂತ.
ಅಲ್ಲಿಗೆ ವೇದವು ಫಲಕ್ಕೋಸ್ಕರವೇ ಕರ್ಮವನ್ನ ವಿಧಿ ವಿಧಾನ ಮಾಡಿಲ್ಲ.
ಇದು ಕರ್ಮಣ್ಯೇವಾಧಿಕಾರಸ್ತೇ ಅನ್ನೋ ಶ್ಲೋಕದ ಅರ್ಥ ಹೊರತು ಕೆಲಸ ಮಾತ್ರ ಮಾಡು ಸಂಬಳ ಕೇಳಬೇಡ ಅಂತ ಅರ್ಥ ಅಲ್ಲ.
ತೇ ಅರ್ಜುನ ಕರ್ಮಣಿ ಅಧಿಕಾರಃ ಫಲೇಷು ನಾ ನಿನಗೆ ಫಲದ ಅಪೇಕ್ಷೆ ಪಡುವಲ್ಲಿ ನಿರ್ಬಂಧ ಇಲ್ಲ ಕರ್ಮವನ್ನು ಮಾಡು ಅಂತ ಅಂತ ಹೇಳುವಲ್ಲಿ ವೇದದ ನಿರ್ಬಂಧ ಇದೆ.
ವೇದ ನಿನಗೆ ಈ ಕರ್ಮವನ್ನು ಮಾಡು ಅಂತ ಹೇಳುತ್ತದೆ ಹೊರತು
ಈ ಫಲವನ್ನು ಬಯಸು ಅಂತ ಅದು ವಿಧಾನ ಮಾಡುವುದಿಲ್ಲ ಬಯಕೆ ಇದ್ದರೆ ಮಾಡು ಅಂತ ಇಲ್ಲಾಂದ್ರೆ ಬಿಟ್ಟುಬಿಡು ನೀನು.
ಆಯ್ತು ಹಾಗಾದರೆ
ಆ ಕರ್ಮದಿಂದ ಬರುವ ಫಲದ ಅಪೇಕ್ಷೆ ನನಗಿಲ್ಲ.",9536,10195,,,101
kn_kannada_19_0013,kannada_19,kn,Dvaita,13,"ನಾನು ಕರ್ಮವನ್ನು ಬಿಟ್ಟೆ ಬಿಡ್ತೇನೆ ಬೇಡ ಬೇಡ ಅಂದ್ರೆ ಮಾ ಕರ್ಮ ಫಲ ಹೇ ಏತುರ್ಭೂಹು ಮಾತೇ ಸಂಗೋಸ್ತ್ವ ಕರ್ಮಣಿ
ನೋಡಿ ಕೃಷ್ಣನ ಒತ್ತು ಎಲ್ಲು ಅಂದ್ರೆ
ಕರ್ಮ ಫಲ ಹೇತುಹು ಮಾಭೂಹು
ಇದರ ಮೇಲ್ಮೈಗೆ ಕಾಣುವ ಅರ್ಥ ನೀನು ಕರ್ಮದ ಫಲದ ಕಾರಣನು ಆಗಬೇಡ ಅರ್ಥಾತ್ ಕರ್ಮದಿಂದ ಬರುವ ಫಲಕ್ಕೆ ನೀನು ಕಾರಣನಾಗಬೇಡ. 
ಆದರೆ ಇದರ ಒಳ ಅಭಿಪ್ರಾಯ ಕರ್ಮಕೃತೌ ಫಲಮೇವ ಶೇತುಹು ಸಹಮಾಭೂ. 
ನಿನ್ನ ಕರ್ತವ್ಯವನ್ನು ನೀನು ಮಾಡಲಿಕ್ಕೆ ಫಲವೇ ಮುಖ್ಯ ಗುರಿ ಆಗದೇ ಇರಲಿ. 
ಬಹಳ ಮಾರ್ಮಿಕವಾದ ಅರ್ಜುನನಿಗೆ ಸಂದರ್ಭೋಚಿತವಾದ ಉಪದೇಶ. ಅರ್ಜುನ ಹೇಳ್ತಿದ್ದಾನೆ ಈ ಯುದ್ಧವನ್ನು ಮಾಡುತ್ತೇವೆ ನಮಗೆ ಜಯ ಸಿಗುತ್ತೋ ಇಲ್ವೋ ಅಂತ.
ಕೃಷ್ಣನ ಚಾಟಿ ಜಯ ಇದ್ರೆ ಮಾತ್ರ ಯುದ್ಧ ಮಾಡುತ್ತೇನೆ ಜಯ ಸಿಗಲಿಲ್ಲ ಅಂದ್ರೆ ನಾನು ಯುದ್ಧ ಮಾಡಲ್ಲ.
ಈ ನಿರ್ಬಂಧ ಮಾಡ್ಕೋಬೇಡ ಕರ್ಮ ಕೃತೌ ಯುದ್ಧವನ್ನು ಮಾಡೋದಕ್ಕೆ ಫಲಮೇವ ಹೇತುಹು.
ಅಂದ್ರೆ ಜಯ ಆಗೋದೇ ಯುದ್ಧದ ಪ್ರಯೋಜನ ತಿಳಿಬೇಡ ನೀನು ಸೋಲು ಜಯ ಆಗಲಿಲ್ಲ ಆದರೂ ಯುದ್ಧ ಸಾರ್ಥಕ ನಿನ್ನ ಕರ್ಮವನ್ನು ನೀನು ಅನುಷ್ಠಾನ ಮಾಡಿದಿ ನಾನು ಕೊಡುತ್ತೇನೆ ಅದಕ್ಕೆ ಫಲ.",10196,10961,,,115
kn_kannada_19_0014,kannada_19,kn,Dvaita,14,"ಹೀಗೆ ಕೃಷ್ಣ ಏನು ಹೇಳುತ್ತಾನೆ ಅಂದ್ರೆ ತುಂಬಾ ಮಾರ್ಮಿಕವಾದ ಉಪದೇಶ ಇದು ಇವತ್ತಿನ ಕಾಲದಲ್ಲಿ ದಕ್ಷಿಣೆಗೆ ತಕ್ಕಂತೆ ಪ್ರದಕ್ಷಿಣೆ ನೀವೆಷ್ಟು ಸಂಬಳ ಕೊಡ್ತೀರಿ ಅದಕ್ಕೆ ಸರಿಯಾಗಿ ನನ್ನ ಶ್ರಮದ ವ್ಯಯ. ನೀವು ಇಷ್ಟೇ ಕೊಡೋದಾದ್ರೆ ಇಲ್ಲಿ ಪಾರ್ಟ್ ಟೈಮ್ ಇನ್ನೊಂದು ಕಡೆ ಫುಲ್ ಟೈಮ್ ಹೀಗೆ.
ನಿನ್ನ ಕರ್ಮಕ್ಕೆ ಫಲವೇ ಮುಖ್ಯ ಗುರಿ ಆಗದೇ ಇರಲಿ ನಿನ್ನ ದೃಷ್ಟಿ ಕರ್ಮದಲ್ಲಿ ಇರಲಿ ಹೊರತು ಫಲವೇ ಅದರ ಮುಖ್ಯ ಗುರಿ ಆಗಿರಬಾರದು ಎಂಥ ಪಾಠ ನೋಡಿ.
ಇದು ಒಂದು ಅಂಶವನ್ನು ಇವತ್ತು ನಮ್ಮ ಸರಕಾರದ ಉದ್ಯೋಗಿಗಳು ಆತ್ಮ ಸತ್ಯ ಆತ್ಮನವರಿಕೆ ಮಾಡಿಕೊಂಡರೆ ಸರಕಾರದ ಕೆಲಸ ಸಸೂತ್ರವಾಗಿ ನಡೆಯುತ್ತದೆ.
ಅವನಿಗೆ ಕೆಲಸ ಮುಖ್ಯ ಅಲ್ಲ.
ದುಡ್ಡು ಮುಖ್ಯ ಸಂಪಾದನೆ ಮುಖ್ಯ.
ಸಂಬಳ ಮಾತ್ರ ಸಾಲದು ಅವನಿಗೆ ಗಿಂಬಳವು ಬೇಕಾಗುತ್ತದೆ.
ಇದು ಯಾವತ್ತು ಬರುತ್ತದೆ?
ನಿಮಗೆ ಕೆಲಸ ಗೌಣ ಫಲ ಪ್ರಧಾನ ಅಂತ ಆದಾಗ ಕೆಲಸದಲ್ಲಿ ಅಪ್ರಾಮಾಣಿಕೆ ಬರುತ್ತದೆ. ಕೆಲಸದಲ್ಲಿ ಆನಂದ ಪಡು ನೀನು, ಸಂಬಳ ಸಿಕ್ಕರೆ ಅದು ಬೋನಸ್ ಅಂತ ತಿಳ್ಕೋ.",10962,11670,,,105
kn_kannada_19_0015,kannada_19,kn,Dvaita,15,"ಇದು ಶ್ರೀಕೃಷ್ಣ ಹೇಳುವ ಭಾವ. 
ಆದ್ದರಿಂದ ನಾವು ದೊಡ್ಡ ಬಾಳೆ ತೋಟ ಬೆಳೆದಿದ್ದೇವೆ. 
ಆದರೆ ಬಾಳೆ ಬಂದ ಗೊನೆಗಳನ್ನೆಲ್ಲ ಮಾರೋದು. 
ಬಂದ ದುಡ್ಡಲ್ಲಿ ಮೆಣಸು ತಗೊಂಡು ತಿನ್ನೋದು. 
ಬಾಳೆ ತೋಟ ಸಿಹಿ ಉಣ್ಣುವ ಯೋಗ ನಮಗಿಲ್ಲ. 
ತಿನ್ನೋದು ಖಾರ. ಹಾಗೆ ಪ್ರಾಮಾಣಿಕವಾಗಿ ಕರ್ಮವನ್ನು ಮಾಡಿದ್ರೆ ಅದೇ ಒಂದು ಆನಂದ. ಆ ಆನಂದವನ್ನು ಕಳೆದುಕೊಳ್ಳುತ್ತೇವೆ. ಕರ್ಮದಲ್ಲಿ ಔದಾಸೀನ್ಯ ಮಾಡುತ್ತೇವೆ. ಸಂಬಳದಲ್ಲಿ ದೃಷ್ಟಿ ಇಡುತ್ತೇವೆ. ಹೀಗಾಗಿ ಕರ್ಮದಿಂದ ಬರುವ ಆನಂದವನ್ನ ಮಾರಿ ಸಂಬಳದಿಂದ ಬರುವ ತಾತ್ಕಾಲಿಕ ಸುಖಕ್ಕೋಸ್ಕರ ಸಾತ್ವಿಕ ಆನಂದವನ್ನ ಕಳೆದುಕೊಳ್ಳುತ್ತೇವೆ ನಾವು ಇದನ್ನು ಮಾಡಬೇಡ. ಮಾ ಅತಿ ಸಂಕೋಸ್ತ್ವ ಕರ್ಮಣಿ.
ಫಲ ಇಲ್ಲ ಅನ್ಕೊಂಡು ಕರ್ಮವೇ ಮಾಡಲ್ಲ ನಾನು.
ನಮ್ಮ ದೇಶದಲ್ಲಿ ಇತ್ತೀಚೆಗೆ ದೊಡ್ಡ ಅವಘಡ ಕರೋನಾದಿಂದ ಬಂತು.
ಅರ್ಧ ಸಂಬಳ.
ಅರ್ಧ ಸಂಬಳ ಕೊಡೋದಾದ್ರೆ ನನ್ನ ಕೆಲಸನು ಅರ್ಧ.
ಈ ಮನೋಭಾವಕ್ಕೆ ನಾವು ಒಳಗಾಗ್ತೀವಿ ಯಾಕೆಂದ್ರೆ ಅದನ್ನ ದೃಷ್ಟಿಯಲ್ಲಿ ಇಟ್ಕೊಂಡು ಇಲ್ಲಿ ಕೆಲಸ ಮಾಡೋದು ನಾವು.
ದೇಶದ ಆಪತ್ತಿನಲ್ಲಿ ನಮುದು .",11672,12412,,,100
kn_kannada_19_0016,kannada_19,kn,Dvaita,16,"ಒಂದು ಭಾಗ ಅನ್ನೋ ಭಾವನೆ ಯಾವತ್ತು ಬರುತ್ತದೆ ಕರ್ಮದಲ್ಲಿ ಶ್ರದ್ಧೆ ಬೆಳೆಸಿಕೊಂಡಾಗ.
ಶ್ರೀಕೃಷ್ಣ ಒಳ್ಳೆ ಪಾಠವನ್ನು ಹೇಳಿದ್ದಾನೆ ಸಾಮಾಜಿಕ ಸಿದ್ಧಾಂತವನ್ನು ಇಲ್ಲಿ ಹೇಳಿದ್ದಾನೆ ನೀವು ಯಾವುದೇ ಕೆಲಸವನ್ನ ಮಾಡುವಾಗ ನಿಮಗೆ ಕೆಲಸ ಪ್ರಧಾನವಾಗಿರಲಿ ಹೊರತು ಅದರಿಂದ ಬರುವ ಫಲ ಅದು ಗೌಣವಾಗಿರಲಿ.
ಫಲಕ್ಕೋಸ್ಕರವೇ ಕೆಲಸ ಆಗದೆ ಇರಲಿ ಹಾಗೆ ಅಂತ ಫಲ ಸಿಗಲ್ಲ ಅನ್ಕೊಂಡು ಕೆಲಸ ಕೆಲಸವನ್ನೇ ಬಿಟ್ಟುಬಿಡುತ್ತೇನೆ ಅನ್ನೋ ಧೋರಣೆಗೆ ನೀವು ಒಳಗಾಗಬೇಡಿ.
ಅದು ಎರಡನೇ ಉದ್ದೇಶವಾಗಿರಲಿ.
ಮಾ ಕರ್ಮ ಫಲ ಹೇತುರು ಭೂಹು ನೀನು ಕರ್ಮ ಮಾಡೋದಕ್ಕೆ ಫಲವೇ ಮುಖ್ಯವಾದ ಗುರಿಯನ್ನಾಗಿ ಇಟ್ಟುಕೊಂಡವನಾಗಬೇಡ.
ಹಾಗಾದರೆ ಫಲ ಇಲ್ಲ ಅಂದ್ರೆ ಕರ್ಮವನ್ನು ಬಿಡುತ್ತೇವೆ ಅಂದ್ರೆ
ಮಾತೆ ಸಂಗಹ ಅಸ್ತು ಅಕರ್ಮಣಿ.
ಕೆಲಸ ಬಿಡೋದ್ರಲ್ಲಿ ನಿನ್ನ ಆಸಕ್ತಿ. ಬೇಡ. 
ಯಾಕೆ ಅಂದ್ರೆ ಫಲವೇ ಪ್ರಧಾನ ಅಲ್ಲದಿದ್ದರೂ ನಿನಗೆ ಸಿಗುವ ಲೌಕಿಕ ಫಲವೇ ಆ ಕರ್ಮದ ಪ್ರಧಾನ ಫಲ ಅಲ್ಲದಿದ್ದರೂ ನನ್ನ ಅನುಗ್ರಹ ಆಗ್ತದೆ ನೀವು ಪ್ರಾಮಾಣಿಕವಾಗಿ ಕೆಲಸ ಮಾಡಿದ್ರೆ. 
ಇದಕ್ಕಿಂತ ದೊಡ್ಡ ಲಾಭ ಏನಿದೆ.",12413,13161,,,102
kn_kannada_19_0017,kannada_19,kn,Dvaita,17,"ಆದ್ದರಿಂದ ಬೇರೆ ಲೌಕಿಕ ಫಲಗಳು ಸಿಗದಿದ್ದರೂ ನನ್ನ ಅನುಗ್ರಹ ನನ್ನ ಪ್ರಸನ್ನತೆ ನಿನ್ನ ಮೇಲೆ ಆಗ್ತದೆ. 
ಆದ್ದರಿಂದ ಕರ್ತವ್ಯವನ್ನು ಅರ್ಜುನ ಮಾಡು ಫಲದ ಬಗ್ಗೆ ಆಸಕ್ತಿಯನ್ನು ತೊರೆ. ಎಂಥ ಸಂದೇಶವನ್ನು ಕೊಟ್ಟಿದೆ ಇದನ್ನ ಗೀತೆಯನ್ನ  ಬಯ್ಯೋದಕ್ಕೆ ಟೀಕೆ ಮಾಡೋದಕ್ಕೆ ಉಪಯೋಗಿಸಿಕೊಂಡರೆ ಎಂಥ ದುರಂತ ಕೃಷ್ಣನ ಭಾವ ಎಲ್ಲಿ ನಮ್ಮ ಭಾವಕ್ಕೆ ಅನುಗುಣವಾಗಿ ಗೀತೆಗೆ ಅಪಾರ್ಥವನ್ನು ಹಚ್ಚಿ ಗೀತೆ ಮೇಲೆ ಅಪವಾದದ ಗುಣ. ಭೂಮಿಯನ್ನು ಕೂರಿಸುವ ಹುನ್ನಾರ ಖಂಡಿತ ಸರಿಯಲ್ಲ ಭಾರತೀಯರು ನಾವು ಮಾಡಬಾರದು ಅಂತ ಹೇಳ್ತಾ ಮತ್ತೊಮ್ಮೆ ಶ್ಲೋಕ ಕರ್ಮಣ್ಯೇವಾಧಿಕಾರಸ್ತೇ ಮಾ ಫಲೇಷು ಕದಾಚನ ಮಾ ಕರ್ಮ ಫಲ ಹೇತುರ್ಭೂಹು ಮಾತೇ ಸಂಗೋಸ್ತ್ವ ಕರ್ಮಣಿ ಮುಂದಿನ ಭಾವವನ್ನು ಮುಂದಿನ ಶ್ಲೋಕದಲ್ಲಿ ನೋಡೋಣ ಅಂತ ಹೇಳುತ್ತಾ ಶ್ರೀ ಕೃಷ್ಣಾರ್ಪಣಮಸ್ತು. ಭಗವದ್ಗೀತೆಯ ಈ ಪ್ರಾಯೋಜಕತ್ವವನ್ನು ಶ್ರೀ ಮರಬೇಕರೆ ಮುರಳೀಧರರಾವ್ ತಾವು ವಹಿಸಿಕೊಂಡು ನಡೆಸುತ್ತಾ ಇದ್ದಾರೆ. ಶ್ರೀ ಕೃಷ್ಣ ಅವರಿಗೆ ವಿಶೇಷವಾದ ಅನುಗ್ರಹವನ್ನು ಒಂದು ಮಾಡಿ ಅಂತ ಪ್ರಾರ್ಥನೆ ಮಾಡು.",13163,13892,,,96
kn_kannada_20_0000,kannada_20,kn,Dvaita,0,"ಶ್ರೀ ಗುರುಭ್ಯೋ ನಮಃ ಹರಿಃ ಓಂ 
ಹಿಂದಿನ ಶ್ಲೋಕದಲ್ಲಿ 
ಅಂದರೆ 
ಎರಡನೇ ಅಧ್ಯಾಯದ 47ನೆಯ ಶ್ಲೋಕದಲ್ಲಿ 
ಗೀತೆಯ ಪ್ರಸಿದ್ಧ ಶ್ಲೋಕ ಅದು 
ಕರ್ಮಣ್ಯೇವ ಅಧಿಕಾರಸ್ತೇ 
ವೇದವು ಸ್ವರ್ಗದ ಬಗ್ಗೆ ಅಪೇಕ್ಷೆ ಇರುವವರು ಯಾಗವನ್ನು ಮಾಡಿ ಅಂತ ವಿಧಾನ ಮಾಡಿದರು. ಅಲ್ಲಿ ಯಾಗವನ್ನು ಮಾಡಬೇಕು ಅನ್ನೋ ವಿಷಯದಲ್ಲಿ ವೇದದ ತಾತ್ಪರ್ಯ ಹೊರತು ಸ್ವರ್ಗದ ಅಪೇಕ್ಷೆಯನ್ನ ಮಾಡಬೇಕು ಅಂತ. ಅದು ವಿಧಾನ ಮಾಡ್ತಾ ಇಲ್ಲ. ಅಪೇಕ್ಷೆ ಇದ್ರೆ ಯಾಗ ಮಾಡು. ಅದರಿಂದ ಫಲೇಷು ಅಂದ್ರೆ ಫಲ ಕಾಮನೆಯಲ್ಲಿ ಫಲದ ಬಗ್ಗೆ ಇಚ್ಛೆಯಲ್ಲಿ ನಾಧಿಕಾರಃ ನೀನು ಮಾಡ್ಲೇಬೇಕು ಅಂತ ಏನಿಲ್ಲ. ಫಲದ ಅಪೇಕ್ಷೆ ಬಿಟ್ಟು. ಅದೇ ಯಾಗವನ್ನು ಭಗವತ್ ಪ್ರೀತಿಗಾಗಿ ಮಾಡಬಹುದು. ಆದ್ದರಿಂದ ಬೇರೆ ಬೇರೆ ಫಲಗಳ ಆಮಿಷವನ್ನು ತೋರಿಸಿ ವೇದವು ಕರ್ಮವನ್ನು ವಿಧಾನ ಮಾಡಿದರು ಆ ಫಲಗಳು ಬೇಕಿದ್ರೆ ಮಾಡ್ರಿ ಅಂತ ಅಷ್ಟೇ ಅರ್ಥ ಹೊರತು ಕರ್ಮ ಮಾಡು. ಅನ್ನೋದು ವೇದದ ತಾತ್ಪರ್ಯ
ಫಲ ಅಪೇಕ್ಷೆ
ಅದರಲ್ಲಿ ವೇದಕ್ಕೆ ತಾತ್ಪರ್ಯ ಇಲ್ಲ ಅದು ಮಹತ್ವದ ಅಲ್ಲ
ಲೌಕಿಕ ಫಲಗಳ ಅಪೇಕ್ಷೆ ಬಿಟ್ಟು ಕೂಡ
ಕರ್ಮವನ್ನು ಮಾಡಬೇಕು ನೀನು
ಅನ್ನೋದು ವ್ಯಾಗ ವೇದದ
ಪರಮ ಅಭಿಪ್ರಾಯ ಅಂತ ಶ್ರೀಕೃಷ್ಣ ಆ ಶ್ಲೋಕದಲ್ಲಿ ಹೇಳಿ ಅದರ ಉತ್ತರಾರ್ಧದಲ್ಲಿ ಮಾತೆ ಸಂಗೋಸ್ತು ಅಕರ್ಮಣಿ.",0,857,,,124
kn_kannada_20_0001,kannada_20,kn,Dvaita,1,"ಫಲದ ಅಪೇಕ್ಷೆ ಮಾಡಬಾರದು ಅಂದ್ರೆ ಹಾಗಾದ್ರೆ ಕರ್ಮ ವ್ಯರ್ಥ ನಾನು ಕರ್ಮವನ್ನೇ ಬಿಟ್ಟುಬಿಡ್ತೇನೆ. ಅನ್ನೋದಕ್ಕೆ ಕೃಷ್ಣ ಕೊಟ್ಟ ಉತ್ತರ ಮಾತೆ ಸಂಗಹ ಅಸ್ತು ಅಕರ್ಮಣಿ. ಕರ್ಮವನ್ನು ಮಾಡದೆ ಇರುವಲ್ಲಿ ನಿನ್ನ ಸಂಗ ಇರೋದು ಬೇಡ. ಅದಕ್ಕೆ ಬೇರೆ ಲೌಕಿಕ ಫಲಗಳು ಇಲ್ಲದಿದ್ದರೂ ನನ್ನ ಅನುಗ್ರಹ, ನನ್ನ ಪ್ರಸನ್ನತೆ ಅನ್ನುವ ಕರ್ಮದ ಫಲ ಅದಕ್ಕೆ ಇದೆ. ಈ ಅಭಿಪ್ರಾಯವನ್ನು ವಿವರಿಸ್ತಾ ಇದ್ದಾನೆ ಶ್ರೀಕೃಷ್ಣ.
ನಾನು ಹಾಗಾದರೆ ಕರ್ಮವನ್ನು ಮಾಡಬೇಕೋ ಬೇಡವೋ?
ಹೇಗೆ ಮಾಡಬೇಕು?
ನನಗೆ ಪ್ರಸಕ್ತವಾದದ್ದು ಈಗ ಯುದ್ಧ.
ಆ ಯುದ್ಧದ ಫಲ ಒಬ್ಬರಿಗೆ ಸೋಲು ಗೆಲುವು.
ಸೋತವನು ರಾಜ್ಯದ ಅಧಿಕಾರವನ್ನ ಕಳೆದುಕೊಳ್ಳುತ್ತಾನೆ. ತಾನೇ ಗೆದ್ದವನು ರಾಜ್ಯದ ಅಧಿಕಾರವನ್ನು ಪಡೆದುಕೊಳ್ಳುತ್ತಾನೆ.
ರಾಜ್ಯದ ಅಧಿಕಾರದ ಆಸೆಯಿಂದ ಈ ಯುದ್ಧವನ್ನು ಮಾಡಬೇಡ ಅಂತ ನಿನ್ನ ಉಪದೇಶ.
ಹಾಗಾದರೆ ನಾನು ಈ ಯುದ್ಧವನ್ನಾಗಲಿ ಅಥವಾ ಯಜ್ಞಯಾಗಾದಿ ಕರ್ಮಗಳನ್ನಾಗಲಿ ಹೇಗೆ ಮಾಡಬೇಕು?
ಅದಕ್ಕೆ ಉತ್ತರವನ್ನ ಈ 48ನೆಯ ಶ್ಲೋಕದಲ್ಲಿ ಶ್ರೀಕೃಷ್ಣ ಕೊಡ್ತಾ ಇದ್ದಾನೆ.
ಯೋಗಸ್ಥ ಕುರು ಕರ್ಮಾಣಿ ಸಂಗಂ ತ್ಯಕ್ತ್ವಾ ಧನಂ ಜಯ
ಸಿದ್ಧ ಸಿದ್ಧೋ ಸಮೋಭೂತ್ವಾ ಸಮತ್ವಂ ಯೋಗ ಉಚ್ಚತೆ.",858,1666,,,109
kn_kannada_20_0002,kannada_20,kn,Dvaita,2,"ಪದ ವಿಭಾಗ ಯೋಗಸ್ಥ ಸ್ಥಹ ಕುರು ಕರ್ಮಾಣಿ ಸಂಗಮ್ ತ್ಯಕ್ತ್ವಾ ಧನಂಜಯ ಸಿದ್ಧ ಸಿದ್ಧಿಯೋಹು ಸಮಃ ಭೂತ್ವಾ ಸಮತ್ವಮ್ ಯೋಗಃ ಉಚ್ಚತೆ ಕರ್ಮಾಣಿ ಕುರು ನಿನ ನಿನಗೆ ವಿಶಿತವಾದ ಕರ್ಮಗಳನ್ನು ಮಾಡು ಕ್ಷತ್ರಿಯನಾದರೆ ಪ್ರಜಾಪಾಲನೆ ಬೇರೆಯವರಾದರೆ ಅವರವರ ಆಶ್ರಮಕ್ಕೆ ಅನುಗುಣವಾದ ಕರ್ತವ್ಯಗಳು ಅದನ್ನ ಮಾಡು ಹೇಗೆ ಮಾಡು ಯೋಗಸ್ಥ ಹಾ.
ಯೋಗ ಸ್ಥ ಸ್ಥ ಅಂದ್ರೆ ಇರುವವನಾಗಿ.
ಯೋಗದಲ್ಲಿ ಇರುವವನಾಗಿ ಕರ್ಮವನ್ನು ಮಾಡು.
ಅಂದ್ರೆ ನೀನು ಯೋಗಿಯಾಗಿದ್ದುಕೊಂಡು ಕರ್ಮವನ್ನು ಮಾಡು.
ಯೋಗ ಅಂದ್ರೆ ನಾವು ಹಿಂದೇನೆ ಅರ್ಥ ಹೇಳಿದ್ದೇವೆ.
ಉಪಾಯ ಸಾಧನ. ಯಾವುದಕ್ಕೆ ಸಾಧನ? ಕರ್ಮವು ಜ್ಞಾನಕ್ಕೆ ಸಾಧನ. ಅದಕ್ಕೆ ಯೋಗಸ್ಥಹ ಅಂದ್ರೆ ನೀನು ಮಾಡಿದ ಕರ್ಮವು ಜ್ಞಾನಕ್ಕೆ ಸಹಾಯವಾಗುವಂತೆ ಕರ್ಮಗಳನ್ನು ಮಾಡು. ನೀನು ಮಾಡಿದ ಕರ್ಮ ನಿನ್ನ ಲೌಕಿಕ ಈಗ ಫಲಗಳಿಗೆ ಸಾಧನವಾಗಬಾರದು.
ನಾವು ದೇವರಿಗೋ ಗುರುಗಳಿಗೋ ಪ್ರದಕ್ಷಿಣೆ ನಮಸ್ಕಾರಗಳನ್ನು ಹಾಕುತ್ತೇವೆ.
ಆ ಪ್ರದಕ್ಷಿಣೆಯ ಸತ್ಕರ್ಮದ ಉದ್ದೇಶ ನಮ್ಮ ದೇಹದ ಕಾಯಿಲೆ ವಾಸಿಯಾಗಲಿ ನಮ್ಮ ಮಕ್ಕಳಿಗೆ ವಿದ್ಯಾಭ್ಯಾಸ ಚೆನ್ನಾಗಿ ಆಗಲಿ.",1667,2417,,,100
kn_kannada_20_0003,kannada_20,kn,Dvaita,3,"ಈ ಉದ್ದೇಶವನ್ನಿಟ್ಟುಕೊಂಡರೆ ಆ ಕರ್ಮವನ್ನು ಮಾಡುವವನು ಯೋಗಸ್ಥನಲ್ಲ. ಅವನು ಫಲದ ಆಸಕ್ತಿಯಿಂದ ಮಾಡಿದ ಕರ್ಮ ಅದು. ನನಗೆ ತತ್ವಜ್ಞಾನ ಬರಬೇಕು. ದೇವರು ಅಂದ್ರೆ ಏನು, ನಾನು ಅಂದ್ರೆ ಏನು, ನಾನು ಮಾಡುವ ಕೆಲಸ ಏನು? ಕರ್ತವ್ಯ ಕಡೆ ಏನು?
ಇದರ ಬಗ್ಗೆ ಸರಿಯಾದ ತಿಳುವಳಿಕೆ ಬಲ್ಲವರಿಂದ ಬರಬೇಕು.
ಬರಬೇಕು ಅಷ್ಟೇ ಅಲ್ಲ ಬಂದ ಜ್ಞಾನ
ಸಂದೇಹಕ್ಕೆ ಒಳಗಾಗದೆ ನಿರ್ಧಾರಾತ್ಮಕವಾಗಿ ಉಳಿದುಕೊಳ್ಳಬೇಕು.
ಆದ್ದರಿಂದ ನಿನ್ನ ಸೇವೆಯನ್ನು ಮಾಡುತ್ತೇನೆ ನನಗೆ ಆ ಯೋಗವನ್ನು ಅಂತಹ ಸಂದರ್ಭವನ್ನು ಕರುಣಿಸು ಅಂತ. ಅನ್ನೋ ಭಾವನೆ ಇದ್ದವನು ಯೋಗಸ್ಥ ಜ್ಞಾನದ ಉಪಾಯವನ್ನು ಜ್ಞಾನಕ್ಕೆ ಬೇಕಾದ ಸಾಧನವನ್ನು ಬಯಸುವವ ಆ ಬಯಕೆ ಉಳ್ಳವನಾಗಿ ಕುರು ಕರ್ಮಾಣಿ ಕರ್ಮಗಳನ್ನು ಮಾಡುವ ಪ್ರಕೃತ ಅರ್ಜುನನಿಗೆ ಪ್ರಸಕ್ತವಾದ್ದು ಯುದ್ಧ ನನಗೆ ಜಯ ಸಿಗಬೇಕು, ರಾಜ್ಯದ ಅಧಿಕಾರ ಬೇಕು ಅನ್ನೋ ಅಪೇಕ್ಷೆಯಿಂದ ಈ ಯುದ್ಧದಲ್ಲಿ ನೀನು ತೊಡಗಿದರೆ ಆ ಯುದ್ಧ ಸಕಾಮ ಕರ್ಮ ಆಗುತ್ತೆ. ಅದನ್ನು ಮಾಡುವ ನೀನು ಯೋಗಸ್ಥನಾಗುವುದಿಲ್ಲ. ಕೃಷ್ಣ ಆದೇಶ ಕೊಟ್ಟಿದ್ದಾನೆ. ಅವನ ಆದೇಶ ದೇಶವನ್ನು ಪಾಲಿಸಿದರೆ
ಅವನಿಗೆ ಸಂತೋಷವಾಗುತ್ತದೆ.",2418,3195,,,105
kn_kannada_20_0004,kannada_20,kn,Dvaita,4,"ಆದ್ದರಿಂದ ಅವನ ಅನುಗ್ರಹ ನನಗಾಗುತ್ತೆ.
ಸೋಲು ಅಥವಾ ಗೆಲುವು ಯಾವುದೇ ಬರಲಿ.
ಕೃಷ್ಣ ಹೇಳಿದ್ದನ್ನ ನಾನು ಮಾಡಿ ಅವನಿಗೆ ಸಂತೋಷವಾದರೆ ಸಾಕು.
ಅನ್ನೋ ಭಾವನೆಯನ್ನು ಇಟ್ಟುಕೊಂಡವನು ಯೋಗಸ್ಥ. ಹೀಗೆ ಈ ಯೋಗದ ಸ್ಥಿತಿಯಲ್ಲಿ ಇದ್ದವನಾಗಿ ನೀನು ಕರ್ಮಾಣಿ ಕುರು ಕರ್ಮಗಳನ್ನು ಮಾಡು. ಸಂಗಂ ತ್ಯಕ್ತ್ವಾ ಸಂಗ ಅಂದ್ರೆ ಸಂಬಂಧ. ಕರ್ಮವನ್ನು ಮಾಡು ಕರ್ಮದ ಸಂಬಂಧವನ್ನು ಬಿಡು. ಅರೆ ಕರ್ಮದ ಸಂಬಂಧವನ್ನು ಬಿಟ್ಟು ಕರ್ಮವನ್ನು ಮಾಡುವುದು ಹೇಗೆ? ಈ ಹಲಸಿನ ಹಣ್ಣು ಇದೆ. ಒಳಗಡೆ ರುಚಿಯಾದ ಹಣ್ಣು. ಆದರೆ ಅದನ್ನ ಸುಲಿಬೇಕಾದರೆ ಕೈಯೆಲ್ಲಾ ಮೇಣ ಆಗುತ್ತೆ. ನೀನು ಹಲಸಿನ ಹಣ್ಣು ತಿನ್ನು ಕೈಯಲ್ಲಿ ಮೇಣ ಆಗಬಾರದು. ಹೀಗೆ ನೀನು ಕರ್ಮದ ಸಂಗವನ್ನು ಬಿಡು ಕರ್ಮವನ್ನು ಮಾಡು.
ಇದು ಅಸಾಧ್ಯವಾದ ಕೆಲಸ ಅಂತ ಅನಿಸ್ತದೆ.
ಆದರೆ ಯೋಚನೆ ಮಾಡಿ ಕೈಯಲ್ಲಿ ಮೇಣ ಆಗಬಾರದು ಹಣ್ಣು ಸಿಗಬೇಕು.
ಏನ್ ಮಾಡಬೇಕು ನಾವು?
ಕೈಗೆ ಸ್ವಲ್ಪ ಎಣ್ಣೆ ಸವರಿಕೊಂಡು ಹಲಸಿನ ಹಣ್ಣನ್ನ ಬಿಡಿಸಿದ್ರೆ ಕೈಗೆ ಮೇಣ ಆಗೋದಿಲ್ಲ.",3196,3890,,,100
kn_kannada_20_0005,kannada_20,kn,Dvaita,5,"ಮೇಣ ಆಗೋದಿಲ್ಲ ಹಣ್ಣು ಸಿಗ್ತದೆ.
ಹಾಗೆಯೇ ಕರ್ಮದ ಸಂಗವನ್ನು ಬಿಟ್ಟು ಕರ್ಮವನ್ನು ಮಾಡೋದು ಅಂದ್ರೆ
ನಾವು ಸತ್ಕರ್ಮಗಳನ್ನ ಮಾಡಿದಾಗ ಲೌಕಿಕ ಅಪೇಕ್ಷೆಗಳನ್ನ ಇಟ್ಟುಕೊಂಡ್ರೆ ಆ ಕರ್ಮ ನಮಗೆ ಅಂಟುತ್ತೆ. ಅದು ಬೇಕು ಇದು ಬೇಕು ಅಂತ
ಅಪೇಕ್ಷೆಯಿಂದ ಕರ್ಮವನ್ನ ಮಾಡಿದ್ರೆ
ಬೇಕಾದ್ದು ಸಿಗುತ್ತದೆ
ಅದು ಸುಖಕ್ಕೆ ಹೇಗೆ ಕಾರಣವಾಗುತ್ತದೋ ಕ್ರಮೇಣ ದುಃಖಕ್ಕೂ ಕಾರಣ
ಕರ್ಮಣ ಭಜ್ಯತೆ ಜಂತು
ಕರ್ಮವು ನಮ್ಮನ್ನ ಬಲೆಯಲ್ಲಿ ಸಿಕ್ಕಿ ಹಾಕುತ್ತೆ
ಆ ಕರ್ಮದ ನಂಟು ಕರ್ಮ ಅಳಚಿಕೊಳ್ಳುವುದು ಅಂದ್ರೆ
ಕರ್ಮದಿಂದ ಬರುವ ಲೌಕಿಕ ಫಲದ ಅಪೇಕ್ಷೆಯನ್ನ ಬಿಡೋದು ಸಂಗಮ್ ತ್ಯಕ್ತ್ವ ಅಂದ್ರೆ ಹೀಗೆ.
ಕರ್ಮವನ್ನು ಮಾಡು ಫಲದ ಅಪೇಕ್ಷೆಯನ್ನ ಬಿಡು ಸಂಗಮ್ ತ್ಯಕ್ತ್ವ ಅಂದ್ರೆ ಫಲ ಸ್ನೇಹವನ್ನು ಬಿಟ್ಟು ಆ ಕರ್ಮಕ್ಕೆ ಅದು ಬೇಕು ಇದು ಬೇಕು ಅಂತ ಲೌಕಿಕ ಫಲದ ಅಪೇಕ್ಷೆಯನ್ನು ಬಿಟ್ಟು ಕರ್ಮವನ್ನು ಮಾಡು. ಯೋಗಸ್ಥಃ ಭಗವಂತ ಪ್ರೀತನಾಗಲಿ ಅನ್ನೋ ಭಗವಂತನ ಪ್ರೀತಿಯ ಉದ್ದೇಶವುಳ್ಳವನಾಗಿ ಸಂಗಂ ತ್ಯಕ್ತ್ವಾ ಫಲದ ಅಪೇಕ್ಷೆಯನ್ನು ಬಿಟ್ಟು ಕರ್ಮಾಣಿ ಕುರು ಧನಂಜಯ ನಿನ್ನ ಯುದ್ಧ ಎಂಬ ಕರ್ಮದಲ್ಲಿ ತೊಡಗು.",3891,4655,,,106
kn_kannada_20_0006,kannada_20,kn,Dvaita,6,"ಅರ್ಜುನ ಯೋಗ ಅಂದ್ರೆ ಏನು ಯೋಗಸ್ಥಹ ಅಂತ ಹೇಳಿದ ಆ ಯೋಗದ ವಿವರಣೆಯನ್ನು ಕೃಷ್ಣನೇ ಕೊಡುತ್ತಾನೆ ಸಿದ್ಧಿ ಅಸಿದ್ಧಿಯೋ ಸಮೋ ಭೂತ್ವ ಸಮತ್ವಂ ಯೋಗ ಉಚ್ಚತಿ ಯೋಗ ಅಂದ್ರೆ ನೀನು ಇವತ್ತು ತೊಡಗಬೇಕಾದ್ದು ಯುದ್ಧ ಎಂಬ ಕರ್ಮದಲ್ಲಿ ಆ ಯುದ್ಧ ಎಂಬ ಕರ್ಮದಿಂದ ನಿನಗೆ ಜಯ ಸಿಗಬಹುದು.
ಅಥವಾ ಸೋಲು ಆಗಬಹುದು. ಗೆಲುವು ಸೋಲು.
ಗೆಲುವು ಸಿದ್ಧಿ. ಸೋಲು ಅಸಿದ್ಧಿ.
ಯುದ್ಧಕ್ಕೆ ಗೆಲುವನ್ನ ಉದ್ದೇಶಿಸಿಕೊಂಡು ನೀನು ರಣರಂಗದಲ್ಲಿ ಭಾಗವಹಿಸಿದರೆ
ಗೆಲುವು ಸಿಕ್ಕರೆ ನಿನಗೆ ಸಿದ್ಧಿ. ಗೆಲುವು ಸಿಗದೇ ಹೋದಲ್ಲಿ ಅಸಿದ್ಧಿ. ನನಗೆ ಈ ಯುದ್ಧದಿಂದ ಗೆಲುವು ಸಿಗಲಿ ಬಿಡ್ಲಿ ಕೃಷ್ಣ ಹೇಳಿದ್ದಾನೆ ಕ್ಷತ್ರಿಯನಾದ ನನ್ನ ಕರ್ತವ್ಯ ಅನ್ನೋ ದೃಷ್ಟಿಯಿಂದ ನೀನು ಈ ಯುದ್ಧದಲ್ಲಿ ತೊಡಗಿದರೆ ಆವಾಗ ಯೋಗಸ್ಥಹ ಅದನ್ನು ಯೋಗ ಅಂತ ನಾನು ಕರೀತೇನೆ. ಆ ಭಾವನೆಯನ್ನು ಇಟ್ಟುಕೊಂಡ ನೀನು ಯೋಗಸ್ಥನಾಗ್ತಿ.
ಸಿದ್ಧ ಸಿದ್ಧಿಯೋಹು ಕರ್ಮದ ಲೌಕಿಕ ಫಲವು ಸಿದ್ಧವಾಗಲಿ ಅಥವಾ ಸಿಗದೆ ಇರಲಿ ಇವೆರಡರಲ್ಲೂ ಸಮೋಭೂತ್ವ ಫಲ ಸಿಕ್ತು ಅಂತ ಅತಿರೇಕದ ಸಂತಸದ ಮಟ್ಟಕ್ಕೆ ಹೋಗದೆ ಅಥವಾ ಫಲ ಸಿಗಲಿಲ್ಲ ಅಂತ ಕುಸಿದು ಕೂಡದೆ ಫಲ ಲೌಕಿಕವಾದ್ದು ಸಿಗಲಿ ಸಿಗದೆ ಹೋಗಲಿ ಸಮಹ ಎರಡರಲ್ಲೂ ನಿನ್ನ ಮನಸ್ಥಿತಿಯನ್ನ ಒಂದೇ ರೀತಿಯಾಗಿ ಕಾಯ್ದುಕೊಂಡು ಇರೋದು ಏನಿದೆಯೋ ಇದನ್ನ ಯೋಗ ಉಚ್ಚತೆ ಇದನ್ನ ಯೋಗ ಅಂತ ನಾನು ಹೇಳ್ತೀನಿ.",4656,5572,,,132
kn_kannada_20_0007,kannada_20,kn,Dvaita,7,"ಈ ಯೋಗವನ್ನ ಅರಸಿಕೊಂಡು ನೀನು
ನಿನ್ನ ಸ್ವಕರ್ಮವನ್ನು ಮಾಡು.
ನಿಷ್ಕಾಮ ಕರ್ಮ ಅಂದ್ರೆ ಇದೆ ಸಂಗಮ್ ತ್ಯಕ್ತ್ವ
ನಿಷ್ಕಾಮ ಅಂದ್ರೆ
ಆ ಫಲದ ಬಗ್ಗೆ ಆಸೆಯನ್ನು ತೊರೆದು
ಭಗವಂತ
ನೀಡಿದ ಆದೇಶ ಅನ್ನೋ ಕರ್ತವ್ಯ ದೃಷ್ಟಿಯಿಂದ ನೀನು ಕರ್ಮವನ್ನು ಮಾಡು. ಆದ್ದರಿಂದ ಮಾತೆ ಸಂಗೋಸ್ತು ಅಕರ್ಮಣಿ. ಫಲ ಇಲ್ಲ ಅಂದ ಕೂಡಲೇ ಕರ್ಮವನ್ನೇ ಬಿಟ್ಟುಬಿಡುತ್ತೇನೆ ಅಂತ ಅಂದುಕೊಳ್ಳಬೇಡ. ಈ ಭಾವನೆಯಿಂದ ಕರ್ಮವನ್ನು ಮಾಡು. ಅಲ್ಲಿಗೆ ನಮಗೆ ವಿಹಿತ ಕರ್ತವ್ಯವನ್ನ ಮಾಡುವಾಗ ಎರಡು ಭಾವನೆಗಳು ಇರಬೇಕು. ಒಂದು ಯೋಗ ಸ್ಥಿತಿ. ಎಲ್ಲಿ ನಾವಿರಬೇಕು?
ಇನ್ನೊಂದು ಫಲದ ಲೌಕಿಕ ಫಲದ ಅಪೇಕ್ಷೆಯನ್ನ ತೊರೆಯಬೇಕು.
ಯೋಗದ ಸ್ಥಿತಿಯಲ್ಲಿ ಇರೋದಂದ್ರೆ ಈ ಕೆಲಸವನ್ನು ಮಾಡುವುದು ನನ್ನ ಕರ್ತವ್ಯ.
ಇದು ಸಕ್ಸಸ್ ಆಗಬಹುದು ಅಥವಾ ಫೇಲ್ಯೂರ್ ಆಗಬಹುದು.
ನಾನು ಮಾಡಿದ ಈ ಕೆಲಸ ಗುರಿ ಮುಟ್ಟಬಹುದು ಅಥವಾ ನಾನು ನಿರೀಕ್ಷಿಸಿದ ಇದ ಫಲ ಸಿಗದೆ ಇರಬಹುದು.
ಇದನ್ನ ಮಾಡುವುದು ನನ್ನ ಕರ್ತವ್ಯ.
ಈ ದೃಷ್ಟಿಯಿಂದ ಫಲದ ಅಪೇಕ್ಷೆಯನ್ನ ಬಿಟ್ಟು ಸಮಸ್ಥಿತಿಯಲ್ಲಿದ್ದು ನಿನ್ನ ಕರ್ತವ್ಯವನ್ನು ನೀನು ನೆರವೇರಿಸು.",5573,6330,,,105
kn_kannada_20_0008,kannada_20,kn,Dvaita,8,"ಗೀತೆಯ ಮುಖ್ಯ ಸಂದೇಶ ಕರ್ಮ ಸಂದೇಶ ಇದು.
ಫಲಕ್ಕೆ ಕರ್ಮಕ್ಕೆ ಫಲದ ಬೇಲಿಯನ್ನ ಹಾಗಾದರೆ,
ಅದು ಸಿಗದೆ ಇದ್ದಾಗ ದೊಡ್ಡ ನಿರಾಶೆ ಆಗ್ತದೆ. 
ಇಡೀ ಜೀವನದಲ್ಲಿ ವೈರಾಗ್ಯ ಬರುವ ಸಂದರ್ಭ ಇದೆ.
ಕರ್ತವ್ಯದ ದೃಷ್ಟಿಯಿಂದ ನಾವು ಅದನ್ನು ಮಾಡಿದಾಗ
ನಿರ್ಲೇಪ
ನಿರ್ಲಿಪ್ತ ಮನೋಭಾವ ನಮ್ಮಲ್ಲಿ ಇರೋದ್ರಿಂದ
ಆ ಕರ್ಮ ನಾವು ಮಾಡಿದ ಕೆಲಸ ಗುರಿ ಮುಟ್ಟದೆ ಇದ್ದರೂ ನಮಗೆ ಬೇಸರವನ್ನು ತಂದುಕೊಡುತ್ತೆ. ಮಾಡ್ತೀವಿ ನಾವು ಇದನ್ನ.
ನೋಡಿ ಮನೆಯಲ್ಲಿ
ಮನೆ ಕೆಲಸವನ್ನ ನಮ್ಮ ಮನೆಯವಳು ತಿಂಡಿ ತೀರ್ಥ ಬೇಕಾದ ಸಮಯ ಸಮಯದಲ್ಲಿ ಆಹಾರ ಪದಾರ್ಥಗಳನ್ನು ಸಿದ್ಧಪಡಿಸಿಕೊಳ್ಳುತ್ತಾರೆ.
ಹಬ್ಬದ ದಿವಸ ವಿಶೇಷ ಅಡುಗೆ ನಡೆಯುತ್ತದೆ.
ಆಕೆ ನಾನು ಇವತ್ತು ವಿಶೇಷ ಅಡುಗೆ ಮಾಡಿದ್ದೇನೆ ನನಗೇನಾದರೂ ಭಕ್ಷಿಸಿಕೊಡಿ ಅಂತ ಹೇಳಿ. ಗಂಡನಲ್ಲಿ ಕೇಳೋದಿಲ್ಲ.
ಪ್ರತಿಫಲದ ಅಪೇಕ್ಷೆ ಇಲ್ಲದೆ ತನ್ನ ಕರ್ತವ್ಯ ನಾನು ಈ ವಿಶೇಷ ಅಡಿಗೆಯನ್ನ ಹಬ್ಬದ ದಿನ ಭಗವಂತನ ನೈವೇದ್ಯಕ್ಕಾಗಿ ಸಿದ್ಧಪಡಿಸಿದ್ದೇನೆ ಅನ್ನೋ ಭಾವನೆಯಿಂದ ಅದರಲ್ಲಿ ತೊಡಗಿದಾಗ ಅದು ನಿಷ್ಕಾಮ ಕರ್ಮ ಅನಿಸಿಕೊಳ್ಳುತ್ತದೆ.",6331,7072,,,100
kn_kannada_20_0009,kannada_20,kn,Dvaita,9,"ಹೀಗೆ ಯೋಗಸ್ಥಃ ಕುರು ಕರ್ಮಾಣಿ
ಇದು ನಿಷ್ಕಾಮ ಕರ್ಮದ ಸಂದೇಶ ಅರ್ಜುನನಿಗೆ ಶ್ರೀಕೃಷ್ಣ ನೀಡಿದ್ದು ಮತ್ತೊಮ್ಮೆ ಶ್ಲೋಕ
ಯೋಗಸ್ಥಃ ಕುರು ಕರ್ಮಾಣಿ
ಸಂಗಂ ತ್ಯಕ್ತ್ವಾ ಧನಂಜಯ
ಸಿದ್ಧ್ಯ ಸಿದ್ಧ್ಯೋ ಸಮೋಭೂತ್ವಾ
ಸಮತ್ವಂ ಯೋಗ ಉಚ್ಚ ಮುಂದಿನ ಶ್ಲೋಕ
ದೂರೇಣಹ್ಯವರಂ ಕರ್ಮ ಬುದ್ಧಿಯೋಗಾದನನ್ಜಯ
ಬುದ್ಧೌ ಶರಣಮನ್ವಿಚ್ಛ ಕೃಪಣಾ ಫಲಹೇತವಃ
ಪದ ವಿಭಾಗ
ದೂರೇಣ ಏನ ಶಿ ಅವರಂ ಶ್ಯವರಂ ಒಂದು ಪದ ಅಲ್ಲ ಅಲ್ಲಿ ಎರಡು ಪದ ಇದೆ. ಶಿ ಅವರಂ ಕರ್ಮ ಬುದ್ಧಿ ಯೋಗಾತ್ ಧನಂಜಯ ಬುದ್ಧೌ ಶರಣಂ ಅನ್ಮಿಚ್ಛ ಕೃಪಣಾಹ ಫಲ ಹೇತವಃ ಕರ್ಮ ಬುದ್ಧಿಯೋಗಾತ್ ದೂರೇಣ ಅವರಂ ದೂರ ಅನ್ನೋ ಶಬ್ದಕ್ಕೆ ಸಂಸ್ಕೃತದಲ್ಲೂ ಇದೆ ಆಡು ಭಾಷೆಯಲ್ಲಿದೆ ಸಮೀಪಕ್ಕೆ ವಿರುದ್ಧವಾದ ಒಂದು ಅರ್ಥವನ್ನು ಕೊಡುವ ಶಬ್ದ ಅದು. ದೂರದಲ್ಲಿದ್ದೇವೆ ಅಂದ್ರೆ ಡಿಸ್ಟೆನ್ಸ್ ಅನ್ನೋ ಅರ್ಥದಲ್ಲಿ ಆ ಶಬ್ದವನ್ನು ಬಳಸ್ತೇವೆ. ಆದರೆ ಇಲ್ಲಿ ಕೃಷ್ಣ ಅತ್ಯಂತ ಅನ್ನೋ ಅರ್ಥದಲ್ಲಿ ಆ ಶಬ್ದವನ್ನು ಬಳಸಿದ್ದಾನೆ. ಕರ್ಮವು ಬುದ್ಧಿಯೋಗಕ್ಕಿಂತ ತುಂಬಾ ದೂರದಲ್ಲಿದೆ. ತುಂಬಾ.",7073,7783,,,100
kn_kannada_20_0010,kannada_20,kn,Dvaita,10,"ದೂರದಲ್ಲಿದೆ ಅಂದ್ರೆ ತುಂಬಾ ಅವರ ಕೆಳಮಟ್ಟದಲ್ಲಿದೆ.
ಕರ್ಮಕ್ಕೂ ಜ್ಞಾನಕ್ಕೂ ಬುದ್ಧಿ ಅಂದ್ರೆ ಜ್ಞಾನ ಬುದ್ಧಿ ಯೋಗ ಅಂದ್ರೆ ಜ್ಞಾನ ಎಂಬ ಉಪಾಯ ಸಾಧನೆ.
ನಾವು ಭಗವಂತನ ಪ್ರೀತಿಗಾಗಿ ಎರಡು ಸಾಧನೆಗಳನ್ನು ಮಾಡಬೇಕು. ಒಂದು ಜ್ಞಾನವನ್ನು ಅರಸೋದು. ಜ್ಞಾನಕ್ಕಾಗಿ ವೇದ ಉಪನಿಷತ್ತುಗಳ ಅಧ್ಯಯನವನ್ನ ನಡೆಸೋದು. ಇನ್ನೊಂದು ನಮಗೆ ವಿಹಿತವಾದ ಕರ್ಮದಲ್ಲಿ ಆಸಕ್ತಿಯಿಂದ ಫಲದ ಆಸಕ್ತಿಯಿಂದ ಭಾಗವಹಿಸುವುದು. ಹೀಗೆ ಕರ್ಮ ಜ್ಞಾನ ಅಂತ ಎರಡು ಸೂತ್ರ. ಸಾಧನಗಳಿವೆ. ಕರ್ಮವು ನಮ್ಮ ಇಷ್ಟಾರ್ಥ ಪ್ರಾಪ್ತಿಗೆ ಬೇಕಾದ ಒಂದು ಸಾಧನ ಯೋಗ ಕರ್ಮ ಯೋಗ. ಜ್ಞಾನವು ನಮಗೆ ಇಷ್ಟಾರ್ಥ ಪ್ರಾಪ್ತಿಗೆ ಬೇಕಾದ ಒಂದು ಸಾಧನ. ಅಲ್ಲಿಗೆ ಜ್ಞಾನ ಯೋಗ ಅದನ್ನ ಬುದ್ಧಿ ಯೋಗ ಅಂತ ಕೃಷ್ಣ ಕರೆದಿದ್ದಾನೆ. ಅಲ್ಲಿಗೆ ಕರ್ಮ ಯೋಗ ಬುದ್ಧಿ ಯೋಗ. ಇವೆರಡರಲ್ಲಿ ಇವೆರಡನ್ನು ತುಲನಾತ್ಮಕವಾಗಿ ನೋಡಿದರೆ ಯಾವುದು ಹೆಚ್ಚು ಯಾವುದು ಕಡಿಮೆ ಅಂದ್ರೆ ಕೃಷ್ಣ ಹೇಳ್ತಾನೆ ಕರ್ಮ ದೂರೇಣ ಅವರಂ ಅದು ಕೆಳಮಟ್ಟದ್ದು ಬರೆ ಕೆಳಮಟ್ಟದ್ದಲ್ಲ ಅತ್ಯಂತ ಕೆಳಮಟ್ಟದ್ದು ಜ್ಞಾನ ಯೋಗಕ್ಕಿಂತ ಕರ್ಮ ತುಂಬಾ ಕೆಳಮಟ್ಟದಲ್ಲಿದೆ.",7784,8546,,,102
kn_kannada_20_0011,kannada_20,kn,Dvaita,11,"ಕರ್ಮ ಅಂದ್ರೆ
ಸಕಾಮ ಕರ್ಮ.
ಆದ್ದರಿಂದ
ಜ್ಞಾನ ಯೋಗ ಕರ್ಮ ಯೋಗಗಳಲ್ಲಿ ಕರ್ಮ ಯೋಗ ತುಂಬಾ ಕೆಳಮಟ್ಟದ್ದು ಜ್ಞಾನ ಯೋಗ ತುಂಬಾ ಉತ್ತಮ ಮಟ್ಟದ್ದು.
ಕರ್ಮದಿಂದ ಸಿಗುವ ತಾತ್ಕಾಲಿಕ ಫಲ ಅಷ್ಟೇ. ಜ್ಞಾನದಿಂದ ಸಿಗುವುದು ಭಗವಂತನ ಪ್ರೀತಿ ಅದರಿಂದ ಶಾಶ್ವತವಾದ ಫಲ. ದುಃಖದ ಸಂಪರ್ಕವೇ ಇಲ್ಲದ ಜನನ ಮರಣಾದಿಗಳನ್ನ ದಾಟುವ ಫಲ ಅದು ಜ್ಞಾನದಿಂದ ಲಭ್ಯ ಆಗ್ತದೆ. ಆದ್ದರಿಂದ ಜ್ಞಾನದಿಂದ ಸಿಗುವ ಫಲ ಶಾಶ್ವತ ದುಃಖದ ಸಂಪರ್ಕವಿಲ್ಲದ್ದು. ಸಕಾಮ ಕರ್ಮದಿಂದ ಸಿಗುವ ಫಲ ಅದು ನಶ್ವರ ಅಲ್ಲಿ ದುಃಖದ ಸಂಪರ್ಕ ಇರಬಹುದು. ಆದ್ದರಿಂದ ಕರ್ಮಯೋಗ ಜ್ಞಾನ ಯೋಗಗಳಲ್ಲಿ ಜ್ಞಾನ ಯೋಗ ತುಂಬಾ ಉಚ್ಚ ಮಟ್ಟದಲ್ಲಿದೆ ಕರ್ಮಯೋಗ ತುಂಬಾ ಕೆಳಮಟ್ಟದಲ್ಲಿದೆ. ದೂರೇನಹಿ ಅವರಂ ಕರ್ಮ ಬುದ್ಧಿಯೋಗಾ ಧನಂಜಯ ಅಂತ ಅರ್ಜುನನ ಸಂಬೋಧನೆ. ಆದ್ದರಿಂದ
ಬುದ್ಧೌ ಶರಣಮನ್ವಿಚ್ಛಾ
ಕರ್ಮಯೋಗ ಜ್ಞಾನ ಯೋಗಗಳಲ್ಲಿ
ನೀನು ಯಾವುದಕ್ಕೆ ಶರಣಾಗಬೇಕು ಅಂದ್ರೆ
ಧ್ಯಾನಕ್ಕೆ ತಲೆಬಾಗು.
ನೀನು ಧ್ಯಾನವನ್ನು ಅರಸು ಕರ್ಮ ಮಾರ್ಗವನ್ನು ಅರಸುವೆ. ಬೇಡ.
ಆದ್ದರಿಂದ ಬುದ್ಧೌ ಶರಣಮನ್ಮಿಚ್ಛ.",8547,9278,,,100
kn_kannada_20_0012,kannada_20,kn,Dvaita,12,"ಯಾಕೆ?
ಕೃಪಣಾ ಫಲ ಹೇತವಃ.
ಫಲ ಹೇತವಃ ಅಂದ್ರೆ
ಫಲವನ್ನೇ ಕಾರಣವನ್ನಾಗಿ ಮಾಡಿಕೊಂಡವರು.
ನಾವು ಮಾಡುವ ಹೋಮ ಧೂಮಗಳಿಗೆ ಜಪ ತಪಗಳಿಗೆ ಈ ಫಲ ಸಿಗಬೇಕು ಅಂತ ಫಲದ ಟಾರ್ಜೆಟ್ ಇಟ್ಟುಕೊಂಡು
ಗುರಿಯನ್ನ ಇಟ್ಟುಕೊಂಡು
ಯಾರು ಕರ್ಮವನ್ನ ಮಾಡ್ತಾರೋ ಅವರು ಕೃಪಣಾಹ
ಕೃಪಣ ಶಬ್ದಕ್ಕೆ
ಆಸೆ ಬುರುಕಾ ಅಂತ ಅರ್ಥ ಅಲ್ಲ
ದುಃಖಿಗಳು ಅಂತ ಅರ್ಥ
ಯಾಕೆಂದರೆ ಉಪನಿಷತ್ತು ಹೇಳುತ್ತದೆ
ಇಮಂ ಲೋಕಂ ಶೀನತರಂ ವಾ ವಿಶಂತಿ ಅಂತ.
ಯಾರು ಫಲದ ಉದ್ದೇಶದಿಂದ ಕರ್ಮವನ್ನು ಮಾಡುತ್ತಾರೋ ಅವರು ಮತ್ತೆ ಚಿರುಗಿ ಇದೇ ಲೋಕಕ್ಕೆ ಬರುತ್ತಾರೆ ದೇಹಾಂತವಾದ ಮೇಲೆ ಅಥವಾ ಇದಕ್ಕಿಂತಲೂ ಕೆಳಮಟ್ಟದ ನರಕಾದಿ ಅನರ್ಥಗಳಿಗೆ ಕುರಿಯಾಗ್ತಾರೆ.
ಆದ್ದರಿಂದ ಫಲಾಹೀನ ಏತವಹ
ತಮ್ಮ ಕರ್ಮಕ್ಕೆ ಫಲವೇ ಕಾರಣವಾಗಿ ಉಳ್ಳವರು ಅರ್ಥಾತ್
ಲೌಕಿಕ ಫಲದ ಉದ್ದೇಶದಿಂದ ಕರ್ಮ ಮಾಡುವವರು ಕೃಪಣಾ
ದುಃಖ ಭಾಜನರಾಗ್ತಾರೆ
ಆದ್ದರಿಂದ
ದುಃಖಕ್ಕೆ ಕಾರಣ ಸುಖದ ಜೊತೆಯಲ್ಲಿ ದುಃಖಕ್ಕೆ ಕಾರಣವಾಗುವುದರಿಂದ ಕರ್ಮ ಮಾರ್ಗವು ಧ್ಯಾನ ಮಾರ್ಗಕ್ಕಿಂತ ಅತ್ಯಂತ ಕೆಳಮಟ್ಟದಲ್ಲಿದೆ. ಆದ್ದರಿಂದ ಇದೇ ಯುದ್ಧ ನಿನಗೆ ಧ್ಯಾನ ಮಾರ್ಗವು ಆಗುತ್ತೆ, ಕರ್ಮ ಮಾರ್ಗವು ಆಗ್ತದೆ.",9279,10060,,,108
kn_kannada_20_0013,kannada_20,kn,Dvaita,13,"ಜಯದ ಅಪೇಕ್ಷೆ ಇಟ್ಟುಕೊಂಡು ನೀನು ಈ ಯುದ್ಧದಲ್ಲಿ ತೊಡಗಿದರೆ ಅದು ಕರ್ಮ ಮಾರ್ಗ. ಕೃಷ್ಣ ಆದೇಶ ಕೊಟ್ಟಿದ್ದಾನೆ ನಾನು ಕ್ಷತ್ರಿಯ ಇದು ನನ್ನ ಕರ್ತವ್ಯ. ಇದನ್ನು ನೆರವೇರಿಸಿದರೆ ಕೃಷ್ಣ ಪ್ರೀತನಾಗ್ತಾನೆ ಜಯ ಅಪಜಯಗಳು ನನಗೆ ಮುಖ್ಯವಲ್ಲ. 
ಈ ಭಾವನೆಯಿಂದ ಈ ಯುದ್ಧದಲ್ಲಿ ತೊಡಗಿದರೆ ಇದು ಬುದ್ಧಿಯೋಗ ಆಗ್ತದೆ. 
ಅಲ್ಲಿಗೆ ಬುದ್ಧಿಯೋಗ ಮತ್ತು ಸಕಾಮ ಕರ್ಮ ಯೋಗ ಇವೆರಡರಲ್ಲಿ ಕರ್ಮ ಮಾರ್ಗ ಏನಿದೆಯೋ ಇದು ಅತ್ಯಂತ ಕೆಳಮಟ್ಟದ್ದು ಜ್ಞಾನ ಮಾರ್ಗವನ್ನು. ಅರಸು ಅರ್ಜುನ ಎಂಬ ಸಂದೇಶವನ್ನು ಶ್ರೀಕೃಷ್ಣ ಅರ್ಜುನನಿಗೆ ಇಲ್ಲಿ ನೀಡಿದ್ದಾನೆ. ಮತ್ತೊಮ್ಮೆ ಶ್ಲೋಕ ದೂರೇಣ ಶ್ಯವರಂ ಕರ್ಮ ಬುದ್ಧಿಯೋಗಾಧನಂ ಜಯ ಬುದ್ಧೌ ಶರಣಮನ್ಮಿಚ್ಛ ಕೃಪಣಾ ಫಲಹೇ ತವಹ ಮುಂದಿನ ಬುದ್ಧಿಯೋಗದಿಂದ ಸಿಗುವ ಫಲವನ್ನು ಕೃಷ್ಣ ಹೇಳುತ್ತಾನೆ. ಇಲ್ಲಿ ಕರ್ಮಯೋಗದಿಂದ ಸಿಗುವ ಫಲವನ್ನು ಸೂಚನೆ ಮಾಡಿದ್ದಾನೆ. ಮುಂದಿನ ಶ್ಲೋಕದಲ್ಲಿ ಬುದ್ಧಿಯೋಗವನ್ನು ಜ್ಞಾನ ಮಾರ್ಗವನ್ನು ಅರಸಿದರೆ ಏನು ಸಿಗುತ್ತದೆ ಅನ್ನೋದನ್ನ ಹೇಳುತ್ತಾನೆ. ಅದನ್ನ ಮುಂದಿನ ಭಾಗದಲ್ಲಿ ನೋಡೋಣ. ಇವತ್ತಿನ ಈ ಭಾಗದ ಪ್ರವಚನವನ್ನು ಮುಕ್ತಾಯಿಗೊಳಿಸೋಣ.",10061,10837,,,100
kn_kannada_20_0014,kannada_20,kn,Dvaita,14,ಈ ಪ್ರವಚನ ಭಾಗವನ್ನ ಶ್ರೀಯುತರಾದ ಮರವೇಕೆರೆ ಮುರಳೀಧರರಾಯರು ತಾವು ಆರ್ಥಿಕ ಸಹಕಾರವನ್ನ ನೀಡಿ ಸಹಕರಿಸಿದ್ದಾರೆ. ಅವರಿಗೆ ಶ್ರೀಕೃಷ್ಣ ಆಯುರಾರೋಗ್ಯ ಭಾಗ್ಯವನ್ನು ಜ್ಞಾನ ಸಂಪತ್ತನ್ನು ಕೊಡಲಿ ಅಂತ ಪ್ರಾರ್ಥನೆ ಮಾಡೋಣ. ಶ್ರೀಕೃಷ್ಣಾರ್ಪಣ ನಮಸ್ಕಾರ.,10838,11036,,,23
en_video_01_0000,video_01,en,Advaita,0,"Gita and I made some introductory remarks about the Bhagavad Gita. 18 chapters but the first chapter is it just sets the stage. The teachings do not really start in the first chapter. So we will not be doing the first chapter. We all know those who have studied the Bhagavad Gita that in the first chapter it sets the stage for this great teaching. The two groups of the same clan, the Pandavas and the Kauravas, the same dynasty actually in ancient India, they are engaged in civil war. The Pandavas to sort of oversimplify, the Pandavas are the good guys and the Kauravas are the bad guys and Arjuna is",0,604,0.0,54.0,112
en_video_01_0001,video_01,en,Advaita,1,"one of the five Pandava brothers and Krishna who is an incarnation of God, an avatar, Krishna is his driver, chauffeur. He drives the, he drives Arjuna's chariot in this great battle and before the battle begins Arjuna asks Shri Krishna that take me out there in the middle of the two arrayed armies. I want to see who's who's foolish enough to come and fight with me. He's full of bravado and confidence but once he goes there and he sees all his relatives because it's a civil war so the people they're going to fight are their own",605,1138,54.0,95.26000213623047,100
en_video_01_0002,video_01,en,Advaita,2,"relatives, two factions of the same royal house and so he has great qualms about the battle which is about to ensue though it is a righteous war because the Kauravas are really nasty guys. Now Arjuna says that maybe we shouldn't fight this war. I don't want to fight this war. I want to give up and withdraw from this war and now Shri Krishna is going to engage him to do his duty and so starts the teaching. Remember the teaching is ostensibly about a civil war fought a long time in prehistoric times in India and but it's not really about a",1139,1682,95.26000213623047,148.02000427246094,105
en_video_01_0003,video_01,en,Advaita,3,"civil war, it's not really about some princes of different royal houses fighting a war. What use or interest would that be to us? What it is really about is our spiritual battle. Each one of us has to fight this battle of life daily. Everyone has this as this challenge facing. It could be a challenge in your, it could be a challenge to get along with difficult people every day, it could be a difficult job, it could be a bad financial situation, it could be ill health, it could be loneliness, it could be whatever or a combination of all",1683,2224,148.02000427246094,191.02000427246094,103
en_video_01_0004,video_01,en,Advaita,4,"these factors and all of us at different times in life this is the battle which faces us. Every day you wake up in the morning this is the battlefield in front of us. This is what's actually Shri Krishna is speaking about. So his message is spiritual teaching is an eternal teaching. It is immediately applicable to us, each one of us. In fact one of the great Swamis in the past in our order he was a very great teacher of Vedanta Bhaskareshwarananda who founded the Ramakrishna Math in Nagpur. Yes Nagpur. I never saw him but from all our",2225,2765,191.02000427246094,236.05999755859375,102
en_video_01_0005,video_01,en,Advaita,5,"seniors those who saw him he was evidently a remarkable teacher. So they maintained notes, handwritten notes of his teachings and I had access to some of those notes. Remarkable the notes of the first class on the Bhagavad Gita. He taught it many times. So on one of these cycles the first class he gave on the Bhagavad Gita and so this is how he starts off. He tells those and those who are around sitting in the class were young monks, the novices. He tells them remember these three things when you study the Gita. First I have come here",2766,3306,236.17999267578125,273.1000061035156,102
en_video_01_0006,video_01,en,Advaita,6,"because I need it. Keep the need, the purpose vibrating in Sanskrit prayo janam. Keep the purpose of this study vibrating in your heart. Why am I here? Why am I listening to the Gita? I need it. It will be of great help, strength, peace, wisdom for me. That's why I need it. That's why I am here. So the exact words he said was keep the prayo janam vibrating in your mind. Prayo janam is the need, the benefit, the purpose that should be vibrating in the mind when we study. Not that I'm always thinking about it then you won't listen to what I'm saying but",3307,3864,273.1000061035156,315.260009765625,109
en_video_01_0007,video_01,en,Advaita,7,"it gives me the orientation, the proper orientation why I am studying this. The second thing keep in mind is who is teaching? Who is the teacher? Who is the speaker here? It is Shri Krishna. It's not your philosophy professor. It's not a pundit or a scholar. Not somebody who is airing his or her own particular philosophical opinion. It is an incarnation of the Lord himself who is speaking. It gives it an entirely different dimension the way we should receive these teachings. If you would hotline to God and ask him I wish I could talk to God. I want to know what God would say to me. Here is what God",3865,4470,315.260009765625,361.739990234375,115
en_video_01_0008,video_01,en,Advaita,8,"would say to you. You would say I've said it. Look it up in the Gita. This is what God, not to Arjuna, to me. So remember who's teaching. The second thing, the teacher. It is Shri Krishna and the third thing is it speaks to life. So what does it mean to me? How do I use it in life? That's also something that we should keep in mind. The purpose, keep the need vibrating in mind. There is a place here to sit. You can come up here. Come up here. Could you just make space for me? Yeah. Who is teaching and the practical use in my life? What does",4471,5016,361.739990234375,408.739990234375,113
en_video_01_0009,video_01,en,Advaita,9,"it mean for me in my life? There are, by the way, I mentioned it last time and this time also I'll mention it. There are many many translations of the Gita available. I was happy to hear that in the summer in Yale University, New Haven, they had a special course on the Bhagavad Gita. I think a six-week course was offered by a professor and they have also started a project to collect all the translations. I think only the English translations of the Bhagavad Gita. All that are available. So they want to have a library of the Gita at Yale",5017,5559,408.739990234375,443.6600036621094,104
en_video_01_0010,video_01,en,Advaita,10,"University. Just by the way, not that it's directly relevant, just a couple of weeks back I was in Washington DC. There was a what they called a global Gita convention and a two-day convention on the Gita and more than a thousand people showed up. So that's interesting. There's a huge hall in George Mason University in Washington DC. Now there are many many translations of the Gita available and I'm informed by our book sales counter here that here itself we have several translations available. I would recommend these. Swami Tapasyananda's Gita. If you don't have a Gita already, many of you already have it, but just so",5560,6186,443.6600036621094,491.4599914550781,110
en_video_01_0011,video_01,en,Advaita,11,"you just take a look after the class. This is I think the best you can get in one volume where you have the original Sanskrit with a transliteration. That means you need not know the Devanagari script to read it. You can read it in the Roman script itself. That's there and with a very terse but compact but insightful explanation. So Swami Tapasyananda was one of our, he was one of the vice presidents of the order several decades ago and one of the most profound scholars we had. So his Gita is there. One which I have used often Swami",6187,6725,491.4599914550781,533.2999877929688,103
en_video_01_0012,video_01,en,Advaita,12,"Swaroopananda's Gita. It's a smaller one. It just has the original verse and the English word-by-word meaning and maybe an occasional one or two lines of notes. So that's a smaller version. Swaroopananda's Gita. You can take a look at that. One, there are many ancient commentaries on the Bhagavad Gita. The one I will rely on over the next years. I don't know how long it will take. I remember in in in Uttarkashi a class was starting on Mandukya Karika which we are doing in Wednesdays. I was not there in the class but I heard an old",6726,7262,533.2999877929688,575.8200073242188,100
en_video_01_0013,video_01,en,Advaita,13,"tape recording of the class. The first class. An old Swami who was teaching. Somebody in the class asked how long is this going to take to complete the text and the Swami said well that to complete is not the purpose. The purpose is enlightenment right. So complete and never say that I am reading the some one of my teachers told me never say I've read the Bhagavad Gita. Always say I'm reading the Bhagavad Gita. So the purpose is Not to complete it. As long as the breath flows, you're breathing in and out, the class will continue.",7263,7798,575.8200073242188,607.0,101
en_video_01_0014,video_01,en,Advaita,14,"That means, in Hindi he said, jab tak swaas chalegi, chalegi padhai. As long as the breath is flowing, the class will continue. And another Swami, much more, much less accommodating. He was starting a class on Sanskrit grammar. One of the most boring things you can, except for pandits. Pandits love it, but everybody else finds it very boring. I hear the same thing about those who have taken Latin grammar. So, Sanskrit grammar. He's starting a class on Sanskrit grammar in Uttarkashi, in the Himalayas. And the first class somebody asked, how long is this going to take?",7799,8372,607.0,644.0,100
en_video_01_0015,video_01,en,Advaita,15,"And Swami said, who said that? Leave, leave right now. Just go away right now. Don't come back to the class. No, but yes, but here we have a fixed time. This is Manhattan. We can't go on like that. So, in this duration, I will use many sources. So, people ask me, which book are you using? So, I will use many sources, especially many ancient commentaries. But the central one which I rely on is Adi Shankaracharya's commentary, who wrote this 1400 years ago. There are good English translations available. Two of them are here. Swami Gambhiranandaji's translation. It has the original verse and an English translation of the Sanskrit commentary.",8373,9019,644.0,692.0,113
en_video_01_0016,video_01,en,Advaita,16,"The Sanskrit commentary itself is not there in the Gambhirananda edition. There is another translation of Shankaracharya's commentary by Professor Krishna Warrior. It can be ordered on request for those who know Sanskrit. So, it has the original Sanskrit and an English translation also. If you want a detailed explanation, long running commentary on the Bhagavad Gita, I can do no better than to recommend Swami Ranganathanandaji's. That runs to three volumes. So, that's there. Each verse with a detailed commentary on that. And there are many many more. For example, the one I am holding right now. Doesn't mean that you are going to start looking for this because I might hold another one next time you come.",9020,9732,692.0,740.0,119
en_video_01_0017,video_01,en,Advaita,17,"So, this is for example, a Gita with the commentary of Sridhar Swami, who was one of the medieval commentators. He wrote a very simple Sanskrit commentary 800 years ago. He is actually well known for his commentary on the Bhagavatam, Srimad Bhagavatam. Anyway, first chapter of the Bhagavad Gita of 18 chapters, the first chapter just sets the stage. Arjuna says, for these reasons I shall not fight the war. Though he had come there to fight the war, now he says, I won't. I want to quit. And the second chapter onwards, the teaching starts. In fact, the teaching starts with the tenth verse of the second chapter.",9733,10348,740.0,790.0,110
en_video_01_0018,video_01,en,Advaita,18,"So, in fact, if you look at Shankaracharya's commentary, Adi Shankaracharya's commentary, that starts with the tenth verse of the second chapter. He does not deal with the first chapter nor with the first ten verses of the second chapter. After the tenth verse of the second chapter, directly when Sri Krishna starts teaching, he starts his commentary. But we will start with the second chapter itself. The first chapter, each of the chapters has a name and each of the names ends with yoga. So, for example, second chapter is Sankhya Yoga. The first chapter is called Arjuna Vishada Yoga, the yoga of Arjuna's depression.",10349,10971,790.0,836.0,106
en_video_01_0019,video_01,en,Advaita,19,"Depression yoga, I'm sure it's not a yoga you've heard of. You've heard of all different kinds of yoga. Remember, by yoga we mean here a spiritual path, not downward dog, not the yoga postures in the asana. That's also a path, but that's the physical part of it. This is a spiritual path and various paths of spiritual development are taught by Krishna to Arjuna. Eighteen chapters, each of them is called a yoga, but does not mean there are eighteen yogas. There are many different teachings regarding these yogas across the chapters. But even in one sense, depression, unhappiness, it's not in itself a spiritual thing.",10972,11593,836.0,881.0,108
en_video_01_0020,video_01,en,Advaita,20,"Unhappiness in itself is not a spiritual thing. It becomes spiritual. Arjuna transforms his depression, his misery, his unhappiness, his frustration with the situation into a gateway to spirituality. Why? What he does is, he surrenders, he asks Krishna to guide him. Here I am, I'm caught in this terrible situation, I don't know what to do, I'm very unhappy. Please tell me what I should do. If we do that with our unhappiness, then our unhappiness is a doorway to spirituality. It will lead to spiritual growth and spiritual development. Take it to God, ask God, I'm unhappy, it's terrible, what can I do now?",11594,12205,881.0,928.0,106
en_video_01_0021,video_01,en,Advaita,21,"So, then unhappiness becomes a yoga. Arjuna, it simply means, the word itself comes from Riju, the Sanskrit term Riju. I'll be throwing around Sanskrit terms, but I'll always translate. If I do not translate, you are free to raise your hand and ask me to translate. I remember I used to teach Vedanta in Hollywood, in a class, in a small group, in the library there. There was this gentleman who was a very interesting person. He was totally innocent of Sanskrit. He would sit at the back and he would wildly wave his hands. I would know that's a flag, that I'm giving too much Sanskrit, so I would stop and translate.",12206,12824,928.0,971.0,114
en_video_01_0022,video_01,en,Advaita,22,"So, Arjuna, the word is related to the Sanskrit Riju, which means straightforward, simple, straightforward. Sri Ramakrishna says, if a person is simple, straightforward, that is a very good spiritual sign. Such persons, you will know that simplicity is a sign that it is the last birth. He has said that. Sharalata means, the word, oh, very interesting, the word in Bengali or in Sanskrit or Hindi, Saral or Sharalata, it means simplicity, it also means straight. Literally, a straight line would be Sharal, and simplicity also. So, Arjuna, the word also has the same etymological root. There is a, because it's a Gita, it's set in the Mahabharata and the Mahabharata is literally the greatest story ever told.",12825,13535,971.0,1030.0,119
en_video_01_0023,video_01,en,Advaita,23,"So, once in a while stories will come in and that's good. So, there's a story just preceding the war. Krishna, how did he come to be Arjuna's chariot driver? One day he was taking his usual, the great Indian siesta, the afternoon siesta, Sri Krishna, and the two parties to the war, two sides, Arjuna representing his side, the Pandava side, and Duryodhana, the main villain, representing his side, the Kaurava. They arrived almost simultaneously to Krishna's doorstep to ask for his help in the upcoming war. Now, Duryodhana is arrogant. He goes and sits in the comfy chair which happens to be near Krishna's head.",13536,14151,1030.0,1077.0,107
en_video_01_0024,video_01,en,Advaita,24,"And Arjuna, who is full of humility and respect, he goes and sits at the foot of the bed, near Krishna's feet. Now, it so happens that when Krishna wakes up, he opens his eyes and whom does he see first? He sees Arjuna. And he says, Arjuna, you are here, what do you want? Before Arjuna can say anything, Duryodhana sees that a disaster is going to happen. So, he says, just a minute, I am here. And Krishna looks around. And by the way, I am not making it up, it's in the Mahabharata itself. I was reading the original verses just yesterday.",14152,14694,1077.0,1114.0,105
en_video_01_0025,video_01,en,Advaita,25,"So, he looks back and sees Duryodhana sitting there. And then he launches into this. Krishna says to both of them, I do not doubt that you were here first, O Prince Duryodhana. But I also did see Arjuna first. Hence, I shall help both of you. Of course, he wants to help Arjuna. And so, you are free to ask me. I offer these two to you. One is my powerful army. Because Krishna is also king. It's called the Narayani army. I am going to offer this army full of well-trained warriors, brave in battle. That's one thing I offer.",14695,15221,1114.0,1160.0,102
en_video_01_0026,video_01,en,Advaita,26,"The other thing I offer is myself, alone, unarmed. I will not fight or kill anybody in this war. I will not pick up a weapon even. Now, you choose. I will ask Arjuna to choose first. Because the rules are, you ask the younger person to choose first. And Arjuna is younger. Now, you can imagine Duryodhana thinking, oh no. But Arjuna, to his delight, Duryodhana's delight, Arjuna says, I choose you, my lord. And Duryodhana, of course, is delighted. He was thinking, what a fool. I have got the army and Arjuna has got just one. One person, Krishna, no matter how great, he's not going to fight anyway.",15222,15823,1160.0,1203.5199999809265,111
en_video_01_0027,video_01,en,Advaita,27,"So he thinks he has got the better part of the deal and he leaves happily. Arjuna also leaves happily. But one has chosen God, the other one has chosen the world. And we all know what happened, those who know the story of the war. Wherever, if you have God on your side, always know that you are going to succeed in every respect, especially in the one which matters most, in the spiritual respect. If you have the world on your side, it will slip away from your fingers. It always has. The very word for the world in Sanskrit,",15824,16351,1204.159999847412,1239.159999847412,102
en_video_01_0028,video_01,en,Advaita,28,"jagat, means gacchati, that which goes. Wealth goes, youth goes, power goes, fame goes, health goes, all of it goes because it is jagat, that which goes. So that's how Krishna came to be driving a chariot, Arjuna's chariot. And now Arjuna is seeming to back out of the whole deal. And he says to Krishna, I won't fight because of these reasons. So here it starts the second chapter. The second chapter is called Sankhya Yoga. Just a comment about this before we start. What does Sankhya Yoga mean? Sankhya is the name of a philosophy, but that's not what it means here.",16352,16921,1239.159999847412,1285.0800018310547,104
en_video_01_0029,video_01,en,Advaita,29,"Among the six orthodox schools of Hindu thought, Nyaya, Vaisheshika, Sankhya, Yoga, Yoga itself is a school of philosophy. Patanjali's yoga system and then Purva Mimamsa and Vedanta. These are the six orthodox schools in one way of classification. Among these six is the Sankhya system of philosophy of Kapila. Having said that, that's not what it means here. Here in the second chapter, Sankhya means the path of knowledge, viveka. To discriminate between, to analyze, to see that in this world that which goes, jagat, non-eternal world, what is real? What is eternal? What is worth having here? What is worthwhile? What is real? What is finally, what is the goal?",16922,17587,1286.0800018310547,1336.6799926757812,112
en_video_01_0030,video_01,en,Advaita,30,"What is the whole point of it all? The one who realizes this, to isolate the reality from the unreal, the unchanging from the changing, this is called viveka. Another name for this is Sankhya. Viveka means to discriminate, to separate. Another name is Sankhya. Basically Sankhya Yoga here means the way of knowledge. In fact, Sri Krishna's central teaching of the entire Bhagavad Gita is given in the second chapter. What Krishna wants to point out, the teaching about the Atman, who or what we really are, that's the central teaching. Entire Bhagavad Gita, that's given in the second chapter.",17588,18181,1337.2799987792969,1378.0800018310547,101
en_video_01_0031,video_01,en,Advaita,31,"In fact, the second chapter has four parts. First is, Arjuna will become a disciple of Krishna. Then Krishna starts teaching. The teaching is in three parts. One first part is the central part of the teaching, where Krishna tells Arjuna what he is, what we all really are. What's the truth about ourselves and this universe? Second part is, spiritual practices. Third part is, Arjuna asks a question. Suppose I become enlightened, this is what you are teaching me. Suppose I do it and I get enlightenment, what difference will it make? It's a very good question. A very specific question.",18182,18770,1378.6799926757812,1418.8800048828125,102
en_video_01_0032,video_01,en,Advaita,32,"This enlightened person, how is this person different from us? Specifics, how does this person walk and talk and interact with others and so on. So these are the parts of the second chapter. And the teaching is really complete in the second chapter. Complete means the essence. So what are the other sixteen chapters? Arjuna asks questions. And those questions you will see are not unnecessary. They are our questions. By the time we have finished the second chapter, we will have that question. And you will immediately see to your amazement and delight, Arjuna asks that question. And so starts another chapter and another chapter and another chapter.",18771,19424,1419.479995727539,1454.2799987792969,110
en_video_01_0033,video_01,en,Advaita,33,"Somebody was joking, I was joking. That the 18th chapter is the last one because Arjuna has sort of, what's the term? Cottoned on to Sri Krishna's method of teaching. So at the end of the chapter, Krishna is prompting him. Do you understand? Are your doubts clarified? Do you get it? Arjuna says, yes, I get it. I have no more questions. Because he knows one more question means one more chapter will start. I'm just joking. So the teaching is complete in 18 chapters. But the essence of the teaching is given in the second chapter. Let's start.",19425,19970,1456.8800048828125,1490.6799926757812,100
en_video_01_0034,video_01,en,Advaita,34,"You chant along with me. Those who have the text, you can chant along. I'll chant and you chant after me. You chant along with me. Those who have the text, you can chant along. I'll chant and you chant after me. Sanjay, the one who is narrating all this. Remember, all this is like Dhritarashtra, the blind king. If you don't know who the blind king is, what's happening, don't worry. I will not explain that now because then a lifetime won't be enough. Because the Mahabharata is literally the greatest epic. So the history of the Mahabharata is literally the greatest epic.",19971,20546,1491.6799926757812,1552.4800109863281,104
en_video_01_0035,video_01,en,Advaita,35,"Anyhow, Dhritarashtra, the blind king is sitting in his court. He wants to know what's happening on the battlefield. He is the father of the Kauravas, the bad guys. So he asks his courtier Sanjaya, please tell me what happened. And why Sanjaya? Sanjaya has this, blessed by the Vyasa, the divine eye by which he can see what's happening. Blessed by the Vyasa, the divine eye by which he can see what's going on in the battlefield and report back live, breaking news. So he pioneered that long before CNN and Fox and so on and so forth. So he is the one who is narrating all this.",20547,21126,1552.4800109863281,1601.2799987792969,109
en_video_01_0036,video_01,en,Advaita,36,"This is what happened. This is what Krishna said. This is what Arjuna said. This is what happened. So he is telling the blind king. To him, means who? Arjuna. Who is overcome with pity and grieving. With eyes filled with tears and agitated. Madhusudana spoke these words. Madhusudana is Krishna. One thing to get used to is, in those days, everybody had many names. Different names. So Arjuna is referred to by different names. Arjuna is one name, the most common one. There are others we shall come across. Krishna has many names. So Madhusudana is one of the well-known names of Krishna.",21127,21716,1601.8800048828125,1642.6799926757812,104
en_video_01_0037,video_01,en,Advaita,37,"It means the one who destroyed the demon Madhu. So to Arjuna, who was sorrowing, overcome with pity and unhappiness because of what was about to happen, and eyes were full of tears to such an extent that he couldn't see properly. In the first chapter we saw how his great bow, the Gandiva, has slipped from his hand. And he sits down. He can't even stand. His knees are trembling. He sits down in sorrow. It's like a nervous breakdown. He sits down in the middle of the chariot and unhappy. Not willing to continue with what he was going to do.",21717,22261,1643.2799987792969,1683.0799865722656,103
en_video_01_0038,video_01,en,Advaita,38,"To him, Krishna, Madhusudana Krishna spoke these words. One commentator says that, notice how he said these words. Instead of saying Krishna spoke to Arjuna. Krishna spoke these words. These are literally the first words that Krishna has spoken in the Gita. And they are hammer blows. They are scolding. They are sharp words. In fact, to a person who is confused and shaky and in the midst of almost nervous breakdown a reality check, a sudden shock is necessary. And Krishna delivers that in the next two verses. He gives a big shock to Arjuna. You see, Arjuna, when he was saying all these things.",22262,22861,1683.6799926757812,1733.8800048828125,106
en_video_01_0039,video_01,en,Advaita,39,"This is bad. We shouldn't fight this war and let them do what they want. Let's just get away from this place. It will lead to so much destruction. People will die. All of which he had planned for and literally put together an army. All of which was recognized universally to be his duty. Now he is saying, no, this is bad. And why it is bad? He is giving reasons. What happens is, we do not see our weakness as weakness. The mind has a trick which it plays. It disguises our weakness as strength. As strength. As righteousness.",22862,23389,1734.47998046875,1771.6799926757812,101
en_video_01_0040,video_01,en,Advaita,40,"Because we always have a need to see ourselves as being in the right. And so we justify it immediately to ourselves. But we also recognize deep down that we are doing something wrong. So we need support from others. So he trots out his reasons. And he expects Krishna to be sympathetic, to support him. That's why he has said all those things in the first chapter. And he expects Krishna will say, yeah, you're right. Let's go home. Let's not fight. This was a bad idea to begin with. Krishna does just the opposite. He scores harsh words in the next word. So one of the commentators says,",23390,23979,1772.280029296875,1817.0,110
en_video_01_0041,video_01,en,Advaita,41,"look at how it is emphasized. Spoke, not spoke to Arjuna, spoke these words to Arjuna. What follows these lines to Arjuna. I remember a senior monk in our order who told me many years ago when I was a novice, he told me a story about his days as a novice. Many, many years, decades ago when he was a novice in one of our monasteries, he was unhappy for some reason and he wrote, he had this very senior monk whom he looked up to who lived in a different monastery in Rishikesh. So he would write letters.",23980,24484,1817.0,1856.0,100
en_video_01_0042,video_01,en,Advaita,42,"Those were the days before the social media or email or anything like that. So he would write letters and he wrote in a letter to that very senior monk, Swami, I can't stay in this monastery. I don't like it. People don't like me. I'm unhappy. He used the words, I can't bear it anymore. I can't bear them anymore. I will run away from here. And he wrote that. He expected sympathy. Advised sympathy. And he told me what he got back was a terrible shock to him, but it was the best thing that happened to him in his life, he said.",24485,25015,1856.0,1892.0,105
en_video_01_0043,video_01,en,Advaita,43,"What did he get back? He got back one of those little postcards where that old Swami had written one line, just one line. Remember, others are also putting up with you. I can't bear these people anymore. And he wrote back, remember, other people are bearing you, putting up with you. In Bengali, remember, others are bearing you. And he said, when I read this, it was such a shock that tears came to my eyes. But then I straightened up and then I put my life together. See, he's a monk, 40 years later also, he's doing very well in fact, extraordinarily well.",25016,25575,1892.0,1941.0,105
en_video_01_0044,video_01,en,Advaita,44,"So that's the medicine which Arjuna gets from Krishna. Sri Bhagavan uvaca kutas tva kashmalam idam vishamesam upastitam anarya-yushtama-svargyam akirti karam arjuna The blessed Lord said, when so Arjuna has this weakness, not to be entertained by honourable men, Aryans, nor conducive to the attainment of heaven, leading to ill fame, come on you at this crisis. So in this time of crisis, literally in the middle of a battlefield, that crisis is always crisis for us. It is actually. We don't recognize it. We get comfortable with life. But it is crisis for us. But in the middle of this crisis,",25576,26172,1941.0,2008.0,102
en_video_01_0045,video_01,en,Advaita,45,"where has this weakness come upon you? Kutaha means from where, which means it's not natural to you. You are not like this. You are resolute. You are noble. You are brave. He says, anarya-yushtama, not worthy of an Aryan. Remember, Aryan here does not mean a racist. A terrible muddle has been created by the Nazis. First of all, the racism of an Aryan. I was just reading, it is mentioned in the Rig Veda. What is an Aryan is defined there. One who follows dharma, an ethical lifestyle. One who is enlightened, enlightened in the sense of jnani,",26173,26719,2008.0,2053.0,100
en_video_01_0046,video_01,en,Advaita,46,"well read, but in the sense of being enlightened. Not just spiritually enlightened, it just means enlightened in life, jnani. And the one who excels in nobility. So that is an Aryan. Nothing to do with the race as such. Though the Vedic people were called Aryans, racially, but here it does not mean race. So it is noble. For a noble person, this is not right. This weakness you are entertaining. The Nazis, for example, most infamously, they made a horrible mess with the symbol, the swastika. The swastika is a bad word nowadays because of the Nazis. But it's a Sanskrit word.",26720,27298,2053.0,2103.0,104
en_video_01_0047,video_01,en,Advaita,47,"And it means of all things, the auspicious. So they took the symbol, luckily they didn't use it as it is, they twisted it. So at least that's just a saving grace. But for the rest of the world, it's become a symbol of evil. But it literally means a symbol of that which is auspicious. Anyhow, anaryam. Almost the same, if you write it in English, it would exactly be the same. Anaryam means not worthy of being entertained by Aryans. This kind of weakness. And then he says, asvargyam, not worthy of, will not take you to heaven.",27299,27828,2103.0,2147.0,100
en_video_01_0048,video_01,en,Advaita,48,"Akirtikaram, not conducive to your good name in this life. Three things Krishna has said. First of all, the noblest of people do the right thing, not because of anything else, but because it is the right thing. And Aryan, he says, the noble person will do something right because it is the thing to do. Not because it will get him any particular advantage. So literally it's this. Shankaracharya in his introduction to Brahma Sutra Bhashya says, What it means is, there really is no clear distinction between animals and even the most learned of men. What does he mean by that? He says, just as, the example he gives there, Shankaracharya.",27829,28468,2147.0,2197.0,113
en_video_01_0049,video_01,en,Advaita,49,"Just as a cow is tempted by a man holding juicy green grass in front of it and it goes towards that man. Another man holding a stick looks at it threateningly and the cow thinks it's going to hurt me and it runs away. Even so, men who ought to know better, they are tempted by certain things in the world and they are scared of other things in the world. And because of that, they do not do what is right and do not refrain from what is bad. Why do we do evil? It's either temptation or fear.",28469,28961,2198.0,2238.0,101
en_video_01_0050,video_01,en,Advaita,50,"Nobody wants to be bad. But then why do it? Because when we know something is wrong and yet we go ahead and do it, it's because we have been tempted or we have been forced by fear. Something is there, either fear or temptation. And so the noble person, the Aryan is one who is not tempted into doing wrong things nor is scared away from doing the right thing. So that is one. And one step below this is a person who is a good person, a religious person who would like to be a good person so that he can go to heaven after death.",28962,29490,2238.0,2281.0,108
en_video_01_0051,video_01,en,Advaita,51,"Asvargyam. Do the right thing so that you are rewarded with heaven after death. That was the motivation for the Vedic people at that time. That follow Dharma, you will go to heaven after death. Follow Adharma, you will be punished after death. So this is actually one step down. The first, the noblest of people do things because it's right. Not because we take them to heaven. But suppose that does not motivate you. Now here is the second thing that if you do not do this duty, this is not conducive to your attainment of heaven after death.",29491,30034,2281.0,2318.0,100
en_video_01_0052,video_01,en,Advaita,52,"If that also does not motivate you, who knows if there is heaven or not, who cares? Then if that does not motivate you, the third thing he says, it is not conducive to your good name, to your reputation in this world itself, in this life. Immediately you will be subjected to calumny. Calumny that you are a coward, you did not do your duty. They have a word for it. Here we have an appropriate word, loser. So they call you a loser. So three, anaryam, this is not something that a noble person would do. Second is, it is not going to take you to heaven if you go on like this",30035,30611,2318.0,2366.0,115
en_video_01_0053,video_01,en,Advaita,53,"and it's going to ruin your reputation as a noble person, as a great warrior. Samupasthitam, the word samupasthitam means not only has it come upon you, it has taken possession of you. See there is something which might occur to us. Do I do this or do I not do this? But we don't speak about it. It occurs to us and I speak about it. But we don't do it. It occurs to us and we start talking about it and it takes over, it determines our actions and that's what has happened to Arjuna. He is not only thinking about Krishna,",30612,31135,2366.0,2400.0,104
en_video_01_0054,video_01,en,Advaita,54,"He is speaking about it and defending it and he has sat down in the middle of the battlefield. He has thrown his bow and arrow down. So it has taken possession of you. One more. By this time Arjuna must have been shocked. He thought he had given out a very nice defense of his decision. And Krishna seems to be saying just the opposite. Third verse. So, O Partha, yield not to unmanliness. It is not worthy of you. Shaking of this mean faint-heartedness, arise, O scorcher of foes. Krishna says to Arjuna, a new name, Partha. This comes from Pritha. His mother is Kunti.",31136,31706,2400.0,2478.0,107
en_video_01_0055,video_01,en,Advaita,55,"Arjuna's mother is Kunti, the queen. And one of her names is Pritha. Daughter of Prithu. So Pritha. And so Partha is the son of Pritha. Another name for Arjuna is Kaunteya. Again and again Krishna uses it. It also means son of Kunti. So Partha means son of Pritha. Kaunteya means son of Kunti and Kunti and Pritha both are the same. Now, actually I have got some numbers for you. In the whole of the Bhagavad Gita, actually Krishna uses the name Partha for Arjuna 38 times. Somebody has bothered to count. 38 times. And he uses the name Kaunteya, son of Kunti.",31707,32267,2478.0,2527.0,105
en_video_01_0056,video_01,en,Advaita,56,"It means the same thing. 24 times. This is not without significance. Because the names which are used, they point to something. He is telling, he is pointing out to Arjuna who he is and what he is doing right now does not at all match what he is supposed to be doing. He is a warrior. One of the most famous warriors. And the son of a warrior queen, Kunti. So by mentioning his mother, he points out Pritha or Kunti, points out who he is. See if you read the original Mahabharata, the original verses, beautiful, just reading.",32268,32794,2527.0,2569.0,100
en_video_01_0057,video_01,en,Advaita,57,"Before the war started, Krishna asks Kunti. Because they are going into the war, maybe she will never see her children again. He says to Kunti, and what, O queen, do I say to your sons who are about to plunge into this terrible storm of war? Kunti says, to my sons, O Krishna, say this. The time for which a Kshatriya, a warrior prince is born, that time is upon us. That time is upon us. That time is here for which a warrior is born. That reminds you of those stories of the Spartans. The Spartan mothers would say to their children, to their sons,",32795,33345,2569.0,2616.0,107
en_video_01_0058,video_01,en,Advaita,58,"go out into this battle and return with your shield or upon it. With your shield means you are standing. Upon it means they would carry the dead bodies back on the shield. Kunti says to, does not say to Krishna that protect my children and make sure that they come back alive. No, she says, tell them that I said the time for which you were born, a Kshatriya, a warrior prince is born, that time is upon us. Now to the son of such a mother, he is pointing, he is calling him with his mother's name. Partha, O Partha. And what does he say?",33346,33884,2616.0,2654.0,107
en_video_01_0059,video_01,en,Advaita,59,"Do not be paralysed into inactivity. Klaibyam means neutered. Do not be paralysed into inactivity. You are a resolute warrior. The word succeeding Partha, son of Pritha, son of such a warrior queen. Next word is, this does not befit you. You see the juxtaposition. What should you do? What do I do then? This mean faint heartedness, this smallness, this pettiness. He, what Arjuna was putting forth as goodness, you know, I am a nice person. That he calls meanness, faint heartedness, smallness. And he says, give it up, get rid of it. Hridaya daurbalyam, faintness, faint heartedness. Literally it means faint heartedness, weak of heart.",33885,34523,2655.0,2711.0,107
en_video_01_0060,video_01,en,Advaita,60,"Kshudram means small, mean, petty, small. Get rid of that and rise up, stand up, rise up. And then the next word he uses, he addresses Arjuna, parantapa, O scorcher of foes, O one who is a terror to his foes. So look at the language Krishna is using. This verse is regarded by Swami Vivekananda. This is one of the preliminary verses before the teaching. But Swami Vivekananda regards it as one of the central teachings of Bhagavad Gita. That before any kind of spirituality, any yoga, any religion, anything, you know what is required first? A willingness on my part to change.",34524,35102,2711.0,2758.0,104
en_video_01_0061,video_01,en,Advaita,61,"My life can be better. I am willing to take action, show me how. Unless the person is willing to learn and change, wisdom of the world is there, great masters are there, wonderful teachings which have transformed lives for centuries across civilizations. They are all there. Our heritage is there. But unless I am willing to change, it won't work. I have already told you how Krishna actually tried to convince Duryodhana to change. Somebody asked, you know, why didn't he teach the bad guys? Then it would have prevented the war. Why tell all this to a person who is good anyway, Arjuna?",35103,35691,2759.0,2803.0,105
en_video_01_0062,video_01,en,Advaita,62,"The problem is, guy is a bad guy because of that, not because inherently anybody is bad. It's because not willing to change, absolutely convinced I am right. Who are you to teach me? Krishna actually tried to teach Duryodhana. This is not right, this is not dharma. Duryodhana's famous response, just a minute Krishna, don't tell me what is right and wrong. Because I know what is right and I know what is wrong. Look at the honesty of the man, he doesn't justify it. He says, I know what I am doing is wrong and I know what you want me to do is right.",35692,36244,2803.0,2840.0,107
en_video_01_0063,video_01,en,Advaita,63,"Didn't he say, yes, so, in that case? My problem is not that, it's not that I don't know, I know. But I can't stop myself from doing what is wrong. It's either so tempting, out of anger or lust or greed, I can't stop it. And what is right, I don't feel like doing it. It's the eternal human problem. Socrates said, to know the good is to be good. Immediately we said, no, no, no, that's not true. Actually Socrates is right. If the human mind and personality were in its noblest condition, what is right, the moment you know it, you would do it.",36245,36790,2840.0,2879.0,107
en_video_01_0064,video_01,en,Advaita,64,"But our minds are not fit. We have ruined this instrument which God has given us. By dumping trash in it, by conditioning, by prejudice, by desires, by lust and greed and conditioning. So that we know what is right, look at it, I admit I know, I can't do it. I admit this is bad, I can't stop. So there must be something wrong. Why is my intellect at war with the rest of my personality? What knows, part of me knows this is right, the other part won't listen. So the problem is in here, it's not in the teaching.",36791,37304,2879.0,2919.0,102
en_video_01_0065,video_01,en,Advaita,65,"It's not in morality or religion or ethics. That's why Krishna says you have to stand up, shake off this meanness, this smallness. Swami Vivekananda said, the old religion said one who does not believe in God is an atheist. The new religion says one who does not believe in himself is an atheist. Believe in himself means I am good, I can change, I can make my life better. This is the essential, the first condition to any kind of spirituality, religion, morals, philosophy, whatever. Practically if you want to make a change. This was said to me by a monk, again in the Himalayas.",37305,37887,2919.0,2962.0,106
en_video_01_0066,video_01,en,Advaita,66,"The example he used was a very rural kind of village kind of example, but very telling. He said in the villages, we who have lived in villages, we know that when a farmer, when he sees a calf which is ill, if the calf is trying to get up, you can make it stand on its legs and it will recover, you know that. But if the calf which is not trying to get up, no matter how much you try to lift it up, it will come crashing down again. If the poor thing is struggling, You know you can help it. It cannot stand up on its own. The farmers know this.",37888,38432,2962.0,3006.5599999427795,115
en_video_01_0067,video_01,en,Advaita,67,"They know it's a very bad sign when the calf has given up. Even when you try to put it on its legs, it won't stand, it won't work. You can't get it on its legs. So that's exactly what is happening here. Krishna wants Arjuna to take up, to decide to change. Then Krishna can help and this is what we must do. This faith in ourselves, I can change my life for the better. Partha, son of Pritha. Arjuna reacts. So next few verses are Arjuna's reaction. We will read it quickly because I want to start the teachings of Krishna from the",38433,38964,3006.5599999427795,3046.8800010681152,105
en_video_01_0068,video_01,en,Advaita,68,"next class onwards. So up to the next few verses we'll read together. Basically what Arjuna will do is react with indignation. Like that Swami said, when he read that one line reply from the senior teacher that remember other people are putting up with you. His first reaction was anger and tears in his eyes. You can imagine Arjuna. He is like haven't you heard what I was saying? How can I fight against these people? They are my teachers. All of which he was ready to do until that moment. They are my teachers, they are my relatives and what's the use",38965,39520,3046.8800010681152,3082.680000305176,104
en_video_01_0069,video_01,en,Advaita,69,"of fighting this war? I don't want a kingdom and so on. He repeats those very quickly here. Arjuna said, O Madhusudana, how can I fight in battle with arrows? How can I shoot arrows at the revered Bhishma, our grandsire? At the revered master Drona who taught us, you know, we learned how to shoot arrows and fight from their teacher Drona. All the princes were taught by Drona. So how can we fight against them? How can I shoot arrows at these revered persons to whom who are worthy of respect and worship? To whom I cannot utter an impolite word.",39521,40069,3082.680000305176,3155.3200073242188,103
en_video_01_0070,video_01,en,Advaita,70,"You are asking me to shoot them with arrows. Then fifth verse. He actually makes a very nice case. I would be convinced. Krishna is not. He is a tough cookie. What does he say? That without killing these nobles, these elders, it's much better to live on arms. You see, if he says, how can I fight against them? Then the immediate answer to that would be, then you are done for. If you do not defeat your enemies, they are going to wipe you out. You may have all these qualms about it. They don't. They have come here to kill you. So his",40070,40606,3155.3200073242188,3229.6000061035156,106
en_video_01_0071,video_01,en,Advaita,71,"answer to that, Arjuna's answer to that is, it's much better to, you know, not fight and I'll become a beggar. I'll beg for my food and live. See, he is a prince of a royal house. He knows if he does not fight, he will not get the kingdom. He will not get his due. He's alright, I'll be a beggar. It's much better to live on arms in the world rather than kill these great people. If I kill them and then I get, I know I deserve it. It's my birthright, the kingdom and everything. I get it all and I fulfill my desires but they'll be drenched with the blood of",40607,41166,3229.6000061035156,3265.480010986328,115
en_video_01_0072,video_01,en,Advaita,72,"these revered people. How can I enjoy it? Rudhira Pradigdhan, it will be drenched in the blood. At this point, most of us would, yeah, yeah, you're right. I never thought of that. Krishna is a tough cookie though. Then Arjuna goes on. na chaitadvidma kataranno gariyo yadva jayema yadivano jayeyo yaneva hattvana jijeevi shama devastita pramukhe dhartarastra And he goes on in the same stream. He says, Arjuna says, if I fight this war, what? I don't know really what would be better. You know, what is better? If you fight a war, you would like to win. He says, no, I don't know. Is winning better or losing better?",41167,41783,3265.480010986328,3335.6799926757812,111
en_video_01_0073,video_01,en,Advaita,73,"Because isn't it better that we are killed in this war? Because if we win this war, then he says, then we would have killed those, our own kinsmen, without whom why would we want to live? We live for the family and we're killing the family, wiping them out and I get the kingdom. It's an empty victory. So is it better to win this war or better to lose this war? I really don't know. And he knows that he is not making much sense. So in the next verse, he admits for the first time. It's very interesting. Till this point, he has been arguing his case that I'm right.",41784,42351,3335.6799926757812,3376.279998779297,113
en_video_01_0074,video_01,en,Advaita,74,"Let's stop. Let's go back home. Whatever will happen, will happen. Now he says, I'm confused. I understand. He's honest about it. I know my weakness that I have lost my resolution. I don't know what's right and wrong anymore. So the seventh verse, for the first time he admits this. For the first time he says, I'm your disciple. Teach me. He has not said this earlier. Why teach me? Because I'm overcome with, karpanya dosha literally means smallness. Kripana, the Sanskrit word means a miser, small, petty. I'm overcome with mean-mindedness, smallness. It means my intellect is clouded. I don't know",42352,42953,3376.279998779297,3465.8800048828125,103
en_video_01_0075,video_01,en,Advaita,75,"what's right or wrong anymore. What should I do? I'm asking you. For the first time he's asking. What am I asking? What's right? What's the right thing to do? Tell me. Why should you tell me? I'm thy disciple. Teach me. I am? I take refuge in thee. You see, any spiritual path, it starts with first acknowledgement. I'm not here to discuss philosophy with you. I am here to learn from you. You can ask questions, but the question is also part of learning. So here he says prapannam, I take refuge. Then the Buddhist, the whole Buddhism",42954,43489,3465.8800048828125,3515.0399780273438,100
en_video_01_0076,video_01,en,Advaita,76,"starts with buddham sharanam gacchami, dhammam sharanam gacchami, sangham sharanam gacchami. I take refuge in the Buddha, in the dhamma, the teaching and in the community of spiritual community, the sangha. So here for the first time Arjuna admits, I need to learn, I need to change and you can teach me. I take refuge in you. See, Krishna never teaches like that. Krishna doesn't put up Vedanta class and design board and website. You can come and I'm going to teach you Vedanta. No, unless you are asked, Krishna would never teach. He doesn't advertise and you have to chase him down and catch hold of him and say I'm",43490,44109,3515.0399780273438,3555.760009765625,111
en_video_01_0077,video_01,en,Advaita,77,"willing to listen to you seriously. Then you teach. I'll tell you a little secret here. There's a tradition among some people, those who study the Gita. This verse, seventh verse, what they do is when they are in confusion, unhappy, they want help. They repeat this verse in a prayerful attitude to God before going to sleep and the idea is God comes in your dreams and shows you the way. It's it's a, well, we can say it's an interesting practice. You repeat this verse several times with the prayerful attitude, then go to sleep and then you",44110,44653,3556.3200073242188,3599.52001953125,100
en_video_01_0078,video_01,en,Advaita,78,get guidance. eight nahi prapasyami mama panudhyat nahi prapasyami mama panudhyat yathshokam ucchho shanam indriyanam yathshokam ucchho shanam indriyanam avapya bhumao asapatna riddham avapya bhumao asapatna riddham rajyam suranam apichadi patyam rajyam suranam apichadi patyam Arjuna goes on I do not indeed see that which would remove this grief of mine that is utterly drying up my senses that means I'm freezing basically what we might say today even if I were to attain in this world a kingdom without rivals and prosperous and even lordship over the gods suppose you guarantee you're going to win this battle and you're going to get this wonderful kingdom or maybe you lose the battle but or whatever it is,44654,45366,3599.52001953125,3663.0800018310547,117
en_video_01_0079,video_01,en,Advaita,79,and you go to heaven after death in both cases I still don't see the point in in fighting this battle I mean I'm overcome with sorrow and unhappiness having said this what did Arjuna do ninth verse sanjayvaca evamuktvarishi kesham guda kesha parantapa nayotsyaiti govindam uktvatushnimbabhuvaha so sanjay the one who's come narrating all this to the blind king he says having said this to krishna arjuna here is another name of arjuna gudakesha the conqueror of sleep arjuna the one who was a terror to his foes he said to govinda govinda is another name of krishna so don't get confused there are only two,45367,45973,3663.0800018310547,3731.6399993896484,107
en_video_01_0080,video_01,en,Advaita,80,here krishna and arjuna he said i shall not fight nayotsya and then he kept quiet he fell silent then what happened the 10th verse tamuvaca rishi kesha tamuvaca rishi kesha prahasannivabharata prahasannivabharata senayor ubhayor madhye vishidantam idam vachaha beautiful verse which says o king to o king means sanjay is telling the blind king o king king to whom to the one who was sorrowing full of sorrow that is arjuna was sitting quietly in between the two assembled armies look at the grand setting of the teaching this is one of the most dramatic settings possible in between the two armies krishna spoke these words,45974,46597,3731.6399993896484,3799.5599975585938,107
en_video_01_0081,video_01,en,Advaita,81,to arjuna as if smiling it's not at all tense not at all at all annoyed not at all eager relaxed and smiling he's supposed to be the ideal of karma yoga swami vivekananda points out the the icon we have of the the chariot in the battlefield and krishna holding the reins of the horses the five horses symbolize the five sense organs and arjuna is this is the soul the jivatma sitting there and krishna is the guide swami vivekananda points out notice how in all the depictions in the midst of this tremendous action dynamic situation krishna is so relaxed and smiling,46598,47165,3799.5599975585938,3849.800003051758,105
en_video_01_0082,video_01,en,Advaita,82,swami vivekananda said this is the ideal of yoga eternal calm in the midst midst of intense action and in the midst of eternal calm you know when the world is quiet and you're alone and all mind doesn't become dull or sleepy the mind works like a blast furnace inside your mind is working under control when you're thinking deeply or meditating or whatever though outside it's all quiet and calm and when the outside is so busy manhattan i think once swami vivekananda gave the example of a street in new york in those days he was here in 1894,47166,47709,3849.800003051758,3888.040008544922,102
en_video_01_0083,video_01,en,Advaita,83,and your mind is calm as if you're meditating in a himalayan cave is that possible yes it is after this 11th verse onwards the teaching starts again look idam vachaha the words these words were spoken emphasizing that real teaching starts now so 11th verse onwards we shall see what krishna teaches but we know the central teaching of all of gita all of vedanta this this one truth which you find here the divinity within us the the unknown the infinitude written within us is revealed by krishna i was just reading thorough henry david sorrow when he goes into retreat walden,47710,48286,3888.040008544922,3939.0,104
en_video_01_0084,video_01,en,Advaita,84,in his diaries he says i begin my days by studying the bhagavad-gita he writes i'm bought in it i'm into contact with the dawn of an early civilization i'm paraphrasing it's a light light of an early civilization a mind wider and greater than we have in these modern times we are brought into contact a wisdom so ancient so vast and broad he writes so beautifully he writes in walden pond is i begin my day studying the bhagavad-gita very good sri ramakrishna by the way was did not think much of book learning but one book he approved of was the bhagavad-gita he said,48287,48855,3939.0,4000.8399963378906,107
en_video_01_0085,video_01,en,Advaita,85,he literally said the gita is a fine book you should read the gita in bengali it's a good book right different okay very inspiring his mother okay okay,48856,49007,4000.8399963378906,4076.8399963378906,29
en_video_02_0000,video_02,en,Advaita,0,Aum Vasudeva Sutam Devam Kamsa Janura Mardanam Devaki Paramanandam Krishnam Vande Jagadgurum 2. Chapter Please repeat the verses after me. Verses 9 and 10. I will chant and please chant after me. Sanjay Vaca Evamuktva Rishikesham Gudakesha Parantapa Nayotsya Iti Govindam Uktvato Shnimba Bhuvaha Tamu Vaca Rishikesha Prahasanniva Bharata Senayor Ubhayor Madhye Vishidantamidam Vachaha So last time we had studied it up to the 10th verse of the second chapter. Sanjay is reporting all of this to the blind king Dhritarashtra who wants to know what happened in the battlefield. So he says the prince Arjuna said I will not fight this war.,0,636,0.0,128.39999389648438,103
en_video_02_0001,video_02,en,Advaita,1,And he sat down silently. He says to Krishna. Arjuna says to Krishna I will not fight this war and he sits down silently. And then the 10th verse says to him that means to Arjuna who was thus sorrowful. And what a dramatic setting in the middle of two armies. Between the two armies who were about to engage in terrible battle. To the one who was sitting down sorrowing in this manner. Krishna spoke these words as if smiling. He is not at all moved by the difficulty of the situation. The terrible anxiety that Arjuna is suffering from. Krishna is not moved by it.,637,1202,128.39999389648438,175.39999389648438,107
en_video_02_0002,video_02,en,Advaita,2,Nor by Arjuna's arguments. As if smiling. Prahasanniva means as if smiling. Faint smile. And Krishna spoke these words. Which words? The words which are going to follow now. So from this onwards from the 11th verse onwards of the second chapter. The teaching actually begins. So far is the setting. The context. Now the teaching begins from the 11th verse. Krishna spoke these words. It means literally the words you find in the 11th verse. But actually it means all the verses starting from the 11th verse till the end of the Bhagavad Gita. 18th chapter. I think the last verse that Krishna spoke was 66th verse probably.,1203,1825,175.39999389648438,231.39999389648438,109
en_video_02_0003,video_02,en,Advaita,3,"The teaching ends in the 66th verse and a few more things Krishna said after that. So 18th chapter up to that continues the teaching. Arjuna's friend, guide, playmate, childhood friend Krishna. He now becomes the teacher, the spiritual master. And later on he will reveal himself as an incarnation of God. So that will happen later. So here starts the teaching. 11th verse. Please repeat after me. Asocyananvasocastvam prajnavadanshchabharsase Gatasunagatasunstha Nanusocanti panditah So the blessed Lord said, you have been sorrowing for those who should not be grieved for and yet you are talking learned words. You speak like a pundit.",1826,2464,238.39999389648438,326.3999938964844,102
en_video_02_0004,video_02,en,Advaita,4,The learned grieve neither for the dead nor for the living. So what does this mean? Start with the end of the verse. Often here is a secret. In Sanskrit text the language is such that often it is meaningful to start with the last part of the verse. That gives you the key to the entire teaching. The last part of the verse is The pundits do not grieve. Nanusocanti panditah Who is a pundit? It's a Sanskrit word actually. Can you hear me at the back? So it's a Sanskrit word but it's actually part of English now.,2465,2978,326.3999938964844,373.3999938964844,100
en_video_02_0005,video_02,en,Advaita,5,"What does it mean in modern journalism? Pandit means an expert in something? Correct. That's not so far from the truth and not so far from the original meaning. The original Sanskrit meaning was a scholar. So the religious scholars in India were called pundits. But the deeper meaning is literally a pundit is one who has panda. Now what is the word panda? If you ask most Indians, those who have heard the word immediately will relate it to a priest, a temple priest. But that's not the original meaning of the word panda. Shankaracharya in his commentary in the Gita",2979,3547,373.3999938964844,415.3999938964844,102
en_video_02_0006,video_02,en,Advaita,6,"later on he will define the meaning of panda. He will explain panda. The one who has panda is a pundit. But what is panda? It's not a temple priest. Panda the word means enlightenment about the self, knowledge about the self. What am I? Who am I? The one who knows this for sure. This knowledge, this enlightenment is called panda and the one who has got it is called a pundit. Atma vishaya prajna is panda. Shankaracharya defines. The knowledge, realization about oneself is panda. So not that all the pundits are enlightened. I guess the extended meaning is somebody who is enlightened,",3548,4136,415.3999938964844,463.3999938964844,105
en_video_02_0007,video_02,en,Advaita,7,"who is an expert on some particular subject is called a pundit. But the original meaning of pundit is not an expert on the Wall Street or on the results of the game or politics. Not even one who is a religious scholar. It actually means an enlightened person. The one who knows who am I or what am I. And this points to the core of the entire teaching. The central teaching of the whole Bhagavad Gita which Krishna is going to give Arjuna here. And through Arjuna to all of us across the millennia, across the centuries and millennia.",4137,4671,463.3999938964844,504.3999938964844,101
en_video_02_0008,video_02,en,Advaita,8,The central teaching is this. Know thyself. You have to know who or what you are. That is the solution to all human problems. Why is knowing who am I the solution to all human problems? Because Vedanta traces the root cause of human suffering to ignorance about our real nature. We do not know what we are. I'm not even saying who we are. We do not know what actually we are. Not knowing this we make a mistake. We think we are these bodies and minds. It's a natural mistake to make. The first thing we experience about ourselves is this body.,4672,5215,504.3999938964844,550.4000244140625,104
en_video_02_0009,video_02,en,Advaita,9,"It's this person. We don't even question it. I am this person. What do you mean I experience this person? I am this person. No you are not. We will see that slowly. And from that one fatal mistake, tragic mistake, the entire drama, the panorama of samsara, of human existence, trials and tribulations of life, lifetimes proceed from that. That is the analysis of Vedanta. Not only Vedanta, in fact all the traditional systems of Indian philosophy, Vedanta, Nyaya, they all say ignorance is the root cause of our problem of samsara and knowledge is the solution. Agyana, literally ignorance.",5216,5806,550.4000244140625,599.4000244140625,101
en_video_02_0010,video_02,en,Advaita,10,"is the problem and Jnana, literally knowledge is the solution. Yes, so Nyaya philosophy says that, the Vaisheshika philosophy says that, Sankhya philosophy certainly says that, Yoga philosophy says that, Vedanta says that, almost all, I am using the words carefully, almost all the traditional schools of Indian philosophy including the so-called heterodox schools, the Buddhist schools, the Jain schools, they all say either ignorance is a central problem or at least very close to the central problem. Yes, this much with a qualifier. Ignorance about what and depending on that knowledge about what will set you free, that differs from system to system, that differs from system to system.",5807,6498,600.0,653.0,110
en_video_02_0011,video_02,en,Advaita,11,"In Vedanta, which Krishna is going to teach here, the problem is ignorance about what I am and therefore the solution will be knowledge and therefore the one who has that knowledge, the knowledge is called Panda, knowledge about who I am, knowledge about what I am, that knowledge is technically called Panda and the one who has got it is a true Pandit, not just in name. That's what we are all trying to be now. So we are trying to be true Pandits, not just in name. The whole rationale for spiritual life, why is there religion or spirituality? It lies here.",6499,7059,653.0,700.0,104
en_video_02_0012,video_02,en,Advaita,12,"The Sankhya philosophy, one of the most ancient systems of Indian philosophy, it starts, the first verse in the oldest available text of Sankhya philosophy, the Sankhya Karika, it says why should we undertake the spiritual quest at all? Any kind of spiritual quest, why should we undertake it? It says that afflicted by the threefold sorrow, one looks for a spiritual solution to these sorrows. Why a spiritual solution? Because no temporal solution, no earthly solution is permanent or entirely satisfactory. Dukkha Traya, this is a Sanskrit original and it's a very ancient text. How we know it's very ancient is a Chinese translation of this text has been dated back to 500 AD",7060,7739,700.0,758.0,115
en_video_02_0013,video_02,en,Advaita,13,"which means 1500 years ago this text was being translated into Chinese and it goes much further back. So Dukkha Traya Abhigatat, afflicted by the threefold sorrow. तद अपघात के हेतु दृश्टा सापार्था चेतन एकान्त अत्यन्त भावात Okay, it goes like this. What does it mean? Afflicted by the threefold sorrow. Who is afflicted? All of us are. No, I don't have threefold sorrow. I didn't complain. Sorrow relating to one's own body and mind, physical pain and suffering, mental agony and suffering. That is called one kind of sorrow, आध्यात्मिकम्, personal, related to the self. Then sorrow related to other beings, आधिभाव्तिकम्, sorrow related to other beings.",7740,8392,758.0,824.0,108
en_video_02_0014,video_02,en,Advaita,14,"So the examples given in the original scriptures are quaint, other beings, for example they will say lions and tigers. Now in Manhattan you don't have so much problem from lions and tigers. Rats maybe, yes. Somebody said there are more rats in Manhattan than there are human beings. I don't know how they calculated. So other beings, it could be other human beings also, your pestilential neighbor also could be a part of the problem. But the suffering which comes from other beings, second type of suffering. Third type of suffering, आधिधाइविकम्, natural causes, heat and cold and tsunamis, hurricanes.",8393,8996,824.0,870.0,101
en_video_02_0015,video_02,en,Advaita,15,"So all of these kinds of sufferings from the self, from other living beings and from nature. So these three kinds of suffering. Of course you will notice that ultimately all suffering has to be mediated through the self. It must ultimately come to the physical body and the mind. Ultimately it must come to the mind, then only we feel it as suffering. But anyhow these are the three categories of suffering. By the way, that's also why we say Aum, Shanti, Shanti, Shanti three times. In all the chantings and pujas, in all rituals you will see. In Hinduism we always have Aum, Shanti, Shanti, Shanti, Aum, Peace, Peace, Peace.",8997,9623,871.0,913.0,112
en_video_02_0016,video_02,en,Advaita,16,"Why three? Because we are praying for the cessation of three kinds of suffering. These three kinds of suffering. I can't resist telling you this. One little boy once asked me in a school back in India. Why do we say Shanti, Peace three times? I explained because of these three kinds of suffering and that's why we need to overcome these three kinds of suffering. And he said no, today we need a fourth Shanti. Fourth Shanti why? He said mobile Shanti. We really need to tell people to switch off their mobiles. For this we take up a spiritual quest.",9624,10174,913.0,962.0,102
en_video_02_0017,video_02,en,Advaita,17,"Now the question will come, why a spiritual quest? For all of these problems there are material remedies. And the ancient commentators are very entertaining. If you are sick, go to the doctor. Of course with the qualifier depending upon your health care, your insurance provider. What kind you have got. Then if there is trouble from other people, go to the law enforcement. If there is a problem from nature, take shelter. So why do you need spirituality? And the answer is so profound. If you look at it, it makes a case for spirituality. There are two problems with any kind of worldly remedy to our suffering.",10175,10788,962.0,1014.0,109
en_video_02_0018,video_02,en,Advaita,18,"One is none of them are permanent. And second is none of them are certain. Permanent, that is true. You solve one problem, another problem comes. You cure one disease, guaranteed another disease is going to come. You solve one problem, another problem comes. Not only that, no solution to any particular problem is final. And the second problem is there is no certain solution to anything. We read about it. I remember reading about the son of one of India's richest families. He got a particularly virulent kind of malaria. And died in one of India's best hospitals. Now a rich person, young person, healthy person, the best of medical care dies.",10789,11436,1014.0,1080.0,113
en_video_02_0019,video_02,en,Advaita,19,"And we know so many poor people in the slums, just outside that hospital, who might have got that malaria and recovers. There really is no certainty. Doctors really know that. So because of these two reasons, we look for a certain permanent cure to the sufferings of the world. That was the Buddha's quest. There is suffering, dukkha. Is there an escape, a transcendence of suffering? And he found that there is. He called it nirvana. But that is the solution, that is the quest. How can we attain bliss, true happiness? How can we truly transcend suffering? That is the spiritual quest.",11437,12024,1081.0,1128.0,104
en_video_02_0020,video_02,en,Advaita,20,"And that is related in Vedanta. So that the same quest is related in Vedanta to knowledge. You must know, know what? Know who or what you really are. Knowing, does it mean reading the Gita? Then I will be enlightened? Not necessarily. If you know the words and you don't feel it, you cannot honestly say to yourself that I am the Atman, not the body and mind. I clearly see it now, I realize it now. Until one can say that, if I just know it, if I just read the book and know the words, it will not work.",12025,12529,1129.0,1165.0,102
en_video_02_0021,video_02,en,Advaita,21,"Look at the words used by Krishna. He says, He says to Arjuna, you speak wise words and yet you suffer. Wise words means you have knowledge. You know and you are speaking words of knowledge. And yet what is happening? You are suffering. You are crying here, you are in anxiety, you don't know what is to be done. You are deeply depressed. And yet you are... arguing, you know, he's giving a lot of arguments why I should not, he's giving religious arguments why I should not fight this war and so on and so forth. So just knowing the words, some kind of knowledge which I have and yet it is not enlightenment",12530,13138,1165.0,1216.0599994659424,116
en_video_02_0022,video_02,en,Advaita,22,"or realization. What is the difference between just knowing the words and enlightenment, we will see as we go along. So that's not enough. Once we realize what we truly are, then the result of knowledge is transcendence of suffering. The enlightened ones, the ones who know who or what they are, they transcend suffering. What are they not sorrowful about? They do not sorrow about those that have gone. They do not sorrow about those that are, they do not grieve for those that are living. That might sound a little heartless. But what he's saying here is not that you will not love people, you will not be concerned",13139,13756,1216.0599994659424,1270.0800018310547,111
en_video_02_0023,video_02,en,Advaita,23,"for people, that you will not do things for people, he's not saying that. You will take action, whatever needs to be done for those who are living and those who have passed away, what prayers need to be said for them, what rituals need to be done for them, that also you will do. But this anxiety, this knowing tension, I have seen people, people have come, you know, that I am not good enough, that I am so unhappy, people, there is tension about the job, about the family, about kids and they might think it's natural to have this anxiety and tension.",13757,14310,1270.0800018310547,1312.1600036621094,105
en_video_02_0024,video_02,en,Advaita,24,"It's not, it's not. It comes out of a wrong idea about what we are and what they are. That's what Krishna is going to say. Look at Arjuna's anxiety about the relatives and those who are present here, the result of that anxiety, result of that concern for others is not action which will do good to anybody, it results in paralysis. He doesn't know what to do. He is paralysed into inactivity. So he says, Krishna says here, for those who have gone and those who are here, you need not sorrow for them. Though you will do something for them, you will serve them, but one does not, the enlightened",14311,14906,1312.1600036621094,1356.6399993896484,113
en_video_02_0025,video_02,en,Advaita,25,"person does not sorrow for them. Knowledge. So therefore, the one takeaway from this, a central theme has been introduced here, which will go on throughout the Bhagavad Gita and in fact, all of Vedanta, that knowledge about the self is what we are looking for, which is a big thing, which is a really important point. After all, he could have said it's not really knowledge about the self, rather it's belief in God. If you don't have belief in God, that's why you are suffering. If you have belief in God, you will not suffer. He didn't say that.",14907,15454,1356.6399993896484,1396.6399993896484,101
en_video_02_0026,video_02,en,Advaita,26,"Or he could have said, you are not doing the right religious rituals, that's why all these problems are there. Let me tell you about what to do. Some kind of religious ritual that will clear up all your problems. Here not so much. In India, even in the footpath you will see. Some guy will set up a shop, street side astrologer. So don't go to him, but if you do go to him, you will tell him your sorrows and your woes and he will say the planets are out of conjunction, always they are somehow and always it costs",15455,15969,1396.6399993896484,1434.740005493164,102
en_video_02_0027,video_02,en,Advaita,27,"a fair bit of money to set the planets right and so he will say put on this kind of amulet and do this ritual and then everything will be set right. Your sorrows will be over. They never are. But people think, Krishna doesn't say you have to do this, then your sorrows will be over. No. He doesn't say you have to believe this, then your sorrows will be over. No. He doesn't even say you have to meditate like this, your sorrows will be over. No. He says knowledge, pandita, those who have realized who they are, they go beyond sorrow.",15970,16505,1434.740005493164,1470.5,104
en_video_02_0028,video_02,en,Advaita,28,"So he points towards knowledge. Vedanta is a system of self-knowledge, knowledge about oneself. Having said that, remember, all the other practices, meditation, devotion, morals and ethics, even religious rituals, all of them have their place, all of them have their importance and Sri Krishna will introduce them as time goes on, as the chapters go ahead. Here he is starting with the core teaching. That's one of the beauties of the Vedantic texts, they go straight to the point. If you say, I am in suffering, please teach me, they straight away tell you, tat tvam asi, that thou art.",16506,17093,1470.5,1515.3399963378906,101
en_video_02_0029,video_02,en,Advaita,29,"And they look at you carefully. Did it work? No? Okay. Now starts, 18 chapters it will start. So the core teaching will be given here. He starts from the 11th verse till the 25th verse. From the 11th verse of the 2nd chapter to the 25th verse, what am I? That's what he's going to talk about. Think about it this way also. In life we have a series of problems. Time to time problems come up. We do not know what to do, decision making, problems in the family, problems in the job, problems in the community, health problems, physical health issues, mental health issues.",17094,17664,1515.3399963378906,1560.8999938964844,107
en_video_02_0030,video_02,en,Advaita,30,"So many problems keep coming up from time to time. And Arjuna also has a specific problem now, in this particular battle. Remember he is a warrior, he has fought other battles quite happily earlier. But right now he has a problem. So this he has a specific problem now. But overall there is a general problem of life. It's called the problem of samsara, shoka, sorrow, suffering, unhappiness, lack of fulfillment in life. That is the general problem. That general problem, that overall problem of samsara is something that is common to all of us. We don't have to fight a battle in the battlefield of Kurukshetra.",17665,18278,1560.8999938964844,1605.1600036621094,108
en_video_02_0031,video_02,en,Advaita,31,"That's not our problem. That's Arjuna's specific problem. Now what Krishna will do, he will go to the root of the whole thing. Why is there at all a problem? And the solution is atma jnana, knowledge about the self. Know the truth, the truth shall set thee free. So the truth about you, Krishna will say, it solves the problem at the root. Then the application he will show. Oh, now you want to know? Once that is clear, now what shall I do in this particular context, in this battle? It will become clear to you. That he will clarify later.",18279,18820,1605.1600036621094,1641.6000061035156,103
en_video_02_0032,video_02,en,Advaita,32,"He will solve Arjuna's specific problem also. But the root problem of samsara, that's what we are interested in. Because we also have the same problem. We also have the same problem. Somebody said, no I'm fairly okay, I don't really have a problem. Really? You are not thinking about life in that case. Look upon our own lives. Somebody is 20 years old, somebody 40, we have 60, 70, there is somebody here 95 years old. And after all these years in our life, we have been engaged in one project, overwhelming project. How to make this one happy?",18821,19366,1641.6000061035156,1684.6799926757812,100
en_video_02_0033,video_02,en,Advaita,33,"How to make this one fulfilled? How? Well, we think by getting these things, you know, degrees and relationships and money and enjoyments and experiences, so many things, we keep on adding to this one in the hope of making it happy. Now, right now, after 20 years of doing this, after 95 years of doing this, which one among us can claim, I've done it? It's over. I'm finally, totally, completely fulfilled. Nothing more remains to be done. Nobody. Nobody. So that is the root problem of samsara, lack of fulfillment, the unhappiness in life. Is there a solution at all?",19367,19937,1684.6799926757812,1736.47998046875,102
en_video_02_0034,video_02,en,Advaita,34,"Yes, there is. There is. That's what this book is about. Proof, there is a category of people who will say yes to this question. There always has been a category of such people all throughout human history in every civilization who can say with confidence, yes, I have solved the problem of life. And there's only one such category of people. And they are what we call the enlightened ones, the saints and sages of different civilizations in different periods of time, different spiritual traditions. They truly say they are the ones who genuinely have no complaint from life.",19938,20514,1736.47998046875,1775.3200073242188,100
en_video_02_0035,video_02,en,Advaita,35,"They are genuinely fulfilled and happy and wise, truly wise. Not just a genetically given happy disposition. Some people are born happy, so generally happy. Not that. That happiness can be overcome. Nature knows how to overcome that happiness also. Not that. So here is the verse, Shri Bhagavan Uvachyap, the blessed Lord said. The enlightened ones, the truly enlightened ones do not sorrow. They are beyond sorrow. And you, you speak words of wisdom and yet you are full of sorrow. The enlightened ones do not sorrow for those who are here nor for those who are gone. Why do they not sorrow? Why are they not unhappy? Next comes the",20515,21148,1775.4000244140625,1823.8799991607666,112
en_video_02_0036,video_02,en,Advaita,36,"teaching about the Atman, the Self. Twelfth verse. Such a simple verse but here is the essence of all spirituality, all religion stands and falls with this verse. What does he say? He says to the Prince Arjuna, it is not that I, not that there was a time when I was not. It's not that there was a time when you were not. Nor even was ever there a time when these assembled Kings and warriors were not there. na bhavishyama, na chaiva na bhavishyama. That means and there will not be a time when I will not be or you will not be or these Kings who have assembled here",21149,21715,1823.8799991607666,1911.6399993896484,112
en_video_02_0037,video_02,en,Advaita,37,"will not be. Negatives you see. Hereafter there will never be a time when we will not exist. He could have said that we all, I always exist or you always exist. No. He uses a negative term to strengthen it because our fear is not that I existed sometime or I maybe I'll exist afterwards in some kind of world. Our fear is completely being wiped out and he says that never was the case, never will be the case. You are immortal. Yes you're playing at being immortal. I love that saying. We think we are human beings in search of spirituality. The truth is",21716,22270,1911.6399993896484,1960.759994506836,107
en_video_02_0038,video_02,en,Advaita,38,"we are spiritual beings having a human experience. We think that we are human beings in search of spiritual experience. The truth is we are spiritual beings having a human experience. This is what Krishna is saying. Central truth of all religion. If there is something which survives death then only is religion spirituality possible. If everything is wiped out at the death of this physical body then what's the point? What's the point? A little bit of meditation might give you some peace of mind right now but we know we're going to die. Why get peace of mind for a mind which is going to die, which is",22271,22876,1960.759994506836,2007.1600036621094,110
en_video_02_0039,video_02,en,Advaita,39,"going to go into pieces very soon. Now all of this, the truth claim in all religions of the world, you will notice all religions of the world they have this one truth claim that you are immortal. You are immortal. Krishna says nothing can destroy you. He says here that he's an incarnation of God. He has not mentioned yet that he's an incarnation. He just says that before I became an avatar, I descended as an avatar, it's not that I was not there. Before I came in this Krishna form, it is not that I did not exist but I did",22877,23404,2007.1600036621094,2046.0,104
en_video_02_0040,video_02,en,Advaita,40,"and there will be the time when this Krishna form will go away. See even avatars, the body of the avatar dies. Buddha's body is gone, Christ's body is gone, Krishna's body is gone, Rama's body is gone, Ramakrishna's body is gone. So a time will come even the body of an avatar also it disappears from human view but it does not mean I will not be there. I will be there. So there was never a time when I was not there and there will never be a time when I will not be there. I am eternal and yeah you're God but not what about me.",23405,23935,2046.0,2083.7999877929688,109
en_video_02_0041,video_02,en,Advaita,41,"You too, there never was a time O Prince when you were not there. Even before the birth of this body and the name you're called by Arjuna today, this young prince today, even before you were born you were there and one day this body shall fall whether in this battle or afterwards it shall die and it's not that you will be gone, you will be there. Okay and all of these people, all of them he says, all these kings there was never a time when they did not exist but not in this body, not with these names and there will never be a time when they",23936,24482,2083.7999877929688,2119.6799926757812,111
en_video_02_0042,video_02,en,Advaita,42,"will not exist. There will never be a time when they will cease to exist which means they will continue to exist. Yes, bodies will pass away. They're passing away each moment, continuously changing. Just one thing, this language which Krishna has used, there was never a time when I did not exist, there never will be a time when, there was never the time when you did not exist. The same language he uses a few chapters later in a different context 4th chapter 5th verse. He will say O Prince you and I and all these kings we",24483,25009,2119.6799926757812,2160.6000061035156,100
en_video_02_0043,video_02,en,Advaita,43,"have had many births before this. Many times have we trodden this cycle of life and death. We have had many births but you remember none of them. I know all of them. Mine too and all of yours. There Krishna is revealing himself as God. Here he just saying there is an eternal reality which you are and I am and all of them are. That Atman or Brahman which we are calling it and that exists, that always was existing, is existing, will continue to exist. In that sense we are immortal all the time. That's the only thing that Krishna is",25010,25545,2160.6000061035156,2205.6000061035156,104
en_video_02_0044,video_02,en,Advaita,44,"revealing. That's the central truth but slowly Krishna will introduce other subjects. He will introduce the question of God. He will introduce himself as an incarnation of God and there he says we have had many births, the same language but I know them all. He makes a difference. Here he is making no difference between himself and Arjuna. I have existed always and I shall continue to exist. So will you and so will all of them. But in that chapter he makes a distinction between himself, between man and God. Clearly you do not remember your past births nor do you know what will happen to you in the",25546,26149,2205.6000061035156,2242.2000122070312,111
en_video_02_0045,video_02,en,Advaita,45,"future. I know all of them. All that has happened to you in the past and all that is going to happen to you in the future. There's a thrilling, small but thrilling incident in the gospel of Sri Ramakrishna when M, the author of the gospel, suddenly it comes upon you without any warning. Sri Ramakrishna turns to M and says tell me all your past I know and all your future too I know. Is it not so? Suddenly it comes like that and what comes over M at that time the author he bows down with his hands folded and says yes Lord you know.",26150,26685,2242.2000122070312,2284.3999938964844,108
en_video_02_0046,video_02,en,Advaita,46,"That is the difference between man and God. So here Sri Krishna points that out. But here he says in a purely Vedantic sense that means here basically he's saying we are Atman, we are that existence consciousness bliss. Here he is revealing for the first time the nature of the Atman. What is the nature of the Atman? The first thing it is immortal, it is eternal, it is unchanging, it is not born with the birth of the body, it does not age with the aging of the body, it does not die with the death of the body. He does not say you, he does not say it",26686,27239,2284.3999938964844,2322.5999755859375,111
en_video_02_0047,video_02,en,Advaita,47,"he says you were not born with the birth of the body, you do not age with the aging of the body, you do not die with the death of the body. Many times bodies have come and gone, many lives you have lived, many names you have had but you continue. So the Atman, the first thing about the Atman is that it is immortal. The teaching about, central teaching about Vedanta. Sri Ramakrishna when he told Swami Vivekananda, the famous thing, that incident where he told Swami Vivekananda that he who was Rama, he who was Krishna is in this body",27240,27777,2322.5999755859375,2367.760009765625,103
en_video_02_0048,video_02,en,Advaita,48,"Ramakrishna but not in your Vedantic sense. He told Swami Vivekananda, what is the Vedantic sense? The Vedantic sense is this one, in the Vedantic sense we are all Brahman, whether it is Sri Ramakrishna or Krishna or Rama or Christ or Buddha or you or him or her or I. All of us are that one existence consciousness place. That's what Krishna is telling Arjuna here. That's the Vedantic sense. What's not the Vedantic sense, what's the special sense that's what Krishna will say in the 4th chapter 5th verse that I know them all you do not. That's what Sri Ramakrishna mentioned to",27778,28359,2367.760009765625,2405.3600001335144,105
en_video_02_0049,video_02,en,Advaita,49,"Narendra Nath, to Vivekananda. Not in your Vedantic sense means actually you and I there is a difference. Difference at the temporal level, at the relative level that he is the Lord and you are a sentient being. What is a sentient being? The Sanskrit word for that is Jiva. Krishna says we are Atman then what is Arjuna? What are you or I? Right now what why are we like this? This is called Jiva. What is Jiva? Jiva is a special mixture of Atma and Anatma. Anatma means not-self. The self and not-self a mixture. What has happened is that same Brahman",28360,28912,2405.3600001335144,2450.240001678467,104
en_video_02_0050,video_02,en,Advaita,50,"existence consciousness bliss because of Maya not knowing its own nature experiences a mind thoughts emotions feelings a personality and through the mind experiences a body and through the body and mind experiences a world. This that same infinite Atman limited through channelized through particular bodies and minds are particular Jivas whom we see ourselves as. These Jivas, us, we go through life after life. We undertake birth with the birth of the body. We experience the aging of these bodies. We experience the destruction of bodies. We experience the getting of new bodies. We experience the person inside, the mind, the subtle body which",28913,29560,2451.2000007629395,2500.879997253418,105
en_video_02_0051,video_02,en,Advaita,51,"goes from life to life. This physical body will die. A few days later, few weeks, few months, few years later it will die but the subtle body with all the impressions of past births and this birth it goes on to other lives. In a Vedantic sense there is a certain thing as a subtle body. There are other versions of this. A Buddhist will say there is no such thing as a subtle body but it's a process like a wave one after another rising and falling that continues but the Atman is neither the physical body nor the subtle body. Not sthula sharira, not sukshma sharira. The Atman",29561,30139,2500.879997253418,2542.800003051758,111
en_video_02_0052,video_02,en,Advaita,52,"is eternal, unchanging. Subtle body also changes, continuously changes and evolves. It will go on until enlightenment when physical body also drops away, the subtle body also drops away and that enlightened Jiva finally attains its infinite nature as Atman. So that is going to be the story. If you think all this sounds suspiciously like Aparoksha Anubhuti, the non-dualistic text which we were doing earlier. Yes, the beginning at first sometime it will go on like that. Krishna will sound very much like a staunch non-dualist teacher which he is of course but afterwards he is going to introduce so many things. Devotion, the love of God, what is God in",30140,30796,2542.800003051758,2586.960006713867,112
en_video_02_0053,video_02,en,Advaita,53,"the whole scheme of things, the avatar, the incarnation of God. He will introduce meditation down to the details from the highest philosophy, existence, consciousness, bliss, down to the details how to sit, how to breathe, how to concentrate, what to eat, exercise and sleep, all of that will come. Morals, morality and immorality, all that will come. Yes. I have a question about infinite. Yes. Infinite does not mean infinite space or infinite time. Yes, there's a question here. The question is about infinite. How do we define infinite? You don't mean infinite space or infinite time. Good question. One of my favorite subjects.",30797,31429,2586.960006713867,2634.1600036621094,105
en_video_02_0054,video_02,en,Advaita,54,"But I will not take too much time but let me just tell you a little bit about it. It's a very good question because it is fashionable in such talks especially new age stuff and spiritual talks to throw around words like all-pervading, infinite, beyond suffering but it's not rhetorical. Vedanta we precisely mean what we say and everything that we say has a precise meaning. So for example when you say infinite, let me just say a few things about it. In Vedanta we say infinite. The word for infinite in Vedanta is Ananta. Ananta means limitless, literally limitless. Now",31430,32002,2634.1600036621094,2684.0,102
en_video_02_0055,video_02,en,Advaita,55,"in English word infinite has many meanings. Mathematicians talk about the infinite. Cantor was a great mathematician and he is well known for his work on the infinite. There's not one infinite in mathematics. There are many infinite. We have learned this in school. There are different orders of infinites. The set of natural numbers is infinite. There's no limit. You can always have plus one, n plus one. Set of whole numbers is infinite. The set of the fractions, real numbers between one and two. There's infinite number of fractions you can have. So there are many many infinites in mathematics. That is not the infinite Vedanta is talking about.",32003,32654,2684.959991455078,2727.2000122070312,111
en_video_02_0056,video_02,en,Advaita,56,"Poetically you can talk about the infinitude of space on the eternity of time. That's not what Vedanta is talking about. What is Vedanta talking about when it means infinite? There's a very precise definition of the infinite. What is that? Infinite in Vedanta means Ananta, no limit. What do you mean no limit? There are three kinds of limits in Vedanta. When we talk about limits there are three kinds of limits. Limitation in space, limitation in time and limitation by object. What do I mean by that? I'll explain. Limitation in space means that something is in one located",32655,33231,2728.720001220703,2774.8800048828125,101
en_video_02_0057,video_02,en,Advaita,57,"in a particular space and is not in other places. It's something very simple. You are here in this hall means very clearly you are not in the subway or you are not at home. So you are located here, you are limited to this hall but you are not in other places. That is called limitation in space. In Sanskrit desha paricheda, limitation in space. Paricheda literally means cutting off. You're cut off in space. Here this much and no more than that. Now infinite would mean desha paricheda shunyaha, not limited in space. Not limited in space. Follow this carefully. It's almost like mathematical derivation.",33232,33838,2774.8800048828125,2822.480010986328,107
en_video_02_0058,video_02,en,Advaita,58,"Not limited in space would mean what? Omnipresent. There is no space where it is not. There is no space where it is not. That's one. The second kind of limitation is limitation in time. In Sanskrit kala paricheda. What is limitation in time? Something is, an entity is from this period of time to this period of time. Birth, death. Created, destroyed. It could be a mosquito It could be a mosquito born at this period in the few days it's dead. It could be a human being living for a hundred years. It could be a star living for billions of years. But still they have",33839,34406,2822.480010986328,2867.9200134277344,108
en_video_02_0059,video_02,en,Advaita,59,"all got limitation in time. Time of creation, time of death. The Buddha put it very beautifully. He said and starkly, all compounded things decay. That which has been put together will fall apart. That which has begun will end. All meetings end in separation. The Buddha. What a wet blanket. So limitation in time. In fact yesterday I was at the Rubin Museum and they asked me to speak about impermanence. What is impermanence? The limitation in time. Beginning and end. Now suppose we are now talking about the infinite. Infinite means not limited. If something is not limited in",34407,34987,2867.9200134277344,2917.9199829101562,101
en_video_02_0060,video_02,en,Advaita,60,time then what will happen to that something? Eternal. Correct. Somebody said eternal. There is never a period of time when it is not. Do you notice what Krishna just did? He just said that you are not limited by time. Did you notice that? If you put it in technical language. What did he just say? There was never a time when I was not or you were not or these kings were not. There will never be a time when we will not be. There never was a time when we did not exist. There never will be a time when we will not exist. Which means to put it in philosophical language,34988,35558,2917.9199829101562,2951.5999755859375,115
en_video_02_0061,video_02,en,Advaita,61,we are not that entity which is not limited by time. That means there's never a period of time when that entity does not exist. That is called unlimited in time. Infinite in time. Then the third one is very interesting. Not limited by object. Remember we are talking about infinite. Infinite no limits. One kind of limit is limit by object. What do you mean by limit by object is a peculiar conception. In Sanskrit it is called Vastu Pariccheda. Vastu Pariccheda means limited by object. It simply means this. A thing is itself and not anything else. So a book is a book. It's not a,35559,36141,2952.1599731445312,2995.5999755859375,108
en_video_02_0062,video_02,en,Advaita,62,"dog or it's not a star or it's not a human being. It's a book. This book is only this book and nothing else. It's the law of identity. A is A and therefore it is different from all not A. So you are you. If you are you, if you are identical to yourself, it automatically means you are different from the trillions of other entities in this universe. You understand this? What it means? Simple logical fact. Limitation by object means if a thing is a particular object, and we all are particular objects right now, these bodies are,",36142,36673,2995.5999755859375,3032.5,101
en_video_02_0063,video_02,en,Advaita,63,"in that case, if it is a particular object, it cannot be anything else. So it's different from everything else. The moment you have an identity apart from others, you mean that you are this and not anything else. All the other billions of entities are now separate from you. This is called limitation by object and every object has this limitation. It has to have. Think about it. What do our social security numbers do? Why aren't social security numbers common, interchangeable, same? No, they have to be unique because it has to set you apart from everybody else.",36674,37240,3032.5,3074.5,100
en_video_02_0064,video_02,en,Advaita,64,"So suppose now, let me ask you this question. Suppose something does not have this limitation. If something does not have a space limitation, it is omnipresent everywhere. If something does not have a time limitation, it is eternal, beginningless, endless. If something does not have an object limitation, what will happen to it? If something has an object limitation, it is different from everything else. If something does not have an object limitation, what will happen to it? All pervading. Only one, not many. Correct. All pervading. Permanent. Permanent, already we have got it because not limited in time.",37241,37853,3075.5,3119.5,100
en_video_02_0065,video_02,en,Advaita,65,"Ah, yes. All right, let's put all of that together. All pervading, what does it mean? If it is not limited by object, if it's limited by object, every other object in the universe is different from it. If it's not limited by object, no object in the universe is different from it. There is no object in the universe different from this entity, this infinite entity. No object different from the infinite entity implies no second thing apart from it. There is only one, not two. Somebody said that? That implies non-duality. Now put it all together. Limitations are of three kinds.",37854,38434,3119.5,3171.5,103
en_video_02_0066,video_02,en,Advaita,66,"Space limitation, time limitation, object limitation. It holds true of everything in the universe. But suppose there is something which has no limitation in time, no limitation in space, no limitation by object, it will become all-pervasive, it will become eternal, it will become non-dual. Advaitam, non-dual. The only reality of the universe. One without a second. So this is the meaning of infinite in Vedanta. It immediately follows, in mathematics you have multiple infinites. Infinite infinites I think. There are orderings of infinites. In Vedanta how many infinites can there be? One only. No second. You cannot have two infinites.",38435,39074,3171.5,3223.5,101
en_video_02_0067,video_02,en,Advaita,67,"You cannot have in fact any other thing apart from that infinite because if you have a second thing apart from that infinite, then it's not truly infinite. The real infinite, there can be only one non-dual infinite and nothing in the universe can be apart from it. If it is, then this thing is not infinite. Neither are infinites. You say, oh fine, this sounds like great philosophy, theoretical. Any practical implication? Oh yes, such a thing exists. Such an entity, an infinite entity which is all-pervasive, eternal and which in fact is non-dual, nothing in this universe is different from it.",39075,39672,3223.5,3264.5,103
en_video_02_0068,video_02,en,Advaita,68,"Such an entity exists. What is it? Where is it? Krishna says here, what he has said in effect is, you are that. That thou art. Tat tvam asi. If you would know yourself, you would realize that you are this infinite. Is it possible to know oneself like that? I actually have a talk where I've just taken out one component from the talk and I've given it to you. It's called Defining God. Go and look it up. It's on YouTube. It's from the Taittiriya Upanishad. The definition of Brahman. What is that ultimate reality? Satyam jnanam anantam brahma.",39673,40218,3264.5,3314.5,101
en_video_02_0069,video_02,en,Advaita,69,"Taittiriya Upanishad, the second chapter. Brahman is infinite existence consciousness. Each word has to be analyzed and unpacked there. The word infinite is unpacked. The word infinite is unpacked there. How is it unpacked? What I just told you. Little more detail I've explained there. Then this unpacked word infinite is now applied to the terms existence and consciousness. And then the result will be, you will realize that there is such a thing is there. Infinite existence, infinite awareness. And that I am. Right now, right here, always have been, always will be. It naturally follows from that. And can we know it? Yes.",40219,40847,3314.5,3362.5,105
en_video_02_0070,video_02,en,Advaita,70,"That talk itself points out how you will know it. But Krishna will take 18 chapters to point that out. So we will go on with Krishna. I think I've run out of time. But anyway, it's good that you asked this question. Very important verse. It is not that in any period of time I did not exist. Look, he's denying the limitation in time here. It's not that in any period of time you did not exist or these kings did not exist. And it's not that there will be any period of time in the future when you or I or these kings will not exist.",40848,41381,3362.5,3410.5,109
en_video_02_0071,video_02,en,Advaita,71,"He's saying that you are eternal. All of us. Are there many eternals? You can ask. Immediately it follows. So each of us is an eternal. Millions of eternal souls. But now, put together what we just read, we just discussed, the infinite can only be one. In that case, there is only one truly eternal entity. That is also non-dual and all-pervasive. It's good that you asked this question. It draws out all these implications. And you are that eternal, all-pervasive, non-dual entity. In fact, the only reality of this universe that you are. It means also not one thing in this universe is different from you.",41382,41989,3410.5,3451.5,108
en_video_02_0072,video_02,en,Advaita,72,"There is no separation between you and the universe. The real you and the universe. And the even more startling claim is you can actually see this, have an insight into this, actually see it as a living reality. That is called enlightenment. And that will easily, effortlessly, take you beyond all sorrows forever. I remember I went with this, standing in front of our main monastery in Belur Mutt, about 15 years ago, talking about this with a young monk, a very wonderful young monk. He was a novice at that time. I still remember. It's so thrilling to hear that.",41990,42555,3451.5,3493.5,102
en_video_02_0073,video_02,en,Advaita,73,"I can still remember the earnestness in his voice. He says, Swami, if one just reads this and begins to understand what has been said here, after this what complaint, what sorrow, what unhappiness? How can you complain about anything after this? Even just if you intellectually ascend to it and understand it. Realization, of course. But even before that, most of the at least theoretical problems of life are solved. But it's not enough to solve the theoretical problems. Suffering is very important. This particular verse, just this one fact. I always was and I always will be. Just one more thing here.",42556,43161,3493.5,3541.5,104
en_video_02_0074,video_02,en,Advaita,74,"Krishna, or I'll mention it next time. Let me just give you the hint. Normally the way I introduced it, self and not self. Atma, anatma, self and not self. But Krishna does not do that exactly. He says body and the one embodied in the body. Deha, dehi. That's a more natural way of approaching it. Why? The moment you speak about things like self, not self, already sounds philosophical. What exactly is a self? But nobody will ask what exactly is the body. Body and the one in the body. That's exactly what Krishna is saying. And that's so easy to identify and feel with.",43162,43734,3541.5,3583.5,107
en_video_02_0075,video_02,en,Advaita,75,"He says the bodies are perishable. The one in the body, you. You are imperishable, you are infinite, you are eternal. This is what he is going to demonstrate and help us to realize that. In the language of... Devotion, once Swami. So this same thing, remember, knowledge, devotion, all of them, they take you to the same realization. In the language of devotion, bodies belong to the earth. You in the body, you belong to God. Bodies are earthly, you are heavenly. Remember, bodies will come and go. They are continuously changing. That was the discussion yesterday in the Rubin Museum, impermanence. The Buddha said,",43735,44352,3583.5,3631.0,106
en_video_02_0076,video_02,en,Advaita,76,"Anityam manityam sarva manityam. Transient, transient, all is transient. It's not just transient. If it's transient, it's alright. We say that let the cookie be impermanent. Who wants a permanent, eternal cookie anyway? It just has to last long enough for me to put it on my mouth and enjoy the taste and that should be enough. But that also, I know that I am transient, I am not eternal. But if I live for 100, 120 years, it's good enough for me. But that also Buddha says, next step. Kshanikam kshanikam sarvam kshanikam. Momentary, momentary, all is momentary. Not even lasting for one year, two years or one minute or two minutes. He says momentary.",44353,45006,3631.0,3679.0,116
en_video_02_0077,video_02,en,Advaita,77,"Moment to moment things are arising and perishing. There's a lot of philosophy behind this in Buddhism. And he doesn't stop there. We feel like saying stop, stop. That's already bad enough. He says and what follows from that? Third step, deeper. You go deeper. Shunyam shunyam sarvam shunyam. Empty, empty, all is empty. Void, void, all is void. And therefore putting them all together, all is transient, all is momentary, all is empty. Put them together, the result is dukkham dukkham sarvam dukkham. Suffering, suffering, indeed all is suffering. So that is the first noble truth of the Buddha.",45007,45603,3679.0,3723.0,100
en_video_02_0078,video_02,en,Advaita,78,"So pessimistic, wet blanket? No. Heinrich Zimmer in fact is a well-known Indologist. He points out beautifully. He says the philosophies of India, this or Buddhism or whatever, they are not actually pessimistic. They are all optimistic. What is pessimism? A dark picture and that's the only reality. No. Dark picture, there's darkness here. There is the veritable sun shining. There is the possibility of release, of liberation, salvation, nirvana, whatever you call it. Enlightenment, eternity, that is possible. So that is the goal. I often start with a chant, you know, not today but in other lectures. Asato ma sadgamaya tamaso ma jyotir gamaya mrityur ma amritam gamaya",45604,46278,3723.0,3770.0,109
en_video_02_0079,video_02,en,Advaita,79,"From the unreal to the real. From darkness unto light. From death to immortality. That's the whole purpose of Vedanta. Unreal to real. Unreal, this body. Real, the Atman. From darkness unto light. Darkness, the ignorance, thinking that we are this body-mind. This is who we are. Light, I am the infinite Atman. From death to immortality. Follows immediately. This body, death is guaranteed. Jatasya hi dhruvo mrityu. In Bhagavad Gita we'll say. Certain indeed is death for those who are born. But for the Atman, amritam, immortality. Absolutely. So that is the journey which we have to undertake. Om Shanti Shanti Shanti Harihi Om Tat Sat Sri Ramakrishnarupanamastu",46279,46944,3770.0,3837.0,109
en_video_03_0000,video_03,en,Advaita,0,"Vasudeva Sutam Devam Kamsa Januram Ardhanam Devaki Paramanandam Krishnam Vande Jagadgurum Please repeat after me, the verses 11 and 12 which we did last time. Sri Bhagavan uvaca asocyananvasocastvam prajna-vadamsya-bhasase gatasu na gatasuṁśca nānusocanti panditāḥ nattvevāhaṁ jātu nāsaṁ nattvam neme janādhipa na caiva na bhaviṣyāma sarve vayamataḥ parama So Sri Krishna has started teaching Arjuna and the central doctrine of the immortality of the soul that we are not mere creatures of flesh and blood fated to be born yesterday and die tomorrow. That there is to us a core of existence of spiritual self which is immortal, which is not born with the birth of the body, which does not age with the aging of the body,",0,720,0.0,123.95999908447266,118
en_video_03_0001,video_03,en,Advaita,1,"which does not fall prey to disease or decay with the body, and which does not die with the passing away of the body. That self we are. This is the first, the central teaching. If there's one thing you take away from the Bhagavad Gita, it's the doctrine of the immortality of the self. I like that beautiful example of the wave. I often use it. It's a very cute example. Imagine in the Atlantic Ocean a little wave is born. And as little waves do, it makes other little wave friends and goes to wave school maybe. But very soon life is not all fun and games because life is of course first of all very wet, being a wave.",721,1341,123.95999908447266,169.9600067138672,122
en_video_03_0002,video_03,en,Advaita,2,"But then you find some other waves are mean to it, some are friendly. And there are some waves so big and the little wave looks at them and thinks, Oh, they are fantastic. I wish I could be like them. I'll never be like them. Envy. And there are other waves which are smaller than it. Maybe there are bubbles and foam and the little wave looks at them and thinks, what losers. Contempt. And then the worst of all problems comes that it sees the shore rushing up, the Atlantic shore rushing up, maybe Long Island or something coming up.",1342,1877,169.9600067138672,204.9600067138672,102
en_video_03_0003,video_03,en,Advaita,3,"And it looks in horror and asks its friends, what's happening there? Oh, that's where waves go to die. I'm going to die? Yes. No, I don't want to die. But you have to. Everybody has to die. You go and crash against the shore and you die. And he's horrified. It's inevitability of death, the fear of death. But luckily there is a wave Gita class going on and is fortunate enough to go there. And he hears that, yes, waves die, but then we are actually not waves. Essentially we have this wave form, but essentially we are water.",1878,2405,204.9600067138672,245.9600067138672,101
en_video_03_0004,video_03,en,Advaita,4,"There is something called water, which this water, the water does not die. You go and slam into the rocks there. You just lose the wave form. You are water. You are still water. You are spray now. You are foam now. You are water vapor, whatever you are. You are always this water which does not die. And after a long, after some time, you know, the wave realizes what water is and look at the results. First of all, it realizes, oh, all of them, the big huge wave which I was jealous of, that's also water. I am water.",2406,2924,245.9600067138672,286.9599914550781,102
en_video_03_0005,video_03,en,Advaita,5,"And the little wave I was contemptuous of, we are exactly the same, the same water in me and in that wave. There is no jealousy, no envy or contempt. And greatest of all, that fear of death is completely gone. It's a change of form from a wave form to maybe spray or foam or whatever, change of name. And yet I remain exactly the same. Not only that, another great thing which comes is, as water, as wave, I am separate from each wave. That is another wave and that's another wave and I am a wave. But as water, all waves are me. I alone am in all waves. All waves are in me.",2925,3500,286.9599914550781,332.9599914550781,117
en_video_03_0006,video_03,en,Advaita,6,"Sarva bhuteshu chaatmanam. Sarva bhutani chaatmani. All beings are in the Self, the existence consciousness bliss. And that I as that existence consciousness bliss, I am in all beings. So that realization comes. So it's a very nice example. And by the way, examples have their limitations. So don't you think that, I mean, don't think that, yeah, but the big wave still has more water. I may be water, but that's the limitation of the example. From the point of view of Brahman, existence consciousness bliss, there is no more or less. It is one indivisible being. It's not more, somebody has more Brahman, Sri Ramakrishna has more Brahman,",3501,4141,332.9599914550781,376.9599914550781,110
en_video_03_0007,video_03,en,Advaita,7,"I'm a little less Brahman, lower grade. No. We are all the same Brahman. And not that we are parts of the same Brahman or the same type of thing. There is no difference of type. The philosophy, it's a type token difference. There is no type token difference here. It is one reality. We are exactly that. All of it, totally, completely. Got me started on my favorite subject. But Sri Krishna has introduced it in a very simple way. You are not the body. You are the one in the body. In fact, Vedanta makes a distinction between body, mind and the Self.",4142,4693,376.9599914550781,417.9599914550781,105
en_video_03_0008,video_03,en,Advaita,8,"So this changing body and inside the embodied one which is a changing mind also. Intellect, mind, memory, these are also changing. And you are the consciousness in which the mind is operating and through the mind the body is experienced and so on. That is what he has taught. And very poetic language. He says it is not that there was ever a time when I was not. It is not that there was ever a time when you were not. Not that there was ever a time when these kings, assembled warriors and kings were not. Nor indeed will there be a time when they will not be.",4694,5255,418.9599914550781,461.9599914550781,110
en_video_03_0009,video_03,en,Advaita,9,"You see we are all here right now, there is no doubt. Arjuna has no doubt that we are all here. Krishna is there, Arjuna is there, all the assembled friends and enemies are here. But our question is did we exist before the birth of this body? Our question is is there anything after the death of this body? So Krishna says yes, this is the eternal truth of all religion. All religion says there is something which was there, you were there before the birth of this body and there is something that lasts beyond the death of the body.",5256,5789,461.9599914550781,494.9599914550781,102
en_video_03_0010,video_03,en,Advaita,10,"To be precise from a Vedantic perspective, it is not just the Atman which outlasts the death of the body. The mind also outlasts the death of the body. So the mind which is the repository of experiences, of tendencies, samskaras, vasanas, that which goes from lifetime to lifetime. So it is the sukshma sharira, the subtle body. Mind is a part of subtle body. I am using the word mind in a general sense. In Vedanta you will have so many components. I am just saying mind but actually if you say what exactly is the subtle body, they will talk about 19 parts.",5790,6349,494.9599914550781,533.9600219726562,105
en_video_03_0011,video_03,en,Advaita,11,"Five sense organs, not that the nose and the eyes and the ears will go with you after death. The powers of the sense organs, the ability to see, hear, smell, taste, touch. The five sense organs, the five motor organs, the five pranas, that means the vital forces. There are five of them and then the four functions of what we call the inner instrument, antahkarana. Mind, intellect, ego, memory. Mana, buddhi, chitta, hankara. Altogether 19, 5 plus 5 plus 5 plus 4. If you say I forgot that, don't worry it will come again, many times over. So that does not die with the death of the body.",6350,6939,533.9600219726562,578.9600219726562,110
en_video_03_0012,video_03,en,Advaita,12,"That does not die with the death of the body. That goes on, when this body dies, that goes on to other worlds and takes up other bodies. So that is the teaching and the Atman does not go anywhere. The pure self, existence, consciousness, bliss is like the sun ever shining. It's always there. that is the teaching. Now, the next verse, 13th verse dehino asmin yatha dehe kaumaram yauvanam jara tatha dehantara-praptir dhi Actually, it is wrong. Tatha dehantara-praptir dhirastatra namuhyati So, what does it mean? Even as this embodied self, that means you in this body, attains in this body childhood, youth and old age,",6940,7561,578.9600219726562,652.7999992370605,108
en_video_03_0013,video_03,en,Advaita,13,"so does it attain another body. The wise man does not get deluded at this. It's a very well-known verse in the Bhagavad Gita and usually it's the time you get to hear it is when somebody dies. So, this is traditional, you know, the Hindus will have a Gita recital when somebody passes away. So, these are some of the verses which are chanted. So, it's very well-known. It is a peculiar resonance with me because of a childhood memory. I remember when I was a little kid, our neighbor, they had a son who was much older than me, but I knew him.",7562,8105,652.7999992370605,697.8000030517578,105
en_video_03_0014,video_03,en,Advaita,14,"He was about 10 or 12 years older than me. So, at that time, this young man was 19 years or 20 years old and they went in a college to a college picnic and he drowned and died in the sea. So, here is this neighbor family mourning. You see, loss of a baby is traumatic, but loss of a grown-up young boy or girl, you know, whom you have raised through childhood, that's very deeply, deeply scarring. So, I still remember, I think they were chanting this verse or some of these verses and my dad had sent me to their house",8106,8625,697.8000030517578,739.8000030517578,104
en_video_03_0015,video_03,en,Advaita,15,"with a copy of one of the volumes of Swami Vivekananda's complete works. So, I just have that kind of memory and this verse, you know. So, what does it say? Just as the embodied being, who is this embodied being? Sounds very philosophical. You, here, us, you and him and her and I, we who feel that I am in this body. What is embodied? We who consider, this ancient being here which considers this body to be mine, my body or I am this body or this is my body. This is called the embodied being, the one in this body. That one, just as it experiences",8626,9176,739.8000030517578,781.8000030517578,109
en_video_03_0016,video_03,en,Advaita,16,"childhood, kaumaram, youth, yovanam, jara, old age. Look how they went straight from youth to old age. That means, I don't think they had the concept of middle age. So, just as we experience, how do we experience? Not by itself. The sentient being is not a child or consciousness is not a child. Consciousness is not a young person or an old person because of the changes in the body. Imagine, right now, in this lifetime itself, such vast changes we have undergone. The child's body and the body you see yourself in now, vast changes in structure, in appearance, vast changes and the mind also in this body.",9177,9785,781.8000030517578,836.8000030517578,110
en_video_03_0017,video_03,en,Advaita,17,"As we move from babyhood to childhood to teenage to youth, the mind undergoes so much changes. You know so much more, you learn so much more, your attitudes change, what you want, your perception of life, vast changes come over us. And yet, this is the point, yet we identify ourselves as the same person. I was that entirely different body. I was in that. Doctors tell us in seven years, I think every cell of the body, seven years or some such number they give, every cell in the body is gone, except I think some nerve cells, they remain.",9786,10327,836.8000030517578,876.7999877929688,102
en_video_03_0018,video_03,en,Advaita,18,"And every cell in the body is, not suddenly, not at the end of seven years, I'm going for a full body replacement, over seven years, slowly. So by the end of seven years or whatever, eight years, ten years, even the particular cells, those specific cells are not there. We are actually continuously shedding. It may sound very messy, but we are. Luckily we don't see any of it. Those, what do they call it, forensic detectives. One of the ways they catch criminals is that they say the human beings are not aware how much clues they leave behind, everywhere they go.",10328,10894,876.7999877929688,910.7999877929688,104
en_video_03_0019,video_03,en,Advaita,19,"So much of our body cells we are continuously shedding into the environment. So we are in continuous process of change. What Sri Krishna is doing here is, notice what he is doing. First, he intimated to us the nature of the real self. That existence consciousness bliss, which the Atman, which is neither born nor dies, it does not age, decay, nor is subject to disease. That one is a self, is a real self. But now you also must appreciate the nature of the non-self, the mind and the body. Now he's talking about the mind-body complex, how it changes.",10895,11447,911.7999877929688,953.7999877929688,102
en_video_03_0020,video_03,en,Advaita,20,"It's not you, but appreciate what it does. It changes. This is the nature of the non-self, what you are not. The body, what you are not, that changes. Dramatic changes. And because of those changes, I identify myself as a child, as a boy, as a teenager, as a young man, as a middle-aged man, as an old man. But not because of me the consciousness, because of the changes in the body. These transitions are so clear, so dramatic, and yet we identify ourselves across these transitions. Now what Krishna is saying is, extend it a little further.",11448,11991,953.7999877929688,995.7999877929688,100
en_video_03_0021,video_03,en,Advaita,21,"Just like that, he says, this particular body also will transit into another body. Dehantara prapti. Dehantara, other body. Deha means body. Dehantara, next body, another body. This body gets worn out. The nature of the non-self, the body, one thing is it changes dramatically. Second thing is it gets worn out. Wear and tear. And like clothes, you wash them, keep them carefully, then after some time they are old and you can't wear them on formal occasions, you can't take it out. And then finally they are discarded. And you get a new set of clothes. He will use that example a little later. Krishna will use that example.",11992,12617,995.7999877929688,1040.7999877929688,111
en_video_03_0022,video_03,en,Advaita,22,"Just like discarding an old pair of trousers or something, you discard the soul in this body. Here he means a Jeevatma, Atman plus subtle body. It discards an unusable body and moves on. Why be unhappy? You are going to get a new model, improved. iPhone 8. So you move on. All your data is transferred into the next body. So this is the teaching. Need not be afraid, need not be unhappy at it. Yes, it's a little more dramatic than going from childhood to teenage. Although I wonder, somebody said, I wonder how we survived our teenage years.",12618,13160,1040.7999877929688,1081.7999877929688,101
en_video_03_0023,video_03,en,Advaita,23,"So a little more dramatic than our lifetime changes. But it's still just a change. You are still there. Notice your friend is talking and then his phone, he says hello, hello, and he looks at the phone. Oh, my phone died. Your friend didn't die, the phone died. You are talking with your friend. After that you can't hear him anymore. Do you think that he is dead or the phone is dead? Phone is dead, but because the phone is dead, you can't hear him anymore. If it was a video call, you can't see him anymore. Exactly like that, when the body collapses, when the body dies,",13161,13735,1081.7999877929688,1123.7999877929688,110
en_video_03_0024,video_03,en,Advaita,24,"the claim here is in Vedanta that you continue to exist, that person continues to exist. But you cannot contact that person anymore through that body, nor can that person contact you. Cannot speak, cannot hear you, cannot move around. So, phone is dead. That's all. Until the guy gets a replacement. Only thing is in this case, when the replacement comes, he has forgotten all about you. Your number is erased. It's a different number. You don't know what the number is. So, you can't get in touch. देहान तर प्राप्टी Alright, ask. Everything gets transferred according to one claim.",13736,14318,1123.7999877929688,1180.7999877929688,101
en_video_03_0025,video_03,en,Advaita,25,"Because it is said that in the last life, Yogis recall all the memories of past lives. So, it is there, but not recoverable. We cannot access them. Just like the claim is that there are many, many, I guess most of the traces of our childhood, babyhood are still there. this brain. We just can't access it and the proof of that is suddenly sometimes you access it and there were experiments. I think Penfield's experiments were the stimulated parts of the brain. Many memories which were simply not experienced by that person for many many years, decades. They got vivid recall when",14319,14900,1180.7999877929688,1220.6200008392334,104
en_video_03_0026,video_03,en,Advaita,26,that part was stimulated which is neurological proof that I mean things which we would not expect they are there but we can't normally they are not available for recall for us now and claim is that all of this gets transferred to the with the subtle body it goes on to the next. But then what is recoverable? The ones which we see are recovered are tendencies. So if you get a PhD in neuroscience unfortunately you will not be born as a baby with a PhD in neuroscience. So all that knowledge the specific knowledge is not either not,14901,15433,1220.6200008392334,1265.3600006103516,101
en_video_03_0027,video_03,en,Advaita,27,"there or at least not recoverable. But what is recovered what gets manifested what is found in the next life are tendencies, desires, certain proclivities tendencies. So in some extreme cases it becomes startling. In most of our cases it's mixed. We get a mix of good and bad tendencies from past lives. But in extreme cases like say a prodigy for example. So there's no way of explaining how that that comes about. Somebody has extraordinary capacities in music or mathematics or chess or something like that. And in a few cases there have been cases of recovered memories from past lives. There have been documentation but",15434,16058,1265.3600006103516,1310.6800003051758,108
en_video_03_0028,video_03,en,Advaita,28,"some scientists would not take that seriously. But there's a lot of data on that. Yeah so all of these are passed on. Physical body dead. Brain, nervous system all gone here. Certain tendencies, characteristics are expressed in next life. So what physically what goes on that is the subtle body only survives. The subtle body survives death. It sort of let's put it this way it curls up into like what we experience in deep sleep. Blankness. And then when it gets a new body either in other worlds or when you come back here it starts working again. And part of our samskaras depending on the body we get part of our",16059,16675,1310.6800003051758,1354.520004272461,114
en_video_03_0029,video_03,en,Advaita,29,past experiences or the recordings the samskaras they get activated. Not all of what we are is expressed right now. What is our past karma has given us this body and what is suitable to this body and this environment is getting expressed now. We are ancient creatures. Even the most newborn babies also have a very ancient creature. Sometimes you can see it in their eyes. But by the way the mind is very closely connected with the body and nervous system. So as the body and nervous system grow the mind also expresses more faculties come into play. As they decay and deteriorate the mind also becomes feeble and,16676,17289,1354.520004272461,1402.240005493164,111
en_video_03_0030,video_03,en,Advaita,30,deteriorates. Although for yogis for highly spiritual persons their mind doesn't seem to be touched by the deterioration in the body. They seem to be above the the general degeneration of the body. So even in I've seen I saw Swami Ranganathan and Swami Bhuteshan. Year after year I saw them. 98 years 99 years the 97 years. So alert. So perceptive. It's like luminous minds. 98 year old body and this I've seen again and again and again. So I've seen us so these are well-known figures but I've seen a Swami who was in his 90s who was,17290,17824,1402.240005493164,1443.7200012207031,100
en_video_03_0031,video_03,en,Advaita,31,"paralyzed in both legs. He was blind in both eyes and he lay like that helplessly for the last maybe 10-15 years of his life and I saw him in the hospital like that. You haven't seen a happier person. That day when I saw this person this Swami I realized what it means to be bodiless. Bodiless does not mean to transcend the body doesn't mean to come out of the body like a puff of smoke or something like that. It means being in the body, using the body, remaining in the body, embodied and yet not affected by the body. We get",17825,18353,1443.7200012207031,1478.4800109863281,105
en_video_03_0032,video_03,en,Advaita,32,"depressed. A little scratch here, a little ache here. We get depressed, we get anxious. Second opinion. What's going wrong with me? The attitude should be let the body stay for a hundred years, let it die today, now itself. Exactly the same to me. At least say it with conviction. You'll see how much strength you get. So I've seen this in many cases. Then Krishna uses a word dheera sthatra na muhyati. Dheera, the word dheera will come again and again. The word dheera, it's there in many Indian languages also. It means a patient person, a solid person, you know like strong",18354,18931,1478.4800109863281,1531.6000061035156,105
en_video_03_0033,video_03,en,Advaita,33,"person or a heroic person, a strong person basically. Here however dheera has a special meaning. Shankaracharya in his commentary says dheera dhiman. Dhiman means the one endowed with this knowledge of the self. Viveki, I'll translate it this way. The one who is able to deploy this knowledge of Vedanta to overcome the sufferings of life. Literally dheera is equal to dhiman, one possessed of knowledge. What knowledge? Vedantic knowledge. Not only possessed of knowledge, is able to deploy it in life. So when there is old age and disease and unhappiness and loneliness and all of that, you still have the power to rise",18932,19553,1531.6000061035156,1580.3599853515625,106
en_video_03_0034,video_03,en,Advaita,34,"above it. Knowledge and the ability to use it in one's own life. Like I mentioned that Swami who was paralyzed and blind and still. That is dhiman, that is dheera. The one possessed with this knowledge is not deluded, is not shaken. When? Just as you transit from childhood to teenage to youth to middle age to old age and it's natural nothing to be upset about. Similarly the transition from one life to another, from one body to another. 14. So this verse is, look at the words in the verse. Dehina, of the embodied. Asmin yatha dehe, as in this body. The embodied one, you as",19554,20132,1580.3599853515625,1640.0400085449219,109
en_video_03_0035,video_03,en,Advaita,35,"in this body. Komaram, childhood. Yovanam, youth and includes middle age also. Jara, old age. Just as you experience, you the embodied one, you experience these states because of the changes in your body. Similarly tatha, in the same way. Dehantara prapti, you attain to a new body and so the one possessed of this knowledge, knowledge of Vedanta should be able to deploy it, be not shaken by death. Swami Vivekananda, what a powerful definition of religion. Each soul is potentially divine and the goal is to manifest this divinity within us. Manifest means not only to know it but also to live it. To live it means to face",20133,20757,1640.0400085449219,1692.9599914550781,111
en_video_03_0036,video_03,en,Advaita,36,"up to the challenges of life. That is what he calls dheera here. 14th O son of Kunti, since contacts with objects result in heat and cold, pleasure and pain, they are subject to coming and going and are transient. Therefore, O descendant of Bharata, just endure them. Suppose the question is, all right, I understand that we survive. Suppose I believe this also that we do survive death just as we continue from childhood to youth to old age and all. And in the same way we survive death and we go on to other lives. Okay, I understand that. But in this life it hurts. Pain hurts.",20758,21338,1692.9599914550781,1773.9600219726562,109
en_video_03_0037,video_03,en,Advaita,37,"There is physical pain, there is emotional pain, there is unhappiness in this life. What about that? Even if we do persist throughout from life to life, we still suffer here. What's the solution to that? And Sri Krishna says, no solution. You have to put up with it. But why? How? That's the beauty of it. Put up with it, of course, we have to. But how? मात्रा स्पर्शास्तुकांते । ओ सन अफ़ कुंति He says, the word, word, let me explain the word first. मात्रा and स्पर्शा. मात्रा स्परशा, 14th verse. What is the meaning of the word मात्रा? It means sense organs.",21339,21899,1773.9600219726562,1816.0200004577637,105
en_video_03_0038,video_03,en,Advaita,38,"म्यियन्ते ज्ञायन्ते विषया आभीरिती मात्रा, मा literally means to measure. So from there, म्यियन्ते, to measure, that means to know, whether it is form or sound or smell or taste or touch. When you can know them, that's called measuring, knowing them, getting a grasp on them. That by which you know these things, what are they? Sense organs. They are called मात्रा. They are called मात्रा. So we have eyes and ears and nose and tongue and skin. And स्पर्शा, स्पर्शा literally means touch. Here it means the things which are touched, that means the objects. What do the eyes touch? It's a way of putting it.",21900,22505,1816.0200004577637,1870.7200012207031,108
en_video_03_0039,video_03,en,Advaita,39,"The eyes, contact form, रूप. What do the ears, within quotes, touch? Sound, शब्द. And nose, गंध, fragrance or smell. Tongue, जिवह, रस, taste. Skin, त्वक, त्वक means skin. What do they touch? It's पर्शा, touch, literally heat and cold and pressure, warmth. So that's what the skin senses. The objects which are sensed are called स्पर्शा. And the instruments with which we sense these different objects, they are called मात्रा. A slightly different interpretation but coming to the same thing is मात्रा means the functions of the senses, not just the eyes but the functioning of the eyes, इंद्रियवृत्तिही, they say.",22506,23119,1870.7200012207031,1927.2799987792969,102
en_video_03_0040,video_03,en,Advaita,40,"The functioning of the eyes which gives us the input of seeing. So स्पर्शा here means the experience corresponding to that function. First meaning, the sense organs and the objects, eyes and form. Second meaning, the functioning of the eyes and the experience of seeing. Basically same thing, little more intricate. The functioning of the ears and the experience of hearing which we are having right now. So this is what gives us knowledge of the world. And what it generates? Various experiences. Some are pleasant, some are unpleasant. It is experiences, शीत, cold, उश्ण, heat. So now we are making a transition.",23120,23734,1927.2799987792969,1975.0599975585938,103
en_video_03_0041,video_03,en,Advaita,41,"It's little cool outside and everybody who comes in says it's so warm in here. So heat and cold, how did you know that? मात्रा स्पर्शा, skin, temperature outside and you get an experience. Pleasant experience, unpleasant experience, too much cold, unpleasant. Too much heat, unpleasant. Just right, pleasant. These are pleasant and unpleasant experiences provided by, generated by the functionings of the sense organs. Contact of the sense organs with their respective objects. They generate this, they will. This is the very nature of the machine. This is the very nature of the not-self, अनात्मा. They will generate such experiences.",23735,24370,1975.0599975585938,2021.8800048828125,101
en_video_03_0042,video_03,en,Advaita,42,"They come, note their nature. They come and go, they arise and cease. Continuously in an endless flow as long as you are awake and in dreams too. They arise and cease. As long as mind and sense organs are working, you will have a series of, you will have it. Inevitably. आगमापाई, coming and going, arising and ceasing. And therefore, अनित्याह, transient, impermanent. Every experience is impermanent. What do you have to do then? तान्तितिक्षस्व, forebear, bear with them. Oh Arjuna. You say, what kind of solution is that? It's a very deep, deep solution. I was just thinking about it.",24371,24956,2021.8800048828125,2069.9400024414062,102
en_video_03_0043,video_03,en,Advaita,43,"This word तितिक्ष, it means forbearance. It means patience. Shankaracharya in his विवेक्षुरमण, he says. This is, remember, this is for whom? A spiritual aspirant, for a spiritual seeker. It's a very great quality. A profound quality to be cultivated. I was just thinking about it. So many thoughts came to my mind. I was in the library at Bryant Park. So I was sitting and thinking about this and studying this. Shankaracharya says, साहनं सर्वदुःखानां अप्रतिकारपूर्वकम् चिन्ताविलापरहितम् साथितिक्षानिगध्यतिन्विवेक्षुरमणि What is this forbearance? He defines it. What do you have to do? All kinds of miseries. Forbearing pleasure, everybody can do.",24957,25604,2070.0,2123.0599975585938,101
en_video_03_0044,video_03,en,Advaita,44,"I'm not just putting up with a lot of pleasure. No. It's the unpleasant side of life which disturbs us. Which makes us restless. Forbear. There's a reason for that. There's a spiritual reason for that. Putting up with all of that without desperately trying to remedy the situation. Always remember common sense. That is taken for granted. If I'm very sick, I need to go to a doctor and take the medicines. But after that, there will be a period when I have to put up with unpleasantness. Unpleasant medicine, unpleasant treatment and unpleasant pain. So, put up with that.",25605,26177,2123.1199951171875,2159.1799926757812,101
en_video_03_0045,video_03,en,Advaita,45,"And how do you put up? With a scowl? No. चिन्ताविलापरहितम् Without complaining, without anxiety. Be relaxed about it. Let it be. Let it come, let it be, let it go. You be relaxed about it. This is called तितिक्ष. Sri Ramakrishna considered it one of the greatest qualities. He called it in Bengali शोध्योकर. To forbear in life. Whatever happens in life. In relationships, financially, health wise. Do what you have to do. Be active. Remedy the situation. But don't be anxious and don't give it thought. Don't dwell upon it. Don't regret it. Don't agonize over it. Why will you not agonize over it?",26178,26775,2159.1799926757812,2212.2999877929688,106
en_video_03_0046,video_03,en,Advaita,46,"Because it is impermanent. They come and go. Then how do you treat impermanent things? Welcome, stay, goodbye. Neither resist nor cling. Neither resist nor cling to impermanent things. It does no good. That which is to come will come. That which is to go will go. Again always. I don't have to go to the doctor. I don't have to take medical treatment. Of course not. Sri Ramakrishna would say in Bengali there are three letters श and they are all pronounced in the same way. In Sanskrit श, श, श. In Bengali it is pronounced श, श, श.",26776,27308,2212.2999877929688,2261.3599853515625,100
en_video_03_0047,video_03,en,Advaita,47,"All of them are the same pronunciation. But one meaning of that is forebearing. In Hindi what you call सहना. सहन शक्ति. That means to forebear. So three letters and they all are pronounced in a particular way and there is a second meaning to it that is forebearance. He would make a pun on it. It makes sense in Bengali not in other languages. The pun goes like this. श, श, श. जे ना शाय तार ना शाय. Literally translated without any of the pun effects. Special effects. It means forebear, forebear, forebear. Patience, patience, patience. The one who forebears",27309,27868,2261.3599853515625,2309.480010986328,101
en_video_03_0048,video_03,en,Advaita,48,"will last. The one who does not forebear will be destroyed. I was reading a book on the Buddha's teachings one of the greatest qualities which Buddha praised was patience. Shantideva in the Bodhicharyavatara a very well known Mahayana text he says the root love, compassion, patience. Love and compassion are less important than patience he says. When you have patience love and compassion will come up themselves. There is a lot of research being done right now. There is a psychologist Jonathan Haidt H-A-I-D-T He is very well known in the United States. One of the things he did",27869,28450,2309.480010986328,2359.5999755859375,100
en_video_03_0049,video_03,en,Advaita,49,"was the experiment was an experiment in compassion. So two groups of students they were one group was asked to read something Harvard Divinity School or another Divinity School, maybe Princeton Divinity School somewhere. So they were told that you have to read this section and prepare a sermon on it and go there and you have to deliver the sermon. Of course that's not really what's going to happen. One group was given the story of the good Samaritan who helps people on the wayside. So they prepared it. And they walked across the law on to the other building where they were supposed to give the sermon.",28451,29059,2359.5999755859375,2403.4000000953674,109
en_video_03_0050,video_03,en,Advaita,50,"Of course, there was nobody there. When you go across there, there will be somebody to tell you the experiment is over, go home. What was there was on a bench in that lawn was somebody pretending to have a stomach ache. You know, as that person, the seminarian would walk past all engrossed and trying to remember the points he has written for the talk on compassion, this person would sort of collapse in pain and sort of groan and moan and collapse like this. But the aim was to see how many stopped and out of concern, how many asked if they could",29060,29610,2403.4000000953674,2436.9599990844727,105
en_video_03_0051,video_03,en,Advaita,51,"do something. Almost nobody did. They were too busy about the talk they were going to give. Some did. And it did not make a difference what story they had read, whether it was a story about compassion or some other story, other parable. So the result of the experiment was it's not so much knowledge that you have to be compassionate that makes you compassionate. Rather, it is that calmness and slowness and quietness where you pay attention to somebody else that makes you compassionate. If you notice the suffering of another person, that was the conclusion. If you notice the suffering of another person, in most cases we have the, as human beings,",29611,30263,2436.9599990844727,2481.9800033569336,115
en_video_03_0052,video_03,en,Advaita,52,"we have, they call it mirror neurons and so on. So we have, we are built for sympathy. So that's why they say that sometimes in places where life is slower, in villages and smaller towns, people are more compassionate. It also could be that people know each other, whereas when life is very fast, classic example of course, Manhattan, there's no time to be compassionate. People are so engrossed in their own minds and their own anxieties, they don't notice what's going on on both sides. So patience. Yeah. I have a couple of questions about patience. Yes. One is that there is some literature in psychology that says that bottling up your feelings or",30264,30916,2481.9800033569336,2517.4199981689453,116
en_video_03_0053,video_03,en,Advaita,53,"suppressing your unpleasant reactions can be detrimental in the long term. So what are your views for the long term use in that? Right. So that's exactly where patience comes into play. The Buddhist book I was reading made an important point. Patience does not mean taking things slow or letting things happen to you. Patience means not being defeated. Adverse circumstances, adverse people who are treating you badly, people or a health problem or a financial problem, whatever, don't admit defeat. That is a sign of patience. Not to collapse and say, I'm being patient, let whatever is going to happen, it'll just",30917,31532,2517.4199981689453,2603.1799926757812,104
en_video_03_0054,video_03,en,Advaita,54,"going to happen. So to retain energy, to be up and doing calmly, to get back into, to shake up the dust, dust yourself off, get back into the struggle calmly without reacting. Without reacting does not mean you will not do anything. You will do what is necessary. That's what I'm trying to answer your question. So for example, you said bottling up feelings. Bottling up feelings is not good. Repression is not good. But channeling feelings is very good. Reaction means something happens and I react immediately to it. Somebody says something nasty, I say something nasty back to that person.",31533,32125,2603.1799926757812,2644.740005493164,103
en_video_03_0055,video_03,en,Advaita,55,"That's a reaction. But I don't say anything. I try to engage with that person constructively or ignore him and go about my business. That will not harm. That's better. That's much better. Immediate reaction is what is to be avoided. The way Swami Vivekananda defined patience, very interesting. He defined, he would always define in a positive way. Now this is the answer to your question. Anything he would define in a positive way. For example, humility. We think humility means being low and accepting and being humble. You know what is Swami Vivekananda's definition of humility? He said humility does not consist in being a doormat.",32126,32763,2644.740005493164,2686.5,108
en_video_03_0056,video_03,en,Advaita,56,"Humility means seeing the greatness in the other person. Seeing good and greatness in other person, that is being humble. How did he define patience? He talked about patience, for him it was strength. Not in terms of patience, it's strength. And what is strength? Not to thrash the other person, he says strength is to stop a reaction. What a deep definition of strength. It's easy to fidget. It takes strength to sit still. It's easy to reply immediately. It takes strength to hold back. It's easy to think badly of others or become anxious about a particular situation.",32764,33335,2686.5,2729.1000061035156,100
en_video_03_0057,video_03,en,Advaita,57,"A worrisome situation has emerged, immediately anxiety. That anxiety does nothing except create heart disease. That anxiety does nothing, it only creates harm. It's a weakness of the mind. The mind is an instrument. It just churns away helplessly in anxiety. I will not be anxious. I will do what is to be done. I will think what is to be thought. I will say what is to be said. But no, I will not entertain anxiety or stress, no. To whatever extent possible. That not reacting, physical level, verbal level, mental level, he said that is strength. And that strength he defines as patience.",33336,33926,2729.1000061035156,2773.019989013672,105
en_video_03_0058,video_03,en,Advaita,58,"It's a very good idea actually. He says when you drive a chariot, to let the horses run amok, is that strength? Or to hold the reins and pull back the horses and guide it along a particular direction, is that strength? It's more strength to hold back and then guide it. To gain mastery of the body, of the speech and of the thoughts in the mind, that is strength. That strength and patience, it will be manifested as patience. All the great men, they might seem impatient because they are very energetic. But being energetic and impatient are two different things.",33927,34491,2773.0599975585938,2816.1400146484375,103
en_video_03_0059,video_03,en,Advaita,59,"Tremendous energy but continuous, the patience to apply that energy in a particular chosen direction, that leads to greatness. I remember a beautiful song by Kabir Das. Some of you may have heard it. I'll tell you this. I looked it up actually. I remembered it today and looked it up. I heard it many years ago. Man lago yaar fakiri mein. Some of you may have heard this. Oh my mind, be attached or take to the monastic life, the ascetic life, the simple life. My mind has fallen in love with the simple life. My mind has fallen in love with the free life.",34492,35048,2816.1400146484375,2865.739990234375,106
en_video_03_0060,video_03,en,Advaita,60,"Fakir is an unattached, like an ascetic, a lover of God and not attached to anything in the world. Oh my mind, he calls his mind his friend. Oh my mind, my buddy. Fall in love with the free life. Fall in love with the simple life. Jo sukh paave Ram bhajan mein, so sukh nahi amiri mein. The joy, the bliss that you get in repeating the name of the Lord Rama, your mantra, the name of God, chanting the name of God, that joy is not there in being wealthy and powerful. Man lago yaar fakiri mein. Oh my mind, take to the free life.",35049,35578,2865.739990234375,2910.260009765625,107
en_video_03_0061,video_03,en,Advaita,61,"Take to the holy life. Bhala bura sab ka sun lijye, kar gujran gareebi mein. Listen to all the good and bad which the world throws at you. See, contact with the senses generates pleasure and pain, heat and cold. Not only heat and cold, pleasure and pain, it generates honor and dishonor, success and failure, hope and despair. Be serene now in all of this. Good and bad the world throws at you. Live the humble life. Literally, gareebi means, kar gujran gareebi mein, means the poor life. This is a very beautiful Christian phrase, poor in spirit. Poor in spirit means, with a broken spirit, no, no, means low and quiet and humble.",35579,36210,2910.260009765625,2970.5800170898438,115
en_video_03_0062,video_03,en,Advaita,62,"But why I'm telling you this, the end of this song is very beautiful. At the end he says, aakhir yeh tan khaak milega, kahe phirat magroori mein. Very touching. Last quarter of the song it says, very soon this body will pass away into the dust. It will merge into dust, ashes to ashes, dust to dust. If you are a Hindu, the body will be burned and this much ashes will be left. I have literally seen because we have a tradition of cremating the monks who have passed away and so I've seen this much dust, this much ashes.",36211,36732,2970.5800170898438,3014.0,102
en_video_03_0063,video_03,en,Advaita,63,"It's put in a little bowl and then little earthen pot and then floated on the Ganges, on the Ganga which is next to the monastery. That's what remains. Or if you're buried, the body decomposes back into the earth. Dust to dust. Why do you go around with so much ego? Why walk around the earth with so much ego? In a blink of an eye, you'll be gone back to dust. Where is this ego coming from? And then Kabir concludes, he says, Kahat Kabir, the usual way, Suno bhai sadho, O spiritual seekers, O seekers of God,",36733,37244,3014.0,3064.0,100
en_video_03_0064,video_03,en,Advaita,64,"listen to what Kabir says, Shahe mile saburi mein, the Lord my God is attained through patience. Saburi, the word means contentment, means patience. Saburi means to be patient. Hold on, hold on, hold on. There's nothing like holding on. Yes. I think the ego brings up a question. And this may be my misinterpretation, but in many spiritual thinkers and economists, it means that human beings are viewed as we talk like them. Yes. Over animals and plants. And yet it seems like we're the only ones who are at risk of being dominated or enslaved by our egos.",37245,37801,3064.0,3119.0,100
en_video_03_0065,video_03,en,Advaita,65,"And so I guess my question is, wouldn't that make us, put us in a position where we would, it would be good to be pupils to other species that are less ego driven? True, but they're instinct driven. Here we have the possibility of freedom. The first time the possibility of freedom. And so we are like a bridge. Human beings are like a bridge. So this human birth. Remember, we are sentient beings, whether in the body of a dog or a plant or a human body or a divine body, we are sentient beings. In this body, it's like a bridge between,",37802,38340,3119.0,3163.0,105
en_video_03_0066,video_03,en,Advaita,66,"towards the higher life. So that's why. But a beautiful conclusion. The Lord, saheb, he uses the word saheb for Lord. So the Lord, my God is attained through patience. Saburi me. Stay in patience. In poverty, in humility, stay there and you will get the Lord. We become impatient. Impatience, pride, anxiety, they all go together. I'm going to start at the top. I remember, there's a story which Sri Ramakrishna used to tell. A young man came to the ashram to become a spiritual person and he asked, what can I do here? Who lives here? Well, the guru lives here with his disciples.",38341,38922,3163.0,3214.0,106
en_video_03_0067,video_03,en,Advaita,67,"So what does a disciple do? Well, the disciple has to get up very early in the morning and has to meditate and has to clean the temple and the ashram and has to attend classes and study and exams and memorize Sanskrit verses and serve the guru and go out and collect firewood and alms for the ashram and so on and so forth. Long list of duties. And what does the guru do? Oh, he gives a few talks. And then this man said, well, then I'll be the guru. Not so fast. This is a story which Sri Ramakrishna says.",38923,39430,3214.0,3254.0,103
en_video_03_0068,video_03,en,Advaita,68,"Everybody wants to be a guru. Nobody wants to be a disciple. It's actually much harder to be a good disciple than a good guru. I remember once in the ashram when I was a novice, a young man came to join the order. A simple young man from a village. He had just read a few books about Vivekananda. And so we asked him, so what do you want to do? Why do you want to become a guru? What do you want to do? Why do you want to become a monk? He said, then I'll go to the World Parliament of Religions to teach Vedanta.",39431,39944,3254.0,3283.0,108
en_video_03_0069,video_03,en,Advaita,69,"And we told him, sorry, you are about 100 years too late. This was back in the 1990s. More than 100 years ago, Swami Vivekananda has already done that. So what he has left for you is to clean the temple and cook. Yes. Swami, this path of patience, this path of forbearance, it's so difficult in present times where some other virtues like aggressiveness or dynamism, which is almost equated with aggressiveness, especially for certain professions, is considered really an asset. So how does one really balance it? Remember, dynamism is not against patience. You notice how Vivekananda defines patience as strength.",39945,40559,3286.0,3348.0,103
en_video_03_0070,video_03,en,Advaita,70,"Notice how you find patience. I just mentioned patience is not being defeated, for example, when I say. So that resilience. These qualities will serve you well everywhere. Even in any of the professions that you talked about. The qualities you're talking about are middle management qualities. Those are the guys who want to prove themselves. You'll see those are the top at any organization. You will find some of these qualities there. But remember, this is not a management development workshop. And these are qualities for a spiritual seeker. What will you get by these qualities? What will you get by those qualities?",40560,41182,3349.0,3398.0,104
en_video_03_0071,video_03,en,Advaita,71,"You can climb a little further up the corporate ladder. But Kabir has the last word. Very soon, a handful of dust, nothing else. I know this story that a counselor, he was walking with his client who was an executive and very stressed in a corporate job. And he said, I have no time. Whatever you say, this session, this practice, I have no time for that. You don't understand. Day and night I'm busy. And they were walking through a graveyard. And this counselor said, look at those people. All those people lying there. In their time, they were among the busiest people in their lives.",41183,41770,3398.0,3437.0,108
en_video_03_0072,video_03,en,Advaita,72,"That's what's waiting for you. Very, very soon. Very soon. You should always have that attitude. Today or 100 years later. No anxiety on that score. Ashtavakra says that. Let it stay for 100 years or let it go today itself. You have to be equally serene in both ways. So not concerned. Then what will you do? Do whatever you have to do. Then see what is important in life. It's the only one thing that will be important in life. Imitation of Christ, a very beautiful book. Swami Vivekananda loved it. It was written by a medieval Christian monk, Thomas Acampis.",41771,42332,3437.0,3492.0,103
en_video_03_0073,video_03,en,Advaita,73,"There, this very thing is talked about. How do I find peace? The writer conceives of Christ talking to the disciple. So he just, this is like he imagines this. So the disciple asks Christ, how do I get peace? And Christ says to the disciple, says, if you want peace, my child, then do these four things. Now compare these four with what you just said. The aggressive, dynamic, corporate ladder climbing, no time kind of tense, high achiever, A-type personality. What does Christ say? Four, four things. You will be shocked. He says, if you want peace, four things.",42333,42897,3492.0,3536.0,101
en_video_03_0074,video_03,en,Advaita,74,"One, always try to have less rather than more. 50% of Manhattan finished here. 180 degrees opposite of what you're trying to do. Remember Christ's condition. If you want peace, he says, I'm going to hold on to that. If you want more rather than less, then you will not get peace. You will get everything else. If you want peace, always seek, make an effort, work hard to have less rather than more. Now you're seeing many books about the simple life coming out. Those books themselves will have no space for them so much. First, second one is even more difficult.",42898,43461,3536.0,3584.0,103
en_video_03_0075,video_03,en,Advaita,75,"Always seek to be last rather than first. Even more difficult. What do parents teach their children? What do you mean, my son won't get it? to an Ivy League college. Think about it, what it means, the kind of mentality there. Not that trying is hard to be a loser. That's the first thing that a person in Manhattan will try to say. Oh, you want to be a loser? No, no, no, no, no. One thing which you want, say, suppose you want God-realization. There, no compromise. In everything else, you go ahead. I'm not competing against you. Be last rather than first. It's just a play on the",43462,44044,3587.0,3638.5200004577637,111
en_video_03_0076,video_03,en,Advaita,76,"biblical assurance, Christ says, the last shall be first. Then the third one is even more difficult. If you want peace, even more difficult than this. Always seek to do the will of another rather than your own. Always seek to do the will of another rather than your own. 50% of divorce cases will be solved here itself. They will not end in divorce. The problem will be solved. Let your will be done. Think about it, why not? In most cases it's a minor difference of opinion, difference of taste. Always seek to do the will of another rather than your own. If you want peace. And the last one is most important.",44045,44656,3638.5200004577637,3696.4400024414062,115
en_video_03_0077,video_03,en,Advaita,77,"In all things, learn to accept the will of God. Everything is exactly as God wants it to be, even the most horrible things. To learn to accept that. Do your duty. If you see suffering, if you see problems, do what you have to do. But know that, don't fight against reality. Four things, if you want peace. We do exactly the opposite. More rather than less, no peace. First rather than last. Let alone last, not even second, always first. How many people can be first? One. Yes, that's great. One. Not great. They say, if you win the rat race, you're still a rat. Just a",44657,45226,3696.4400024414062,3743.3600006103516,109
en_video_03_0078,video_03,en,Advaita,78,"bigger rat than the others. And then the third one, my will, not yours. Immediately no peace. That's the root to almost all the quarrels we have in this world. And the fourth one, acceptance of the will of God. That is called patience. Forbearance, spiritual forbearance. On purpose, I spent a little time on this. What will be the result of all of this? Jesus says in the imitation of Christ, you will get peace. Krishna says, you will get enlightenment. You will get freedom, moksha, God realization, if you do this. How will you do it? He is not asking you to go and fight the enemy",45227,45812,3743.3600006103516,3802.720001220703,109
en_video_03_0079,video_03,en,Advaita,79,"with no weapons at all. He is arming you with the weapons of spiritual knowledge, spiritual practice. Then asking you to practice patience in the face of the ups and downs of life. Try it, a little bit you will try, you will gain in strength, confidence and peace of mind. A little bit you try. God will continuously give you opportunities, don't worry. Starting right now, the moment you step out, He will give you continuously small and large opportunities. If not spiritual, don't take it in this spirit, then stress, anxiety, grumbling. Swami Ranganathan used to tell us, if you are a",45813,46401,3802.720001220703,3844.6399993896484,104
en_video_03_0080,video_03,en,Advaita,80,"monk, one thing you give up, no grumbling. Don't grumble at anything. Holding grudges and grumbling, absolutely not. Grumbling, stress, anxiety, annoyance, irritation, this is life. Fear, anxiety, terror, what's going to happen? Nothing much will happen but terror. And if you take it spiritually, the same problems will remain. They become the cross. Jesus Christ had a cross, we also will get a cross. Suffering, so who wants to be on a cross? You are there anyway, you have been fixed upon it. Recognize it as a cross, spiritual progress, peace of mind, joy, elevation, freedom. Don't recognize it, struggle, endless birth and death. So that's what happens. The result he says in the",46402,47088,3844.6399993896484,3901.6000061035156,115
en_video_03_0081,video_03,en,Advaita,81,"15th verse. We'll read that and stop because the 16th one, I'll tell you about that later, but first the 15th one. So what is the result of living like this? O best of men, that wise person whom these do not afflict, that means the person who is not unsettled, doesn't become restless, doesn't become shaken by the cross, who is serene, who has equanimity in pleasure and pain, does what has to be done but serene, calm, not shaken, is fit for immortality. That one is fit for immortality. That one is fit to be a Jeevan Mukta, enlightened while living. So the one who is not",47089,47664,3901.6000061035156,3974.519989013672,109
en_video_03_0082,video_03,en,Advaita,82,"troubled by these things, ups and downs, the dualities coming from the contacts with the senses, the best among people, such people, the one who is serene in misery, things which would have produced misery, things which produce pleasure, in both cases evenness of mind, that person is Dheeram. See the same word again. Remember Dheeram, one who has this knowledge and can use it in life, can walk the talk or at least one who is trying to walk the talk. Great result comes to such a person. Immortality is the result of all of this. Enlightenment, moksha, salvation, whatever you call it. The next word, 16th one is one of my favorite, maybe",47665,48306,3974.519989013672,4026.279998779297,115
en_video_03_0083,video_03,en,Advaita,83,"de-favorite also in the whole Bhagavad Gita. It is, as one monk in the Himalayas told me, he said ye toh Gita ki darshanik hriday hai. This is the philosophical heart of the Bhagavad Gita. The next one which is coming, 16th verse. So I'll spend at least one whole class on it. I'll explain what it means, then we will go to the original commentary of Shankaracharya. You don't have to get it. I will read out and explain relevant portions from the commentary of Shankaracharya about it. The fundamentals of Advaita Vedanta are there in the 16th verse. He has built up to this.",48307,48883,4026.279998779297,4063.0799865722656,106
en_video_03_0084,video_03,en,Advaita,84,So that we will see next time.,48884,48914,4063.0799865722656,4065.0799865722656,7
en_video_04_0000,video_04,en,Advaita,0,"Om Vasudeva Sutam Devam Kamsa Chanuram Ardhanam Devaki Paramanandam Krishnam Vande Jagadgurum Can you hear me? Can everybody hear me? At the back? I don't know why I can't hear myself. Oh, now it's okay. Before we start, I had a very interesting experience this evening. There is a conference at NYU in the philosophy department on the hard problem of consciousness. Many of you know what it is, thanks to me. I've been going on and on boring you about it. And today the discussion was the Advaita Vedanta answer to it. So a professor from Australia, all the way from Australia, Miri Albari, she came and she gave a talk.",0,621,0.0,68.0,112
en_video_04_0001,video_04,en,Advaita,1,"Some of us, we went to attend it. Some of you are here, we went, we were there together. They were thinking, who are these strange people? So imagine the top people in philosophy, especially in philosophy of mine, Ned Block and others. I mean, these are names to be reckoned with. So they were there and what we are studying here, that was being presented there in more philosophical language. When the presentation was going on, I was so delighted. The things that she was saying are almost, if you put them in Sanskrit, that's exactly what Shankaracharya was saying 1400 years ago.",622,1205,68.0,109.0,104
en_video_04_0002,video_04,en,Advaita,2,"Exactly the same things. Not only that, it's a tough crowd. Somebody said it's a tough sell. Obviously, you don't expect them to buy it or immediately take it up. But even the questions they asked, the hard questions they asked, they don't know. Exactly those questions have been asked by the opponents of the Advaitins over the last 1400 years. And there are excellent answers to them. I am not saying that it's all solved and cut and dried, of course not. But I think there are good answers to that. In fact, afterwards I was talking to some of the philosophers",1206,1769,109.0,141.0,103
en_video_04_0003,video_04,en,Advaita,3,"and saying that you are trying to put me out of a job. I was feeling happy at the same time, I thought maybe I should retire, go back to the Himalayas. Americans can take care of themselves. Now they are doing it in NYU, so why should we have a Vedanta society for it? Incredible. I was so happy to see this. In fact, what we are going to talk about today is directly related to the discussions that were going on at that time. And as a result, as a sort of consequence of that, I nearly did not make it to the class.",1770,2287,141.0,178.0,106
en_video_04_0004,video_04,en,Advaita,4,"I came out of NYU, then I went into Washington Park, and then I came out and I got lost. So I wandered around a little bit here and there, with time running out for the class. And I thought, no need to get anxious because nothing is going to happen unless I get there. Nothing interesting is going to happen unless I reach. But I did manage to come back. I said last time that the verse that we are going to do now, the 16th verse of the second chapter, is a very important verse and philosophically speaking, at least from the non-dual perspective,",2288,2837,178.0,215.0,106
en_video_04_0005,video_04,en,Advaita,5,"it's the heart of the Bhagavad Gita. I'm using my words carefully. Philosophically speaking, from the non-dual perspective, if you're asking for practical advice in spiritual life, there are other verses which will be very useful. For Karma Yoga, something like karmanya-vadhika-raste, that is a central verse. What do I do? I don't want all this philosophy. How do I lead my life? Krishna will say at the very end, sarva-dharman parityajya, give up all other practices, take refuge in me. So practical spiritual advice, there are other verses. This will seem very theoretical, but this is fundamental to the whole of Advaita Vedanta, this verse.",2838,3484,215.0,254.0,106
en_video_04_0006,video_04,en,Advaita,6,"What does this verse say? It can be said easily. The central teaching of Advaita Vedanta. Brahman is real, the world is an appearance and you are Brahman. Many of you are like, yeah, we know that. You should have been there at the seminar. Each of these things was taken up and shredded. For a person coming from a materialist, reductionist background, this is a crazy thing to say. Incredible thing to say. But this is the central message of Advaita Vedanta. Sri Ramakrishna, he was asked, please teach me spirituality in one sentence. So the person who asked that was wise because otherwise the whole of the gospel of Ramakrishna,",3485,4117,255.0,309.0,112
en_video_04_0007,video_04,en,Advaita,7,"several hundred pages, 800 pages, 900 pages is the teaching of Ramakrishna. But one sentence, tell me all of spirituality in one sentence. And Sri Ramakrishna looked at that man and he said, Brahman is real, the world is an appearance. Assimilate this truth. And then the writer, no less than Swami Brahmananda, he says, saying this Sri Ramakrishna kept quiet. He says this also. That means emphasizes it that Sri Ramakrishna did not add anything more to it. Brahman is the reality, the world is an appearance. In Bengali he said, Assimilate this. This is enough for enlightenment. This verse says it. This verse is for the first time, what is going on here?",4118,4776,309.0,360.0,115
en_video_04_0008,video_04,en,Advaita,8,"Krishna is talking about the Vedanta theory of the self. Who are we? And he has said that we do not die with the death of the body. Remember the last few verses? But now he is coming to the central teaching. There is one reality which appears as this universe and you are that reality. Brahman is real, the universe is an appearance. And what about you? You are none other than that absolute reality. I was just thinking, it will make you smile, the language the professor was using to say exactly this thing. She was saying that Advaita says there is an a-perspectival ground of consciousness.",4777,5371,360.0,408.0,109
en_video_04_0009,video_04,en,Advaita,9,"And that appears as perspectival subjects. Basically this is the same thing. This central teaching that has been set forth for the first time in this verse. And as you can imagine Shankaracharya, the great teacher of Advaita Vedanta is very happy with this verse. So today we are going to not only read the verse and the basic meaning behind it. But I am going to take you into, what I usually do not do, into the original commentary of Shankaracharya on this verse. So we will do a close reading of his commentary. It is fantastic. And it has tremendous implications for philosophy. The commentary itself is so wonderful.",5372,5994,408.0,456.0,111
en_video_04_0010,video_04,en,Advaita,10,"And the great thing is, not only is the truth stated here, teaching given here, it is argued out. And it is also shown how you can directly experience it here and now and forever. So that is what is given here. There is a story which goes, Mahabharata was written by Vyasa, the great poet and sage. And remember the story, very nice story. Mahabharata, he needed somebody to take it down, to write it down. What do you call it? A stenographer? A scribe? So who does he get? Ganesha. So Ganesha is the scribe. With his elephant head and his enormous processing capacity.",5995,6564,456.0,500.0,106
en_video_04_0011,video_04,en,Advaita,11,"He is the scribe. And Vyasa is the person who is composing and giving out poetry as it comes to him. All in the form of poetry. And this is the greatest of all epics. But Ganesha sets a condition. I will write it down, but you have to keep on composing and telling me the verses. It can't be like, you can't take a break and I'll keep writing. The moment you stop, I will also stop and the moment I stop, that's it, I'm done. Vyasa is no less. He says, okay, I agree to your conditions, but I have a condition of my own.",6565,7085,500.0,542.0,107
en_video_04_0012,video_04,en,Advaita,12,"And the condition is, you must understand what you are writing. You must understand before you write it down. Once you have understood it, write it down. Don't write without understanding. And on purpose, Vyasa would once in a while, compose a verse very difficult to understand. So that Ganesha would go, and Vyasa would take a breath, a breather, you know. But very soon Ganesha is at it. Got it. And he starts writing. So there are those verses. So this is a story. It's just a story to show that there are difficult verses. They are called knots, granthi. They are the places where you have to really pay attention",7086,7704,542.0,590.0,112
en_video_04_0013,video_04,en,Advaita,13,"because something deep is being said here. Untied at that point, the whole thing becomes revealed to you. One of those verses is it. There are others. You will often find them by their deceptively simple. appearance and yet paradoxical statement and sometimes paradoxical or here it will seem tautological stating the absolute obvious so what does he mean let's see please repeat after me O Vidya te sataha, ubhayor api drishtu antaha, ubhayor api drishtu antaha, sthwana yo tattva darshi bhi, sthwana yo tattva darshi bhi the unreal never comes into existence and the real never goes out of existence",7705,8306,590.0,656.7999992370605,101
en_video_04_0014,video_04,en,Advaita,14,those who are truly wise they have understood these two the unreal as the unreal and the real as the real those who are truly wise they have understood these two now in the face of it it's strangely what philosophers called tautological stating the obvious one is one A is A it's tautological that you're stating the obvious real is real unreal is unreal that's all it's wise to know what is real and what is unreal I have to go a little deeper what does he want to say here this is the philosophy of being the philosophy of existence,8307,8841,656.7999992370605,694.7200012207031,102
en_video_04_0015,video_04,en,Advaita,15,remember there can be an approach to Brahman from sat existence from chit consciousness and also from ananda value or bliss this is an approach from existence what is from isness now one way I'll give you a simple explanation before we launch into what Shankaracharya does one explanation is this one way of explaining it is this I have often mentioned you can think of it in this way things have intrinsic properties and incidental properties so I have often given you the example of a hot potato potato which is being boiled so it's hot but it's hot only temporarily it was not,8842,9421,694.7200012207031,739.9199981689453,105
en_video_04_0016,video_04,en,Advaita,16,hot to begin with and it will not be hot a little later it's only when you're serving it hot now it gains heat and loses heat so the heat and the potato it's not it's not intrinsic to the potato it's not always hot where did it get its heat from it's a borrowed heat it got its heat from the boiling water and the boiling water similarly is not intrinsically hot it is hot now but it was not hot earlier and it will not be hot later on that heat does not belong to the water it borrowed it from the hot pan similarly the pan it was it was,9422,9960,739.9199981689453,773.8800048828125,113
en_video_04_0017,video_04,en,Advaita,17,cold it borrowed its heat from the fire underneath but the fire did not borrow its heat from anywhere else it has its own intrinsic heat now look at notice what happens to the fire as long as it is burning it is hot it is a very simple example it is hot it does not become hot and does not become cold as long as the fire is there it is hot and it can lend its heat to others so a sign of a borrowed property incidental property accidental property is that it comes and goes the pan was cold it became hot and lost the heat the water became hot and,9961,10509,773.8800048828125,817.8399963378906,114
en_video_04_0018,video_04,en,Advaita,18,lost the heat the potato it became hot and lost the heat but the fire never became hot and lost the heat whenever it was there it was hot so the sign of an intrinsic property is that it does not come and go the sign of an incidental property you know what is meant by incidental not essential to the nature of the thing it's borrowed it comes and goes so somebody says in Manhattan you don't know who's rich because everybody's acts rich and spends a lot of money but some they own that money some they're running on,10510,11026,817.8399963378906,849.4400024414062,101
en_video_04_0019,video_04,en,Advaita,19,they're maxing out their credit cards so only when it's repossessed the people who have lent you money they come to take away the stuff then you realize oh it was borrowed money it came and went but it does not belong to that person similarly about heat now if this is this much you take away this much if there is something called an intrinsic property it will be there always if there is something called an accidental or incidental property it can come and go the sign of it being an incidental properties it comes and goes now think,11027,11563,849.4400024414062,888.1199951171875,101
en_video_04_0020,video_04,en,Advaita,20,of existence can existence be a property that's a different issue altogether because there's a lot of philosophy we might not know it philosophers would immediately object but anyway consider existence suppose existence is an incidental property I'm telling you something which is common sense but I'm putting it in a little philosophical language suppose existence is an incidental property what would happen to it if heat is and what happened to the heat in the potato or the water of the pan it comes and goes if existence were like that it would come and go when heat comes and goes the object becomes hot,11564,12173,888.1199951171875,929.0,106
en_video_04_0021,video_04,en,Advaita,21,and cold if existence comes and goes what would happen to the object it would be born it would die or to be created it would it would come into being it would go out of being right are you with me if existence is like that if it comes if something gains existence it's a it's a fancy way of saying it is created or born if something loses existence it's a philosophical way of saying that it is destroyed or dead which means being born and dying being created and destroyed coming into being and disappearing these are signs that this these entities,12174,12723,929.0,967.5599975585938,105
en_video_04_0022,video_04,en,Advaita,22,have borrowed existence existence does not belong to them incidental the incidental existence accidental existence borrowed existence existence does not belong to them and what are we talking about just about everything in the world including here us our bodies everything is created products are created bodies are created and destroyed the entire universe in fact it's created in the Big Bang and every artifact in it is created and destroyed every entity that we know comes into being and is lost so they do not have existence as an intrinsic property but suppose there is something called that something which,12724,13337,967.5599975585938,1013.5400085449219,101
en_video_04_0023,video_04,en,Advaita,23,has existence as an intrinsic property suppose what would happen to it what would happen to it it would be there always it would never be born never die just as fire whenever fire is there fire is hot in the same way if existence were an intrinsic property then that entity would be there always what he is saying here is there is such a thing which has existence as an intrinsic property and it's you the real you and he will show it now he will demonstrate it he says here it's actually we it is there it's an open secret not exactly in,13338,13876,1013.5400085449219,1055.1000061035156,106
en_video_04_0024,video_04,en,Advaita,24,front of our noses and we would rather we have to say behind our noses let's say it's there all the time an open secret we just have to see it he's going to show us now so that's the whole story behind it he is going to show us what we call our immortal soul that we are Brahman he's going to show that to us okay he said the unreal has no existence and it does not come into existence and the real never goes out of existence he uses words asat and sat now there are think of three kinds of entities one is in Advaita Vedanta which has intrinsic,13877,14423,1055.1000061035156,1099.1799926757812,113
en_video_04_0025,video_04,en,Advaita,25,existence that means it never goes out of existence it always is you would say that it's good to say such a thing you have defined it is there actually such a thing yes there is we'll see today right today we'll see he right here there is such a thing and it's been within everybody's experience now that thing is that ultimate reality is Brahman is sat the name for that is sat pure being existence pure being sat so he uses that word sat we are we have also heard sat chidananda Brahman is defined as existence consciousness bliss so that,14424,14964,1099.1799926757812,1134.6599731445312,103
en_video_04_0026,video_04,en,Advaita,26,word is used sat that is the ultimate reality the opposite of that is the absolutely unreal which has no existence at all so like a square circle for example or the classical example they give is bandya putra the son of a barren woman by definition impossible a square circle by definition impossible so something that can never that does not exist and can never appear does not exist cannot appear there's no question of it experiencing such a thing it's a logical impossibility but in between these two the absolutely real and the totally unreal in between these two there's another category which has,14965,15568,1134.6599731445312,1181.8599853515625,106
en_video_04_0027,video_04,en,Advaita,27,"borrowed existence so which comes into existence and disappears that's that in between category in Vedanta is called mithya things with borrowed existence things which do are not intrinsically real they borrow their reality for a वीर अप्सॉलिशी दकथानलैस है कि अप्णीश रहो है और तौंगरा के लिए English translation would be a false, what would be an appearance using false How to you distinguish existence that is really exists, that and this मिठ्या, सत लोगा हमें exist never out of existence And मिठ्या is something which doesn't exist yet appears to exist for a time being with borrowed existence",15569,16162,1181.8599853515625,1236.5,100
en_video_04_0028,video_04,en,Advaita,28,Is this borrows its existence from? It borrows its existence from सत I will repeat. मिठ्या the false the apparent reality For at time being it appears before us The absolutely unreal never appears as nobody has actually seen a square circle But this is not crazy because we have such experiences Water in the mirage It seems like existing there when you go close you see it doesn't exist The classic example of seeing a snake in a rope So it appears for a moment you thought you saw it But when you go close it's not there So there is a category of things which appear without existing,16163,16748,1237.5,1281.5,110
en_video_04_0029,video_04,en,Advaita,29,And for the time being they seem to exist and their existence is borrowed So that category is called मिठ्या And Shankaracharya wants to say whatever we experience in the world is in that category They all have borrowed existence They do not exist by themselves They will not exist after sometime And even when most important even when they seem to exist when they seem to appear before you right now They do not exist by themselves They are borrowing their existence from Sat from Brahman How is this possible? He takes this track See this verse is about reality and unreality,16749,17325,1281.5,1323.5,103
en_video_04_0030,video_04,en,Advaita,30,Sat the technical term is मिठ्या The word he uses for मिठ्या here is असत् Why this has to be said is Those who have studied Vedanta for them असत् does not mean मिठ्या They talk about absolutely real सत् The false मिठ्या And the totally unreal असत् So here असत् does not mean totally unreal This is what I wanted to point out Here असत् means false When you say the world is false Shankaracharya is calling it असत् here But in Vedanta text books असत् means square circle Nothing He does not mean that So that is what has to be clear,17326,17856,1324.5,1360.5,104
en_video_04_0031,video_04,en,Advaita,31,"Now we know enough to go into Shankaracharya's explanation All entities which are called मिठ्या are products of माया माया presents ब्राह्मण The सत्, the pure being As the ever changing world So therefore Everything that we see here, everything that Shankaracharya calls मिठ्या Is माया In fact it is a common phrase in India सब माया है People will repeat it in villages They have not gone through all this philosophy But it is just a sort of Catch phrase Life is like that So सब माया, everything is माया Literally it means everything is माया But when somebody says that",17857,18425,1361.5,1414.5,102
en_video_04_0032,video_04,en,Advaita,32,"What he or she means in India is just let it go It is just like that Don't start philosophizing with that person He will be puzzled Now the track Shankaracharya takes is How do you borrow existence? It is cool to talk about borrowing existence But is it possible? What do you mean borrow existence? It happens all the time Where does it happen? Cause and effect So clay Clay When you shape it into a pot You call it a pot But the pot which has a name, a distinct form and a use Name, form, use But its entire existence depends on the constituent clay",18426,18976,1415.5,1460.5,108
en_video_04_0033,video_04,en,Advaita,33,"True or false? Only a few of you seem convinced A clay pot Look at this A wooden lectern Its entire existence depends upon the wood constituting it Proof? Take away the wood, the lectern would disappear immediately Right? It has no existence In fact when I touch it What do I say? Touch wood I don't say touch lectern I know I am touching wood only I can conventionally say I am touching a lectern or a podium But I know physically I am touching the material The material out of which it is made So entire existence of this piece of furniture",18977,19519,1461.5,1501.5,104
en_video_04_0034,video_04,en,Advaita,34,Is the wood constituting it The material cause The wood is called the material cause in Sanskrit Upadana Karana And this using Shankaracharya's terms We will see now This podium would be called Karyam Effect Or he says vikara Vikara means a modification of the material So the podium is a modification of the constituent wood Any modification This is what he wants to say Any modification borrows existence from its constituent material By the way those I am enjoying this But those who are thinking I wanted some religion Let me go and get me some religion in my life,19520,20088,1502.5,1545.5,101
en_video_04_0035,video_04,en,Advaita,35,What have I landed up in? Don't worry all that will come Devotion and meditation and ethics All of those things will come slowly But this is the central teaching So what have we got so far? Anything that is a modification An effect Depends on its material cause for its existence It borrows A clay pot borrows existence from the constituent clay This furniture borrows its existence from the constituent wood I will read out the original Sanskrit You will like it I will translate of course Shankaracharya says Any entity you see is an effect Modification Effects keep changing,20089,20666,1546.5,1601.5,101
en_video_04_0036,video_04,en,Advaita,36,He says Just as a pot Which you can see with your eyes You can see the form with your eyes Yet There will be nothing left there If you take away the clay You will not perceive anything at all If the clay is taken away Other than the clay You cannot see the pot Other than the pot can you see the clay? Yes you can see it as a lump of clay If you break the pot You can see it as a broken pot The clay you can see In fact all you are seeing Is clay,20667,21113,1611.5,1640.5,101
en_video_04_0037,video_04,en,Advaita,37,Literally Anything that your eyes are contacting Is the clay itself Okay So what did he say? Just like He gives an example Whenever he says yatha It means just like Just like The form of a clay seen by the eyes Is not seen Other than the The form of a pot Seen by the eyes Is not seen other than the Clay constituting the pot Without that no pot Similarly Tatha Just like that So when Shankaracharya is writing In Sanskrit commentaries If there is a yatha Yatha means just like Look for the tatha Like that There he is going to make his point,21114,21656,1641.5,1681.5,107
en_video_04_0038,video_04,en,Advaita,38,Tatha Just like that Every effect Every product Vikara Has no existence Cannot be found Cannot be experienced Without their constituent material This is the He says asan This is the very definition of falsity So what is his conclusion? Being an effect Being unable to exist Being unable for Unavailable for experience Unavailable for experience Without its constituent cause All these products are false The term he uses Asat In plural Asan in Sanskrit plural Also These ones did not exist Before their creation And will not exist After their destruction Remember Was not hot earlier Will not be hot afterwards,21657,22267,1681.5,1745.5,102
en_video_04_0039,video_04,en,Advaita,39,Is it getting hot? Do you need the fan? Some borrowed He says Janma pradhvamsa bhyam praaguddham cha anupalabdhe Not only Are they not existent without their constituent materials But before their creation also You could not see them And after their creation also They are not available for experience After their destruction Before destruction was not there Before creation was not there After destruction will not be there Even when we say they are there They are not there Without their constituent material So this Name and form All these things are names and forms These names and forms are appearances,22268,22875,1745.5,1787.5,102
en_video_04_0040,video_04,en,Advaita,40,"They are not there before they were created They will not be there after they are gone And even when they are there They are still appearances Of their underlying material cause We will say yeah so the clay is there right but the clay is not there apart from its cause. In the Sanskrit in the old cosmology how is everything the clay will not exist apart from the earth element. They talk about sky, fire, space fire, water, air, earth so five elements and today you can talk about matter as we understand it. So he says so the clay does not exist without its cause and",22876,23445,1788.5,1836.9599990844727,109
en_video_04_0041,video_04,en,Advaita,41,that one does not exist without its cause. The clay is an appearance of its if its cause and that cause is an appearance of its underlying cause and that is an appearance of its underlying cause. So he says clay etc are clay and the whole sequence because the first one cannot be experienced without its underlying reality underlying cause and that one cannot be experienced without its underlying substance and so on the whole thing becomes an appearance. Then question so the guy who asked the question is very interesting often just the question which comes to maybe if,23446,24018,1836.9599990844727,1878.5199966430664,101
en_video_04_0042,video_04,en,Advaita,42,you're following carefully the same question will come to your mind. Are you saying everything will disappear then? He says wait just a minute if you say that if you do that then we are we are arriving at nothingness. Is everything from A to Z an appearance? That cannot be. The whole thing must be grounded somewhere. You cannot infinitely borrow it. It must have come from something which is intrinsically hot. Similarly what is intrinsically existing? Shankaracharya says no it's not that everything is false or everything is an appearance. There is a ground reality. We are coming there now. What is the ground,24019,24633,1878.5199966430664,1925.4800033569336,106
en_video_04_0043,video_04,en,Advaita,43,reality? He says every experience you have in every experience a pot experience a table experience man or woman or sky or earth whatever experience you have good and bad and pleasant and unpleasant in all the experiences there are two components. This is very important. There are two components. What are the two components? There is the object of experience it's called Vishaya. Sight sound smell taste touch these are the objects of sense experience and there is the experience of isness which we ignore. You see when you see a clock what are you seeing now? You see a book. What are you seeing now? You see a hand.,24634,25252,1925.4800033569336,1979.0800018310547,111
en_video_04_0044,video_04,en,Advaita,44,"What Shankaracharya says no no no in each of these experiences the two components are there. Clock name and form. Clock is. So clock is one experience and the other part of it is it exists. It is. Do you experience it as existing or non-existing? Existing. It goes without saying. What was your experience? Clock is. Book is. Hand is. He says notice the objects of experience kept changing. Clock, book, hand. The objects are different. Clock is not a book. The book is not a hand and the objects come and go. They keep changing. Sometimes you see, sometimes you hear, sometimes you smell, taste, touch and what",25253,25864,1979.0800018310547,2027.0,110
en_video_04_0045,video_04,en,Advaita,45,you see keeps changing. How many things you have seen since the morning throughout your lifetimes? How many things you have heard? These keep changing but everywhere you have the continuous unchanging experience of is-ness. Now this continuous unchanging experience of is-ness. Very important. This is a doorway to Brahma Jnana. It is continuously available to us. Open it. Walk through. Vedanta is over for you. Finish right now. Don't need anything else but keep coming to the class anyway. Does not work for you? There are 18 chapters. So much Vedanta. I think enough for the next few years. So this doorway. What is the doorway? I'll repeat again.,25865,26516,2027.0,2075.3599853515625,110
en_video_04_0046,video_04,en,Advaita,46,"Yours, his, her, our own continuous experience of existence. Whose existence? Your existence. Could be mine. Could be anything that you see. All the time we have an experience of existence. Now next he says these two experiences we have. Experience of the object and the experience of existence. Now when you experience something, the experience is in you and what you are experiencing is out there. Common sense. I'm experiencing a clock so I have an experience of a clock in my awareness, in my mind and there is a clock out there. You see where this is going. So if you are experiencing a clock and there's a",26517,27128,2075.3599853515625,2119.3200073242188,110
en_video_04_0047,video_04,en,Advaita,47,"clock there and you have an experience of a clock. If you're experiencing clock is, that isness experience corresponds to an isness reality. You think there's a, you feel there's a clock. Here is a clock. There's a clock in your mind and the clock outside. Clock is that experience of isness in your mind, in yourself and that corresponds to an isness outside. In every item which we see he says there are two experiences, the object itself and isness and they correspond to a reality. There is an object and there is isness also. Now he says the object keeps changing. They have borrowed existence. The sense of isness",27129,27748,2119.3200073242188,2166.279998779297,111
en_video_04_0048,video_04,en,Advaita,48,"does not change. Everywhere, any experience you have, you have the feeling of being, isness. Then that isness which is there in every object outside, that unchanging isness is that intrinsic existence we are talking about. That does not borrow existence from anything else. That lends existence to everything. Remember it may sound abstract. We are actually talking about our living experience every moment of our life. He is analyzing it. That feeling of isness corresponds to a real isness which is there always. That does not come and go. So that which comes and goes, we have already defined it, asat,",27749,28354,2166.279998779297,2209.480010986328,102
en_video_04_0049,video_04,en,Advaita,49,"appearance. That does not come and go, sat, reality. What is sat, a reality? That sense of isness corresponding to that, there is a reality everywhere all the time. Let's read. He says, yad vishaya buddhi na vyavicharati tad sat. That entity about which your experience does not change, that is reality. yad vishaya buddhi vyavicharati tad asat, iti. The object about which your experience keeps changing, clock, hand, book, that one is an appearance. Why? Because that has borrowed existence. Iti sad asad vibhage buddhi tantre sthite. He says, in this way, in all our experiences, which experience? Every",28355,28961,2209.480010986328,2265.239990234375,100
en_video_04_0050,video_04,en,Advaita,50,"experience you have in life till now and what you will continue to have. You will have a continuous mixed experience of appearance and reality. Appearance and reality, sad asat. What is appearance? Names and forms. What is reality? Isness. What do you mean by isness? Track your own experience. That sense of being, astitva, amness. Okay. Then he gives an example. San ghata, san pata, san hasti, iti evam sarvatra. Pot exists, cloth exists, elephant exists. In Shankaracharya's context, 1400 years ago, yes. We might say SUV exists. That's the closest we can get to the elephant. So, exists. Then he says, is, is, is. Do you notice?",28962,29595,2265.239990234375,2322.719970703125,109
en_video_04_0051,video_04,en,Advaita,51,"tayo buddheyo ghatadi buddhi vyavicharati, tatha chadarshitam, natu sad buddhi. And in these experiences, you will see the object keeps changing. The sense of isness does not change. We club them together and we never notice the background isness. Shankaracharya is drawing our attention. You think, can it be that simple? It's not. But in essence, it is pretty simple. He says, tasmat ghatadi buddhi vishaya asan vyavicharat, natu sad buddhi vishaya avyavicharat. Therefore, that which corresponds to your changing experience, clock, book, hand, these are appearances. Why? Because they change. What is the, what's the problem with the change? If they change, they're borrowed existence. They cannot be real",29596,30304,2322.719970703125,2374.1199951171875,110
en_video_04_0052,video_04,en,Advaita,52,"in themselves. But your experience, your experience, everybody's continuous experience of isness points to, it's not itself a reality, it points to the reality which cannot be expressed. It points to a reality. Why is it that real? Because it does not change. You never see it coming into being, you never see it disappearing. Which one am I talking about? It, isness, amness. Astitva. Sattva. Sattva in Hindi means power, but here it means existence, being. Now the person who's objecting is a funny guy. He's got all the tough questions. So he says that's cool, but I've got questions. Number one.",30305,30904,2374.1199951171875,2421.0,103
en_video_04_0053,video_04,en,Advaita,53,"Ghate vinashte ghata buddho. Questions will sometimes never think about also. He's a really smart guy. Ghate vinashte ghata buddho vyavicharantyam sadbuddhi api vyavicharati eti chet. He says, just a minute, you said part exists and you're making a distinction between the part, name and form and the existence of it. Okay. Yes, but then when the part is broken, part does not exist. The part experience goes and I say existence also is gone because part is broken. Part is gone now. So your existence, what will you say? Part is not. So your is has become is not.",30905,31469,2421.0,2456.0,100
en_video_04_0054,video_04,en,Advaita,54,"What do you say to that? He says na patadao api sadbuddhi darshanat. He says no, but you can see it in the cloth, in the elephant, that isness continues. The isness continues. It's only the part, name and form which has disappeared. Then the questioner asks a similar question. He says, just a minute. Sadbuddhi vat ghata buddhi api ghata antara drishyati eti chet. He's funny. He says that, oh, you say existence, the experience of isness continues because if the part is broken, the cloth is, you're saying. But then I can say that this part is broken, but my experience of part continues in another part.",31470,32077,2456.0,2503.0,109
en_video_04_0055,video_04,en,Advaita,55,"So part is the ultimate reality because everywhere there's a part. In this part, I cannot say it's a part anymore. But just like you said cloth is, elephant is, I can say the other part is. Here is a part, here is a part. So part continues. So part is real. Part is the ultimate reality. That will become a part Vedanta. Shankaracharya says na patadao darshanat. Because you cannot see, you don't have the experience of a part in a cloth. You don't have experience of a part in an elephant, but you have the experience of isness in whatever exists.",32078,32626,2503.0,2537.0,103
en_video_04_0056,video_04,en,Advaita,56,"If you say there is something in which the experience of isness is not there, immediately it will not exist. It is not, you see, logically speaking. He won't let go. He's like a bulldog. He's got hold of it. He said, just a minute, let me clarify this. You said isness is everywhere. Here's a very important point coming up. You said isness is everywhere. Fine. But when the part is destroyed, you said cloth exists, elephant exists. But in the destroyed part, I don't see isness. I can no longer say part is. That part is gone. So there I don't see isness. Where is the isness? It's not a superficial question.",32627,33238,2538.0,2587.0,114
en_video_04_0057,video_04,en,Advaita,57,"Suppose somebody asks, suppose everything in the universe is destroyed. Before the Big Bang or after the dissolution of the universe. In Hinduism we talk about cycles of existence. So there will be times when the universe does not exist. Pralaya, the cosmic dissolution. Nothing is there. Then where is your existence? In the absence of all things, where is your existence? Just like that, in the absence of one part, where did your precious existence go? Because we are saying part is not. Then he says, important point. He says the only way we can actually experience this isness is in association with a name and form.",33239,33860,2587.0,2646.0,108
en_video_04_0058,video_04,en,Advaita,58,"Why? Because that isness is not really out there. It's you yourself, the pure subject. All those things which you experience, they borrow their isness from your own sense of being. But to experience them, you need an entity outside. Electricity is everywhere. But suppose you say all the bulbs and the fans, they are all taken away. No electrical appliances. Electricity is still there. But how will you know it? Unless something is spinning, something is magnifying sound, something is shining. You will not know the presence of electricity. Similarly, when all entities are destroyed, it's not that existence has gone.",33861,34481,2646.0,2690.0,102
en_video_04_0059,video_04,en,Advaita,59,"But existence has no more instances. It still continues. It still continues. I used an example of light. Once I was talking about this in Nalanda University. Not the old destroyed one. There's a new one there. So, they had a seminar on Buddhism and Hinduism and Jainism philosophies of consciousness. So, I was saying an analogous thing. Consciousness is appreciated, understood, experienced when you have something to be conscious of. If there is an object, you feel, I am experiencing it. If there are no objects to experience, it's not that consciousness has disappeared. It's that there is nothing to experience. So, experience of things has stopped.",34482,35136,2690.0,2738.0,108
en_video_04_0060,video_04,en,Advaita,60,"So, how to explain that? I was thinking how to illustrate it. And there was conference, you know, powerpoint projector. So, the powerpoint projector and the light, there's an intense beam of light. The funny thing about that beam of light is, you can see the picture on the screen. But the camera is there or the projector is up there on the ceiling. You know what I am talking about, what you have seen. From there to the screen, an intense light is coming. But if you see there, it doesn't seem to be anything particular. It's only when the speaker, the presenter is walking through that beam,",35137,35732,2738.0,2771.0,109
en_video_04_0061,video_04,en,Advaita,61,"suddenly you see the face shining with white light or something. So, what I said is, right now in this spot, there doesn't seem to be light. It's just air. When I thrust my hand in there, you see my hand shines with light. When I remove my hand, what happens to the light there? It's still there. But it's not shining because an object is not there. When the object is there, the light reflects and you see the object. Once Swami put it very beautifully, what does the light do for the object? It reveals the object. What does the object do? You know this.",35733,36289,2771.0,2808.0,107
en_video_04_0062,video_04,en,Advaita,62,"But what does the object do for the light? It manifests an already existing light. Is it true? Right here, you see, I can show a little bit here also. If I remove it, there is a light here. When I put my hand, you see how it's shining? That light reveals my hand, but my hand manifests an already existing light. Similarly, names and forms manifest an always existing existence, being. Without the names and forms, the being is still there, but there's no way of experiencing it. That's what he's saying. Now, another important question is raised. I'm racing through it, I'm skipping a little bit.",36290,36887,2808.0,2856.0,108
en_video_04_0063,video_04,en,Advaita,63,"So you are saying that existence is the reality and the objects are appearances. To put it in more terms, we are used to existence means Brahman. Brahman is reality and objects means world. The world is false or universe is false. Or in Sanskrit, Brahma Satyam Jagat Mithya. Do you see how we have led up to that? You're saying this. The same entity, in that you are saying the names and forms are appearances, the existence alone is real. Real because it is unchanging. The existence alone is real and it manifests these names and forms. It reveals or it gives existence, lends existence to the object.",36888,37491,2862.0,2912.0,109
en_video_04_0064,video_04,en,Advaita,64,"That's what you're saying. But this reality and falsity, they cannot exist together. How can the same thing be true and false at the same time? How can the same thing be true and false at the same time? This mic, is it true or false? True or false? The answer will be depends. You're asking from the point of view of Brahman existence? Yes, it is. You're asking about the mic name and form? Without the existence, it is not. Shankaracharya gives an example. He says, in a mirage, you see two things at the same time. You say, this is water.",37492,38032,2912.0,2967.0,103
en_video_04_0065,video_04,en,Advaita,65,"Now two things are there. The sense of this and water. Water is not there. The water that you see there is an appearance. But there is something there. Hot air and desert sand, that's there. So when you say this, it points to a reality. And when you say water, that's wrong. That water is not there. So a reality and an appearance exist together, coexist together. A real desert? and real water cannot co-exist but a real desert, desert I mean the sandy one not the cake. I can never get the pronunciations. Dessert, yes. Dessert, yes. You won't know, it's very funny. There was a very senior Swami in St. Louis. He",38033,38648,2968.0,3025.3600006103516,115
en_video_04_0066,video_04,en,Advaita,66,"came to this country in the 1930s, 1930s, Swami Satprakashanandaji. He came to this country long time ago and I went to St. Louis in the Vedanta Society there. The room where that Swami used to stay, they've kept it exactly like that so they don't disturb it. Guests are allowed to stay there, guest Swamis. So everything is there like the way it was in the, he died in the 1970s I think, 70s. Everything is the way it was 50 years ago. So I was sort of rummaging around and in one of the drawers I saw a little notebook with pencil written in the",38649,39196,3025.3600006103516,3061.560001373291,107
en_video_04_0067,video_04,en,Advaita,67,"1930s. The Swami was trying to learn English, American English in those days. So one page says with the English word and the Bengali meanings, desert, desert, desert. Three things. In Bengali it's written Murubumi, that is the sandy place and the other one is the sweet thing which you eat and the other one and the third one is what you deserve, you get what you deserve. And the whole notebook was painstakingly written with full of words from the dictionary which he was trying to learn. So he says, Shankaracharya says desert is real. When you say this, there is something real there but the water is not real. But what",39197,39820,3061.560001373291,3110.2399978637695,113
en_video_04_0068,video_04,en,Advaita,68,"was your experience? This is water. One part of it is false, one part of is correct. You say book is, book is an appearance, isness is correct. There is an isness. There is an isness running through all our experiences. Then he says therefore body, mind, external universe, all of them, they are appearances. Why? They are products and the product or their modifications, they have no existence apart from their underlying causes and underlying causes have no existence apart from their underlying causes all the way down to isness itself. They are all coming and changing and going but ultimately down to isness itself.",39821,40441,3110.2399978637695,3152.6799926757812,106
en_video_04_0069,video_04,en,Advaita,69,"Therefore have we said that isness is, the absence of that isness cannot be conceived of. What is that isness? It is you. It's not really an isness out there. Objects, time, space, all of them, time is, space is, objects, object is, universe is, time, space, universe, all are appearances of maya. That underlying isness is the stage on which the drama takes place, is the screen on which the movie of the universe is playing and that screen you are. That's thou art. Philosophy, how does it affect me? It is the highest spiritual practice. Highest spiritual practice. I was just reading Swami Vignanandaji, one of the disciples of",40442,41073,3162.1600036621094,3219.039993286133,111
en_video_04_0070,video_04,en,Advaita,70,"Sri Ramakrishna. He is saying to many people, many many years after Sri Ramakrishna passed away. He said, Keshav Sen, who was a great social reformer in India in those days, very well known, Brahmo Samaj. And he was very well known because he had actually traveled to England and met the Queen in those days. So Sri Ramakrishna says to him, you have crossed the oceans and seen many lands, so many things you have seen. Have you not seen my divine mother who underlies everything in the universe? My mother who is the reality of the entire universe, have you not seen",41074,41641,3219.039993286133,3258.6400146484375,104
en_video_04_0071,video_04,en,Advaita,71,"her? Do you not have eyes to see her? What does he mean by that? It is this isness awareness which is the divine mother. Swami Vignanandaji explaining after that, he says, go on in spiritual life, advance, advance, you will see a vast radiance surrounding you all the time and you will playfully, like a fish swimming in the ocean, you will playfully, you know, swim in this vast, he calls it a vast radiance. It's here right now, we don't have eyes to see it. What is that vast radiance? It is nothing other than the infinite unlimited",41642,42178,3258.6400146484375,3292.5599975585938,100
en_video_04_0072,video_04,en,Advaita,72,"isness awareness. The non-dualist, see we say our language is meant for practical use, so it's a dualistic language. Table is, book is, clock is, you know what the non-dualist would like to say? Isness tables here, isness clocks here, isness books here. It's not as silly as it appears. If you look at the ocean, a child might say, oh that wave has a lot of water in it, this wave is small, one has less water in it. Which is more logical to say that waves have water in them or the water is appearing as waves? Waves do not have water in them. It is the water",42179,42739,3292.5599975585938,3339.720001220703,110
en_video_04_0073,video_04,en,Advaita,73,"which appears in various waves. The waves arise in water, play about in water, disappear back into water, their names and forms and activities in water. The water is absolutely one vastness there. In the same way, like water, can you conceive of? Can you conceive of existence as an ocean? Now you see with new eyes, look around you, see existence as an ocean in which all people, all animals, all living and non-living things including the stars and the planets, they are all waves in this ocean of existence. Ashtavakra says, mayi ananta maham bodhau, vishwa veechi svabhavata, udetu vasta mayatu, name",42740,43344,3339.720001220703,3387.5599975585938,104
en_video_04_0074,video_04,en,Advaita,74,"vriddhi na vaakshati. Now you'll understand. In me, the infinite ocean of existence, the waves of the universe arise and subside. Let the waves arise, I gain nothing thereby. Let the waves subside, I lose nothing thereby. When the ocean, when the waves come up in the ocean, does the ocean increase? No. When the waves subside back into the ocean, has the ocean lost any volume of water? No. In the same way, let birth come, creation come. I have not increased one bit as existence. Let defeat, humiliation, old age, disease, decay and death come and destruction come. I have not lost one bit. I'm still in the same existence ever.",43345,43976,3387.5599975585938,3435.0,113
en_video_04_0075,video_04,en,Advaita,75,"Just think about the grandness and the claim is you can actually experience. Next he says, those who understand the difference between the truth, these two. He says nirnaya, the conviction, clarity, sadh sadheva, asad asadheva. He says the reality is real. The appearance is an appearance. I, the pure existence consciousness, I am real. That one, that I and the body, mind including the ego and the body and the external universe is an appearance. Appearance of what? Of me. In a sense, all this is an appearance. In a sense, all this is me. If you say this is real, then yes, it is real as you because its reality depends on",43977,44603,3435.0,3485.1199951171875,114
en_video_04_0076,video_04,en,Advaita,76,"you. It's borrowed from you. But remember by you, I don't mean this person. I mean that sense of isness awareness, sat chit which we continuously experience in all our experiences. Then what do you have to do? He says, oh Arjuna, here Shankara is pitching in to help Krishna. He's saying, Arjuna should, what should he do? Take up this viewpoint. Take up this viewpoint. Tattva darshi means a knower of reality. Take up the viewpoint of the knower of reality in your life. Shokam moham ca hitva, arise above delusion and sorrow. Ayam asan eva, all the waves that come in your life, say that they are",44604,45203,3485.1199951171875,3534.4000244140625,109
en_video_04_0077,video_04,en,Advaita,77,"appearances like, marichi jalavat, like the water of a mirage. Manasi nishchitya titikshasva. With this clarity, with this conviction, he says, go back to the earlier verse. He said, all the afflictions in life, what had he said, what's the solution? He said, put up with them. How will you put up with them? With this clarity and conviction. This is how you live your life and do whatever has to be done. It gives you enormous freedom. Nothing here, I was thinking that professor, a lady in the University, NYU, she said this, this is very poetic Sanskrit, but what she said was, the entire universe of, you know,",45204,45818,3534.4000244140625,3577.0800170898438,110
en_video_04_0078,video_04,en,Advaita,78,"objective entities is contained in one inclusive, within the boundaries of one inclusive, aperspective ground of consciousness. So this is what he's saying. I'll end with one monk I know in Rishikesh. Haridwar. So there was a great teacher, he was teaching वेदाहंता पहला मछ स्टट इंडियो को पर बना नहीं थे एक प्र� plain या फ्रे वो से पहुस्ट। मैं मैंने आजी खेली्य का बारू x लेकिन मुंख से वाहोंने नहीं है जब मैंने कई तूलाना देता थे it is exactly which goes to the skin and blood and the flesh to the bones to the very bones महात्मा की दृश्टी ऐसी होनी चाहिये",45819,46372,3577.0800170898438,3639.8600006103516,105
en_video_04_0079,video_04,en,Advaita,79,"प्राप्तस्य प्राप्ती निवरिथ्तस्य निवरिथ्ती how did you go there? you are right, you are right, that's the ultimate answer but I am interested in knowing why एक जब आपको जोगों करते हो, तो क्ले कारिए है आ, प्राप्तस्य प्राप्ती निवरिथ्तस्य निवरिथ्ती to you people following this question, if there is no creator and time also is précised from Brahmas perspective, No time No Space in fact when you say, Eternal, Brahman is eternal you have already accepted time and then you say, actually even time look at the logic, will you say time is the moment you say time is then the is-ness becomes real and its appearing as time",46373,46988,3765.800003051758,3912.480010986328,110
en_video_04_0080,video_04,en,Advaita,80,"Space, if you say space is, space depends on is-ness because without is, space will disappear you might say, people might say, its a word game you are playing No, because continuously the reference is to your experience look at your own experience, how can you say its a word game so this Brahman you are, that is the central teaching that Krishna is giving Arjuna now there are many many issues which will come up here yes, so that will be discussed 18 chapters are there, plenty of time down to, yes, we will end with that question God, Brahman created the universe",46989,47556,3913.480010986328,3958.480010986328,104
en_video_04_0081,video_04,en,Advaita,81,"in the Bible also say, it did say about Adam and Eve, he created Adam and Eve and then how the world changed yes so then, if that is so, then he did create the universe so he stepped down one step then Brahman, this very Brahman becomes what is called in Vedanta, the Saguna Brahman which is the creator of the universe, which through the power of Maya doesn't create exactly, projects the universe, if you want an explanation but Vedanta will tell you, that's a story if you want a story, yes what Vedanta tells you is, all the things in the dream, which you see in your dream",47557,48134,3958.480010986328,4000.480010986328,111
en_video_04_0082,video_04,en,Advaita,82,"the people and the plants and the places, were they really created by you or imagined by you they were imagined by you, so you are not really their creator in that sense no things were created, they are projected by you in your own mind all the time when you see those places, when you meet those people in your dreams they are none other than you similarly, this entire universe which we are experiencing is none other than Brahman if it was other than Brahman, if it was at all possible then you could say Brahman created something, apart from itself",48135,48687,4000.480010986328,4033.480010986328,103
en_video_04_0083,video_04,en,Advaita,83,"but it did not and it cannot be other than Brahman, can you tell me why? if Brahman is, then other than Brahman will become? is not, yes, you are good Vedanta inshallah other than is, is not apart from is, is not will not exist will not exist at all, yes the question of why why this has come up again and again why, there are many many answers I'll give you a few take your pick we'll end with that, it's a very profound question and today in the university one place it got stuck is so that you are saying there is one",48688,49208,4033.480010986328,4083.480010986328,106
en_video_04_0084,video_04,en,Advaita,84,"again the same thing, a-perspectival ground of consciousness yes and from that the many have come how, why and she was struggling to answer that and it's unfair to expect somebody to answer that immediately what we have been struggling over for thousands of years but you see, the beauty is this all the questions, the difficult ones also are exactly the right questions to ask that means, for the first time in New York University with the top philosophers of the world they are going through a question-answer process on the track where thousands of years ago Advaitins, Tibetan Buddhists",49209,49799,4083.480010986328,4124.47998046875,101
en_video_04_0085,video_04,en,Advaita,85,"the dualists who are opponents of the Advaitins they are having the exact same debate with the exact same questions only in Sanskrit your question is why I'll give you a few candidates, see if you like it one is, the standard answer is given, karma why does this world exist? because of your own karma, our collective karma where did this collective karma come from? our past lives yeah, but where did that world come from? your past life world because of the earlier life you will say then where did the first life come from? and you will say",49800,50343,4124.47998046875,4157.47998046875,101
en_video_04_0086,video_04,en,Advaita,86,"no, there is no such first life, it's beginningless you will say it's a cop-out how can there be beginningless? there is an answer to that also but let's switch to the next answer the next answer is it is Brahman's play, because it can Alan Watts, I've told you the story Alan Watts said God alone existed it's a children's story but I really like it, a very profound story he said God alone existed eternity to eternity but, eternity is a pretty long time so God got bored lonely now God wanted a buddy to play with but how can God get somebody to play with",50344,50902,4157.47998046875,4198.47998046875,108
en_video_04_0087,video_04,en,Advaita,87,"because God is alone only God, there's nothing else other than God and there cannot be. Remember is will become is not. So how does God get somebody to play around with? Who will be God's buddy? Then God being God, this is Alan Murphy's explanation, God is awfully clever because he's God. So he got an idea. God pretended to be not God. Now there are two, God and God pretending to be not God. So the game started. What's the game? There's God pretending to be not God. What's that? People and trees and plants and universe, stars and planets and the problem became because",50903,51477,4198.47998046875,4240.759998321533,107
en_video_04_0088,video_04,en,Advaita,88,"God is God, he's awfully good at what he does. So when he pretended to be not God, he forgot that he was God and then what was a play became a nightmare and now God is who is pretending to be not God and forgotten that he's God, suffering so much, is trying to search for God and this is the story of the universe. Beautiful story, really all of Vedanta packed into that. Candidate, would you like this story? And you say yeah it's poetic but playing God plays, why would God want to play? All right, now we are getting serious. One",51478,52010,4240.759998321533,4280.400001525879,105
en_video_04_0089,video_04,en,Advaita,89,"more option, the last but one is what the standard answer in Advaita, Maya, Maya. So God has this power which allows God or let's not use the word God, Brahman, is-ness has this power which allows is-ness to appear as many forms, clock is, table is, sky is, earth is, water is, man is, mind is, thoughts. Is-ness appears in all these forms because is-ness has that power to project itself. It's like a blank screen which has the power to project movies upon itself. Consciousness can have that power, that is the nature of consciousness. Now what is the question will arise, then is it non-dual? How can that power, does that",52011,52636,4280.400001525879,4332.639999389648,114
en_video_04_0090,video_04,en,Advaita,90,"power exist or does it not? If it does not exist, you can't have the universe. If it exists, there are two things which are is-ness and power is. But that power has no existence apart from is-ness. So it's non-dual, it's like they call it like the fire and the burning power of fire. That's an explanation. You might say even then why? Infinite existence could, the physicist Lawrence Krauss said, this is children's question, they keep asking why, why, why till the last solution is go to bed. But Vedanta does not say go to bed. It says the question itself is wrong. If",52637,53208,4332.639999389648,4368.399993896484,106
en_video_04_0091,video_04,en,Advaita,91,"you ask why Maya, the question itself is wrong. Why is the question wrong? It took me a long time to understand. Shankaracharya, Vivekananda, they all dismiss it, question is wrong. Why is the question wrong? I can ask why? Instead of saying go to bed, there is an answer to that. Look at what you are asking. This is about causation, you're asking about cause. You are asking why Maya? But what is Maya? According to Vedanta, Maya is time-space causation. Now suppose you ask, it's wrong because you cannot ask why. When you ask why, what kind of",53209,53756,4368.399993896484,4403.679992675781,100
en_video_04_0092,video_04,en,Advaita,92,"answer will satisfy you? A cause. Why is the grass wet? Because it rained. Why did it rain? Because of the clouds and so on. So when you say why Maya, you need a because answer. Why did Brahman become the universe or even appear as the universe? Why is Brahman even playing? If you're asking that, what answer will satisfy you? A because answer. But a because answer works only after causation. If you ask a question about causation itself, why causation? It's not a logically correct question. Why? For example, time-space and causation. It's like asking what is there outside space? Outside and inside are",53757,54364,4403.679992675781,4447.039993286133,107
en_video_04_0093,video_04,en,Advaita,93,"space terms. Once you have accepted space, then you can ask outside or inside. But space itself, what is outside? Outside means some space is there outside. But no. Time, if you ask what was there before time? But before and after are time words. They make sense only when time has started. So only when causation has started downwards, after Maya, then the question is why this thing happened? Why that thing happened? But why Maya happened? Why did Brahman appear as the universe? Question itself is logically wrong. Am I making logical sense? If not psychological sense, but logical sense. It makes logical sense.",54365,54981,4447.080001831055,4485.799987792969,106
en_video_04_0094,video_04,en,Advaita,94,"Do you see? I'll make psychological sense also. Swami Trigunathi gave a beautiful answer. A same question was asked. His answer is a really deeply spiritual answer. He said on this side of Maya, on this side of enlightenment, we have the question and there is no answer possible. On the other side, they have the answer, but no question is there. Notice, enlightened people, anybody you consider to be enlightened, Ramana Maharshi or Nisargadatta, the lady who started speaking about them or Ramakrishna or Vivekananda, one thing have you ever noticed? Do they ever say, okay I'm enlightened now, I'm a",54982,55584,4485.799987792969,4525.799987792969,102
en_video_04_0095,video_04,en,Advaita,95,"knower of Brahman, I'm free and all of that. But one problem still remains. Why this thing has happened? They seem to have, the question seems to have disappeared for them. We'll end here. Om Shanti Shanti Shanti Hari Om Tat Sat Sri Ramakrishna Rupanamastu In fact, the answer that lady gave the professor was the final answer, which I did not mention. I'll just quickly mention it to you. Gaudapada in Mandukya Karika, he considers all these answers, why Brahman is appearing as the universe and he rejects them all, including the Maya and then finally he comes to",55585,56150,4525.799987792969,4576.600006103516,100
en_video_04_0096,video_04,en,Advaita,96,"Devasya Esha Swabhavayam. This is the very nature of the shining one. There is no doubt that isness is there. That's the reality and there's no doubt we are experiencing this variety. So that isness is shining forth in all these ways. It's the very nature of that. This is not what she said. She said in this way. She said this question comes because we think of that reality as an emptiness but in all the scriptures it is thought of as a plenum, as an infinity, as everything is there in an unexpressed state and then it gets expressed. You're",56151,56696,4576.600006103516,4609.760009765625,102
en_video_04_0097,video_04,en,Advaita,97,"asking why does the Sun shine? It's the very nature, the process of fusion produces heat and light. Same about Brahman. It's the very nature of Brahman to shine forth in all these ways.",56697,56882,4609.760009765625,4621.480010986328,34
en_video_05_0000,video_05,en,Advaita,0,"Om Vasudeva Sutam Devam Kamsa Chanuram Ardhanam Devaki Paramanandam Krishnam Vande Jagadgurum Before we start, a quick announcement. Next week there won't be any classes. The Tuesday, Wednesday and Friday classes are cancelled. There's a World Parliament of Religions which is going on in Toronto now, so I'm going there day after tomorrow. So Tuesday class, Wednesday class and Friday classes are cancelled. But of course day after tomorrow the morning program is there. I'm here giving the talk. So especially the next week's Friday Gita class, it won't be there next week, but the week after that of course there will be the class",0,633,0.0,64.76000213623047,105
en_video_05_0001,video_05,en,Advaita,1,"again. We were studying the Bhagavad Gita second chapter where Shri Krishna is teaching about the real nature of the self and we studied the 16th verse of the second chapter. I mentioned that it's a difficult verse, a very profound verse. Let's chant it again and then we will proceed. 16th verse na sato vidyate bhavo na sato vidyate bhavo na bhavo vidyate satah na bhavo vidyate satah ubhayor api drishtvantah tvanayo tattva-darshibhi tvanayo tattva-darshibhi Very profound verse which says that the unreal, the false never really existed and the real, the ultimate, the real self, the Atman, what we truly are, it can never not exist.",634,1271,64.76000213623047,145.0800018310547,108
en_video_05_0002,video_05,en,Advaita,2,"So what he's basically saying is the entire world of experience, all those things which are created and destroyed, for us they appear to exist for some time. This world, our bodies, people we know, they appear to exist for some time, but that's an appearance. That's what has been pointed out and do you remember the underlying logic of this approach? That a distinction was made between an intrinsic property and an accidental or incidental property and do you remember the example that I used about the potato being boiled and it's hot and the water boils and the",1272,1837,145.0800018310547,188.0800018310547,100
en_video_05_0003,video_05,en,Advaita,3,"water is hot and the pan in which the water is boiling, that's hot, but none of these things are hot in themselves. They gain heat and then they lose heat. Whereas the fire underneath is always hot as long as it's burning it's always hot. So the pan and the water and the potato they all borrow heat as it were from the fire. Why as it were? They actually do borrow heat from the fire and they lose heat also. So the heat is an extrinsic or an accidental property for the pan and the water and the potato.",1838,2343,188.0800018310547,227.0800018310547,101
en_video_05_0004,video_05,en,Advaita,4,"And notice the nature of an accidental property or an incidental property. It comes and goes. I gave the example of borrowed money, buying things on credit. So it comes and goes. It's borrowed. It doesn't belong to that entity. Which means the lesson we take away, the principle we take away from it is that accidental or incidental properties are those which are not intrinsic to the very nature of a thing. They come and go. A thing can be with it and can be without it also and can possess it for a time being. So what? If this is understood now apply it to existence itself.",2344,2922,227.0800018310547,272.0799865722656,109
en_video_05_0005,video_05,en,Advaita,5,"Applying it to existence, what will happen if existence is an incidental property? Sounds very philosophical or abstract but it's not. Remember, incidental properties are gained and lost. If existence is an incidental property it will be gained and lost. What is the meaning of gaining existence or losing existence? It simply means being created and destroyed, being born and dying, coming into being and going and losing existence. Coming into existence and losing existence. In other words, what do you call a thing which is created and destroyed, born and dies? Impermanent. In Sanskrit, anitya. Impermanent. So what did we derive from this?",2923,3568,273.0799865722656,325.0799865722656,104
en_video_05_0006,video_05,en,Advaita,6,"Those things which are impermanent do not have existence as their intrinsic nature, as their very nature. They borrow existence. Now two interesting things come out of this. There is space here also. I think you can sit here. Two things come out of this. One is, what do they borrow existence from? Are you with me so far? This is a difficult subject. If you get the hang of it, it's not difficult. I give the example of the Tintin comics we used to read as kids. There was this Professor Calculus. I can see some people nodding. You have read it.",3569,4116,325.0799865722656,379.0799865722656,103
en_video_05_0007,video_05,en,Advaita,7,"Professor Calculus is explaining some complicated nuclear reaction to Tintin and Captain Haddock and Thompson and Thompson. They are walking along and you can see Captain Haddock scowling because he can't understand what's going on. And Professor Calculus looks back and says, do you follow me? And the captain scowls and says, yes, I'm right behind you. So not follow me in that sense. What does it mean to gain existence and lose existence? What does it mean in that case? Two things it means. One is that these things are not intrinsic. Existence is not intrinsic to the impermanent entities,",4117,4712,379.0799865722656,426.0799865722656,101
en_video_05_0008,video_05,en,Advaita,8,"by which we mean everything in this world is impermanent. Everything in this world is impermanent. And that means they have borrowed existence. The second thing is, it means it has borrowed existence from something. There must be something which has lent existence, which has existence as an intrinsic property. What would it mean to have existence as an intrinsic property? Remember, fire has heat as an intrinsic property, which means as long as fire is burning, there is heat. If something has existence as an intrinsic property, if it has an incidental property, it will be born, it will die, it will be created and destroyed.",4713,5343,426.0799865722656,465.0799865722656,107
en_video_05_0009,video_05,en,Advaita,9,"If it has existence as an intrinsic property, what will happen to that thing? Do you remember? It will always exist. Fire has heat as an intrinsic property. It's always hot. If something has existence as an intrinsic property, it will always exist. By that logic. Now, one might say that all this is fine, but in the real world, very interesting, the use of the word term, the term real. Real literally means existing. In the existing world, where is such a thing? Something which has intrinsic existence, which exists forever, which is not born and destroyed. And then do you remember Shankaracharya pointed out,",5344,5957,465.0799865722656,511.0799865722656,106
en_video_05_0010,video_05,en,Advaita,10,"we did a close reading of Shankara's commentary on the verse. He pointed out, the pot exists, the pot is, the house is, the elephant is. House, pot, elephant are different. They are different from each other. They are not the same thing. But in each of them, we have the intuition of existence. We don't pay any attention to it. He said, if you remember, our experience has this dual nature. All our experience, everything in our life has this dual nature. Right now, for example, you are experiencing that I am here and this is a room and here is a chapel, here is a Swami, there is speech going on, there is some sound going on.",5958,6588,511.0799865722656,564.0800170898438,119
en_video_05_0011,video_05,en,Advaita,11,"I am thinking, listening. But these are all experiences you are having now. But Shankaracharya pointed out, each of these experiences has a dual nature. One part is the thing which you are experiencing. The other part is the existence of that thing. Notice, I am, look at the word am, it means existence. The room is, the chapel is, speech is. How do you experience speech? Do you experience it as existing or non-existing? You obviously do not experience anything as non-existing because if it was non-existing you wouldn't experience it So literally we experience everything We experience is pervaded by is-ness a sense of being and Shankaracharya takes pains to point out",6589,7263,564.0800170898438,614.6400003433228,114
en_video_05_0012,video_05,en,Advaita,12,"It is very well established in your experience. You're actually experiencing it existence and It's an interesting thing if you're experiencing if you experience a book there is a book and you are experiencing it If you're experiencing existence, there must be something called existence Let me repeat that if you're experiencing a book there must be something called a book which you have in your experience If you're experiencing existence, there must be something called existence, which you are Experiencing so there is this one underlying is-ness Which Vedanta calls pure being sat pure being existence Literally sat means pure being",7264,7901,614.6400003433228,659.439998626709,102
en_video_05_0013,video_05,en,Advaita,13,"is-ness Which is always available to us which never goes out of existence And do you remember we had all those interesting questions if a part is destroyed? So the part is not and Shankaracharya would say first of all The broken part is the is-ness continues in the broken part and there are other parts So you suppose all parts are destroyed. Well, there are there's the cloth and there's the house and Then there was a very interesting question. Suppose everything in the universe is destroyed. Where will existence be? Then very interesting conclusion was all these things in the universe all names and forms",7902,8513,660.3199996948242,697.0400009155273,107
en_video_05_0014,video_05,en,Advaita,14,"They manifest existence if the names and forms are gone existence remains, but there's no way of appreciating it All these things we discussed So the conclusion was in this world of experience, whatever we are experiencing in the world There is an is-ness which is permanent which is not born which does not die That never goes out of existence. It cannot logically And there is this continuous stream of appearances Things and places and people and events Our own bodies and minds and thoughts which come and go which pop in and out of existence They borrow existence and they appear to exist for a while",8514,9119,697.7600021362305,740.0,108
en_video_05_0015,video_05,en,Advaita,15,"then they lose existence and they go out of them they die or are destroyed and The conclusion being I am that pure existence I am that infinite that unlimited existence always experienced and Every other thing in the world that other thing other than Existence in itself. It has no existence. They are all appearances. They are what is called Mithya the false the apparent and It said the one who is clear about this, this is the Jeevan Mukta the enlightened while living This is the goal of Vedanta to live like this that I know my real nature and everything in the world",9120,9692,740.0,784.4400024414062,106
en_video_05_0016,video_05,en,Advaita,16,"Is an appearance in me nothing in the world can shake me because I am beyond death I'm beyond change the real me not the body not the mind not this little person So the enlightened person is very clear about these two, you see the ones who are enlightened they know these two separately what are the two the real pure being which I am and Appearance name and form Which appears in me and disappears in me? These two are very clear for the enlightened person now moving on 17th verse So it is a very philosophical verse, but what is the practical conclusion of that verse what what follows 17th verse?",9693,10293,785.0800018310547,831.3200073242188,114
en_video_05_0017,video_05,en,Advaita,17,Avinashi to tad vidhi Avinashi to tad vidhi Yena sarvam idam tatam Yena sarvam idam tatam Yena sarvam idam tatam Vinasham avyayasyasya Vinasham avyayasyasya Nakashchit kartum arhati Nakashchit kartum arhati Nakashchit kartum arhati Nakashchit kartum arhati Nakashchit kartum arhati But know that by which all this is pervaded to be imperishable No one can bring about the destruction of this immutable principle If there are two things One which is pure being which is the one which truly exists and the other appearance which never exists did not exist in the past will not exist in the future and even when it seems to exist right now because of borrowed existence,10294,10960,834.3200073242188,896.3200073242188,111
en_video_05_0018,video_05,en,Advaita,18,"it has no intrinsic existence it's just borrowed it from pure being So these are two things Now if the appearance the world of appearance, names and forms, maya, this samsara to what category does it belong? Sat or asat, pure being or appearance it belongs to the category of appearance and what did the earlier verse say? Pure being never goes out of existence and appearance never really comes into existence In other words all that truly exists is pure being, brahman, atman and what seems to exist right now this does not actually exist what is existence here is that pure being",10961,11543,896.3200073242188,947.3200073242188,104
en_video_05_0019,video_05,en,Advaita,19,"which means this world has no existence and what seems to exist here is because this is none other than that pure being I'll repeat that pure being alone exists but we experience it as this world The example which I liked very much was in Canada it was last year I think in Loon Lake, a beautiful place in British Columbia and there was a spiritual retreat there and if you get up early in the morning before any wind blows it's very still and the water is very very clear it's a vast lake surrounded by dense forests and hills",11544,12071,947.3200073242188,990.3200073242188,102
en_video_05_0020,video_05,en,Advaita,20,"so you can see in the early morning light if you look the water seems absolutely transparent and if you look into the lake what will you see? Not water what appears to you sky and hills and forests even if birds fly you can see all of that but in the lake what is there? Are there forests there, trees there, birds there, mountains there? No, it's just water and water and water the trees are water, the mountains are water the sky is water, the birds flying are water everything that you see there is water in fact when you look inside and see your own face",12072,12630,990.3200073242188,1029.3200073242188,109
en_video_05_0021,video_05,en,Advaita,21,"it's water only there it is water alone which exists really but what you are experiencing are things people, entities, even actions birds flying around and all of that exactly in the same way but remember, this is an example don't extend it too far because example, there is really a world outside which is being reflected in that water so don't stretch it is there a world which is being reflected in Brahman? No, in the case of Brahman pure awareness in which it appears pure being and pure awareness it can project by its own let us say maya",12631,13175,1029.3200073242188,1069.3200073242188,101
en_video_05_0022,video_05,en,Advaita,22,"it is colored by the appearance of samsara so it says here itself when you are experiencing the world what follows is number one here itself is that Brahman pervading all of this that indestructible, that pure being know it where a very beautiful phrase by which all of this is pervaded all of this is pervaded by that but then why don't we all of what, all of this experience what we are experiencing right now all of it is pervaded by that Brahman which you are but then you might ask why don't we see it then why don't we experience it as such",13176,13722,1069.3200073242188,1117.3200073242188,106
en_video_05_0023,video_05,en,Advaita,23,"in the water in the case of the lake if you pay attention you can see the water also you can notice that it is water but why don't we see Brahman, pure being then why don't we experience it he uses a word, Krishna uses a word here tat now, tat literally means that and if you see the play of words sarvam idam in Sanskrit idam means this tat means that so what this little bit of Sanskrit grammar here this, the word this is always used when something is immediately available for experience for perception so you can see it, hear it, smell it, taste it, touch it",13723,14286,1117.3200073242188,1166.3200073242188,111
en_video_05_0024,video_05,en,Advaita,24,"so you call it this this thing which I see or hear or smell or taste or touch and we generally use tat, that for something which is remote which is not immediately available to your senses that place and this place this place is something here that place is something there in English also we use this and that that is remote and this is approximate in Sanskrit paroksha or pratyaksha pratyaksha means available available to the senses. By using the word that, for what? For that pure being. Krishna is indicating it's not available for your senses, just as the world is available for your senses.",14287,14884,1166.3200073242188,1215.159999847412,108
en_video_05_0025,video_05,en,Advaita,25,"You can see it, hear it, smell it, taste it. You can interact with it. All the time, you are hearing, smelling, tasting, names and forms, but it's given reality by that being. But that is not an object for senses. It's not something that you can see. It's not something that you can hear, or smell, or taste, or touch. It's beyond the senses. Upanishads say adrishyam, literally invisible to the senses, agrahyam. It is not an object for your motor organs. That means you cannot walk to it or grasp it. So that's why the word tat has significance here.",14885,15437,1215.159999847412,1255.9199981689453,102
en_video_05_0026,video_05,en,Advaita,26,"Then he uses a beautiful phrase. Yena sarvam idam tatam, by which all this is pervaded. Very beautiful phrase. It makes all the difference between high philosophy and a living philosophy, between abstraction, beautiful abstraction, very clever philosophy, and a living philosophy available to all of us. Yena sarvam idam tatam. See, one might say, what is available to me? What is available to me is this world, not your abstract philosophy. And he says, yes, by that thing which we spoke about, this world of yours is pervaded through and through. It's available right here. Yena sarvam idam tatam, by which that pervades everything.",15438,16072,1255.9199981689453,1305.4800033569336,105
en_video_05_0027,video_05,en,Advaita,27,"All this is pervaded by that pure being. One might ask, how is it pervaded? Because pervading might mean, here is a room. It was dark, and we switched on the lights. So the light has pervaded the room. But remember, light is something different, and the room is something different. The room can exist without the light, and lights also can exist without a room. So room and light are two different things. And one can pervade the other. Or another way, sometimes we light the incense here. When you light the incense here, the fragrance pervades the room.",16073,16629,1305.4800033569336,1344.3200073242188,100
en_video_05_0028,video_05,en,Advaita,28,"So fragrance is one thing, and the room is something else, and one thing pervades the other. Is Brahman pure being like that? Is there a world, and then Brahman enters it like smoke, or like fragrance, or like light? It could be. Like light, it pervades. And it's not a silly idea. It's a profound philosophy. Sankhya says that. Sankhya says there is a material universe pervaded by the light of consciousness. So would that make the Brahman different from the pure? It will. Duality, right? There'll be a duality. Is that what Krishna means? No. How do you know he doesn't mean that?",16630,17214,1344.3200073242188,1385.0,105
en_video_05_0029,video_05,en,Advaita,29,"He's already said it in the 16th verse. Only one of them exists. The other appears to exist. If both of them existed, see, the incense and the room both exist in our example. The light and the room both exist. There's a duality. In Sankhya, consciousness and matter both exist. Independent of each other, they interact. But here he says one exists, the other one borrows existence from the first one. So it is not like that. Then what is it like? It's like that loon lake example I gave you. In the lake, the trees, and the sky, and the rocks,",17215,17758,1385.0,1423.7200012207031,103
en_video_05_0030,video_05,en,Advaita,30,"and the hills, they don't exist. They appear. What exists is only water. And water pervades that entire scenery there in the lake. Snow of all shapes, all are pervaded by the same water. Ornaments, golden ornaments of all shapes, and sizes, and types, varieties, all are pervaded by the gold. Waves in the ocean, clay in the pot, classic examples in Vedanta. Clay in the pot, all kinds of pottery. Amsterdam Avenue, it's there. So it's pervaded by clay. All are pervaded. But just how are they pervaded? It's not that there is a pot, and clay walks in there.",17759,18317,1423.7200012207031,1466.6000061035156,101
en_video_05_0031,video_05,en,Advaita,31,"Hello, Mr. Pot, I'm going to pervade you. No. The pot is virtually constituted of the clay, through and through. The waves are constituted of water, through and through. Icebergs are constituted of that water, through and through. No matter what the shape, or the size, or the form. Ornaments, extraordinary variety of forms, all pervaded through and through by one substance, gold. In the same way, Brahman, that pure existence, pervades everything that we experience, through and through. There are nice phrases they use in the Himalayas and among the monks. You can appreciate it. In Hindi, they are very effective.",18318,18936,1466.6000061035156,1513.0400085449219,102
en_video_05_0032,video_05,en,Advaita,32,"I'll tell you in Hindi and translate into English. This pervading, everything pervaded by God, through and through. I'm using the word God as the absolute, Brahman, pure being. The phrase they use, tasathas bharpoor. It's a very homely phrase. Bharpoor means filled up. Tasathas means packed. There's not the slightest space for anything else left. In Brahman, there is not the slightest space for any samsara. In the lake, where I saw all that, is there any space for mountains and trees? No, it's full of water. Have they parted? And given that it can come, and trees can come and stay here,",18937,19530,1513.0400085449219,1561.2799987792969,104
en_video_05_0033,video_05,en,Advaita,33,"and the sky can be here, and the mountain can be here? No. So it is pervaded in that way. Pure being pervades our experienced universe in that way. Now, this phrase, by which all this is pervaded, yena sarva-midam tatam. Tatam means vyaptam in Sanskrit. Vyaptam means pervading. This comes three times in the Bhagavad Gita. And the context is beautiful. So once it comes here, the 17th verse of second chapter. The other time, it comes in the 22nd verse of the eighth chapter. It's the 22nd verse is, purusha-sapara-partha bhaktya labhyastu ananyaya yasyanta-sthani-bhutani yena sarva-midam tatam. Yena sarva-midam tatam.",19531,20152,1561.2799987792969,1631.6799926757812,102
en_video_05_0034,video_05,en,Advaita,34,"It says that there is the transcendent being who can be attained only by devotion, by one-pointed devotion, by love, in whom all beings exist, by which this entire world is pervaded. Yena sarva-midam tatam. Who are they talking about? They're talking about God. Do you see the interesting thing? In the second chapter, who is it talking about? He's talking about you. You are that pure being. Because the whole subject was the self, atma. And he's using exactly the same language to talk about God. Because when he uses the term bhakti, by one-pointed devotion, whom do you have?",20153,20732,1631.6799926757812,1676.0,101
en_video_05_0035,video_05,en,Advaita,35,"I know we have one-pointed devotion to ourselves, especially here in Manhattan. I, me, mine. But one-pointed devotion is usually meant for God. He's using exactly the same language to talk about God and you, the real you. You are the transcendent being, pure existence, by which the entire universe is pervaded, which constitutes the existence of the entire universe, one. And many, many, I don't know how many months it will take when we come to the eight chapters, 22nd verse. We are far away. There, he's talking about God, devotional. And he says there is such a thing,",20733,21306,1676.0,1718.4199829101562,100
en_video_05_0036,video_05,en,Advaita,36,"one-pointed surrender and devotion. You will realize that reality, the transcendent reality, para purusha, the transcendent being in which all beings exist. And you can understand exactly how all beings exist in that, because that is pure being. And by which all is pervaded, exactly the same verse. But how do you attain it? By love, he says, by devotion, bhakti. Again, the third time this comes is at the very end of the Bhagavad Gita, the 46th verse of 18th chapter, the last chapter. SAKARMANATAM ABHYATCHA SIDDHIM VINDATI MANAVAM From which has emerged all activity in the universe of all beings, by which all this is pervaded,",21307,21940,1718.4199829101562,1780.8800048828125,108
en_video_05_0037,video_05,en,Advaita,37,"same phrase. That one, worshiping that one by your work, by your action, you will attain perfection. When you recite this, I don't know if people have heard Swami Ranganathanji, you're immediately reminded of him. This was one of his favorite verses. SAKARMANATAM ABHYATCHA, I can see it. clearly sitting there erect and sharp so karmana tam abhyatya siddhim vindati manava by worshiping the lord by one's actions activities one attains to perfection again talking about god there so in three places very beautiful there is another one another place in the ninth chapter fourth verse a similar a similar phrase is used just one word is maya tatamidam sarvam by me all",21941,22608,1780.8800048828125,1837.840000152588,113
en_video_05_0038,video_05,en,Advaita,38,this is pervaded instead of saying by that all this is pervaded by me all this is pervaded krishna says in ninth chapter yes ninth chapter fourth verse by the way if you are impressed how is he cruising all across the bhagavad-gita i could see that in some of your faces don't be impressed i put in the hard work i've been i was studying it today but yes there are people i have personally known people who who are so well versed in this that it's i am using their work actually so that's why it seems like magic somebody else has put in the hard work,22609,23160,1837.840000152588,1900.1600036621094,109
en_video_05_0039,video_05,en,Advaita,39,so you can understand it immediately all this is pervaded by me in my unmanifest invisible form what is the unmanifest invisible form pure being isness all beings are in me what's the magic here all beings are in me yet i am not in them what does it mean imagine somebody mistakes a rope for a snake can you say that snake though mistaken that snake is in actually in the rope the rope can say yes it may be mistaken in me but i am not in that snake that doesn't exist at all similarly what does it mean it's only this,23161,23679,1904.5599975585938,1948.6399993896484,104
en_video_05_0040,video_05,en,Advaita,40,only the rope which exists it's only pure being it's only god it's only absolute which exists it's not that the absolute exists and the world exists and the absolute exists in the world no that's what krishna is saying that is pure advaita the next verse after that the 10th verse the fifth verse of ninth chapter it says these two verses together when we come to it eventually many many months later fourth and fifth verses of ninth chapter they establish advaita vedanta and maya what he says is there that i pervade this entire universe in my invisible form unmanifest form as pure being,23680,24270,1948.6399993896484,1992.240005493164,107
en_video_05_0041,video_05,en,Advaita,41,all beings are in me and i am in them and the next he says in truth none of them are in me either he flat out contradicts himself he says all beings are me the next verse he says they are not in me look at the power of my maya which means they are appearing in me can the lake lake loon lake not say i pervade all these trees and plants and mountains and skies in the lake by my power water by my existence as water all these plants and lakes and mountains and sky is in me yet i am not in them and in truth none of them are in me would it not be,24271,24817,1992.3200073242188,2038.8800048828125,121
en_video_05_0042,video_05,en,Advaita,42,perfectly right yes exactly like that that's the lake here it means you you the pure being pure awareness entire world of your experience appears in you shines in you disappears in you you pervade it all all right now when i say these things remember my sources are of course the original bhagavad-gita and a variety of commentaries ancient medieval and modern once in a while if something occurs to me i will tell you but i'll flag it so that you know it's not coming from any venerable source it's just coming from this guy so what occurred to me today this is not from any kind of commentary,24818,25412,2038.8800048828125,2085.3599853515625,111
en_video_05_0043,video_05,en,Advaita,43,when i was looking at the three plus one four occurrences of this phrase second chapter eight chapter ninth chapter 18 chapter you know what occurred to me notice the 18 chapter clearly is karma yoga worshiping the lord by your action you attain to perfection the whole teaching of sri ramakrishna vivekananda seeing shiva in all beings worship them with service shiva gyani jiva seva exactly it follows from that the one in the eighth chapter it is attainable by one-pointed devotion by love by devotion bhakti yoga then the ninth chapter very clearly puts out advaita all beings are me yet i am not in them and truly speaking none of these are in me the universe is,25413,26080,2086.239990234375,2146.239990234375,120
en_video_05_0044,video_05,en,Advaita,44,actually not in me they're not of the same level brahman and maya both are implied there and this one though we have been explaining it in terms of advaita following shankara actually this is what is called sankhya yoga the chapter name name chapter is sankhya yoga it the very language here is a sankhyan language advaita follows from this no doubt especially in the earlier verse 16th verse but you have to interpret it if you take it without interpretation you actually get a kind of sankhya sankhya and and yoga they are what are called um they are sister philosophies in sanskrit samana tantra darshan they are not,26081,26700,2146.239990234375,2197.3599853515625,111
en_video_05_0045,video_05,en,Advaita,45,they are not in conflict raja yoga is the way of meditation so now you have got the four occurrences of this one verse from which follow raja yoga in order raja yoga then bhakti yoga jnana yoga and karma yoga so just that just sort of seemed to me that this has been put in these four ways throughout the book but anyway and he goes on to say that one practical implication is of this pure being which is unchanging nobody can destroy it there's nobody nothing can destroy this pure being which means he's talking to arjuna it does not depend on whether you fight or you do not,26701,27278,2198.720001220703,2263.040008544922,112
en_video_05_0046,video_05,en,Advaita,46,fight what will happen all these bodies these personalities they will die they will die they are they belong to that category which never really came into existence because they belong to the category of the false the apparent they have borrowed existence they are bound to lose it all those you are worried about whether you you kill them in war or you do not kill them in war no death is certain for all of them none of us can avoid death death of the body is certain and your death is impossible you cannot die you the real you the spirit dies not,27279,27829,2263.040008544922,2307.040008544922,106
en_video_05_0047,video_05,en,Advaita,47,the body will die there's absolutely nothing to be worried about there that's what what terrorizes the world death that's the final instrument of maya which keeps us in terror and he says here this message of hope be clear about this the body will not survive no matter what you what you want to do to it no matter how much gluten-free and yoga and the self pure self is never subject to death it really does not depend on what you do that's what he wants to tell arjuna what else do i want to say about this a couple of points one is by this pure being is pervaded,27830,28395,2308.0,2361.5999755859375,112
en_video_05_0048,video_05,en,Advaita,48,this entire universe by that pure being is pervaded this entire universe now when brahman pervades everything pure being pervades everything it does so equally all differences are in maya all differences are in maya there is no difference in brahman in the high and the low in the living and the non-living in male and female in people of different races in human beings and animals alike the same divinity Vivekananda put it he says in his inimitable way he says verily the lowest worm is brother to the Nazarene Jesus Christ avatar Krishna Christ Buddha the highest product we can think of in in our,28396,28997,2361.5999755859375,2419.079999923706,107
en_video_05_0049,video_05,en,Advaita,49,civilization in humanity unreachable almost divinity in human form and he says the worm is his brother to that in what he means is it's same reality everywhere yes manifestation is different there is difference there's tremendous difference but all difference is in manifestation is in maya in reality there's only one one reality this is the tremendous conclusion of Advaita Vedanta so this is one thing that's the oneness of all existence and the sameness in down deep the sameness hence what is the what is the practical implication the practical implication is that when we inhabit this world of difference when we inhabit this world of difference the implication,28998,29665,2419.079999923706,2471.120002746582,111
en_video_05_0050,video_05,en,Advaita,50,is respect the implication is harmony don't fight don't murder or kill especially in the name of religion you can see shades of my world of world parliamentary talk here yeah so harmony follows from this the sameness of the divinity how can you condemn another person another race another gender because the same divinity is there yeah are you going to condemn God Swami Vivekananda was he never spared the Hindus for their faults you know very interesting how he defended Hinduism staunchly when he was here against all critics but when he went back to India he pointed out the faults of the Hindu society at that time in no uncertain terms he said no,29666,30318,2471.120002746582,2532.6000061035156,117
en_video_05_0051,video_05,en,Advaita,51,religion in the world preaches the glory of the human nature which means the divinity in such magnificent wonderful terms as Hinduism does but no religion in the world treads on the necks of the on tramples on the necks of the poor and the weak and in such fashion as Hinduism does which means through casteism he pointed out two things one is the oppression of the masses another one neglect of the women this is the two great national sins of India he pointed out did this does not follow from Advaita Vedanta it cannot Vedanta is the most Advaita is the most democratic,30319,30891,2532.6000061035156,2571.4400024414062,106
en_video_05_0052,video_05,en,Advaita,52,of all religions in what sense the central idea of democracy is who said that I forget very recently I heard it somebody saying it democracy is the central idea the central idea of democracy is that the political power lies in each of us equally and central idea of Vedanta is divinity God lies in each of us equally that's why he thought that the United States he loved America for its ideals of freedom and human dignity he felt this country is most suited for Advaita not so much India though Indians take it very quickly because they're used to it culturally but India has a very ancient,30892,31483,2571.4400024414062,2617.5599975585938,110
en_video_05_0053,video_05,en,Advaita,53,society stratified layer after layer of hierarchy and tremendous burden of history is there but he found here is a fresh land which values freedom and liberty and freedom and dignity what he tried to give was a spiritual philosophy for the ideals enshrined in the American Constitution actually anyway that's apart from our talk today there is one one more thing they wanted to point out before we go further oh an interesting point again a little bit of Sanskrit grammar here the second line it says if I translate the first line said that indestructible reality by that everything,31484,32066,2617.5599975585938,2681.8399963378906,101
en_video_05_0054,video_05,en,Advaita,54,here is pervaded that and remember why he said that because it's not accessible to senses that reality by which this samsara is pervaded that means beyond our senses this means which we can interact with but strangely enough in the second line he says that and he says nobody can destroy this unchanging reality he uses the word asya of this unchanging reality nobody can accomplish the destruction thereof this is I'm trying to it's clumsy in English if you translate that way but what I want to point out is for Brahman for that ultimate reality he has used two words in the,32067,32643,2681.8399963378906,2729.959991455078,105
en_video_05_0055,video_05,en,Advaita,55,first sentence he says that reality in the second sentence he says this reality pointing out thereby it's not inaccessible it's not beyond our reach it is in fact continuously accessible how is it accessible didn't you just say we can't see it here it smell it taste it touch it we can't walk to it we can't hold it by our hands it's not accessible to any of our instruments it's accessible in this way let us say all of this all of you here are accessible what is the proof that I experience you I will say I see you what is the proof that you are here today I will say I saw them so the,32644,33232,2729.959991455078,2775.239990234375,119
en_video_05_0056,video_05,en,Advaita,56,proof for your existence here is my seeing you seeing proof for existence hold on to this seeing is the proof for existence now what is the proof for the existence of my eyes will you say seeing no I can't see my eyes let me make it even more interesting what is the proof that there was no elephant in the room if there was an elephant I would have seen it I don't I didn't see it therefore there is no elephant the proof for the non-existence of the elephant is I did not see it the proof for your existence here today is I saw it so the proof of existence is seeing proof of,33233,33810,2775.239990234375,2816.3200073242188,118
en_video_05_0057,video_05,en,Advaita,57,non-existence not seeing now I cannot see my eyes therefore my eyes do not exist what's wrong with it this rule applies only to objects to objects objects are revealed by your awareness the presence of objects is revealed by your awareness the absence of objects is revealed by your awareness both the presence and absence of objects reveal your awareness they point to the fact that you are consciousness itself it's a very crucial point how do you see God in every experience this is the answer to that in every experience God is being continuously revealed to us let me,33811,34383,2816.3200073242188,2871.6400146484375,102
en_video_05_0058,video_05,en,Advaita,58,use two words revealed and manifested the light reveals this book to you here and the book manifests the existence of light you the consciousness you the existence you reveal this world you give this world its existence and this world of appearances manifests your being that your pure being pure awareness some of you are getting it isn't it beautiful yes right what did I say both the presence of objects and the absence of objects are revealed by your consciousness and the both the presence and absence of objects reveal your consciousness how do you say that you are sleeping,34384,34964,2871.6400146484375,2928.760009765625,102
en_video_05_0059,video_05,en,Advaita,59,when you are able to say when you wake up how did you say that you're sleeping because something revealed sleeping to you not at that moment you cannot say because mind is not working senses are not working mind and senses have gone to sleep hence you cannot think I am sleeping you cannot say I am sleeping if you could say that you wouldn't be sleeping you know the funny thing mothers they test the children has the good boy gone to sleep if he has gone to sleep his right leg will move and the right leg moves little bit and mother is just pretending the kids you,34965,35532,2928.8800048828125,2970.5999755859375,111
en_video_05_0060,video_05,en,Advaita,60,"had a hard time to put them to make them sleep they become hyperactive just before bedtime so you cannot express that I am sleeping and yet it's an experience it's an experience of absence it's not the absence of experience deep sleep is not the absence of experience by these words that And this, that pure being points out it's not something that you can experience with your senses. This pure being points out that it is continuously available to you as your very self, which gives existence and consciousness. It reveals the world and gives existence to the world.",35533,36101,2970.5999755859375,3024.319999694824,101
en_video_05_0061,video_05,en,Advaita,61,"In Sanskrit, the words are very nice, sattva sphurti. Sattva means existence, sattva means existence, sattva means that borrowed existence. Chit means consciousness, sphurti means the shining forth. Sphuran in Sanskrit, shining forth, expression. The world is, it shines forth. Yes. So the existence that the real I gives to, let's say, the phantom, is it different from the existence that someone else gives to that phantom? What someone else? When you say someone else, there is no someone else. There is only one being. The moment you say the real I, look at the language you used. The real I is a limitless I.",36102,36715,3024.319999694824,3074.879997253418,105
en_video_05_0062,video_05,en,Advaita,62,"Think about it. If you get what we're talking about, you can actually check in your own experience. Is awareness limited? Where is the end of awareness? Is it limited in time? Does it come to an end? Time flows in awareness. Is it limited in space? I've given the example, one monk in Uttarakhand said, hey, how do you say, Swami, stop, how do you say that I'm all-pervading? I'm here, I'm not even there. How can I be all-pervading? Question, I'm here, I'm not even there. How can I be all-pervading? Answer was immediate. Answer was, ah, but here and there,",36716,37275,3074.879997253418,3122.1600036621094,103
en_video_05_0063,video_05,en,Advaita,63,"are they both not in your awareness? In your dream, you're standing here looking at something there. Here and there, in fact, the entire universe in your dream, was it not in your mind? There is no limit to awareness, no limit to pure being. All limits are in pure being. If you say that, you say, so what, how does it relate to my question? It relates in this way. If all limits are in pure being, then where is the limit between you and another person? Bodies are limited, they're different. Minds are limited. Consciousness flowing through this mind",37276,37828,3122.1600036621094,3161.6399993896484,101
en_video_05_0064,video_05,en,Advaita,64,"is the person who is asking the question now. But that consciousness in itself is the same for everybody. Or rather, in that, what did we say? In that awareness, all beings exist. Or they do not even exist. That awareness alone exists. There is no anybody else. What you are saying at the practical level, yes, there's a difference. The way you are perceiving this, and the way she is perceiving, he is perceiving, slightly different. Because you are perceiving it through this medium of your senses, and through the filter of your mind. Same for each of us.",37829,38387,3161.6399993896484,3197.279998779297,100
en_video_05_0065,video_05,en,Advaita,65,"But that's at the practical level. Yes, each of us has a difference. We put a little layer on the world that we perceive. We do not, we really do not have any access to the world outside. Everything that we perceive is through the medium of our minds. And our minds arise, play around, and disappear in awareness. Awareness and mind are not the same. So my answer to you is, no. The answer to your question lies in your very question. Does someone else give a different existence to it? No. There is no someone else. In your dream, for example,",38388,38932,3197.279998779297,3232.9199981689453,103
en_video_05_0066,video_05,en,Advaita,66,"you see so many people in so many places, and somebody tells you, all of this is given existence by you, the dreaming mind. And if you ask, all those people, are they giving some existence to all these things also? All those people are also given existence by your dreaming mind, in the dream. Here, not by your mind. You are not dreaming all this. It is rather in pure being, pure consciousness, all things appear. Yeah. Yes. Yeah, repeat that. Awareness imparts existence, yes. There might be things that exist that nobody is aware of. Right. How do you explain that?",38933,39502,3232.9199981689453,3296.1199951171875,103
en_video_05_0067,video_05,en,Advaita,67,"But remember, the way you are using awareness and what is meant here is slightly different. The way you are using awareness is, awareness channeled through our minds. What you are saying is, this awareness in me, the person, has made certain things its object. Certain things the awareness is seeing, certain things it's hearing, certain things it's remembering. This is my area of knowledge. Beyond this is a vast area of darkness where I don't know. So it is true for all of us. But this is awareness, which is what is called Vyavaharika. It is channeled through a body and a mind.",39503,40086,3296.1199951171875,3331.7999877929688,104
en_video_05_0068,video_05,en,Advaita,68,"Certainly for us, there are things we know, things we do not know. But all of this, bodies, minds, senses, and vishaya, objects, they all appear in that ground of reality. Again, very easy to understand if you take your dream world. In your dream world, you have a world. In that, you are also there. And there, that person who is there in the dream, that person knows certain things and also has the feeling, there are many things in this world which I do not know. But they exist even if I do not know. But is it true?",40087,40607,3331.7999877929688,3362.760009765625,101
en_video_05_0069,video_05,en,Advaita,69,"What is true is that all of that exists only or appears only in the dreamer's mind. From the point of view of the person inside the dream, there are things which are known and things unknown. Both known and unknown are appearances in consciousness. You have to think like that. Yes. It's tremendous, really, what he's saying. Right here itself, Vedanta is already over. All right. Now, he goes on. In contrast to this, what about the bodies, our minds, these things of the world? They all have a beginning and an end, so he says. 18th verse, Krishna says,",40608,41163,3364.0,3409.7999877929688,101
en_video_05_0070,video_05,en,Advaita,70,"antavanta ime deha antavanta ime deha nityasyokta sharirinah nityasyokta sharirinah anasenoprameyasya anasenoprameyasya tasmad yudhyasvabharata tasmad yudhyasvabharata These bodies of the eternal, imperishable, immeasurable embodied self are said to have an end. Therefore, fight, O descendant of Bharata. Now, what about this life? This, first of all, this particular body, this particular manifestation in awareness, it has a beginning, it has grown, it will age, it will pass away, do not worry about it. As long as it exists, take care of it, use it, act in this world. Very interesting. What follows from all this high philosophy, tasmad yudhyasvabharata. Again and again and again, Krishna,",41164,41860,3411.3200073242188,3481.7999877929688,105
en_video_05_0071,video_05,en,Advaita,71,"he has a motive in all of this, to engage Arjuna in the Mahabharata war. But what follows from what seems to be a very abstract philosophy is a philosophy of action. It enables you to act properly in this world without attachment, without ambition, greed, without fear and terror. It enables you to act with serenity in this world, to do the best you can through that particular body and mind. Tasmad yudhyasvabharata, fight the battle of life, oh Bharata, oh descendant of the Bharata. Antavanta ime deha, these bodies are with beginnings and ends, with ends, which means with beginning and end.",41861,42457,3481.7999877929688,3524.4400024414062,104
en_video_05_0072,video_05,en,Advaita,72,"And they are appearances of what? Nityasya, of the eternal reality, which you are. And that eternal reality seems to possess a body now, it's called shariri, the embodied. Embodied does not mean there is a body and then you are filled into the body, you are poured into the body somehow. No, it means just that I accept this body as mine. In Hindi this is sukriti matra. You just say this is mine. When one begins to see this, if you put some attention to it, you will begin to see it is nothing more than an identification that it is mine.",42458,42998,3525.3599853515625,3563.6799926757812,104
en_video_05_0073,video_05,en,Advaita,73,"That's all that I say. It's really there is no connection between you and the body. Imagine where we have gone from, from I am the body and nothing else, to now we are saying there's nothing to be, there's no connection between you and the body. Sharirina, the embodied. Embodied means the one who claims that this body is mine. Shariri. I remember Swami Ramakrishnananda, Shashi Maharaj. He was in Chennai at that time. And Sister Deva Mata. American lady, an American nun, she had gone to India to, she stayed for some time, met many of the direct disciples of Sri Ramakrishna, including Shashi Maharaj, Swami Ramakrishna Nandaji.",42999,43631,3564.5999755859375,3612.239999771118,110
en_video_05_0074,video_05,en,Advaita,74,"One day, she writes in her reminiscences, days in an Indian monastery, she writes in her reminiscences that the Swami was talking about the difficulties he had faced in setting up that, and hardships, tremendous hardships he had faced. For example, I remember many such stories. Poverty, extreme poverty, and one day there is nothing to offer to the, to Sri Ramakrishna. You know, there's a ritualistic offering every day, bhog is offered. So, nobody had bought anything, no offerings from devotees, fruits or sweets, something that can be offered. And Swami Ramakrishna Nanda, who had one, that's why his",43632,44237,3612.800000190735,3652.400001525879,100
en_video_05_0075,video_05,en,Advaita,75,"name was Ramakrishna Nanda, one whose bliss is in Ramakrishna, had one-pointed devotion to Sri Ramakrishna. He goes to Sri Ramakrishna in a, in a, in a huff, and he says, all right, if nothing comes today, I shall go to the beach in Madras, and I will make little, like coconut balls, I'll make little balls of sand, and I'll come and offer that to you today, as, as the offered food, and I will eat that and live today. As he said this, somebody, little by little, somebody turned up at the monastery, a devotee with a lot of delicious foods and everything,",44238,44796,3652.400001525879,3690.319999694824,105
en_video_05_0076,video_05,en,Advaita,76,"so Sri Ramakrishna, he can be threatened. Yes, immediately all sorts of nice food came up, turned up. Anyway, so he told many stories, and how he had struggled. He was a powerful figure, but apparently, and his talks were not very, you know, very entertaining, let's put it this way. He was a very serious man, Ramakrishna Nandaji. So, sometimes his talks were very poorly attended, but whatever, if even one person turned up, he would go and give the talk, he would go to different parts of Chennai and give the talk, he'd go in a rickshaw sometimes and",44797,45351,3690.319999694824,3734.6399993896484,101
en_video_05_0077,video_05,en,Advaita,77,"give the talk there. He wouldn't touch money, he would, as people gave money, so he would ask them to tie it on his dhoti, donations for the monastery. And it so happened, one day, in torrential rain, and that place is flooded, he wades through knee-deep water, dirty water in the sewers there, to go to the place where he has to give a talk, and he goes there, because he has to give a talk there. Nobody has turned up. He sits there, gives the talk, and comes back. So, he said, I'm not doing it for a person. I'm offering it to the Lord. The Lord is always present.",45352,45920,3734.6399993896484,3768.5599975585938,112
en_video_05_0078,video_05,en,Advaita,78,"They seriously meant it, and so on. So, many, many experiences he tells, and Sister Devamata writes that, I was indignant. Why should a person like Swami Ramakrishna Nandaji, this saintly person, why did he have to suffer so much? I felt so bad. So, I said to him, why, Swami, why did you have to suffer so much? And then, she writes, he looked startled and surprised, and he said, what are you saying? My real life is infinite. Let the Lord play with this little life as he will. Nitya, of the eternal, this little life, born yesterday, waited to die tomorrow. What is it to you?",45921,46501,3769.279998779297,3810.5599975585938,109
en_video_05_0079,video_05,en,Advaita,79,"Give it to the Lord, and let the Lord play with it as he will. So, that is what he says. And thus act. Don't sit idly. Act. Do what is in front of you. Cannot be destroyed. All right, let me explain this important point. Apramaya means not an object to the pramanas. That means the instruments of knowledge. How do we know something? By seeing, hearing, smelling, tasting, touching, by inferring through science, by, you know, through logic inference, by testimony from others. We know in various ways, in various sources of knowledge are there for us. However all you know, whatever you know, you can know",46502,47108,3812.479995727539,3863.519989013672,109
en_video_05_0080,video_05,en,Advaita,80,"through Google today. So, all of these are called pramana, which gives you knowledge. And this ultimate reality, apramaya, it's not an object for any of these pramanas. You can read about it in a book. Even Google can tell you about it. It can tell you lots about Vedanta. But it really will not give you enlightenment. You cannot grasp it directly through any of this. Just the way you can see it with your eyes, you can touch it with your hand, you can say, I know it. In that way you cannot know Brahman. So, it is called apramaya, not an object to the sources of",47109,47675,3863.519989013672,3900.3999938964844,109
en_video_05_0081,video_05,en,Advaita,81,"knowledge. Sources of knowledge? Pratyaksha, that means direct perception. Then anumana, inference. And then shruti, that means that is scripture, testimony, instructions from trustworthy sources. Shabda pramana is this. And there are secondary pramanas also. I mean, technically there's something called supposition, like arthapatti. There is anupalabdhi. Absence itself is a pramana. We will not go into it. A lot of technicalities. The whole system, the whole thing is called epistemology, the science of knowledge. It's a branch of philosophy, a very big branch of philosophy. But the point here is, all these sources, epistemic sources, pramanas, do not operate on Brahman. So, this leads to a problem. The problem is, all this you are saying,",47676,48424,3900.3999938964844,3954.8800048828125,116
en_video_05_0082,video_05,en,Advaita,82,"what is the proof? Again, the same thing. Proof that this book exists, I see it. I can touch it. All of us see it. So, it exists. What is the proof that this pure being, pure consciousness exists? What is the proof? I was talking to a philosopher recently, NYU, and he said, what is the proof that you're saying that it exists? Such a thing. Aprameya. You know what is the proof? The answer is there in that example of the eyes seeing. What is the proof? You know what an advaitin will say? He'll say, all the sources of proof, the methods of knowledge, pramanas, they all operate because of it.",48425,49020,3956.1600036621094,4000.959991455078,114
en_video_05_0083,video_05,en,Advaita,83,"That consciousness is the one which powers, which lights up all the pramanas. How do you see? Do the eyes see? No. It is consciousness which sees through the mind and the eyes. Do the ears hear? No. It is consciousness which hears being channeled through the mind and the ears. Does the intellect do science? No. It is consciousness channeled through the intellect which does science. It is consciousness in consciousness and through consciousness everything is happening. So, this is the answer that Advaita Vedanta gives. It is not an object to pramanas, but all pramanas. The Sanskrit phrase is pramana sarva pramana prameya vivahara.",49021,49658,4003.519989013672,4060.3999938964844,106
en_video_05_0084,video_05,en,Advaita,84,"All activities, epistemic activities are grounded in consciousness. You might say, so this leads to the hard problem of consciousness, one of my favorite subjects. Yeah. So, a camera. There's a camera there. The camera, it's recording. Is it seeing? In a way, you can say it's seeing. It can record and if it's connected to computers and devices it can even react to things happening. But does it have a first person experience of seeing? Does it have a first person experience of seeing inside? Is there something which is seeing? Can the first person experience, like you are seeing colors, you're hearing sound. Is that thing going",49659,50293,4060.3999938964844,4107.600006103516,109
en_video_05_0085,video_05,en,Advaita,85,"on in the camera? It's recording light and sound. No. Not even the most ambitious Sony executive will claim our cameras are conscious. No. So, what is that? Behind all epistemic access is consciousness. It is not an object to sources of knowledge, but it is that which powers all sources of knowledge. Therefore, I leave you with this thought, in all knowledge it is available. Just as eyes are available in all seeing, though they are not something you see, mind is there in all thinking. Similarly, consciousness is there in all experience. Our attention flows through the objects of experience. But if you know this knowledge is",50294,50925,4107.600006103516,4161.840026855469,109
en_video_05_0086,video_05,en,Advaita,86,"there with you, you can know that consciousness within quotes. No. You can know it by being it. The knower of Brahman is none other than Brahman. Yes. So, two questions. This lady first and then I'll go to you. Let's call it pure being awareness. Pure being awareness. I will modify it. That's right. I'll modify it in this way. She asked, is the continuity in our experience due to pure being? Let's call it being awareness, Sat-Chit, existence consciousness. The continuities and the perceived discontinuities are all due to that pure being. There are perceived discontinuities, deep sleep, anesthesia, discontinuities, amnesia, memory failure,",50926,51572,4161.840026855469,4227.0,105
en_video_05_0087,video_05,en,Advaita,87,"very boring Vedanta class. The class went away in a twinkling of an eye. What happened? Mind was elsewhere. But that is also revealed by the same continuous awareness. Yes, that will come in the 13th chapter. Very powerful statement. I am the consciousness in all bodies and minds. Literally, I am the knower of the field in all fields. This relates directly to your question. The gentleman here who asked the question, other people. Because we feel I am the knower of this field, this body is a field. In this I am there as the knower. Krishna says, how many knowers are there?",51573,52151,4227.0,4280.0,105
en_video_05_0088,video_05,en,Advaita,88,"He said there is only one knower. Apparently there are many knowers. With respect to bodies and minds, many many knowers. With respect to consciousness behind the body-mind, one consciousness. That is what is called God in Vedanta. I am the consciousness, I am the knower of the field in all fields. God is therefore available to us in every experience, inside yourself, as yourself. But as your real self, capital S. There was another question. Yes, that is the last question. So this is from the camera's angle. You said that the camera does not see. So how do you know that it does not see?",52152,52745,4280.0,4327.0,107
en_video_05_0089,video_05,en,Advaita,89,"How do I know that the camera does not see? It might sound crazy, but I have no way of knowing whether the camera, the thing that exists, does not actually see. True. We don't know. In fact, the only thing that you know for sure is that you see. You don't even know that we see. How do you know? How do you know? Because you don't have access to our first person experiences. We could all be zombies for all you know. Yes, Halloween just passed. In the realm of thought where we say that nothing is separate from the chosen,",52746,53270,4327.0,4365.0,103
en_video_05_0090,video_05,en,Advaita,90,"the chosen imparts to me existence, and so it imparts existence to the camera. And yet we say that all the existence is imparted to me as well as to the camera. Consciousness or awareness is only imparted to me by the camera. The difference between living and non-living. So this is an issue which is easily resolved. How does Vedanta distinguish between living beings and non-living beings? From Vedantic perspective, there is only one existence, consciousness. And all things are names and forms. But among these names and forms, there are living names and forms like us. We call them living beings.",53271,53872,4365.0,4404.0,103
en_video_05_0091,video_05,en,Advaita,91,"And there are non-living names and forms like tables, chairs, and the camera. How do you distinguish between them? Vedanta says the word is right there. Living. In Sanskrit, prana. Prana means it's a part of what is called the subtle body. Right now we have two bodies. One is a physical body and one is a subtle body. So what proof? Again, Vedanta always goes to your experience. You have a dual experience. You experience a physical body which is public. Others can see it, your doctor can examine it. But you have an inner experience. Thoughts, feelings, emotions, right?",53873,54447,4404.0,4444.0,101
en_video_05_0092,video_05,en,Advaita,92,"You seem doubtful. Thoughts, feelings, emotions, ideas, memories, questions, all of those are there. Your doctor cannot see it. Your doctor can only go up to the brain. Inner experience you have got. That inner experience is happening in what is called the subtle body. Which is constituted of the pranamaya kosha, manomaya kosha, and vijnanamaya kosha. Three. There is a causal body beyond that, but we will not bother with that. So these three are called the subtle body. Now the distinction between living beings and non-living beings is living beings have the subtle body, which has prana, which is life,",54448,55056,4444.0,4484.0,102
en_video_05_0093,video_05,en,Advaita,93,"mind and intellect, and emotions, ideas, and memories. The whole person is there. That is called the jivatma. And beyond that is of course causal body and then consciousness. So existence consciousness is there in that camera also. But what happens is because there is no subtle body there, only the existence aspect is manifest as a thing. But there is no person in there because there is no subtle body in there. That is how we distinguish. You will say why is there not a subtle body there? We can't see. If there was a subtle body it would be a person.",55057,55613,4484.0,4520.0,103
en_video_05_0094,video_05,en,Advaita,94,"This is an important question because these days AI is being seriously discussed. So I have had actually people working with AI in some of the most advanced labs in this country. A couple of times I have been asked this question. Can this AI, they are talking about a particular project, can it become conscious in the sense you are talking about? So they have many theories about that. From a Vedantic perspective, if you can design a subtle body, if you can generate a subtle body, it will become conscious. Because existence consciousness is always there. Existence is manifest, this is, this is.",55614,56213,4520.0,4560.0,105
en_video_05_0095,video_05,en,Advaita,95,"But there is no inner awareness there. There is an inner awareness here because consciousness is also borrowed. See it happens this way. Physical body borrows sat, being. Subtle body borrows being and awareness. Existence consciousness. This is called chidabhasa, reflected consciousness. Again your experience. You not only have thoughts, but those thoughts shine in consciousness. If you note your own inner experience, that consciousness which you are feeling now, that is not pure consciousness. That's a consciousness associated with a thought. Shining in a thought. That's called reflected or in Sanskrit phalita, chidabhasa. A shadow of consciousness or reflection of consciousness.",56214,56903,4560.0,4604.0,102
en_video_05_0096,video_05,en,Advaita,96,"It's like the sun's light being reflected from the moon. The moon appears luminous for all practical purposes. Shines, gives light and all of that. But it's not luminous. It's borrowing light from the sun. The mind in itself, it borrows existence and consciousness from the Atman. The body borrows only existence. It cannot because it does not have the capacity to borrow consciousness. So this is the distinction. Again if you say what, how, what, what gives you the right to make this distinction, I say look at your experience. Science cannot explain this. I just leave you with and I can't resist this.",56904,57510,4604.0,4644.0,105
en_video_05_0097,video_05,en,Advaita,97,"Obviously you've heard of the hard problem of consciousness. I've been repeating it again and again. Science has a problem, neuroscience, that you go up to the brain, but after that how it has a first person experience, you can't talk about it. They have a huge debate going on. And New York, NYU, all of this is at the nerve center of that debate. I mentioned that last week, week before last, there was actually a workshop, a colloquium, where some of the top philosophers were present and the Advaita Vedanta perspective on the hard consciousness of problem. That was hard problem of consciousness was discussed.",57511,58126,4644.0,4678.0,107
en_video_05_0098,video_05,en,Advaita,98,"So it's come to that level now. But on the other hand, philosopher Galen Strawson from UT Austin, University of Texas Austin, he says forget the hard problem of consciousness. There is no hard problem of consciousness. There is a hard problem of matter. What he says is very Advaitic. He's not saying it in a reductionist materialist way. He's just saying the opposite. He says consciousness, we know what it is. You're all conscious. We know. We are conscious. Matter appears to us in consciousness. And we investigate it with science, common sense, science, whatever. And as we investigate it with science, it disappears before our eyes.",58127,58766,4678.0,4719.0,108
en_video_05_0099,video_05,en,Advaita,99,"The more we have investigated matter, it seems to be only structure. Nama Rupa. Where is the substance? It keeps disappearing. What is matter? How matter makes distinction. Science tells us a lot about how matter behaves. It is continuously failing to tell us what matter is. What is the thing there? The moment you investigate the thing, it breaks up into smaller and smaller and smaller particles. Atoms, to subatomic particles, to nucleus, to protons and neutrons, to quarks, to super strings. It goes unimaginably receding further and further back. What are you getting? Jim Holt said in his book, why does the world exist?",58767,59394,4719.0,4762.0,106
en_video_05_0100,video_05,en,Advaita,100,"We are getting only name. We are getting only structure. Structure in maya is name and form. The more science investigates matter, all you keep getting is name and form. Substance disappears. The more clearly you investigate it, the more it fades away. So he says, Galen Strossen says, he calls it the hard problem of matter. You forget consciousness. Consciousness, everybody knows consciousness because we are conscious. And he says we don't know what matter is. The more science has advanced, it has just shown us we have absolutely no idea what matter is. If you put the hard problem of consciousness,",59395,60000,4762.0,4799.0,103
en_video_05_0101,video_05,en,Advaita,101,"of matter together you get Advaita Vedanta, you get Tattvamasi. On that we will end.",60001,60085,4800.0,4805.920000076294,15
en_video_06_0000,video_06,en,Advaita,0,"Om Vasudeva Sutam Devam Kamsa Chanuram Ardhanam Devaki Paramanandam Krishnam Vande Jagadguru Let's chant 16 onwards. We have done 16, 17, 18. Today is 19. Let's just follow me in the chanting. Chant after me. नासतो विद्यते भावो नाभावो विद्यते सतः उभयो रपिद्रिष्ट्वन्तः स्त्वनयो तत्वदर्शिभी अविनाशीतु तद्विध्धी येन सर्वं मिदं ततं विनाशं अभ्ययस्यास्य नकश्चित् कर्तु मर्हति अन्तवन्ता इमे देहा नित्यस्योक्ता शरीरिणा अनाशिनो प्रमेयस्य तस्माद युध्यस्वभारतं तस्माद युध्यस्वभारतं अर्जूना को प्राक्तिकल परिश्चार करेंगे कि किसने की पास करता है आपकी पास को है, तो किसमें का क्या नहीं है आत्मा सत्यम, जागत मिठ्या आत्मा जागत मिठ्या आत्मा जागत मिठ्या the highlights of what has happened. So you are all pervasive. Then the 18th",0,713,0.0,606.2399997711182,112
en_video_06_0001,video_06,en,Advaita,1,"verse, many things were said. One word was aprameya, very important. Another interesting point he makes, everything that we know in this world is an object of knowledge. By definition if you know it, it's an object of knowledge. What you see is an object of seeing. What you hear is an object of hearing. Smell, taste, touch or belief, an object of believing. We read in books, religious books and we're taught to believe in heaven, hell, God or object of scientific inquiry, black holes to quarks to protons to all the objects of scientific discovery. They are all objects. Whatever you know in the world is an object. What",714,1338,606.2399997711182,652.560001373291,111
en_video_06_0002,video_06,en,Advaita,2,"we are talking about here is unique in that it's not an object. Aprameya means not an object of knowledge. What is that? The pure subject. What is that? Not that, it is you. So you are not an object. Don't look for yourself in the world of objects. You are very clearly present all the time to yourself as the ever-shining subject. It may sound poetic ever-shining subject whatever is that. You should ask hard-headed questions. Is the one who's asking this question right now? Krishna wants you to turn your attention into yourself. You will discover that ever-shining subject. Aprameya, not an",1339,1934,652.560001373291,695.5199966430664,104
en_video_06_0003,video_06,en,Advaita,3,"object of knowledge. Therefore you don't ask why can't I see it, why can't I hear it, why can't I smell it, taste it, touch it, why can't I discover it with the what CERN particle accelerator, why can't I discover it with electron microscopes. No because all of them deal with objects. If it is not an object of knowledge then how will I know it's true? The question is what is the proof that such an Atma is there? Can you tell me? Assignment. What is the proof that what we are talking about such a pure awareness or consciousness is there? What is the proof?",1935,2496,695.5199966430664,733.6399993896484,108
en_video_06_0004,video_06,en,Advaita,4,"Yes. Are you weighing much further than that? But in a simple sense the answer is yes. You are right of course. Yes. Life is an object. It can be created. But what is the proof that you are pure consciousness? You're saying that there is an eternal, unchanging, all-pervading, all these things we just said. Pure consciousness. Yes at the back. It is self-evident. You might say how so? It's not evident to me buddy. It will be made evident and when it is made evident your reaction would be oh it was there all along. You know what is the straight",2497,3045,733.6399993896484,780.3200073242188,103
en_video_06_0005,video_06,en,Advaita,5,"answer to the question what is the proof? In Sanskrit the word for proof is Pramana. The answer in Advaita Vedanta is all operation of instruments of knowledge. The objects of knowledge, the instruments of knowledge and the knowledge generated. All of them depend on this consciousness for their operation. Sarva Pramana Prameya Vyavahara. Every act of knowledge. Knowledge is an act. You see it requires every instrument of knowledge, object of knowledge and the knowledge that you gain with the instrument and the object. All of them they are manifested enabled by this consciousness and again if you understand what this means you will see it as a matter of fact of course. Of",3046,3725,780.3200073242188,833.9600067138672,115
en_video_06_0006,video_06,en,Advaita,6,course right now I am aware therefore I see. I have the experience of seeing. If you go to an airport the door will slide open when you come near it. There's a sensor there. In a certain sense it sees you but there is no conscious experience of seeing in there. You say how do you know Swami? Well even the most ambitious designer of those gadgets will not say that my sensors are conscious beings. They'll never say that. They are not. There's no conscious experience of seeing. The entire mechanism of seeing is there. There's a mechanical eye like an organ and there is an object to be seen. You are,3726,4328,833.9600067138672,880.4800109863281,114
en_video_06_0007,video_06,en,Advaita,7,"approaching the door and knowledge is generated not as a conscious event but practically behaviorally it behaves as if it is seeing you but there is no inner experience of seeing there. The inner experience of what we call our lives that is possible because of this consciousness. This is a so-called hard problem of consciousness. How are we getting this experience? So aprameya, a very important word, not an object of knowledge. If something is not an object of knowledge what right do you have to speak about it? We have the right to speak about it because it is evident in every knowledge.",4329,4923,880.4800109863281,922.2799987792969,105
en_video_06_0008,video_06,en,Advaita,8,"Now let me go ahead. We have been told by Krishna you are not the body-mind. You're not born with the body. You do not die with the body. You are eternal but the body-mind the changing and perishable. You are all-pervading. You are real and the body-mind is limited and unreal. Unreal means appearance, dependent reality and you are not an object of knowledge. Body-mind, world, object of knowledge. Some instrument you can know them. That which knows that's what you are. So far now let's go ahead. Some very well-known verses. Usually in India sometimes when people die these verses are chanted.",4924,5521,922.2799987792969,973.9200134277344,104
en_video_06_0009,video_06,en,Advaita,9,"It's to do with that you are eternal, you do not die. So you know why these are chanted when people die. So normally you'll sit near the dead body and people are coming to view the body which is lying in state and there'll be somebody chanting the Gita. We do that in the monastery in India too. If a senior Swami monk passes away, when we were young novices, so the word would come to our our training center that such and such Swami, elderly Swami has passed away, the body is kept there. So till the cremation of the body there",5522,6052,973.9200134277344,1005.2000122070312,104
en_video_06_0010,video_06,en,Advaita,10,"will be continuous chanting of the Gita by turn. So we divide ourselves into groups and we used to go there. So once it so happened they got the advance notice that Swami has passed away and he's there in that room, the body so you can start go and start the Gita chanting and so the novices go there in a group three or four novices with their Gita and they go and they see there is a body there and it's covered with white cloth and the room is very quiet. So they naturally they sit down and they open the Gita and suddenly with a",6053,6586,1005.2000122070312,1042.4400024414062,108
en_video_06_0011,video_06,en,Advaita,11,"flurry the cloth is thrown aside and the Swami, irate, annoyed old Swami sits up and says, not me you fools, the next room. I heard this story about Swami T also here, two persons, he had given instructions that when I pass away you should chant the name of Sri Ramakrishna Jai Sri Ramakrishna, that you should chant like that. Once he fainted and the gentleman who took him to the hospital you know they he told me the story that I was summoned that the Swami is in critical condition so he rushed in a car here and there was almost nobody there so two of them there was a lady",6587,7165,1042.4400024414062,1106.2799987792969,113
en_video_06_0012,video_06,en,Advaita,12,"and this gentleman they struggled because he was heavy they struggled to bring him downstairs put him in the car he was lying in the back seat and they started driving and then remembered the instructions so while driving they started chanting Jai Sri Ramakrishna and the Swami got up in the back seat and said not this time you fools and then he collapsed again. So these are the verses which are chanted when people and after death in the family or something. So here's a very famous verse, 19th verse Ubhavtau na vijanitau, nayam hante na hanyate He who thinks of it, that means the Atman, as a slayer. Remember this is the",7166,7792,1106.3599853515625,1178.9600219726562,115
en_video_06_0013,video_06,en,Advaita,13,"context of war so that language is and he who thinks that it is slain, both are ignorant of the truth, it the self that means Atman neither slays nor is slain it's a famous verse. Before I go into an analysis of the verse, Emerson Ralph Waldo Emerson he was famous he was called the American Plato the American Socrates so he has a famous poem Brahma let me recite it to you and see whether you can see the similarity that's why I've got this all right here it's a very well-known poem Emerson if the red slayer thinks he slays or if the slain",7793,8336,1178.9600219726562,1230.5599994659424,107
en_video_06_0014,video_06,en,Advaita,14,think he is slain they know not well the subtle ways I keep and pass and turn again I mean he's taking that I am the self far or forgot to me is near shadow and sunlight are the same the vanished gods to me appear and one to me are shame and fame beautiful they reckon ill who leave me out when me they fly I am the wings I am the doubter and the doubt and I the hymn the Brahmin sings the strong God's pine for my abode and pine in vain the sacred seven but thou meek lover of,8337,8814,1230.5599994659424,1295.5599975585938,103
en_video_06_0015,video_06,en,Advaita,15,the good find me and turn thy back on heaven incredible so the first one is of course a direct rendering of the 19th verse of the Bhagavad-gita if the red slayer red means you know warlike and fierce thinks that he is slaying and the one who is killed thinks that I am I am undone I am finished they know not well the seek the subtle ways but I the self I am here and I pass and I come again that means we go through births and deaths and then he goes on to say that the dualities what is far forgotten by the world to me,8815,9336,1295.5599975585938,1342.6799926757812,110
en_video_06_0016,video_06,en,Advaita,16,is always present here because I am the existence of all things shadow and sunlight are the same to me to the pure consciousness the vanished God the gods who are not you know seen in the matter of belief the devatas to me they appear and one to me are shame and fame they reckon ill who leave me out so even when you say I am body and mind you have left out the real nature of yourself you have left it out you don't notice it I am and I enable every LL come to that later on I enable everything all activities I do not do them but because,9337,9877,1342.6799926757812,1387.6799926757812,113
en_video_06_0017,video_06,en,Advaita,17,of me they are happening I am NOT the doer and I am NOT the act itself but because of me all is possible even the religion is either him the Brahman sings religion is also I doubter and doubt I am the doubting of the skeptic and the believing person and the atheist both I am it's because how I the consciousness alone without me what doubt can there be without me what belief can there be strong God spine for my both the Vedic gods Indra and Varuna and Agni how do I know this is what is meant so in internet Google is very helpful there,9878,10417,1387.6799926757812,1424.3200073242188,109
en_video_06_0018,video_06,en,Advaita,18,study notes for this poem so I read that Indra and Varuna and Agni they cannot attain this highest reality pure consciousness is beyond them also but it is you and pine in vain the sacred seven the seven Rishis they keep the greatest of spiritual people they keep trying for this but thou meek lover of the good so you the humble lover of God Bhakta you find me and then what is the result turn thy back on heaven but this is a very interesting way to put it because moksha is going beyond heaven and hell that this continuous cycle of,10418,10953,1424.8000030517578,1469.239990234375,104
en_video_06_0019,video_06,en,Advaita,19,birth and death going to higher lokas heaven being born here earth or going to lower worlds and suffering hell and coming back again this entire cycle that's the how the Hindus Buddhists change see it so he says if you attain me you turn your back on heaven imagine in the late 19th century to say this in the East Coast here there would have been very confusing for people in fact Emerson gave a talk in the Harvard Divinity School a famous talk where he told the bewildered graduating class that you should regard everybody yourself as pure consciousness as awareness and he criticized this,10954,11546,1469.239990234375,1515.5199890136719,107
en_video_06_0020,video_06,en,Advaita,20,overemphasis which is given says in your studies on the person of Jesus and the personality of Jesus you take the impersonal reality the consciousness to be yourself and everyone ultimately is good and everyone ultimately saved so this this kind of teaching he gave very Vedantic teaching very Upanishadic teaching the result was he was banned from Harvard for 28 years when he was welcomed back and then given the great honor of course he was the greatest of the American transcendentalists so in him you see the meeting of the Upanishads and American thought in the late 19th century before Vivekananda,11547,12151,1515.5199890136719,1550.9599914550781,103
en_video_06_0021,video_06,en,Advaita,21,came to this country Thoreau Waldenpond he writes he used to stay and like a hermit he writes in his Walden he writes that every day in the morning I read the Bhagavad Gita he says I bathe my intellect in the stupendous philosophy of the Bhagavad Gita compared to which our modern literature and art seem paltry and trivial he says this is the light of a purer dawn he's a beautiful language he uses I come into contact with this when I read open the pages of the Bhagavad Gita why I bring in Thoreau he was also part of the transcendentalists his collection he had 45 books on Upanishads,12152,12740,1550.9599914550781,1601.6799926757812,112
en_video_06_0022,video_06,en,Advaita,22,and Gita by a British friend of his who sent those books to him so that was the finest collection of Indian philosophy in those days on the East Coast when he died the entire collection went to Emerson Emerson loved reading the Gita and the Upanishads you know so this is the poem Brahma now if we go into the philosophy of it what is being said here what is said here the Atman your real nature is not a doer karta agent of action if you think that you are the slayer you're not that means you are not the doer of any action pure,12741,13271,1601.6799926757812,1643.4800109863281,107
en_video_06_0023,video_06,en,Advaita,23,consciousness does not do anything it's not the doer of an action it's not karta agent of action when you do an action you get the results experiencing the results is often translated as enjoying the results it may not be enjoyable it can be miserable also experiencing the results of one's actions in Sanskrit it is called bhokta the experiencer or like often translated as the enjoyer but experiencer so we do karma karta and we experience the results of our karma bhokta that's the general idea and he says the Atman is neither it's not a doer not an experiencer of the results of karma yes what is the experiencer,13272,13889,1643.4800109863281,1693.3999938964844,112
en_video_06_0024,video_06,en,Advaita,24,clearly there is an experiencer clearly there is a doer right now this is Swami aren't you speaking so aren't you doing something it is that same pure consciousness you the Atman identified with confused with thinking forgetting your real nature identifying with the mind and body lighting up the mind and body with your with you the awareness giving it existence and then you become the doer through the mind and body and when the experiences start coming you become the experiencer who is the experiencer the Atman didn't you just say the Atman is not the experiencer the Atman in itself is not the experiencer,13890,14502,1693.3999938964844,1734.0800170898438,107
en_video_06_0025,video_06,en,Advaita,25,but the Atman identified with thinking that its body mind becomes experiencer then falls into the trap of karma yes Bill This very often makes me wonder about Ramakrishna's statement I am the yantra to the yantri I am the machine you are the driver of the machine so instead of thinking of the Atman as I this is Vedanta but if it's too much to swallow in this way you can think of the Atman as God that's a one that's a that's another way of approaching it and that's an easier way of approaching it Vedanta would have you think of this Atman which is being revealed Atman literally means,14503,15092,1734.0800170898438,1778.9600219726562,112
en_video_06_0026,video_06,en,Advaita,26,the self you we are talking about you if you really think about it it's stupendous it might be too much to digest but this much you can do is there is such a thing which is immortal which is pure being and awareness which transcends all doing and experiencing and this is the God of religion That's the beginning. Then what would you be the lower self be? If such a God exists within you then that is the operator that enables everything to happen. I just become a vessel then. So Sri Ramakrishna says that. In that way also you can be free of the travails of karma. There's another person there,15093,15688,1778.9600219726562,1821.2399997711182,114
en_video_06_0027,video_06,en,Advaita,27,"in the back. You wanted to ask something? Yes, beginningless. Yes, and Advaita also says that it's beginningless but with an end. So why were we set in motion in these bodies and this race as a child, being born and going through this process and ultimately going back to death? I don't know. Why are we doing this? Yes, that's right. So the answer might be God is doing this or this is natural. We are born with it. Vedanta says you are born with this ignorance. The thing to do is, you know what they say, this question is natural. When you come to a",15689,16241,1821.2399997711182,1881.4800033569336,107
en_video_06_0028,video_06,en,Advaita,28,"certain point of hearing these things again and again, this question is bound to come and come not just once, it's bound to come again and again. You know what the Swamis say in Uttarakhand, in the Himalayas. They say don't seek to establish ignorance, seek to cut down ignorance. What you're asking is how did this happen? Instead of asking how did this happen, clearly I am under the influence of such a thing. How do I get out of it? How did this happen? No answer. As one of the early Swamis said, on this side of ignorance we have the question and no answer. On the other side of ignorance",16242,16836,1881.4800033569336,1923.7200012207031,113
en_video_06_0029,video_06,en,Advaita,29,"when we are enlightened, they have the answer but no question. Yes, so there are a lot of discussion. I think last time also we discussed this, that there is no beginning to this and what does it mean no beginning? It's not a cause thing which something has made. After all ignorance is not made by anything. It's there to be cut down. Knowledge removes ignorance. You wanted to add something to this? Yes, so that's a very Vidyanthian approach. Right, so the Vidyanthian approach is you don't solve philosophical problems, you dissolve them. So afterwards, it's true that notice in the lives of enlightened",16837,17444,1923.879997253418,1974.6000061035156,106
en_video_06_0030,video_06,en,Advaita,30,"people, in any Vedanta of course, but any tradition, one thing you'll notice is they don't have a question remaining over. Yes, I'm enlightened now. I am the Buddha now. It's all good except one thing. Why did ignorance start at all? It doesn't seem to bother them which means somehow the question is not valid. Vivekananda would say the question is not correct and we have discussed this, why the question is not correct. I mentioned it. I will not go into it today. It's a convoluted discussion and just to give you, those who have not heard this, see you are asking why ignorance? Now when you ask",17445,18045,1974.6000061035156,2018.3999938964844,110
en_video_06_0031,video_06,en,Advaita,31,"why ignorance, what are you asking for? You're asking for a cause of ignorance. Whenever you ask why, what answer will satisfy you? A cause. Why is the grass wet? Because it rained or it snowed. So because, you need a cause. Why is there ignorance? You need a cause for ignorance but the question is valid for everything else except for ignorance. Why? Again why? Because of this. Ignorance, the technical term is maya, space-time causation, desha kala nimitta. Now if you ask why maya? This is what you're asking basically. Why maya at all? What you're asking is why maya is equal to why space-time causation? Why causation?",18046,18671,2018.3999938964844,2067.5599975585938,110
en_video_06_0032,video_06,en,Advaita,32,"Causation is cause and effect. Once cause and effect is set into motion, you can ask what is the cause of this effect? What is the effect of this cause? But why what is the cause of causation itself? It's logically wrong. You can't ask what's outside space? Because outside and inside are space words. You can't ask what's before time? Before and after are time words. Once time has started, you can ask before and after. Once space is there, you can ask inside and outside. But outside space doesn't make sense. Before time does not make sense. Why a cause? Cause of cause does not make sense. That's why why ignorance",18672,19291,2067.5599975585938,2108.9200134277344,113
en_video_06_0033,video_06,en,Advaita,33,"has no answer. Yes. Yeah right. So good karma is, we define it this way. The term for good karma in Vedanta is dharma. The term for bad karma is adharma. So dharma is variously defined. If you look at the dictionary definition of dharma, you will find one page of dharma. It is defined as morality. It's defined as religion. If you're asking what is morality? Then that's a big question. You're asking a question about ethics. What is good and what is bad? There are many ways of defining it. One way, Swami Vivekananda says, he has very powerful insights. He says you can",19292,19864,2108.9200134277344,2165.6400146484375,106
en_video_06_0034,video_06,en,Advaita,34,"try this way. All that is selfish is evil. All that is unselfish is good. Interesting. You can problematize it. But it's a very powerful insight. If you ask me, whatever takes you to enlightenment is good. Whatever takes you away from enlightenment is bad. Sort of operational definition. If you ask a strict believer in say a particular religion, whatever my religion commands, my text sacred text command that is good, whatever they prohibit, that is bad. Now when I act in accordance with commandments, with the do's, I am doing good. When I violate the do's and do",19865,20433,2165.6400146484375,2204.3200073242188,100
en_video_06_0035,video_06,en,Advaita,35,"something that is prohibited, then I'm doing bad. So this is dharma and adharma. This generates what is called papa and punya, merit and demerit. And the result of punya, merit, is sukha, happiness. The result of papa, demerit, is unhappiness. So this is basically the way, the moral causality. This is called law of karma. Let me see if I can rephrase that. Are you asking what, what is... Relative, relative to what? Are you saying ethics are relative or relative to what? Are you saying, are you saying relative in the sense that what is good for one",20434,20987,2204.3200073242188,2286.7000122070312,100
en_video_06_0036,video_06,en,Advaita,36,"person might be bad for other person in that sense? Part of maya, yes, part of, yes, are you asking what would be the purpose of all of this? How is this connected to the Satchitananda? The answer is it's not really connected. The answer is from Advaita Vedanta perspective, this cause, law of causation, karma, good and bad, good deeds, bad deeds, all of it is within the movie. And the Satchitananda is the screen on which the movie is playing. It is not doing good deeds or bad deeds, nor is it really affected by the, nor does it enjoy the results of the good deeds, nor",20988,21562,2286.7000122070312,2339.3800048828125,109
en_video_06_0037,video_06,en,Advaita,37,"does it suffer the consequences of the bad deeds. But, but here's the nub that you will enjoy and suffer the consequences of the deeds that you have done. This is enabled by Satchitananda because it gives existence to everything, it gives awareness to everything. So, so from the point of Advaita, from the point of Vedanta, what is, what do we have to do with all this? What's, what's my perspective? Vivekananda put it very powerfully. He said, good, good, bad, bad and none escape the law. Law of karma, good means dharma. Good, good, dharma leads to punya, leads to sukha. Dharma, good action, leads to merit, leads to",21563,22185,2339.4600219726562,2386.5399780273438,111
en_video_06_0038,video_06,en,Advaita,38,"happiness. Bad, bad, bad action, adharma, leads to papa, demerit, leads to unhappiness, dukkha. And none escape the law. He says, nobody escapes the law, it's under causation. Nobody means, none. of the Jivas, the embodied beings under ignorance. He says, whosoever wears a form must wear the chain too. Whosoever wears a form means, we are all wearing forms here, all bodies. He says, no, wears a form means thinks that I am this one. This is who I am. If you think this is who I am, then the karma which produced this body, that will have its effect on you.",22186,22745,2386.5399780273438,2426.0,103
en_video_06_0039,video_06,en,Advaita,39,"You will also suffer. You will also enjoy according to the merits and demerits behind this body. And whatever you do with this body, those actions also will come upon you. So far is law of karma. All this is within the movie. I see the hand, wait, just a minute, let me complete. All this is within the movie. Then what is Vedanta saying? What is the point here? Vivekananda says, but far beyond name and form is Atman ever free. Know thou art that sannyasi bol, say Om Tat Sat Om. All this is the movie. All this is the appearance. You are the reality of the appearance. You have to know that.",22746,23340,2426.0,2469.0,115
en_video_06_0040,video_06,en,Advaita,40,"As long as you do not know yourself as you are, as long as you identify yourself as the embodied being, as this body being born and aging and dying, as this mind which is doing good things and bad things, when you think I am this one, then the results, the action done by this is, you are a doer and the results will come upon you. You will be the experiencer. This is exactly what the verse is saying. You are neither the real you, pure being, pure consciousness. Like Emerson said, he says that they know not the subtle ways.",23341,23868,2469.0,2507.0,103
en_video_06_0041,video_06,en,Advaita,41,"Who thinks the slayer thinks that I am slaying, the slain thinks I am slain. They know not. The pure consciousness, he says, far beyond name and form is Atman ever free. You, beyond name and form, if you would know yourself truly as you are, you are set free immediately. Simple. Know the screen of the movie. The screen of the movie is not part of the plot of the movie. The screen on which the movie is playing is not a part of the plot of the movie. It is not the villain who commits a murder. Not the police who comes and arrests the villain.",23869,24415,2507.0,2546.0,108
en_video_06_0042,video_06,en,Advaita,42,"All of that is not the screen. Screen has nothing to do with it. And yet, it is only because of the screen the whole thing is happening. You as pure being and awareness, you are unaffected by anything that happens in life. You transcend it. And yet, these are not two different things. Whatever is happening in the panorama of life is happening because of you. Because of your presence, you lend existence to it, you lend awareness to it. Bill, do you remember your question? Yes. You just mentioned the law of karma. But how does an action in the past cause an action in the present?",24416,25000,2546.0,2590.0,109
en_video_06_0043,video_06,en,Advaita,43,"Right. You know what, there's a reason I'm smiling. Just a little while ago, many of you know that tomorrow we have the Interfaith Conference. The moderator of the panel is Swami Atmaroopananda, who is the Swami from Houston. He just came and we got him from Laguardia. In the car, while coming back, Swami Atmaroopananda was telling me, You know, Bill had a question. The question was, how does the law of karma work? Because scientifically, there must be some connection for causation to work. So action done now in some life, how can it produce a result in an entirely different life somewhere?",25001,25598,2590.0,2641.0,105
en_video_06_0044,video_06,en,Advaita,44,"Where is the connecting link? When I thump this table, it's because my hand is in connection with the table that the sound is produced. If there is no connection, if there is no physical causality, how is karma producing result? So the Swami told me, this is the question that Bill had in the 1970s. Exactly the same question. It's amazing that he should ask this right now. So I don't think any answer that I'm going to give is going to resolve the question so quickly. Yes, so that's why you can raise a question about its scientific veracity.",25599,26144,2641.0,2685.0,101
en_video_06_0045,video_06,en,Advaita,45,"But consider it this way. Karma has three effects. According to the law of karma, three effects are produced, two of which stand the test of science. What are the two results? One is an immediate result. You give food to a homeless man and the man eats and he is fed. You can see that. That's a physical result. Any work has a physical result which can be easily observed. That's one effect, the immediate effect. The second effect is psychological. Keep sharing your food with somebody and you starve to death. No, you get the psychology of sharing.",26145,26695,2685.0,2724.0,100
en_video_06_0046,video_06,en,Advaita,46,"Your character changes. That also can be observed. It's fairly uncontroversial. Keep doing an action, it becomes habitual. Keep doing good, good becomes habitual. It's not a struggle anymore. Why I said starve to death, I remembered once we were driving along upstate New York. There was a little restaurant. As we were driving past, I saw that. In the remote, there's nothing near it. And it said on the top, it says, eat here or we'll both starve. I think the poor restaurant owner, you know. You remember that, yes. Eat here or we'll both starve. But it creates a habit of sharing.",26696,27280,2724.0,2772.0,104
en_video_06_0047,video_06,en,Advaita,47,"So these two results, the physical effect and the psychic effect. Both are, you understand, they are non-controversial. The third one is what is called the cosmic effect. That is where a question of belief comes in. What is the cosmic effect? That some action that I do now. Quite apart from the physical effect and the psychic effect. Will give me some kind of a result. In some future time, in this life or the next. That's what we primarily mean by my karma. Now there is the question Bill is asking. For that karma, what is the connecting link?",27281,27829,2772.0,2812.0,101
en_video_06_0048,video_06,en,Advaita,48,"And it's not a question that they have not thought about. They have thought about it. The Purva Mimamsakas. The philosophers who are experts in the ritualistic portion of the Vedas. So the ritualistic portion of the Vedas is all about karma. Do good, get the results and then experience the results. Go to heaven or whatever. So they had elaborate fire rituals. You perform them and the result will be an accumulation of merit. And with that accumulation of merit you go to heaven. Immediately the question is asked. Where is this accumulation of merit and how is it connected to going to heaven?",27830,28426,2812.0,2850.0,105
en_video_06_0049,video_06,en,Advaita,49,"So they postulated something called Adrishta. A potency, some kind of invisible factor which carries this result. So you can see the question is what Bill is asking must have occurred to them also. Why would they otherwise come up with this theory of Adrishta? In fact the word Adrishta has entered into Indian languages. So when people say they come have bad luck or something. Oh it's my Adrishta. They don't know it's a technical term from 3000 years ago. That term fell out of use. When the theistic philosophies of religions, philosophies in India became popular. Immediately you will notice whether it's a Vaishnava tradition, a Shaiva tradition, a Shakta tradition.",28427,29099,2850.0,2896.0,113
en_video_06_0050,video_06,en,Advaita,50,"In whatever theistic tradition we have in Hinduism. Everywhere among all the adjectives given to God, all the qualities of God. One adjective is Karma Dhyaksha. The dispenser of the results of karma. Or in other words answer to Bill's question is what connects karma to its results? One answer for the believers, for those who believe in Bhakti. God is the connector. But it shows that they thought about these questions. And there were skeptics, materialists, charvakas who did not believe in God. Who did not believe in this Adrishta or whatever. So one of the verses of the skeptics, the charvakas goes like this.",29100,29716,2896.0,2943.0,106
en_video_06_0051,video_06,en,Advaita,51,"They are poking fun at the law of karma of the Mimamsakas. They are saying if the oblations offered here into the fire are taken by the fire. Fire is supposed to be, one of the names of fire is Hutavaha. One who takes your oblations to the gods. And so the gods will reward you by taking your departed ancestor, your father to heaven. That is the whole psychology. You offer these sacrifices to the gods in the fire. And the fire takes it to, it's like FedEx. It takes it to the gods. A divine FedEx. And the gods are happy with it and they will make space for your dad in heaven.",29717,30297,2943.0,2993.0,115
en_video_06_0052,video_06,en,Advaita,52,"So if the offering here can take it, the fire can take it to heaven. Then throw your father into the fire. आपका पादा तो स्ट्रेट एवने के लिए गए जाया था। यह चारवाका चिर्वाक है। यह चारवाका चिर्वाक है। आप शम्दो जो आप खेल रहे हम जाना था, मैं जाना रहा हूँ जिन्म के प्रास्तिक्षिना तीने लिए। विदांत will also deny the law of karma. if there is one non-dual reality, what is karma? who is karma? where is it? but, in the level of transactional truth, व्यवहारिक, karma is there. एक लिहारे? otherwise, there is no explanation for moral causation.",30298,30833,2993.0,3036.0,102
en_video_06_0053,video_06,en,Advaita,53,"good leads to good, this implicit belief we have, if you ask, why did this happen to me? religion would say, maybe god is testing you. Buddhist and Hindu would say, it is your karma. what are these answers, whether its god or karma, or whatever god is rewarding or punishing the Abrahamic, that's also in a general sense if u look deeper inside, goddoes not reward and punish even in Abrahamic religions. goddoes not reward and punish erratically and whimsically. god is just because god is just so the punishment and reward is also just which is another way of stating the law of karma.",30834,31421,3036.0,3078.0,106
en_video_06_0054,video_06,en,Advaita,54,"now, what are these answers? these are answers to moral causation question of why is it happening not the physical part of it why did this person who is so good why did this person get such illnesses what does science say? the answer is because he got infected by bacteria what you would say to that is you are telling me how it happened I am asking why it happened because it could have happened to anybody why particularly this person for that, science has no answer science would say, it's an accident you cannot push why beyond a certain range",31422,31969,3078.0,3123.0,102
en_video_06_0055,video_06,en,Advaita,55,"science will give you the physical facts this is what happened this person ate contaminated food for example and therefore got a sickness and that's it but why did it happen to this person not anybody else for that, there is no answer science will say it's an accident Lawrence Cross, the physicist he says if you keep asking why it's like a child who keeps asking why the only possible answer is go to bed but that will not satisfy any of us that everything is random everything is accidental then there is no moral purpose no meaning behind anything happening in the universe",31970,32547,3123.0,3170.0,105
en_video_06_0056,video_06,en,Advaita,56,"so it leads straight away to the whole point back again I would say to the hard problem of consciousness is there any reality to us as conscious beings so that's what I would say yes Bill again but how can you use the word law if you have to have a broad policy action true, we are not using the word law in the strict scientific sense because in the strict scientific sense if you use the term law then the cause and effect must both be observed and the link must be observed and then only you can say it's a law",32548,33061,3170.0,3219.0,104
en_video_06_0057,video_06,en,Advaita,57,"how is the causation but in this case the effects and causes are not observed if you see the effects you don't see the causes they are in your past life if you do the causes right now, do some action you will get the results you don't see the results now in the future life you don't see them together until you see the correspondence you can't call it strictly a law but that's true of any moral law if you say law of honesty law of unselfishness so somebody asked why are you calling them laws it's not like the law of gravity",33062,33590,3219.0,3252.0,105
en_video_06_0058,video_06,en,Advaita,58,you can't break the law of gravity if you try to break the law of gravity by jumping off a building you will just die but if you say honesty is a law I can break that law see this is the question I can break that law I can tell a lie so the beautiful answer to this I read somewhere it says these moral laws you actually cannot break these laws you can only break yourself against these laws the more you violate them the more you are violating yourself your inner integrity as a person you start falling apart internally,33591,34112,3252.0,3285.0,103
en_video_06_0059,video_06,en,Advaita,59,it has an effect it's an undoubted effect this you know this question everything that we are right now is it just genes and our nervous system and our environment or is it something beyond that so this is the topic of the debate which we are going to have next week is it the week after that 28th November I hear some tickets are still available at the Rubin Museum Steve Mitchell he is a neuroscientist geneticist from Trinity College Dublin so I guess it's going to be a debate he is going to say that his point is,34113,34629,3285.0,3332.0,100
en_video_06_0060,video_06,en,Advaita,60,he has written a book Innate which says everything that we are is hardwired there is nothing beyond this no consciousness or certainly nothing that survives death no question of any kind of soul or anything like that it's just this body that's all and I'm going to be talking about what we are just talking about so we are going to discuss this 28th on the Rubin Museum so if you are interested mark it in your diary and you have to register for it evening 7.30 I think I saw the ad but they didn't talk about you,34630,35143,3332.0,3371.0,100
en_video_06_0061,video_06,en,Advaita,61,oh no did they do I hope they do now if you go to our website our website Vedanta Society you will see a link to the Rubin Museum page on the right hand side you just go there on the top right on the homepage itself there is a link click on that it will take you to the place where you have to register I think a few tickets I spoke with the I wrote to the director he said a few tickets are still left let's hear the questions wait this gentleman first and then yes yes,35144,35614,3371.0,3404.0,100
en_video_06_0062,video_06,en,Advaita,62,so I know you say that the real world is not real and it is perceived by the brain through the neurons and chemistry but you can say the same thing about the enlightenment people who have felt the enlightenment or consciousness that that is also perceived by the same mechanisms through the brain so how can one be real and the other not right for that you have to understand what we are talking about here the consciousness in which everything is perceived including brain and nervous system also right now it's not a question of the enlightened person,35615,36168,3404.0,3443.0,100
en_video_06_0063,video_06,en,Advaita,63,perceiving consciousness what is that enlightened person person realizes that I am consciousness he does not see consciousness as an object you see the word which we used aprameya not an object of awareness not an object of knowledge so the atman the pure consciousness is not an object of knowledge just as we see this world just as we experience our own thoughts they are all objects of knowledge why because that's how you see them when you look at this book you are the person seeing and the book is an object to you are you with me,36169,36705,3443.0,3481.0,100
en_video_06_0064,video_06,en,Advaita,64,when you think a thought Swami has a book in his hand that's a thought that thought is an object to you and you are the experiencer of that thought but the consciousness which you are which is lighting up all these objects that is not an object that is what we are discussing here self-evident it cannot be denied it is without it nothing else is if you deny that somebody asked suppose you deny that there is such a thing there is a question in ancient philosophy ancient Indian philosophy they call it jagad andhya prasang the darkness,36706,37243,3481.0,3517.0,100
en_video_06_0065,video_06,en,Advaita,65,"the world plunged in darkness if you deny that awareness it's like this if you see my hand are you there are you seeing my hand say yes if you close your eyes are you seeing my hand you say no but are you there yes are you there as an aware being you are aware that your eyes are closed similarly imagine that you have closed the portals of all your senses are you still there though you are not seeing anything hearing anything smelling, tasting, touching anything are you still there you would say yes follow it further",37244,37765,3517.0,3552.0,100
en_video_06_0066,video_06,en,Advaita,66,if you suppress your thoughts are you still there instead of if you think about it intellectually you might say no it's doubtful that I will be there if I have no thoughts if you follow it intuitively you will see that you are very much there just that you are not thinking when your mind is blank are you there or not when you are not perceiving when you are not thinking feeling emoting anything you are still there what is that and the other question that which is there in spite of shutting down the senses and the mind,37766,38289,3552.0,3589.0,101
en_video_06_0067,video_06,en,Advaita,67,"if you remove that and keep the senses mind and everything what will be your experience do you follow what will happen Nothing. Your entire, everything will disappear. You don't exist anymore. That one is you and the rest are apps. You can download them. Yes, in fact the next verse, we have run out of time. All right, let's just hear the questions. Next verse is very interesting. It talks about what will happen when the apps start failing. So as we grow older, memory is not working as well. People become upset. Don't be upset. You, the consciousness, you are aware of a keen memory. You, the",38290,38887,3589.0,3647.400001525879,109
en_video_06_0068,video_06,en,Advaita,68,"consciousness, you are aware of a faltering memory. Nothing, nothing wrong with you. You're exactly the same. As the body ages, the brain also ages and so certain capacities, everything slows down. It's very natural and it should not upset you at all. It's inconvenient. It's inconvenient. But that's all. It's nothing with you. You are that same unchanged awareness, undimmed awareness. There were two other hands raised there. Bill, yes. Yes, the way they have tried to establish the law of karma is through argumentation. It's not a proof. It's not an empirical proof. It's not a mathematical proof. It's more a proof like lawyers would argue the",38888,39537,3647.400001525879,3714.8399963378906,109
en_video_06_0069,video_06,en,Advaita,69,"case in court. So what do lawyers do? They supply a battery of reasons, evidence, reasons, arguments for their case. So that's how these philosophers who support the law of karma argue. In absence of the law of karma, what other option is there? See, there's this interesting book, The Problem of Evil in Indian Philosophy. Arthur Hermann, he is a professor of philosophy in Hawaii University. So he wrote this book. You know, the question is why is there evil in the world if God exists? So this is a question that every theistic religion has to answer. Non-theistic religions don't have to answer this. Why?",39538,40147,3714.8399963378906,3757.3200073242188,107
en_video_06_0070,video_06,en,Advaita,70,"See Buddhists, why is there evil in the world? That's the nature of the world. It's continuously changing and that gives rise to suffering. That's it. That's the way the world is. It changes and change gives rise to suffering. But if your religion says God exists and this God is an all-powerful God, all-knowing God and good God, loving God, all-powerful and not loving, you can see evil exists because it's a dictator. And it may seem funny now, but the ancients thought in that way, in the pre-Judaic religion. There's a very interesting story, the story of Noah and the great flood. So what happened? If you look at the story in Judaism, the story is that",40148,40807,3757.3200073242188,3806.0800018310547,119
en_video_06_0071,video_06,en,Advaita,71,"God was angry with humanity because they violated the moral commandments and so God wanted to punish them, drown them all. So God flooded the world and but he wanted everything to continue. So he asked Noah who was righteous to arc and take the animals two by two and so on. You know it's very interesting, the same story was there in the Babylonian civilization. Same story but with one crucial difference. In the Babylonian story, Mesopotamia, in the Mesopotamian story there is a counterpart to Noah, there is an arc, there is a flood, there is the anger of God. But the difference",40808,41392,3806.0800018310547,3845.4400024414062,105
en_video_06_0072,video_06,en,Advaita,72,"is this, in the later story that is the Jewish story, God did it. Why? Because it was just, the human beings were awful and God punished them. It was a just punishment because God is good, we were bad, we are punished. See justice, God did it because God is good. Now in the Mesopotamian story, why did God do it? Because the human beings get this, they were so noisy, God got disturbed and he wanted to shut them down. Literally this is the story. So God did it because he could. God was annoyed because you were disturbing God, not because of any idea of good and bad. So you",41393,41970,3845.4400024414062,3886.959991455078,113
en_video_06_0073,video_06,en,Advaita,73,"are in the Mesopotamian story, God is just power like a dictator. The same story, evolution of God. God doesn't evolve, our conception of God evolves. As we became more civilized, we said God cannot just be a despot, God must be a good person, good God. So God is just. And in further evolution, God is not only just, God is also loving. Now if you have a loving and just God, an all-powerful God, why is there evil? Why is there suffering in this world? If God was not all-powerful, the world is like this because God has no other option. This is the best he could do. Very poor designer then.",41971,42565,3886.959991455078,3926.3999938964844,114
en_video_06_0074,video_06,en,Advaita,74,"You can take him to consumer court. Or if God is perfect but not loving, then you can say yes, God has designed an ugly world because God wants us to suffer. But loving God, which of you as parents would not want your children to be perfectly happy? As human beings you can't do it. But suppose you had all the power to make them happy, make their life perfect, which human parent wouldn't do it? So God is our divine parent. Why doesn't God make life perfect if God is existing and omnipotent and all good and loving? So this is called the problem of evil.",42566,43123,3926.3999938964844,3960.519989013672,108
en_video_06_0075,video_06,en,Advaita,75,"Every religion has to answer. The theistic religions in Hinduism also have to answer. In Judaism, Christianity, Islam, everywhere the answer has to be there. This is called the problem of evil. No, are you going to say something about this? No. Hold on. Don't be quick to answer or don't be quick to ask another question. Stay with this question. This is important. So this is called the problem of evil. And what is the answer? Different religions have come up with different answers. In Christian theology this is called theodicy. What does theodicy mean? Justifying the ways of God to man. Justifying the ways of God to man. Why God did this? So there are many",43124,43787,3960.519989013672,4005.5599975585938,118
en_video_06_0076,video_06,en,Advaita,76,"theories. God is testing us. No, I don't like that theory. God is making us strong. Suffering makes us strong. There are many theories like this. So see what answer fits you. So what this professor Herman has done, he has collected all the answers from the different religions of the world, different philosophies of the world, even from literature across human civilization. What is the answer to the problem of evil? And he has collected a list of 23 answers. You think there is no answer to this question? He gives you 23 answers. But don't be so eager to look at the",43788,44358,4005.5599975585938,4041.7999877929688,104
en_video_06_0077,video_06,en,Advaita,77,"answers. None of them will satisfy you. I can guarantee it. Last answer he gives is law of karma. He says the Indians came up with this idea of the law of karma and then he examines it and he finds the whole chapter on the flaws of the law of karma and he says even with this, this is by far the most, it is the most superior answer you can get. The most global. It can explain many things which other things, other answers cannot explain. So he says, so this is the best that civilizations have done over the last few thousand years. And the law of karma, interestingly, Hindus",44359,44937,4041.7999877929688,4080.2000122070312,113
en_video_06_0078,video_06,en,Advaita,78,"have many many views within Hinduism but they all agree on the law of karma. Buddhists don't even believe in God. This Atman that we are talking about, Buddhists have an entirely different idea about it. But they have exactly the same idea of the law of karma. The Jains have the same idea of law of karma. The Sikhs, so all the Indian civilizations, they have religions, they believe in this. One senior Swami, he put it this way, this is a very profound principle because schools of thought across thousands of years with multiple philosophies, multiple theories who disagree on",44938,45518,4080.2000122070312,4120.719970703125,102
en_video_06_0079,video_06,en,Advaita,79,"almost every other point, agree on this point. So this is the, so we are asking what is the justification for law of karma. It's like a battery of arguments. If you read Herman's book, you will find a lot of arguments in favor of the law of karma. Why it should be something like this. Because the alternatives are completely unpalatable. Yes. I want to add something to what Bill's observation is. I think, he says there is no empirical research. I think the entire universe, the creation, it's so self-evident, nothing explains the differences, differentiation. One is born in US, the other one is in India.",45519,46128,4120.719970703125,4162.760009765625,108
en_video_06_0080,video_06,en,Advaita,80,"That is true, that is true. What explains this inexplicable difference? That's what I was just saying earlier. Science can go, science, economics, all of this can explain something. But it will only tell you the how. It will not ultimately answer the why. Why ultimately this particular baby had to suffer in, say, was born in a famine infested area and starved to death. Why? You can give all sorts of economic reasons, political reasons, scientific reasons. It will not close the explanatory gap. क्यों सے कுछ का मॉरल होगा भर हू knock over your your क्यों साई इनसी मारा कैसे पाढ़ानने के",46129,46717,4162.760009765625,4207.320000171661,104
en_video_06_0081,video_06,en,Advaita,81,"जिसके वादी को बनों जा सकते है कि जिस को मछ पड़ें कि उन्हें पर ने""? उन्हें मस्टी कुत्र्मर्य को जो से चSee, the most weapon that closest to our माइके? प्रावादाग करते हैं सब करने के लिए, इपने साथ आप से करता है कि यह एक आपड्ड़ी नहीं है delayed I am the doubter and the doubt where is a doubt but in your awareness where are you the doubter but in awareness itself switch off that thing in the back you know beyond the senses beyond the mind that that awareness switch it off nothing remains no signs religion nothing remains",46718,47238,4207.320000171661,4309.620002746582,103
en_video_06_0082,video_06,en,Advaita,82,a case for yes it cannot be directly perceived but the method is that you catch it the language they use is it is perceived by itself it is self-revealed you know it intuitively I as I am that and it's not in fact everything else depends on it you might think that's vague or that's not how do I know that's true in fact truth and falsity all are proved because of its presence it's the most once you get what they're talking about it's the most indubitable thing in the universe because your entire life depends upon it so it's not proved by,47239,47781,4317.980003356934,4380.860000610352,105
en_video_06_0083,video_06,en,Advaita,83,the methods the ordinary methods of knowledge by ordinary epistemology but what Vedanta will say epistemology depends on it all the methods of knowledge depend on it it's like trying to say that the proof that these people are here is that I see them what's the proof that you are here I saw you so the question the principle is if you see it that's the proof for its existence now if I ask what is the proof that I've got eyes because I can't see my eyes not directly the way I'm seeing you if the proof for existence is seeing and I,47782,48316,4380.860000610352,4420.800003051758,105
en_video_06_0084,video_06,en,Advaita,84,cannot see my eyes the conclusion would be that then my eyes don't exist and yet what would the real answer be the very fact that you are seeing anything at all is a proof every seeing is a proof of two things the object that you are seeing and the eyes themselves though the eyes themselves are not objects which you see out there similarly consciousness is proved by everything in your life once you begin to understand what Vedanta says everything in your life points to you the awareness and it's that consciousness operating the mind and sense organs which stands as witness to the presence or absence of,48317,48926,4420.800003051758,4457.320007324219,111
en_video_06_0085,video_06,en,Advaita,85,other things in fact as she said at the very beginning it's a good way to end the existence of objects is what can be doubted the existence of the subject cannot be doubted it is what lights up the doubt and you know your faith doubt all of these come and go in consciousness so this approach is not an approach of faith what is an approach of faith the God-based approach is an approach of faith that there is such a thing the moment you say I am that thing you don't have to you don't need faith to say that it's like saying that suppose,48927,49466,4457.320007324219,4507.200012207031,108
en_video_06_0086,video_06,en,Advaita,86,I ask you that when you come in you sign your name and I want to know if you came I have to look at the register that whether you were in the class I have to look at register it testifies to your presence now if I want to know whether I was in the class do I have to look for my name in the register was I there in the class maybe it's in the long past but right now no because my own presence is revealed to me directly what is that thing all right we'll end here and the,49467,49939,4507.239990234375,4535.440002441406,104
en_video_06_0087,video_06,en,Advaita,87,next class is yeah the next class is there next Friday there's the next verse I wanted to do it today but we'll do it next time also but it's it's one of those verses which are chanted when somebody dies namastu,49940,50151,4535.440002441406,4567.440002441406,42
en_video_07_0000,video_07,en,Advaita,0,"Om Vasudeva Sutam Devam Kamsa Chanuram Ardhanam Devaki Paramanandam Krishnam Vande Jagadguru An announcement, I see that many of you, I think all of you are taking off your shoes. You know that it's not necessary. So if you, I know some feel uncomfortable if they don't take off their shoes. But if you are comfortable with it, then you can come in with shoes. Just accept this prayer area. You can sit there with shoes also. That's alright. So we are studying the second chapter of the Bhagavad Gita. Where Shri Krishna is giving the central teaching about the Atman.",0,568,0.0,58.63999938964844,101
en_video_07_0001,video_07,en,Advaita,1,"About the self, what we really are. This is, maybe this is one thing that you can take away from the Bhagavad Gita. It would be this one. The teaching about the Atman. That we are this immortal spiritual being. That old saying, we think we are human beings in search of spiritual experience. But the truth is that we are spiritual beings having a human experience. So what have we learned so far? Shri Krishna has said. Verse 11, 12, 13. That the Atman is immortal. Not subject to birth and death. One very big teaching. The body dies.",569,1104,58.63999938964844,109.63999938964844,100
en_video_07_0002,video_07,en,Advaita,2,"The Atman, you, the self, the Atman does not die. Then the 16th verse. Even more stunning. The Atman alone is real. The world of appearances. This world is a world of appearances. Including the body and even the mind. They are not independent realities. I will not explain. We have gone through it in detail. Not being independent realities. Their reality depending on the Atman. This dependent reality, another term for that is falsity or Mithyatva. So that's what we saw in the 16th verse. The Atman is not only eternal. It is the only reality. And the non-Atman, the non-self, body, mind and the rest of the world.",1105,1722,109.63999938964844,155.63999938964844,110
en_video_07_0003,video_07,en,Advaita,3,"They are appearances in the Atman. Then 17th verse. We saw the Atman is, if it is the only reality, then whatever you experience must be the Atman. So it is all pervading. The word used was sarvam idam tatam. Everything that you experience is pervaded by the Atman. Contrary to what we normally think. Atman means the self. Come on in. The Atman means the self. But we normally think that there is something which is the non-self. That is other than me. Here we are taught that whatever you regard as other than you, is in a deep sense nothing but you.",1723,2275,155.63999938964844,204.63999938964844,104
en_video_07_0004,video_07,en,Advaita,4,"So the Atman pervades everything. The self pervades the not-self. That's the third thing we learnt. That was in verse number 17. Each of them can take several lectures to probe. They are worth assimilating. And they are all counter-intuitive. The 18th verse tells us the Atman is not an object. It's not an object. Apramaya. Apramaya means not an object of knowledge. It's not something that you see, hear, smell, taste, touch. It's not something that you infer. It's not something that is an object of scientific enquiry or religious belief. Rather it is the pure subject. It is not the object of knowledge.",2276,2884,205.63999938964844,252.63999938964844,105
en_video_07_0005,video_07,en,Advaita,5,"Rather it is a subject. It is not something that is known. Rather it is the knower. And which has many ramifications. When you look at it that way, then first of all it points out clearly what the Atman is or where it is. Where means within quotes. And why we cannot see it as an object. Then the next verse. 19th verse. We saw that the Atman is not a doer of actions. Nor is it the experiencer of the results of actions. In Sanskrit, Akarta bhokta. It's not the karta, the doer, the agent of action. Bhokta means the experiencer of the results of actions.",2885,3441,252.63999938964844,299.6400146484375,108
en_video_07_0006,video_07,en,Advaita,6,So the Atman in itself is free of the law of karma. Free of karma. Cause and effect. It's beyond causality. So these are all extraordinary claims. And all counter intuitive. It's natural for us to think that I am born and I shall die. This seems to be the fundamental truth. The first thing Krishna said that no. You are not born nor shall you die. You are immortal. Then the next thing which seems common to us is that I don't know what I am but the world here is very real. Just the opposite. You are the reality and the world is your appearance.,3442,3990,300.6400146484375,343.6400146484375,107
en_video_07_0007,video_07,en,Advaita,7,"Again counter intuitive. Intuitively I think I am here small. A tiny part, a tiny speck in a vast universe. So limited in space, tiny just here. So limited in time. Born and dying. Neither limited in time nor limited in space. Counter intuitive that you are the vast. You are unlimited. All pervading. And then again when it says that you are not an object of knowledge. We have almost instinctive urge to objectify. Very understandable. Because everything that we have known in our lives and anybody has known in their life there has been an object of knowledge.",3991,4554,344.6400146484375,397.6400146484375,100
en_video_07_0008,video_07,en,Advaita,8,"Either something that you have seen or heard or smelt or taste or touched. Or it's something that you have thought of, remembered, conceived. Speculated about, proved, believed. They are all objects to consciousness. When you get what they are talking about it's direct. It's very intuitive. It's very blindingly obvious. But until that time we tend to keep making this mistake. Whatever we are taught we think it's some object which they are talking about. And in fact I mentioned that once we begin to understand it's not an object. Our reaction is it doesn't exist then. Because everything that we have experienced in existing is an object.",4555,5198,398.6400146484375,446.6400146484375,109
en_video_07_0009,video_07,en,Advaita,9,"So we go into nihilism or emptiness. No the Atman does exist. It is you and it's not an object. It's not an object. But look at our language. Even the word it is an object word. It, that. Then the next one. What could be more natural than thinking of yourself as the doer of actions. And we think of ourselves as I enjoy, I suffer. I am the enjoyer, I am the sufferer. And he says no, no. You are not the doer nor are you the enjoyer or the sufferer. Then next. 20th verse. So please chant after me.",5199,5698,448.6400146484375,501.6400146484375,102
en_video_07_0010,video_07,en,Advaita,10,"20th verse. So the self, Atman. Remember whenever we are talking about the self. It means you. Because the mind is very tricky. Might end up saying. Yes I understand my self is wonderful. But I have some problems. Self means you. The self is not born and it does not die at any time. It does not again come into existence by being born. The self is birthless, constant, eternal and ancient. It is not slain when the body is slain. So this is the meaning of the verse. As we go a little deeper into this, it becomes very interesting.",5699,6231,521.6400146484375,580.6400146484375,102
en_video_07_0011,video_07,en,Advaita,11,"Before I forget, let me tell you. That I was studying my copy of the Shankara Bhashya, the commentary by Shankaracharya. So I found a note there in my handwriting. So I don't know where I got it from. It's not Shankara who said that. तो तो वनिया खा होता है नावश्य में कोई नाया Kara ह मैंंकर आपको प्लमाडि केसं ने इं्द्यान फूल्सेफ़ी में प्लमाडि को समझ होता है और पुणहरूर्कतिती नहीं होता है, पुणहृरुरुर्क्तिती यत्र यत्र धूमह यत्र यत्र वनियी तत्र तत्र धूमह किसिओं में शुष होगा,इसंे मोह से षोदर्वात ही है यत्र यत्र धूमह तत्र तत्र वन्डा",6232,6762,586.6400146484375,892.9400024414062,100
en_video_07_0012,video_07,en,Advaita,12,किसिसे मोह ना ढूला अभारूस होंगा यत्र यत्र धूमह तत्र तप्तर वनडी किसिसे मोह ना ढूला अभारूस होंगा na hanyate hanyamane sharire is not destroyed by the destruction of the body what's going on here is um the the sanskrit lexicographer you know what that is dictionary those who compile lists of words um the sanskrit lexicographer yaska who lived i think more than 2 000 years ago so he's compiled one of the first dictionaries of the world and he is well known for compiling this set of six changes he says worldly things especially our body it undergoes sixfold changes in sanskrit shadvida vikara sixfold changes,6763,7373,893.0199890136719,1247.9199981689453,108
en_video_07_0013,video_07,en,Advaita,13,what are these six changes change number one um birth jayate birth change two is a bit peculiar having been born it comes into existence if you think about it sounds a strange way of putting it but actually if you think about it it is quite correct that which was not there is now there so that's a change right so it's called asti jayate born comes into existence vardhate grows grows so a baby a kid a little boy or girl a teenager grows then the fourth one is viparinamate matures and keeps on changing in middle age reaches a,7374,7903,1247.9199981689453,1291.7600021362305,102
en_video_07_0014,video_07,en,Advaita,14,plateau of development and then apakshiyate degenerates ages hits 40 so goes downhill uh degenerates body starts decaying and then finally nasyati dies destroyed so these are the sixfold changes according to yaska the ancient lexicographer sixfold changes you would expect of a body now what has happened here is if you look carefully these terms are used to deny those six changes of you the atman so by saying ajaha unborn it denies that in a denies the first change birth and then nityaha it denies the the last change death nityaha means eternal does not die so denies the last change death,7904,8498,1291.8399963378906,1351.1199951171875,104
en_video_07_0015,video_07,en,Advaita,15,then shashvataha the undecaying it denies the fifth change decay purana ever fresh it does not become it does not grow as such it is eternally fresh so purana means it denies the third change that is vardhate grows so and it's already said and the in between change that it matures and remains at a steady state for some time the last one here a little bit of magic is done with grammar shankaracharya the commentator he says the verb can also represent change so it means it's a denial of the um the fourth change that is the plateau,8499,9033,1352.0800018310547,1408.479995727539,101
en_video_07_0016,video_07,en,Advaita,16,reaches a certain viparinamate reaches a certain level of development and remains there for some time and the second one that not having existed comes into existence not being there comes into existence that has already been denied by the third quarter that it was not that it was not there and came into existence by birth so my point is what this verse is doing though it looks like repetition what this verse is doing it denies the sixfold changes common to the body it denies those sixfold changes of the atman yes oh okay in advaita vedanta no difference atman literally means,9034,9615,1408.5599975585938,1454.1600036621094,104
en_video_07_0017,video_07,en,Advaita,17,the self you and brahman if you look at the uh derivation literally the word bringer that the root means the vast it means the vast now why use two words if they mean the same thing the reason is when you look into yourself the reality that you discover i am what i am really which is what we are talking about that is called atman. Atman literally means self the essence and if you investigate this universe the reality that you discover the reality of the vast is called brahman and the conclusion of advaita vedanta is both of them are the same thing,9616,10169,1454.1600036621094,1496.1600036621094,106
en_video_07_0018,video_07,en,Advaita,18,atman is brahman if you want to know advaita vedanta in one sentence it's that atman is brahman the great mahavakyas the profound sentences that thou art that thou art means that brahman thou the atman you are that aham brahmasmi i am brahman even more direct i the atman am brahman this very awareness which you have correctly understood and appreciated is none other than the ultimate reality brahman this awareness means you what you find yourself inside what we find look when we look inside what we find ourselves to be the atman that is actually brahman and another,10170,10741,1497.760009765625,1544.3200073242188,101
en_video_07_0019,video_07,en,Advaita,19,line from the mandukya i am atma brahma again more direct very direct this very self is the ultimate reality brahman so atman and brahman are the same reality this is the central teaching of the of non-dual vedanta and if this is appreciated understood and realized it's enough to set you free spiritual freedom moksha nirvana whatever you call it this realization is enough why would this set us free from limitation suffering death i'll give you a pointer you can mull over it and see what what it means to you that we are sentient beings we are awareness there's no there's no doubt about it right,10742,11342,1544.3999938964844,1592.6400146484375,109
en_video_07_0020,video_07,en,Advaita,20,nobody has any doubt that that you are a thinking feeling knowing aware being being are you with me this is most important but if you don't take this first step next will not make any sense i need to know that you are we are on the same page or you look confused what are you talking about are you aware and i mean aware in a very general sense are you thinking feeling uh desiring hating loving being are you aware is there consciousness there yes one two the problem the human problem put in its most general and fundamental form is this consciousness,11343,11896,1592.6400146484375,1634.7999877929688,106
en_video_07_0021,video_07,en,Advaita,21,which we find ourselves to be is a very limited consciousness by limitation i mean we are subject to death we are subject to old age we are subject to disappointment we are subject to desiring without fulfillment we have any number of limitations this is the problem point number two point one i am consciousness point two it's a very limited disappointing consciousness are you with me so far would you agree with me that this is one way of stating the human problem no it's like what is he talking about my problem is the traffic on the way back from and i'm worried about lincoln tunnel that is,11897,12494,1634.7999877929688,1684.7200012207031,111
en_video_07_0022,video_07,en,Advaita,22,limitation that is limitation that's what i'm talking about any practical problem in your life that's limitation so that's the second thing what solution advaita vedanta provides here is when you say atman is brahman you know what they're trying to say this very consciousness that we know ourselves to be you know yourself to be this is unlimited consciousness this consciousness is not subject to the limitations we think it is subject to and to educate us into the nature the real nature of ourselves that's what advaita vedanta is doing i'll repeat three points freedom and enlightenment in three points one is we are conscious beings we are conscious second it's a,12495,13164,1684.7200012207031,1728.4000244140625,114
en_video_07_0023,video_07,en,Advaita,23,very limited disappointing consciousness third we are wrong it's not a limited disappointing consciousness it's actually infinite unlimited consciousness there is no problem at all that's what advaita vedanta wants to show us that's the meaning of atman is brahman if you don't seem convinced then you have to keep coming to the class that's what krishna is telling arjuna continuously all these things what did he say you the conscious being arjuna you don't die first thing he said you are the only reality the entire universe is an appearance in you second thing atma satyam jagat mithya third thing you pervade everything that you,13165,13799,1728.4000244140625,1773.2000122070312,106
en_video_07_0024,video_07,en,Advaita,24,"experience you are not a tiny spark of tiny spark of consciousness in a vast uncaring universe rather the entire universe that you experience is within you the experience even in the language that i'm using if you notice carefully entire universe which you experience you pervade it all you are the vast you are not tiny number four what was number four The Atman is not an object, it's not an object, it's not an object of knowledge and that has many ramifications and so on. It's not a doer, not a sufferer and now it is saying, this 20th verse is saying the Atman is not subject to the sixfold changes which the body is subject to.",13800,14434,1773.2000122070312,1822.0,119
en_video_07_0025,video_07,en,Advaita,25,"That's what it just said. If somebody says, I mean you're too polite to say it, but somebody might object that these adjectives, you are just fitting them into the sixfold changes. Shashvata, Purana, how do you know that it is denying the second change or the third change or something like that? Well, you take your complaints to Shankaracharya. I've got the interpretation from Shankara's commentary on the Bhagavad Gita. Alright, having said this, 21st verse. Purusa Purusa Partha Kam Ghata Yati Hanti Kam Whom, O Partha, can that person who knows this Self, Atman, to be imperishable, constant, birthless and immutable, slay or cause to be slain, and how?",14435,15094,1823.0,1901.0,111
en_video_07_0026,video_07,en,Advaita,26,"So this is the verse. Remember the language of slaying and cause to be slain is because the context is the battlefield. It basically means action. How can this pure unchanging consciousness be a doer of actions? How can it be an agent of action? That's what he's asking. It starts with a word, Veda. Know this. Very important. What is the method of Advaita Vedanta? What are we supposed to do? Veda here means to know, to realize. The whole point of spirituality according to Vedanta is to realize. Realize the teaching. As against what? Are you supposed to believe? Are you supposed to meditate or pray or go on pilgrimages or subscribe to a particular faith or church?",15095,15765,1901.0,1962.0,120
en_video_07_0027,video_07,en,Advaita,27,"What we normally associate with religion. What Vedanta says is all of those may be useful and helpful but that's not the point. The point is use all of that to realize this truth. As Swami Vivekananda said, each soul is potentially divine and the goal is to manifest this divinity already within us. Do it by meditation, do it by service, do it by love, do it by knowledge. In fact he said do it by philosophy. Do it by philosophy, by one or more or all of these and be free. That is the purpose of religion. Books, temples, doctrines and churches are secondary details.",15766,16336,1964.0,2010.0,107
en_video_07_0028,video_07,en,Advaita,28,"So this realization which sets you free, this is the whole purpose of Vedanta and I dare say of all spirituality everywhere. Bible says know the truth and the truth shall set you free. Basically this thing, realization. Notice I am making a slight distinction between knowledge and realization. It's not just knowing it because you can claim now I know it. Now I know it. I attended the class, I read the book, I even memorized the verse. I downloaded the talk, so now I know it. I spent countless hours on YouTube, so now I know it. So am I free, am I enlightened?",16337,16902,2011.0,2054.0,106
en_video_07_0029,video_07,en,Advaita,29,"No, what remains is this knowing while important has to be deepened into realization which is first person experience. I must be honestly able to claim, not that the Atman is immortal, Atman is real, the Atman is all pervading. No, I am immortal. I am the reality of which the universe is in appearance. I must be honestly able to claim this, to see this. Not claim it just as a slogan, but actually to see it. So there the knowledge has been assimilated into realization. Swami Vivekananda says, tell yourself again and again that I am that Atman.",16903,17451,2055.0,2101.0,100
en_video_07_0030,video_07,en,Advaita,30,"Till this thing tingles with every drop of your blood, till it becomes a living reality. It's not brainwashing. It is something that you have understood, it must be converted into a living reality. Just as we without any doubt think that we are bodies right now. At that time without any doubt we will see ourselves as an unlimited immortal consciousness. Spirit, not the body. So that is realization. And that can be done. The Vedanta process is Shravana Manana Nididhyasana. You listen to this, study it. Step 1. Step 2. Think it through. Every possible doubt, one has to stay with it for some time and see what doubts come up.",17452,18081,2101.0,2150.0,113
en_video_07_0031,video_07,en,Advaita,31,"I have seen in long standing students, questions begin to crop up. The answers to which has been given. Every other class we give the answers actually. But the question first comes after a long time. Then only the answer makes sense. That is the process of Mananam. In fact there is a deeper process of Mananam, that is reflection. Where you try to live your life according to what you have studied. Where you try to live your life according to what you have studied. In that process there will be struggle. And in that struggle, that is basically spiritual practice.",18082,18649,2151.0,2187.0,102
en_video_07_0032,video_07,en,Advaita,32,"Things fall into place. When you stay with that insight, this is called the third stage meditation, Nididhyasana. That leads to the moment of awakening where you see it is so. It has always been so that I am this unlimited consciousness. So all this is meant by the word Veda. Realize yourself as this. It is already there, you are already this. We have hypnotized ourselves into believing that we are these little bodies, little cages of flesh and bone. Swami Vivekananda again and again he would say, if only you knew yourselves as you are, as you really are.",18650,19211,2188.0,2229.0,101
en_video_07_0033,video_07,en,Advaita,33,"What would happen if we knew ourselves as we really are? All our problems would be solved. Not that at the physical level, at the practical level. If you become enlightened, would it solve the problem of getting a ticket on your car in the wrong parking? No, you still have to pay the ticket. But the deepest problem, this problem of very human existence, that is solved. You know yourself as beyond all problems. Veda, you realize yourself. As what? Again a series of adjectives is given. Avinashinam, indestructible. Nityam, eternal. Ajam, unborn. Abhyayam, undecaying. You see, again those changes are negated here.",19212,19830,2231.0,2285.0,104
en_video_07_0034,video_07,en,Advaita,34,"If you are Avinashi, you are not subject to death. If you are Nitya, here it means undecaying. You are not subject to the fifth modification, old age and decay. If you are Ajam, unborn, clearly you are not subject to the modification called birth. Abhyayam, you are not subject to the modification called growth or development. You are one and unchanging. Such Sarpurushad, such a consciousness. How can such a consciousness engage in action or reap the results of action? It leads to the question then who engages in action? It is this consciousness alone. There is nobody else who engages in action.",19831,20432,2286.0,2333.0,104
en_video_07_0035,video_07,en,Advaita,35,"It is this consciousness alone, forgetting its true nature, identifying with body and mind, becomes the jiva, the sentient being who engages in action and suffers the results of action. Are you alright so far? He will come back to the same conclusion again. If you are not the doer, the action will continue. At the level of body and mind, everything will continue as the world continues. What you have to realize is, even though acting through body and mind, you are truly the untouched, non-acting consciousness. That is what has to be realized. He is not telling you, that's what Arjuna wanted to do.",20433,21036,2334.0,2382.0,106
en_video_07_0036,video_07,en,Advaita,36,"He wanted to give up all this and go away to the mountains and meditate and be a mendicant, a beggar. He says no, that's not the way. That is also being trapped in action. He will tell later on, giving up action is not attaining to the state of the non-doing consciousness. The non-doing consciousness is always there. is there, even in the midst of intense action. The most intense action can go on and you realise you are the consciousness which does not do anything. Many examples can be there. Imagine a screen on which a movie is being played.",21037,21585,2383.0,2417.7999992370605,102
en_video_07_0037,video_07,en,Advaita,37,"In the movie, intense action is going on. It could be an adventure or something like that, you know. There could be storms or a fire or something. Tremendous action is going on. Yet from the point of view of the screen, nothing is happening. Another example, imagine your dreams. Recall your dreams. Imagine a dream which was a really happening kind of dream. Lots of things happened. Yet you can claim with absolute honesty, when you wake up, what can you claim? Nothing happened. Nothing really happened. Because that was not actually from the point of view of the waker, none of those things",21586,22180,2417.7999992370605,2457.8800010681152,105
en_video_07_0038,video_07,en,Advaita,38,"happened. In the dream it did happen, but when you wake up out of it, you realise it didn't happen. Analogously, can you imagine yourself to be that light in which all of these things appear, work out, play out and disappear back again. From the point of view of the light, nothing has happened. To a Brahmin, it does not matter. From Brahmin's point of view, from the point of view of pure being, it really does not matter. It matters from society's point of view. It matters at this level. You know, all these non-dual teachings, they talk about two truths.",22181,22740,2457.8800010681152,2495.7600021362305,103
en_video_07_0039,video_07,en,Advaita,39,"An absolute truth and an apparent truth. Apparent truth or transactional truth. So for example, right now we are sitting here and studying Vedanta. What level is this? It's apparent truth. Transactional truth. And at the level of transactional truth, all of it works. There is causality, there is karma, there is good, there is evil, there are things to be done, things can get better, things can get worse. And the solution proposed by Advaita Vedanta is identify yourself with the absolute and act in the relative. You cannot not act in the relative. What will you do with this body and mind, even when you realize that you are Brahmin?",22741,23379,2495.7600021362305,2543.240005493164,112
en_video_07_0040,video_07,en,Advaita,40,"What will you do? Right now what you are doing is, I do not know myself as that infinite awareness. I know myself as a very limited conscious being and I'm trying to do the best I can. This is our life right now. What they are proposing is, if you investigate, we will show you how you are that unlimited awareness, not affected by birth and death, not affected by the vicissitudes of life. And yet you are in the midst of life. That's a very enjoyable position, enviable position also. When you know you are perfectly safe, then you can play the game to the hilt.",23380,23944,2543.240005493164,2581.3200073242188,108
en_video_07_0041,video_07,en,Advaita,41,"In fact, then an ethical, moral life becomes possible. What have you got to be afraid of? What can tempt you, what can scare you? Nothing. The consequences of that, you are asking about why should one act then. The consequences of that, one good way of understanding is, if you look at people you consider to be enlightened, what did they do with their lives? And you will get a wide array of answers. If you look at Ramana Maharshi, he sat in a cave, though his very presence was a blessing. There have been enlightened people whom nobody has known about.",23945,24501,2581.3200073242188,2621.9199981689453,103
en_video_07_0042,video_07,en,Advaita,42,"They have disappeared from society without people knowing about them. On the other hand, there have been enlightened people who led lives of tremendous activity and whose blessings we are counting now. The great teachers of religion, the great leaders of social reform, many of them were spiritual masters. And they readily sacrificed their lives because they found something that was eternal. For them it did not matter, this little life. They found an oneness with everything. So our suffering became their suffering and they wanted to help us out of it. Therefore he says, therefore fight, therefore do your duty.",24502,25118,2621.9199981689453,2664.7999877929688,101
en_video_07_0043,video_07,en,Advaita,43,"Knowing the reality of yourself to be this, now do thou your duty. In Arjuna's case, it was fighting the good fight. In our case, we have our little battlefields, each of us. Does that address your question? Realize yourself to be this, center yourself in this realization, then act. You say why act? At the level of the body-mind, what else can you do? Yes. Moral and ethical life to the best level that is possible, yes. That's perfectly alright. I just feel there is a big contradiction in that statement. And because we are still living in the body and mind, you can just keep pointing yourself",25119,25717,2664.7999877929688,2734.8399963378906,109
en_video_07_0044,video_07,en,Advaita,44,"to the absolute, but then slipping back. Even if you became aware of it, hundred times a day you will point yourself to absolute but still come down to the lower truth as you say. Right, true. And this is our experience, you would feel that this is how it's going to be. At the beginning it may seem to be like that, but very soon you will see it is not so. Because somewhere deep inside is a feeling that I am this being and I am trying to get hold of a theoretical absolute, so I keep slipping back into what I am.",25718,26234,2734.8399963378906,2775.8399963378906,105
en_video_07_0045,video_07,en,Advaita,45,"Very soon it will change into I am the absolute. I keep slipping back into habitual patterns of activity. Habitual thought patterns. Very soon you will see all our slipping, our mistakes are because of past conditioning. It will be a very interesting but very difficult phase where what will happen is you are clear about this, that I am the unchanging consciousness, no longer theory. You say this has to be the truth. And yet in life there is a struggle. And the struggle you will see is not because somehow I become the body-mind, no. You will see that even when I think I am the body-mind and I act accordingly,",26235,26850,2775.8399963378906,2822.8399963378906,113
en_video_07_0046,video_07,en,Advaita,46,"even then I am not the body-mind. But I am acting due to strong past conditioning. That deconditioning process takes time. But before that what Vedanta says is that breakthrough is essential. What Vedanta tries to do is the breakthrough. See there are two ways to it. One is the conventional spiritual way is a lot of spiritual practice. Yes, you are the body-mind, you are this person, now try to be an unselfish person. Try to be a truthful person. Try to be a disciplined person. Try to meditate twice a day, pray thrice a day or whatever. Have devotion, do good to others.",26851,27427,2822.8399963378906,2866.8399963378906,105
en_video_07_0047,video_07,en,Advaita,47,"So all these spiritual practices they continue as what? What are you? I am this person. What are these spiritual practices doing from the point of view of Vedanta? They are preparing you for this insight. But the time will come when through these conventional spiritual practices one makes a breakthrough and you have that insight. Clearly, suddenly there is a shift. The reference of the I, when I say I, it refers to body-mind, it changes. It refers to that witness consciousness, that unlimited consciousness we are talking about. You see it must be so. Once it has changed, then those practices will still continue.",27428,28047,2866.8399963378906,2912.8400268554688,106
en_video_07_0048,video_07,en,Advaita,48,"You are still not a fully enlightened being. Those practices will still continue. They are more like expressions of the truth. What you have found yourself to be. You see this is the wise way of living. No longer to find this truth. You have found it already. Now to establish yourself in that truth. You will see to act contrary to ethics. To act contrary to spiritual practices will seem contrary to what you have found. You have found yourself to be the witness consciousness. Immortal, the only reality. And to act out of impulse, out of anger, out of hatred",28048,28610,2912.8400268554688,2949.8400268554688,102
en_video_07_0049,video_07,en,Advaita,49,"will seem very contrary to what you have found. Still you will keep on, that slipping will keep on happening. Why? Because the mind is conditioned. But less and less and less so. This is called the path of Jnana Yoga. Difficult one. But this is also called the direct path. Every other path is indirect. Yes, that is true. Of course, right. There is only one reality according to Advaita Vedanta, one non-dual reality. Did you notice in the 16th verse it says the Atman is the truth or is a reality and the world is an appearance. It means it's a non-dual reality. That means there is no other reality. Not that there are many Atmans floating around.",28611,29261,2949.8400268554688,3027.0,120
en_video_07_0050,video_07,en,Advaita,50,There is only that one consciousness in which the universe appears. Are we all one or different? In the 13th chapter Krishna will say you are that consciousness other than body and mind. How many consciousnesses are there? He says there is only one consciousness here. One immortal consciousness and no me to be that consciousness. Me means God. So in that half a verse he answers two questions. How many Atmans are there? How many pure consciousnesses? How many spiritual realities are there? One. And the second question is what is God in all of this? God is that spiritual reality.,29262,29846,3027.0,3070.0,102
en_video_07_0051,video_07,en,Advaita,51,"You are saying I and God are one and the same? Yes, that's what it is saying. But I not as this individual limited being, in your true spiritual nature as the unlimited consciousness. That is what is God in Advaita Vedanta. In that sense think about it. You are actually experiencing God right now. In every thought, in every feeling, in every experience of life. The material which you are experiencing is nothing other than the divine itself. Only under the limitation of our ignorance. Then the 22nd verse. This is another of those verses which are chanted when somebody passes away, somebody dies.",29847,30448,3070.0,3129.0,105
en_video_07_0052,video_07,en,Advaita,52,"Very famous verse from the Bhagavad Gita. It says that as we go from death, from life to death to other lives, it's like changing a suit of clothes. As you give up old clothes and put on a fresh suit of clothes, exactly like that we give up old bodies, decaying bodies, dead bodies and go on to new bodies. sannyāsa-nirvānī-yathā vihāya na vāni-grihānāti-naroparāṇi nāvāni-grihānāti-naroparāṇi tathā śarīrāṇi-vihāya-jīrnān anyāni sañjāti-navāni-dehi anyāni sañjāti-navāni-dehi one body falls apart and you go on to get another body so the example he gives is of clothes clothes are old or torn so you discard them and buy new clothes",30449,31082,3129.0,3233.0,105
en_video_07_0053,video_07,en,Advaita,53,"friday sale? what is black friday? black friday, yes black friday sale so you go and buy new ones God also has a black friday sale sometimes you go and pick up new ones except that in this case you are doing it consciously in our own lives it's done by the law of karma we do not have conscious control over it what bodies we come into when they will end and what new bodies we will get it's all determined by cause and effect everything that is happening now is an effect of which there are causes and every cause that is set into motion",31083,31621,3233.0,3270.0,107
en_video_07_0054,video_07,en,Advaita,54,will give rise to certain effects now a little bit of basic Vedanta bodies when you speak about bodies from a Vedantic perspective there are three bodies not one you have three bodies one body is this physical one the public one which the doctor can check the one which you are sitting on the chair this one this is called gross body not in the American sense of gross physical meaning physical though it can be pretty gross especially if you cut it open and see what's inside it can be pretty gross but gross body means physical body,31622,32156,3270.0,3312.0,100
en_video_07_0055,video_07,en,Advaita,55,in Sanskrit sthula sharira body number one second body subtle body sukshma sharira it doesn't mean a particularly slim body it means it means what you are experiencing right now if you ask what's the proof for the subtle body proof for the gross body or physical body there is no need to ask this question everybody knows it exists here it is but what is the proof of the subtle body again you experience it all the time thoughts feelings emotions all of that all the first person experiences about yourself the person you experience yourself to be that's the subtle body,32157,32728,3312.0,3356.0,103
en_video_07_0056,video_07,en,Advaita,56,so why call it a subtle body why isn't it a part of the gross body it is not no scientist till now has been able to discover how for a scientist the physical body ends at the brain at the neurons that's it how that translates into our mind thoughts feelings emotions memories clearly they are linked but how nobody knows I mean many of you are studying biology neuroscience philosophy tell me does anybody know no it's an amazing thing something that we experience all the time that's our life what's our life thoughts feelings emotions desires the way we are experiencing it inside,32729,33311,3356.0,3409.0,106
en_video_07_0057,video_07,en,Advaita,57,that's how we live our lives we do not experience life as secretions from the kidney and the electrical movements in the brain we do not there's no doubt that it's happening in the body no doubt about it science has investigated it in great detail and all the physical systems of the body definitely enormous amount of knowledge we have we experience none of it what we experience inside each of us right now the first person experience what are technically called qualia subjective experiences that's what is called the subtle body there is good reason to call it a separate body,33312,33892,3409.0,3452.0,103
en_video_07_0058,video_07,en,Advaita,58,by your very observation the two are of different nature you can clearly see this physical body and what it feels like from inside two different things think a thought two plus two is four or my name is Swami Sarvapriyananda think a thought and touch this physical body these are two different things entirely so subtle body sukshma sharira what is the subtle body then? physical body we know it's made of hands and feet and legs and we know organs and organ systems and cells and so on what's the subtle body? what are the parts of the subtle body?,33893,34442,3453.0,3488.0,102
en_video_07_0059,video_07,en,Advaita,59,"Vedanta says there are different ways of classifying there are actually nineteen parts to it nineteen parts the five sense organs not the physical organs they are parts of the physical body but the powers the experiences you get of seeing, hearing, smelling, tasting, touching five sense organs five motor organs and what you call the five vital functions pancha prana that makes five plus five plus five fifteen and then four parts of the mind mana, buddhi, chitta, ahankara the mind itself memory the function of egotism or ego and intellect so these are the four together nineteen parts",34443,35032,3488.0,3532.0,100
en_video_07_0060,video_07,en,Advaita,60,this comprises the subtle body according to Vedanta there are different ways of classifying some make it seventeen the Buddhists have a different way of classifying it and so on but it's there all Indian philosophers acknowledge that you are a subtle body inside a physical body and there is a third one according to Vedanta third one only figuratively called a body it's called the causal body not casual body causal body the causal body is that barrier which transforms you the infinite consciousness Brahman into this individual being what could that be it's just ignorance it's called ajnana,35033,35628,3532.0,3577.0,100
en_video_07_0061,video_07,en,Advaita,61,"ignorance of our real nature it's called the causal ignorance that itself is taken as a body it comes as a first covering or sheath then it's covered over by the subtle body then it's covered over by the physical body why am I saying all this at death it's the physical body which dies which is discarded like an old pile of clay The subtle body continues. Subtle body is not born with birth, it does not die with death. It curls up into a little seed and then goes on until it finds another physical body where it can express itself.",35629,36163,3577.0,3617.0,103
en_video_07_0062,video_07,en,Advaita,62,"So that's the idea. You, what about you the Atman? You are pure consciousness, you neither come or not go. You have identified, Atman has identified itself with so many causal bodies and subtle bodies. So it becomes millions and billions of what are called Jivas, sentient beings. And each of these Jivas gets different physical bodies and lives out its life, does karma, gets the result of karma and the result of karma is expressed in newer and newer physical bodies. So this is the cosmic game which is going on. Actually you are the infinite consciousness. You are not the three bodies. You are not the causal body, you are not the subtle body, you are not the physical body.",36164,36843,3617.0,3659.0,122
en_video_07_0063,video_07,en,Advaita,63,"At death physical body dies, it is exchanged for new physical bodies. They need not be human. Black Friday sale, lots of different kinds of bodies are available. We go from life to life means from physical body to physical body, but we go means what goes? The subtle body goes and the causal body also travels. These two travel together. Causal body is a technical point and we will not concentrate upon it. But the subtle body is something that we all experience. Right now we are experiencing it. This is a very good question. So what is freedom? What is Moksha?",36844,37408,3659.0,3702.0,103
en_video_07_0064,video_07,en,Advaita,64,"What is not Moksha? This kind of existence is not Moksha. So death is obviously not Moksha. Death is not freedom because you still exist as a person and you will go on. So in death you do not die with death. You go on and you are existing as a person. It's not good news. From Vedantic, not only Vedantic, all Indian schools. It's not good news. It's the bad news actually. You don't stop at death. We have existed earlier, we will keep on existing as long as you want to. As long as you are having a good time, God says go on, have a good time.",37409,37954,3702.0,3738.0,110
en_video_07_0065,video_07,en,Advaita,65,"When you say no, I have had enough. I want to go back to my real nature. Then spiritual life starts for you. You get the bulletin of the Vedanta society. That there is a Gita class. Yes. Now let me complete the answer to that question. So then what happens at Moksha? You see these questions and answers, they are not for one person. So when one person is asking a question, don't switch off. Listen to the question and then listen to the answer. Often the answer may be effective for you and not even for the person who asked. So the question is what happens at Moksha then?",37955,38530,3738.0,3777.0,111
en_video_07_0066,video_07,en,Advaita,66,"What are we aiming for? At Moksha, the subtle body which has been getting many many newer and newer bodies, physical bodies, that subtle body is also dissolved. It's also made of nature. Physical bodies are made from nature, five elements. Subtle bodies are also material. It's very interesting. Vedanta would actually agree with science. Vedanta would say yes, even the mind is material. But what is not material is the Atman, consciousness. It's an entirely different kind of reality. So that remains by itself or you can say more figuratively, the individual being, the sentient being merges back into the absolute.",38531,39149,3777.0,3818.0,102
en_video_07_0067,video_07,en,Advaita,67,"But really there's no merging back. You are the absolute and you realize yourself as the absolute. You wake up from this dream or sequence of dreams. That's what happens. And when that happens, that is called enlightenment, but that subtle body in which the enlightenment has happened, that will continue for a little while because of past karma, then you call that being an enlightened being. So that person becomes an enlightened master, enlightened teacher and those are the, from Vedantic perspective, they are the teachers of religion. They are the great spiritual masters of humanity. Yes, I'm not including the causal body. It will complicate matters.",39150,39808,3818.0,3864.0,108
en_video_07_0068,video_07,en,Advaita,68,"And the causal body is something that Vedanta talks about more, but the subtle body is easily understandable. So the subtle body will continue until the karma which gave rise to this particular embodiment, until that is over, the physical body dies. Remember all our physical bodies, not just enlightened beings. All these physical bodies we have, they are produced by our past karma and so they will live as long as that particular portion of karma, which has produced this body. When that is exhausted, this body will die. But a lot of karma is accumulated. Our balances are not empty.",39809,40396,3864.0,3900.0,102
en_video_07_0069,video_07,en,Advaita,69,"So they will produce newer karma and new karmas we have added to it in this life. Well, some might retain. There are certain ones who retain their subtle bodies even after enlightenment. It's possible. They are the ones who are called eternally perfected ones. They exist, the Bodhisattvas or Sri Ramakrishna used to talk about Nitya Siddhas. But the general form of the problem, you know, mathematics is the general form of the problem is this. You get free once enlightenment, once there's enlightenment. At the death of that enlightened person, that death of the enlightened person means death of the physical body",40397,41014,3900.0,3947.0,104
en_video_07_0070,video_07,en,Advaita,70,"and with that the dissolution of the subtle body. Again, I'm not making this up. Upanishads speak about it that just as the rivers run into the sea, very poetic description of the passing of an enlightened one. As the rivers run into the sea and merge and become one with the sea, so also the 19 parts of the subtle body of this enlightened one, they run back into the vastness of nature and become one with it. The enlightened one remains as Brahman, as pure consciousness. The three bodies, all of them are material. All of them are material, yes.",41015,41564,3947.0,3988.0,102
en_video_07_0071,video_07,en,Advaita,71,"Everything that has a name on its form is material. Is material, yes. And if you're interested, you can split these three bodies. This is again basic Vedanta. You can split or you can analyze these three bodies into the five sheets. We have often talked about the five sheets. The food sheet, the physical body, the vital sheet. The mind sheet, the intellect sheet and the bliss sheet. In Sanskrit, annamaya kosha, pranamaya kosha, manomaya kosha, vijnanamaya kosha, anandamaya kosha. Can you match them with the three bodies? The food sheet is the physical body, gross body. So food sheet, annamaya kosha is the physical body.",41565,42192,3988.0,4037.0,107
en_video_07_0072,video_07,en,Advaita,72,"Then the subtle body has three sheets in them. Pranamaya, manomaya, vijnanamaya. That's the subtle body, the second body. The third body is the causal body. That is the anandamaya kosha. So the five sheets, as if there are five coverings to the Atman. You can imagine it that way, like nesting dolls. The five coverings to the Atman. You are none of them. So in Sanskrit or in Hindi, when the Vedanta teachers say, all of this which I'm saying, they would say it in half a phrase. Shariratraya vilakshana, panchakosha vilakshana, satchidananda atma. Tum ho Maharaj. They will say, you sir are the pure consciousness, pure being, pure bliss.",42193,42833,4037.0,4087.0,111
en_video_07_0073,video_07,en,Advaita,73,"Not the, distinguished from the three bodies. Distinguished from the five sheets. You are this immortal being. Yet, right now you are existing embodied. And that's fun. Once you realize what you are, you have this nice vehicle to drive around. Cool vehicle. It's not just a suit of clothes. It's a very sophisticated suit of clothes. It can do so many things. Many apps. It's a very sophisticated iPhone that God has given you. All of them are maya, correct. They are all products of maya. And technically they are all Brahman. You look at it this way. Brahman is the only reality that exists.",42834,43427,4089.0,4140.0,106
en_video_07_0074,video_07,en,Advaita,74,"Then all of these are also Brahman. It's because of maya it appears to be not Brahman. The eternal appears to be the changing. The pure consciousness appears to be non-conscious object. That which is pure bliss appears to be a life of sorrow and misery. In between is maya. The veil of maya. Eliot. Yes, I'll come to you Bill. Eliot put it so beautifully. He says, the baseline I think. In between the intention and the act. The doer and the deed. In between the intention and the act falls the shadow. The shadow is maya. Yes, we'll end with Bill's question.",43428,43987,4140.0,4185.0,104
en_video_07_0075,video_07,en,Advaita,75,"Supposing that an enlightened person had a stroke. Yes. And he had lost his mind. What would you suggest? Where would that fit in? You can plug in the bits very easily. The question was suppose an enlightened person is to have a stroke and loses his or her mind. How do you fit it into the picture? Now analyze that question. The enlightened person, what does the person think of himself or herself to be? Pure awareness. Pure awareness, not having a brain or nervous system cannot have a stroke. That's number one. As awareness itself, you cannot have a stroke.",43988,44550,4185.0,4228.200000762939,102
en_video_07_0076,video_07,en,Advaita,76,"What would have a stroke? Moving parts to have a stroke. Okay, the brain can have a stroke. It can and as a result lose its functionality. The beauty of Advaita Vedanta is it does not contradict science in any aspect. Neither physics nor medical science. Those areas are left untouched. What medical science says about the brain and the body, that's exactly what will happen if there is a stroke in the body. But internally, the person is aware. In fact, I can tell you an actual example. Swami Ranganathanandaji, who was the 13th president of the order. I have heard from his sevak, who is his assistant, young monk,",44551,45168,4228.200000762939,4269.900001525879,111
en_video_07_0077,video_07,en,Advaita,77,"that when Maharaj towards the end of his life, he suffered from the stroke, which left him partially paralyzed. The day, the moment he suffered from that stroke, that young Swami, he told me that it's very clear for us. He was sitting there in the room. Remember, this is a 95 year old monk. He looks at me and he says, call the doctor. Something is happening in my brain. And so they called the doctor and then the stroke happened and a part of the body was paralyzed and they had to go to physiotherapy. Luckily, they were able to save him and physiotherapy and he regained most of the activity.",45169,45766,4269.900001525879,4303.800003051758,113
en_video_07_0078,video_07,en,Advaita,78,"Still, there was a tremor in the hand and all of that. And all it did was it increased his curiosity about the brain and he read books about the brain and he would later explain it to you in great detail, what exactly happens in the brain when there is a stroke. What about you, Swami? Oh, I am fine. Swami Sivananda, the disciple of Sri Ramakrishna, when he was very ill, he also had a stroke and he was partially paralyzed. When people came to meet him in Belur Mutt, in the main monastery, he was the president of the order.",45767,46294,4303.800003051758,4339.300003051758,103
en_video_07_0079,video_07,en,Advaita,79,"Swami, we heard, how are you feeling now? He said, oh, I am fine. No, Swami, we heard about this. Oh, you mean the body. Oh, it's not at all good. It's very bad. And they're not being funny and it's not very difficult either. When you make the shift, clearly, it's not you don't have to pretend to be not affected. You can clearly see there is something which is not at all affected, absolutely not affected. And there is something which is affected. And the two are not equally real. That which is not affected is real. That which is affected, you can say it's a tiny part or it's just an appearance.",46295,46896,4339.5,4382.5,115
en_video_07_0080,video_07,en,Advaita,80,"Vedanta would say it's just an appearance in the non-affected real. So that's a good point to end it on. All it says, it sounds very easy. All it says, you have to notice it. It's there for the noticing. Even if you cannot manifest it in your actions right now, even if you say I slip, I fall, doesn't matter. Even if you just notice it and begin to see it for what it is, the Atman, yourself. That itself gives a great deal of peace and freedom. Tremendous freedom. You will have a core which will always know it's all right.",46897,47423,4382.5,4428.800003051758,103
en_video_07_0081,video_07,en,Advaita,81,I pray by the grace of the Lord that we may all have this insight in this very life itself. Copyright © 2020 Mooji Media Ltd. All Rights Reserved. No part of this recording may be reproduced without Mooji Media Ltd.'s express consent.,47424,47658,4428.800003051758,4458.799987792969,43
en_video_08_0000,video_08,en,Advaita,0,"Om Vasudeva Sutam Devam Kamsa Chanuram Ardhanam Devaki Paramanandam Krishnam Vande Jagadgurum So we have started the second chapter of the Bhagavad Gita. Sri Krishna is teaching Atma Tattva, the nature of the self. Who am I? What am I really? The spiritual truth about ourselves is I would say the central teaching of the Bhagavad Gita. There are many wonderful things which Sri Krishna will talk about in the chapters ahead. He will talk about Karma Yoga, he will talk about the nature of the liberated person, about Bhakti, about Ishwara, Saguna Brahman and so on. Many many things will be discussed. But what ties it all together is ultimately self-realization,",0,664,0.0,75.0,112
en_video_08_0001,video_08,en,Advaita,1,"enlightenment about who we are, what we are. This nature of the self, Sri Krishna gets directly to the point and he has started teaching this. And this teaching will go on up to the 25th verse which we are going to complete today. These are very well-known verses, especially in India, almost everybody has heard them. 22nd verse, we were on the 22nd verse, we were doing it? So 22nd, I will just start with there. Very well-known verse where Sri Krishna says just as a person gives up worn out clothes, clothes which are old or torn and puts on a new suit of clothes,",665,1233,75.0,135.0,107
en_video_08_0002,video_08,en,Advaita,2,"so does the embodied self give up these bodies which wear out. So an old worn out damaged body is left and then the soul goes on to other lives, other bodies. This is a general idea. And last time I mentioned from the Vedantic perspective, what do you mean by body? A little in-depth analysis. So we speak of three bodies, briefly speaking three bodies. One is this one, the physical body. The second one is what is called the subtle body. And the third one is what is called the causal body. So physical body we are all aware of, the one which you see which is sitting right here,",1234,1815,135.0,186.0,112
en_video_08_0003,video_08,en,Advaita,3,"which everybody else can see. So that is called sthula sharira in Sanskrit, physical body, gross body. Subtle body if you say, I can't see any subtle body, what kind of subtle body, why do I believe in it? Actually all of us we experience the subtle body, all the time we are experiencing it. When you look inwards, thoughts, feelings, emotions, ideas, memories, desires, so these are all part of the subtle body, sukshma sharira. And last time I mentioned the subtle body in different texts, has different classifications, 19 parts, somewhere it is said, somewhere 17 parts, whatever.",1816,2401,186.0,228.0,100
en_video_08_0004,video_08,en,Advaita,4,"So subtle body and the causal body is a more technical matter, philosophical matter, where it is basically a gyan or ignorance which veils the truth about ourselves and we really are beyond the three bodies. Imagine three layers or shells, one after the other, the causal body, the subtle body and the gross body. Now why am I saying this? When Shri Krishna says that at death the body is given up like a worn out suit of clothes, which body? Gross body, the physical body, sthula sharira, this one, quite obviously this one dies, but not the subtle body.",2402,2957,228.0,273.0,101
en_video_08_0005,video_08,en,Advaita,5,"More or less all schools of Hinduism they accept that the subtle body continues, sukshma sharira continues and the causal body too continues. Causal body we need not bother about too much here right now, sukshma sharira goes on, so it goes from this body to other worlds and then is reborn again in other bodies. How? Why? For that we have to go into the law of karma. Recently we had a discussion in the Rubin Museum, karma and genetics. So karma is a very popular word in the United States now in the West. But the law of karma, causality determines what kind of bodies we will get,",2958,3542,273.0,317.0,110
en_video_08_0006,video_08,en,Advaita,6,"where we will be born and what will happen to us in those lives. So new physical bodies we get, but the subtle body continues, sukshma sharira and the causal body too. What about the atman, the self, us, the real, the spiritual self? That is always there, that is eternal of course, but it does not transmigrate. When you are talking from the point of view of Advaita Vedanta, there is only one atman, one pure consciousness. So transmigration means go from body to body, it always is. In its light all this goes on, it lends existence to all of this.",3543,4094,317.0,358.0,103
en_video_08_0007,video_08,en,Advaita,7,"But what happens is, because of ignorance, because of not knowing ourselves to be such, we identify ourselves with the subtle body. The atman identified with the subtle body is called jiva. Jiva means the sentient, individual sentient being. Identified means limited by, not knowing our true selves, number one. Number two, thinking ourselves to be that subtle body. So this jiva is the one which goes from world to world. This is the one which is born in various physical bodies. This is the one which suffers and enjoys. This is the one which is a believer or a non-believer.",4095,4672,359.0,403.0,101
en_video_08_0008,video_08,en,Advaita,8,"This is the one which tries to become spiritual. So this jiva. In reality the atman, ever free atman, but under the spell of ignorance, this jiva. So this is the basic conception according to Advaita Vedanta. Now another point here, which we should understand is death is the death of the physical body. So that is the thing we should keep in mind. What is death? Death is basically destruction of the physical body and the continuance of the subtle body from world to world. From life to life into other bodies and guided by the law of karma.",4673,5216,403.0,448.0,100
en_video_08_0009,video_08,en,Advaita,9,"So this is the basic idea about death in Vedanta. So very beautiful metaphor of change of clothes. As easy as that. Changing clothes. Now moving forward. 23rd verse. Come, there is space here. 23rd verse. Weapons do not cut it, fire does not burn it, water also does not moisten it and the wind does not dry it. What is he talking about? The body? No, the atman. The body is affected by all of this. The body can be damaged by all of these. The body can be cut by weapons, it can be burnt by fire, it can be dissolved or drowned in water and it can be dehydrated.",5217,5780,448.0,541.0,112
en_video_08_0010,video_08,en,Advaita,10,"So dried by air, you might think why is that such a terrible thing. It is one of the quickest ways to kill the body actually, to dehydrate it. It is mostly water, this body. Now the body, obviously these are the effects it can have on the body, the five elements. Note the way it has been put. Weapons do not cut it. Weapons are made of the earth element. The other elements are very clear, fire, water, air. So except space all the other elements have been mentioned here. The elements do not affect it. The elements do not affect what? The atman.",5781,6329,542.0,587.0,105
en_video_08_0011,video_08,en,Advaita,11,"The elements do not affect the atman. They cannot destroy it. There is a little bit of philosophical principle involved here. How is destruction understood in Vedanta? How is creation understood in Vedanta? How is destruction understood in Vedanta? Philosophically speaking, creation or Srishti is the movement from cause to effect. So from clay if you make a pot, you say you have created a pot. And destruction is when the effect loses its name and form and goes back to the cause. I will repeat again, cause to effect is the fancy philosophical way of saying creation. From effect back to cause, by cause I mean material cause.",6330,6960,587.0,640.0,109
en_video_08_0012,video_08,en,Advaita,12,"From effect back to cause is what is called destruction. Say in the case of a pot. So when you fashion a pot out of clay, you say I have created or a potter has created a pot. But basically it's the material cause clay which now has got a new name and form and you are calling it pot. The name is pot and at a particular form and it has certain new use which you couldn't have done with clay. But if you break it, smash it to bits, it goes back to pieces of clay. So from effect, effect is pot back to the cause clay, we say pot is destroyed.",6961,7503,640.0,683.0,114
en_video_08_0013,video_08,en,Advaita,13,"Now the principle is this. The effect cannot destroy the cause. No matter what, the pot cannot destroy the clay. Because the pot's very existence depends on the clay. Pot cannot affect the clay. But the clay can destroy the pot. In what sense clay can reabsorb the pot into itself? If you think of the waves in the water. The waves are appearances in the ocean. Water alone appears as waves. So water is the material cause and waves are the effect. So when you say waves are created, it's nothing other than water the cause appearing as waves.",7504,8047,683.0,734.0,100
en_video_08_0014,video_08,en,Advaita,14,"What is creation? Water appearing as waves or water forming into waves. What is the destruction of the wave? The wave going back into water from effect to cause. Now the wave can't do anything to water. But the water can reabsorb the wave into itself. So here in the Vedantic cosmology from the Atman through its power Maya comes the five elements. Akasha, Vayu, Agni, Apa, Prithvi. The space, air, fire, water and earth. The five primordial elements in our ancient cosmology. It says From this very Atman Akasha was manifested. Akasha, Vayu, Agni, Apa, Prithvi. From space comes air.",8048,8632,734.0,799.0,101
en_video_08_0015,video_08,en,Advaita,15,"From air comes fire. From fire comes water. From water comes earth. Actually a causal chain. Now notice the effect cannot do anything to the cause. So earth, water, fire, air. None of them can affect space. Because space is prior to all of them. I have noticed when a body is burnt. I have seen it in India. Dead body is burnt. So the fire dissolves. It burns up the body into ashes. The water content in the body. There is lot of water in the body. It vaporizes. The fire itself is burnt out. When the fuel is extinguished.",8633,9157,799.0,851.0,101
en_video_08_0016,video_08,en,Advaita,16,"The air becomes hot around it. You can't come close to it. It becomes hot. And yet after everything is over. Space remains exactly the same. It's neither burnt nor vaporized. Nor extinguished nor even heated. Space doesn't get heated. It's the air in the space which gets heated. So the point I am making is. These elements earth, water, fire, air. They can't do anything to space itself. What to speak of the Atman which is prior to space. In this sequence. Effect cannot harm the cause. So these four elements they cannot harm their primordial cause space. Let alone its antecedent which is the Atman.",9158,9761,851.0,903.0,107
en_video_08_0017,video_08,en,Advaita,17,"So the Atman cannot be affected by the elements. He puts it very. Because the context is the Kurukshetra war. So he uses the language of warfare and says that. Body can be cut by weapons. But the real self, the spiritual self is not injured by weapons. Nor can it be burnt by fire. Nor drowned by water. Nor indeed dehydrated by air. 24 24 The first line is a repetition of the 23rd verse. So it says this self, the Atman. Cannot be cut. I am Atma. means I am Atma, this self. It cannot be cut or cleaved by weapons.",9762,10278,903.0,985.0,103
en_video_08_0018,video_08,en,Advaita,18,"This self cannot be burnt by fire. This self cannot be dissolved by water. This self cannot be dehydrated by air. Just like what can be cut, burnt, drowned or dehydrated? The body, don't seem to be very confident. Unless you have superman's body or something like that. The body can be damaged or destroyed by these elements. But the self cannot be. It's a clear repetition of what was just said. In the 23rd verse. Here's a point. Repetition. In fact, in Sanskrit literature, punarukti, it's called a dosha. A fault. You should not repeat the same thing again and again.",10279,10850,986.0,1039.0,102
en_video_08_0019,video_08,en,Advaita,19,"But in most great spiritual texts, teachings, you will find plenty of repetition. I think it was Hridaya who went to Sri Ramakrishna and said, Uncle, you say the same things. Why will people keep coming to you if you keep repeating the same thing? You should say something new once in a while. And Sri Ramakrishna scolds Hridaya. He says, you rascal, these are my words. I will tell them a thousand times if I want to. What's it to you? Like a little boy. He says, these are my words. These are my things. I will tell them a thousand times.",10851,11391,1039.0,1068.0,103
en_video_08_0020,video_08,en,Advaita,20,"What's it to you? Now, clearly, Krishna has repeated it here. But in the commentary by Shankaracharya, he points out that this is not a fault. Why is it repeated? He says, the matter is so subtle. The atma tattva is so subtle. And Sri Krishna has this great eagerness, desire that we may all be saved. For our welfare, Sri Krishna wants to explain it in many ways. Shankaracharya says, somewhere with different words, sometimes using different metaphors. Sri Krishna is telling the same thing. So that if you can explain the same thing in multiple ways, maybe we will get it.",11392,11967,1068.0,1116.0,103
en_video_08_0021,video_08,en,Advaita,21,"Some way will work for somebody and some way will work for somebody else. Once Swami Vivekananda was teaching and somebody in the audience said, Swamiji, I like it very much what you said. Swami said, yes, so it is for you. And somebody said, I didn't really make an impression upon me. This particular thing you said, then it's not for you. So, repetition is not a fault in these teachings, in the teachings of the great master. Because they are doing it for our benefit. That's why different Upanishads, the Bhagavad Gita, other great texts written by the great spiritual masters,",11968,12550,1116.0,1160.0,103
en_video_08_0022,video_08,en,Advaita,22,"not only in Hinduism, in all religions, you will find more or less a few core teachings, but presented in extraordinarily different ways with wonderful examples, stories and so on. So, that's the first line. Then the second line is important. Nitya means eternal. See, in the first it was a negative, a series of negatives. Cannot be done to the self. What can destroy the body cannot destroy the self. Hence it is Nitya, eternal. Because it cannot be destroyed it is eternal. Eternal means not limited by time. There was never a time when this self did not,",12551,13109,1160.0,1218.0,100
en_video_08_0023,video_08,en,Advaita,23,"Atman did not exist. There will never come a time when this Atman will not exist. Not limited by time also means there was never a time when this Atman was born or created. Body is born. The body is born. There is never a time when the Atman is going to die or be destroyed. The body will be destroyed. Why one body? Many bodies will be destroyed. So Nitya, not limited in time. Then the second one Sarvagata, all pervading. All pervading means not limited in space. Not limited in space. There are two points I would like to make here. When we say not limited in space it sounds very philosophical.",13110,13709,1218.0,1263.0,114
en_video_08_0024,video_08,en,Advaita,24,"Also there is some self which is not limited in space. But the way Shri Krishna presents it here Sarvagata, pervading everything. Sarva means everything. Pervading everything. So when we talk about the Atman it sounds very abstract. Some spiritual self, some pure consciousness. No, Sarvagata. This Atman is present in everything. Which everything? Here. Right now. What you are experiencing as samsara, as this world. Truly speaking the Atman, the supreme spiritual reality pervades everything. Your own real self pervades everything. Sarvagata means pervading all this. And the second thing is that Sarvagata also means, normally when we think of ourselves,",13710,14369,1263.0,1311.0,102
en_video_08_0025,video_08,en,Advaita,25,"the word is Dehagata. We think of ourselves as being in this body. As being in this body. And Sarvagata means not just in this body but in everything. So our typical way of understanding ourselves is Dehagata, this body. He is contradicting this by saying Sarvagata, in all bodies, in everything. So the Atman is in everything. Sthanu. Sthanu means immovable, like unchanging, like a pillar. Literally sthanu is actually a pillar. So unchanging like a pillar. Since it is not subject to change over time, it is not limited by time. It is eternal. Additionally not a changing eternal.",14370,14953,1311.0,1365.0,101
en_video_08_0026,video_08,en,Advaita,26,"A river for example continuously flows. But at every moment it's a different water particles which are flowing past it. It's not like that. Samsara continuously flows. Atman is not a continuous flow. It is an unchanging eternity. So sthanu, not limited by time. Since it is not limited by space and it pervades everything, that which pervades everything cannot move from one place to another place. Achala. Achala means moving. Achala, motionless. It is eternal, all-pervasive, unchanging, still, serene awareness. Sanatana. Sanatana literally means eternal also. Here the specific term sanatana means not produced from an effect, not produced from a cause. Something like a seed gives rise to a tree.",14954,15655,1365.0,1431.0,112
en_video_08_0027,video_08,en,Advaita,27,"This atman is not produced by anything else. If you ask what is the cause of the atman, no, no cause. It is the cause of all causes. It is the primordial being. It is being itself. So sanatana. In fact the name for Hinduism is sanatana. Sanatana dharma. Eternal religion. Eternal in the sense, not in the sense that it is a religion which is going to last for a very long time. Eternal in the sense that the principles which are contained in the religion, they are the very stuff of religion. Wherever there is religion this must be there.",15656,16195,1431.0,1469.0,102
en_video_08_0028,video_08,en,Advaita,28,"Basically religion has two components. One is what I might call the lower religion. Lower religion in what sense? A wise way of living in samsara. Ethics, morals, a wise way of living in this world. In modern world we might say an eco-friendly, sustainable way of living in this world. All that comes in that. And that is what I call conventional religion. And every religion must teach that. It is a foundation. In fact that is the boon of religion to civilization. Our civilizations are basically based on ethics and morals drawn from our religious traditions. So that is one part of it. But that is not really all of it.",16196,16819,1469.0,1513.0,113
en_video_08_0029,video_08,en,Advaita,29,"Nor is it the most important part. The most important part is the higher religion, spirituality. That which enables us not only to live wisely in samsara, but enables us to transcend samsara. A final release from samsara, moksha, nirvana, salvation. Every religion has a term for this. The final goal of spirituality. To overcome suffering, dukkha. Buddhism starts with that. Everything is dukkha. How to overcome dukkha? So the higher religion which talks about moksha. So dharma is one part and moksha is another part of religion. These two together are the sanatana, the eternal core of religion. That is why it is called sanatana dharma. In the Veda you find two parts.",16820,17493,1513.0,1564.0,114
en_video_08_0030,video_08,en,Advaita,30,"Purva, the karma kanda, karma and upasana and the jnana kanda, the knowledge portion. The first part, the prior part of the Veda, which is most of it, is concerned with rituals. With the fulfillment of desires within the limits of morals and ethics. This is the conventional religion part of it. It talks about various kinds of Vedic rituals which are obsolete today, which are hardly performed today. But that does not mean that part has become obsolete. In fact, it is the most common type of religion. Most people take that to be religion. Whether it's temples or churches or mosques, most people go to these places for having a better life.",17494,18138,1564.0,1610.0,114
en_video_08_0031,video_08,en,Advaita,31,"A peaceful life. Let my family be alright. Let me get peace of mind. Let my health be alright. Let my finances be okay. Let God bless me and my family and my community and my nation and so on. So all these worldly goals for which we depend on God also. That is the conventional part of religion and most religion is basically that. And there is nothing wrong with it. Nothing wrong with it at all. We learn morals, ethics from religion. Nothing wrong with it. But there is a higher part of religion. God realization, nirvana, moksha.",18139,18672,1611.0,1649.0,100
en_video_08_0032,video_08,en,Advaita,32,"What is the purpose of life? Who am I really? Is it possible to completely transcend sorrow? Saints in all religions are concerned with this higher religion, spirituality, God realization. That is the actual purpose of religion. So these two parts. The second part is Jnana Kanda in the Upanishads. In the Vedas, the Upanishadic texts form the basis of the knowledge portion, the higher religion. And Bhagavad Gita is basically the message of the Upanishads. So it's entirely a text of higher religion. What today we might call spirituality. I don't want to go on a little more about this, but just one thing I'll quickly mention.",18673,19303,1649.0,1696.0,108
en_video_08_0033,video_08,en,Advaita,33,"What is religion good for? Where did I mention this? I was in some panel somewhere where the discussion was that how do you get young people to become interested in religion? In the interfaith itself? So we talked about that. But ultimately, you see, religions in the world, especially in this country, they are trying to make it modern and answer to problems of society. Many religious leaders seem to think, yes, that's what we should do. Religion should solve the problems of society today. I don't think so. In this country especially, we become much too responsive to the latest headlines.",19304,19898,1696.0,1759.0,103
en_video_08_0034,video_08,en,Advaita,34,"They will ask, especially in California, what is your church's view on such and such topic, which is breaking news on CNN. Why should we have a view on this? Our view is on an eternal reality. Very quickly the eternal realities are forgotten. And then religion becomes about a host of very good causes. But those causes keep changing every five years, ten years, nowadays every five days. So ultimately religion should play a positive role in every aspect of life, definitely. But that's not the prime purpose of religion. Why I am saying this is… In another conference in LA, there were some leaders of different churches talking about",19899,20535,1760.0,1808.880000114441,111
en_video_08_0035,video_08,en,Advaita,35,"social justice. I raised a question, an objection. I said, as societies become more prosperous, more advanced, civil society takes hold, law abiding, as we see in the advanced countries of the West and the other developing countries also. Slowly it is changing in many places, changing for the better. You will see society begins to follow all these norms without the help of religion. You no longer need religious leaders to tell you to obey the law, to be good, to be law abiding, to be honest. It becomes part of civic life. There are lots of people in this country, in Europe, for example, who are very good,",20536,21148,1808.880000114441,1857.8199996948242,110
en_video_08_0036,video_08,en,Advaita,36,"very honest, very law abiding, a lot of integrity and have absolutely no interest in religion. And that's a sign of progress when society internalizes ethics in itself. I was in Australia a few years ago and they were telling me how it is in many respects it's virtually crime free, in some respects. New Zealand is almost virtually crime free, corruption free and also to a great extent religion free. Somebody told me that 30, 40 years ago people were much more religious, much more corrupt. There were many problems in society. Now much less attendance has fallen in different denominations, not just one, in different",21149,21770,1857.8199996948242,1914.3000030517578,107
en_video_08_0037,video_08,en,Advaita,37,"religious organizations. But the standard of life and public morality has improved. Now what do you say to that? I read a paper, an anthropological paper published by the Royal Society which says religion basically had a couple of roles to fulfill. One is in ancient times, in primitive societies, it was a barter kind of religion. You have to please God because life is short and uncertain. There is disease, wild animals, enemies and God has to be pleased because to protect you from enemies, to protect your children, to protect your crops, all of this. And it's a dangerous kind of life, risky life.",21771,22374,1914.3000030517578,1962.4199981689453,106
en_video_08_0038,video_08,en,Advaita,38,"And you keep on holding on to this unseen power. So that kind of religion you will see, offerings are continuously made to God, prayers are made for protection. Every religion has this at its core. As society became more stable and progressed, not so much dangerous, risky, stable society, now religion became the, which guarantees stability in society. The ethics of marriage, of honesty in business, you know, integrity, which keeps society together. I'm quoting from that paper. So religion became the source of morals and ethics. Again very important for society. But as we go even further and people are moral and ethical by themselves and without",22375,23027,1962.4199981689453,2007.8399963378906,109
en_video_08_0039,video_08,en,Advaita,39,"any reference to religion. So religion is no longer needed for, you know, life is pretty safe and guaranteed and law abiding society pretty good. One, prosperous, safe, two, medical treatment is good if your plan is good. And two, second, morals and ethics, a civic society, civil society, people can be very good people without being particularly religious also. Then what is religion good for? If I don't need religion to protect me from diseases and attacks by enemies, one, I don't need religion to teach me how to be good. I'm good without religion also. Then what good is religion?",23028,23615,2007.8399963378906,2054.4400024414062,102
en_video_08_0040,video_08,en,Advaita,40,"It's a huge question. Unless you address that question, this continuous disappearance of people from churches and attendance going down. I have had so many religious leaders come complaining and worried about it. Why people are not interested? They are not interested because what are you giving them? There is something that religion can give. The real thing, the core of religion is spirituality. And it is in these advanced societies where you have a good society, a stable society. Now, after all of this also, one is not satisfied. One is not happy. Show me who's happy. One is not happy.",23616,24209,2054.4400024414062,2098.7999877929688,102
en_video_08_0041,video_08,en,Advaita,41,"Then only the religions promise that suffering can be overcome. You see, when I'm leading with this, the real purpose of religion is transcendence of samsara, not a better samsara. Sri Ramakrishna would put it in a simple way to Hriday again. He said, you know, if this samsara of yours were real, I would have paved the roads of Kamarpukur with gold. Kamarpukur is the village he was born, little village in remote Bengal. He says, if this is the only reality that exists, then I would have worked to improve this one. But this is not the ultimate purpose of religion.",24210,24779,2098.7999877929688,2140.0,103
en_video_08_0042,video_08,en,Advaita,42,"So, Sanatana, the eternal purpose of religion is God realization. Swami Vivekananda was absolutely clear. Each soul is potentially divine and the goal is to manifest this divinity within. God realization. He said, do it by meditation, do it by knowledge, do it by service, do it by love, one or more or all of these and be free. Spiritual freedom. He doesn't say be good. He doesn't say be stable and happy and prosperous. Be free of samsara, he says, and that is the whole of religion. Then he says, books, temples, doctrines and churches are secondary details. So Nityaha, eternal, Sarvagataha, all-pervading or philosophically not limited by time, not",24780,25434,2140.0,2193.239990234375,111
en_video_08_0043,video_08,en,Advaita,43,"limited by space, Sthanu, unchanging because it's not limited by time, Achala, motionless because it is all-pervading and this eternal impersonal principle, Sanatana. Before I go forward, let me just mention this, how we use it in spiritual life. One commentator very beautifully has pointed out these characteristics. Remember these are your characteristics, characteristics of the spiritual self, of what we are really. Nitya, nitya means eternal. Now this commentator he says, look at the world, samsara, it is non-eternal, it is temporary, it is transient. In the words of Bhagavan Buddha, anityam anityam sarvamanityam, impermanent impermanent indeed all is impermanent.",25435,26110,2193.239990234375,2262.0,101
en_video_08_0044,video_08,en,Advaita,44,"Not only impermanent, he goes on to say momentary, kshanikam kshanikam sarvam kshanikam, momentary momentary all is momentary. He goes on further to say shunyam shunyam sarvam shunyam, empty empty indeed all is empty and therefore dukkham dukkham sarvam dukkham, suffering suffering all is suffering. If you hold on to this word which is impermanent, momentary and void, emptiness, then suffering is guaranteed. So notice the commentator says, notice the nature of the world you live in, it is impermanent. You have to spend some time on it. Impermanent sounds like a very neutral philosophical word. Everybody dies, that's the big big fact about our lives, that's why Vivekananda put it in",26111,26801,2262.0,2321.1599731445312,112
en_video_08_0045,video_08,en,Advaita,45,"his beautiful rhetorical way, he says everybody dies, saints die and sinners die, emperors die and paupers die, the most learned die and the most ignorant die. Everybody dies, you cannot stop death, you cannot stop the death of the physical body. These are our own lives, parents and grandparents have gone, old age, death, children grow up and go away, neighbours shift and move out, we ourselves move across cities and continents, change, our bodies are continuously changing, getting older, the winds of change are continuously all the time blowing, I was just thinking this particular city, this grand city we are",26802,27419,2321.1599731445312,2376.7999877929688,103
en_video_08_0046,video_08,en,Advaita,46,"living in, John Lennon called it the Rome, verily the Rome of our time, New York, especially Manhattan, 300 years ago it was a set of scattered settlements around the Hudson river, 300 years before that dense forests, cold river, few scattered moving on here and there. A few thousand years before that not even any probably no human beings either and in the museum I was seeing this very place at one time was underwater. If you go back millions of years huge prehistoric terrifying underwater monsters floated past here right here. All gone. The winds of time they have not stopped blowing they're going blowing right now and all that we",27420,28059,2376.7999877929688,2436.560001373291,113
en_video_08_0047,video_08,en,Advaita,47,see this objective reality the samsara which we call our samsara will be gone like a dream. Buddha further goes on to say what is this samsara like he says a bubble in midstream a flash of lightning a phantom in the dark such indeed is your life. We it's incredible how deluded we are about our own existence Kabir song is thinking in two days this body will be one with the earth Why do you go around with so much pride and ego when I drive past there's a big cemetery on the way out to Queens on that side,28060,28567,2436.560001373291,2500.300003051758,102
en_video_08_0048,video_08,en,Advaita,48,"you see the cemetery is full of indispensable fellows. This is how you use the term Nitya, eternal. This samsara we are living in and every bit of it is transient every bit of it every moment it is it's disappearing in our hands but don't be afraid if you just look at that what happens is terror seizes you terror seizes you but this is what Shri Krishna is saying there is an eternal reality which will not perish which will not die which will not go away but it's not here in samsara it's you that is Nitya. This is how you use the term",28568,29107,2500.300003051758,2544.5,107
en_video_08_0049,video_08,en,Advaita,49,Nitya. Consider in contrast samsara use the term Nitya consider in contrast samsara which is Anitya then use the term Sarvagata consider the fact that we are the first thing we think about ourselves is here I am in this body and Krishna says no you are in everything Swami Virajanandaji was a president of our order very interesting I've never seen him of course long time ago the great Swami he says in one place he has a book towards the gold supreme extraordinary book he was a great sadhakas we poured his entire life's spiritual realizations into that little book towards the gold supreme and all,29108,29709,2544.5,2591.020004272461,108
en_video_08_0050,video_08,en,Advaita,50,that is just full of single sentences one two three four numbered one two three four so one of them in one place he says I don't need that book or somewhere else I think that book this entire universe including this body is presented to you at once so either I am all of it or none of it what we do is when I experience this samsara I say I am this one this is called in Sanskrit or Hindi Deha Gata this one and all of this is not me this is subject that is object and samsara starts for me what Virajanandaji says that Krishna is,29710,30240,2591.020004272461,2631.9400024414062,110
en_video_08_0051,video_08,en,Advaita,51,saying here either say I am all of this if I am all of this then all of this is presented to me the witness consciousness or I'm none of this it's like a movie appearing in me I watch enjoy it comes and disappears impermanent transient like a movie this is how you use the term Sarva Gata see it's one thing to learn the philosophy behind it another thing to apply it immediately in your life so what he says here is use the contrast Krishna says you are Sarva Gata and how do we normally look at ourselves,30241,30747,2631.9400024414062,2664.3399963378906,101
en_video_08_0052,video_08,en,Advaita,52,Deha Gata one body sthanu everything changes in this world people change bodies change we're continuously changing and Krishna says the Atman unchanging not subject to change Achala in contrast you see this word Achala means immovable everything in this world is moving people are moving objects are moving states you know our waking dreaming deep sleep continuously revolving the earth is moving the planets are moving everything is in motion Krishna says you are not in motion use this contrast to extricate your extricate yourself from the mess you have landed in so this is the meaning of the 24th verse 25th verse Krishna sums it all up sums what up,30748,31402,2664.3399963378906,2725.220001220703,112
en_video_08_0053,video_08,en,Advaita,53,this teaching about the Atman what he has been doing all along Tasmadevam Viditvainam Tasmadevam Viditvainam Nanu Sochitam Arhasi Nanu Sochitam Arhasi this self is said to be unmanifest unthinkable unchangeable therefore knowing it to be such you ought not to grieve take up the terms avyakta unmanifest what does it mean you the real you you are not an object of the senses this Atman we are talking about and say yeah I know that but no drive it deep into your mind because we keep once in a while asking if it's there why can't I see it you can't see it because it cannot be seen you never ask why,31403,32003,2725.220001220703,2795.7000122070312,113
en_video_08_0054,video_08,en,Advaita,54,can't I see atoms and you don't doubt the existence of atoms why don't you see atoms what is the answer why don't you see atoms right now this is too small to see that too small to see so that's why I don't see it I don't say that I can't see it so it doesn't exist no the Atman is not an object of the senses so it cannot be seen just because it so it because I can't see it I can't I don't say it doesn't exist it's not an object of the senses so it cannot be seen it,32004,32473,2795.7000122070312,2828.260009765625,104
en_video_08_0055,video_08,en,Advaita,55,cannot be seen it cannot be heard it cannot be smelled tasted or touched the body can be seen heard smelled tasted touched but not the Atman this subtle body is an object it cannot be seen smelled tasted touched but it's an object to the mind in the mind you you notice your thoughts we notice our feelings desires emotions very clear to us so these things the subtle body is clearly an object to the mind right but the Atman is not an object to the mind either Ajintyayam if you take Abhyakta that means unmanifest not an object to,32474,33006,2828.260009765625,2875.7000122070312,102
en_video_08_0056,video_08,en,Advaita,56,the senses can't be seen smelled heard tasted or touched one and Ajintya it's not something that can be imagined conceived of or inferred you put them together it means Atman is not an object not an object of language not an object of thought not an object of senses but not being an object does not mean it is not does not exist it exists it is you you are not an object how do I know then I exist if I see how do we know things exist only by making them objects of senses or the mind I know you are here because I see you you know I am speaking,33007,33553,2875.7000122070312,2920.8200073242188,114
en_video_08_0057,video_08,en,Advaita,57,because you hear me I know 2 plus 2 is 4 not because I see it or hear it because I understand it I know my name is Sarvapriyananda not because I see it or hear it but because I remember it notice this understanding remembering imagining these are all objects of subtle body and there are physical objects or objects of the senses now therefore I know these things but Atman is none of them is not not an object of the senses not an object of the mind then how do I know this Atman exists you are great Atman taught by Krishna,33554,34079,2920.8200073242188,2963.4199829101562,105
en_video_08_0058,video_08,en,Advaita,58,you're saying I'm not the body at least I know the body exists I can see it you're wonderful Atman I can't even see it I'm supposed to believe it and I'm supposed to believe I am that you want me to let go of identification with the body but then what do I hold on to they say they're beautiful analogy in the Upanishads a caterpillar it goes you know like this on the leaves it goes from one leaf it extends itself catches hold of another leaf then let's go up the other leaf you want me to let go of this leaf let go means at least,34080,34613,2963.4199829101562,2996.5399780273438,110
en_video_08_0059,video_08,en,Advaita,59,"metaphorically then show me the other leaf to catch hold of where is this Atman You're like, you tell us. This Atman is not the object of Pramana. It is not proved by the sources of knowledge. Pramana means source of knowledge. What are the sources of knowledge? Pratyaksha, sense perception, eyes, ears, tongue, skin, nose, none of them can reveal the Atman. These are Pratyaksha Pramana, sense perception. What else are sources of knowledge? There are many things which we know which are not got from the senses. Anumana, inference. We get data and from that we make inference.",34614,35193,2996.5399780273438,3046.0800018310547,100
en_video_08_0060,video_08,en,Advaita,60,"Entire science is inference. You have a hypothesis, collect data, data is collected by the senses or instruments which augment the senses. And based on that you make inferences. We know that. We have enormous scientific knowledge. But the Atman is not an object of inference. Why? We just read Achintya. It's not an object of the mind. Then how do we know that this Atman exists? We know this because Bertrand Russell says that if you just have to believe, the book says it, the good book says that it exists, if you just believe, he gives in his humorous",35194,35749,3046.0800018310547,3092.7600021362305,101
en_video_08_0061,video_08,en,Advaita,61,"way, sarcastic way, he says then I might as well believe in a flying teacup. There is a teacup in orbit around there. God is in heaven. The teacup is in heaven also. Why? Because I choose to believe. You choose to believe on flimsy grounds. I also choose to believe on flimsy grounds. David Hume, the great philosopher, he said you have to have evidence when you make claims and he says extraordinary claims require extraordinary evidence. Not just ordinary evidence, you must prove it, give extraordinary evidence, sufficient evidence to prove it. Necessary grounds and sufficient, necessary reason and sufficient reason.",35750,36372,3092.7600021362305,3134.3999938964844,103
en_video_08_0062,video_08,en,Advaita,62,"What is that? Like we experience, somebody said light, who said light? Lives of saints, yes, but that's testimony, yes, that's a pretty good evidence because one source of knowledge for all of us whether we like it or not is authority. A lot of things we know today, we claim we know it, lot of the science we know, we did not make the experiments, data is published and given to us, we take it, that yes, a body of scientists have discovered this, so it must be a peer-reviewed journal, so it must be, it's tested, sometimes it turns out to be false, we will test it, so we accept it.",36373,36958,3134.3999938964844,3183.199996948242,113
en_video_08_0063,video_08,en,Advaita,63,"So lives of saints, yes, testimony of saints across the world they have said it, but somebody like a real sceptic like Bertrand Russell might say that I am a saint also and I say it doesn't exist, yes, but neti neti then you land up with what, we do neti neti, not this, not this and then you land up with, that's the process, yes. The very fact that we are experiencing, let me ask you, I've always given you the example of the eyes, you know that by now, the very fact that I can see you all is a proof that",36959,37468,3183.199996948242,3229.8800048828125,104
en_video_08_0064,video_08,en,Advaita,64,"you exist, so the proof for your existence, what is the source of my knowledge, eyes. Now how do I know the eyes exist, because I cannot see the eyes, put these together, if you see something, I see that you are seated there, I know you exist here, I cannot see an elephant, if there were an elephant in the room I would be able to see it, I cannot see an elephant, therefore I know, I know, I can confidently claim there is no elephant in the room. Now eyes themselves, I can't see them, I can't see the eyes, then how can I claim that there",37469,38011,3229.8800048828125,3268.7999877929688,109
en_video_08_0065,video_08,en,Advaita,65,"are eyes, because you see, see what, you exist because I see you, eyes exist because I see what, anything, I've given that example so many times people, so it gets cliched after some time, another nice example I came across was, of an earlier era of course, it says that, so you see a photograph, a beautiful portrait, a photograph, how do you know that the photographer exists, because the photographer is not in the photograph, unless it's a selfie, that's why I said it's an old example, before the selfies were invented, but unless it's a selfie, other than that, in any photograph, how do you know that there is a photographer,",38012,38644,3268.7999877929688,3307.480010986328,114
en_video_08_0066,video_08,en,Advaita,66,"he's not there in the photograph, because the photograph was taken, nowadays of course many things are there, selfie, timer is there, so many things are there, exactly in the same way that you are consciousness, that you exist, even to raise this question you must exist, more precisely in Vedanta, this is, follow this carefully, it says, it is not revealed by the pramanas, by the sources of knowledge, but all pramanas function in its light, because you are that consciousness, therefore that consciousness plus mind, you have experience of thinking, desiring, loving, hating, remembering, forgetting, not mind by itself, consciousness",38645,39283,3307.480010986328,3356.480010986328,102
en_video_08_0067,video_08,en,Advaita,67,"plus mind, because of that consciousness, because of you the consciousness, and the eyes, you have the conscious experience of seeing, you have the conscious experience of hearing, smelling, tasting, touching, so all the senses operate, the mind operates by its light, by your light, that is the proof that you exist, that you are having this series of conscious experiences, what kind of experiences, seeing is an experience, hearing is an experience, activities, talking, thinking, these are experiences, because of that consciousness. Alright, that is a very good question, she is asking, can we call it pure experience, what do you mean by pure experience, how would you distinguish it from impure experience,",39284,39997,3356.480010986328,3411.6799926757812,114
en_video_08_0068,video_08,en,Advaita,68,"what does pure and impure, pure and impure in this case does not mean good or bad, it means what, what, ok let us go this way, this is a good entry point, what is experience, what is the structure of experience, any experience, what is there when you are experiencing a book, seeing a book, subject and object, you are there, the experiencer and the object is there, in your experience, subject and object, to reduce it to our terms, consciousness and its object, consciousness and its object, now these objects of experience keep changing, you can see a book, you can see my hand, you can see the clock, book, hand, clock, they",39998,40626,3411.6799926757812,3459.6400146484375,115
en_video_08_0069,video_08,en,Advaita,69,"changed, but the consciousness which saw each of them is the same, of course using the same instruments eyes, but now when you use the instrument called ear, the object of your experience is sound, speech, music, noise, different objects, but now you are using a different instrument, eye is one instrument, ear is another instrument, but what is common to both of them, you the conscious subject, similarly with nose or tongue or touch, similarly with mind internally when you are not using external instruments, internally when you use the mind to remember something, to understand a mathematics problem, the object of your",40627,41252,3459.6400146484375,3502.2000122070312,104
en_video_08_0070,video_08,en,Advaita,70,"remembrance or forgetting, the mathematical problem itself, those are objects of the mind, but the consciousness is the same, the mind is now the instrument, so the instruments and their objects keep changing, you the conscious subject are common to all of them, now every experience is consciousness plus object, I mean including instrument also in it, consciousness on one side and instrument and object on the other side, this is called experience, if you neglect, if you do not concentrate on the object, just take the consciousness aspect of every experience, consciousness, consciousness, consciousness, that is pure experience, that pure experience is Atman, in fact one of the beautiful definitions of",41253,41962,3502.2000122070312,3558.1199951171875,112
en_video_08_0071,video_08,en,Advaita,71,"the ultimate reality of the Atman of Brahman, Anubhava Matram Parambrahma, consciousness in itself, Anubhava Matram, Matram in itself means minus its object, if you bring in the object then it is simply consciousness seeing a book, hearing some words, feeling happy, feeling miserable, awake, dreaming, sleeping, but in all of them the consciousness itself is the Atman, Anubhava Matram Parambrahma, that's why if you ask then practically what is the upshot, that's why the yogis what they do is, Patanjali yogis, They try to actually do away with the objects of experience that is called Samadhi Can you remain absolutely aware and conscious not fall asleep and",41963,42625,3558.1199951171875,3611.239999771118,108
en_video_08_0072,video_08,en,Advaita,72,"Yet drop all objects imagine you are there Right now suppose you look at this you're looking at the book you are there you're looking at the book now close your eyes If you like you can close your eyes You are not looking at anything maybe just a blankness, right? Right. Are you still there? That means without the functioning of the eyes you still exist, right? hmm If without the function is a functioning of the eyes I still exist Then I the same thing holds if I do not hear smell taste touch None of the senses function will this consciousness still be there",42626,43190,3612.800000190735,3655.0400009155273,107
en_video_08_0073,video_08,en,Advaita,73,"Yeah Now suppose I do not think I do not remember. I do not desire. I do not hate I do not Do Vedanta vichara, you know Vedantic thinking Will the consciousness still be there? Now imagine the blankness of deep sleep just imagine don't go into deep sleep Imagine the blankness of deep sleep right now Absolutely blank. You are not even aware that you are sleeping that kind of blankness what it is like to be in deep sleep Imagine that And now Drop that blankness just just let it go Don't do anything else All right, don't go into Samadhi",43191,43730,3656.240001678467,3719.4400024414062,103
en_video_08_0074,video_08,en,Advaita,74,I'm just giving a taste of what Samadhi could be like. This is not Samadhi. Don't delude yourself not so fast Imagine Extraordinary calmness nobody else around you sitting in a mountain fastness like a Himalayan cave Then imagine the world outside the cave has gone and these all of this I'm telling from personal experience Imagine the world outside has gone nothing outside Now you close your eyes you can't even see the cave no nothing comes from the world outside the world has disappeared You have forgotten the world the world has forgotten you Now you lose awareness of your body,43731,44317,3723.1600036621094,3769.1600036621094,103
en_video_08_0075,video_08,en,Advaita,75,Now the thoughts memories desires shut down A serene blankness reigns Even this is not it When you are ready drop that blankness. I can't say anymore drop that blankness Let it go What remains Not even blankness not even deep sleep One of our Swami's He has passed away long ago. He was in Kerala Ishwaranandaji. He wrote a poem called midnight Sun Sun is shining yet. It's absolutely the dark of midnight And somebody saw that and said that that only an only an enlightened person Only an enlightened person can write such a poem Only a Brahmajani,44318,44866,3772.1600036621094,3832.1600036621094,100
en_video_08_0076,video_08,en,Advaita,76,"Just midnight no Sun no moon that's deep sleep But the Sun's shining fully yet, it's midnight the world drowned in darkness That Sun is your real nature. It's always shining the gyani realizes it even with eyes open in the waking also Yes, somebody had a question Kumbhaka happens In extreme alertness, have you seen I've seen in National Geographic this cheetah hunting Just before it bursts out into it and catches an antelope or something seen how still it becomes I'm sure it stops breathing for a few seconds That kind of alertness people have I'm sure it stops breathing for a few seconds",44867,45461,3836.1600036621094,3893.1600036621094,106
en_video_08_0077,video_08,en,Advaita,77,"That kind of alertness, but that's an alertness of hyperactivity of extreme physical But that kind of alertness with absolute calmness That is called sattva in that state enlightenment is possible Not as a cheetah not saying that All right, let me conclude with one note. I wanted to give is this I mentioned it earlier that a few weeks ago. I attended A discussion It's called the philosophy cafe where the subject was the five great unsolved problems of philosophy Five great unsolved problems of philosophy So this is something that Oxford University put out press OUP put it out as a",45462,46049,3895.1600036621094,3947.1600036621094,103
en_video_08_0078,video_08,en,Advaita,78,"I guess they want to encourage it's like a gimmick I mean the five great unsolved all problems are unsolved in philosophy anyway So anyhow, but it's interesting. What are the five great questions? They wanted to discuss it. What are the five great questions one? The first one was Is there free will Second one was Question of epistemology skepticism Third one was Sounds familiar The fourth one was what is death death means death of the For the conscious person for the person not the physical aspect of death, which is of interest to doctors But for you as a living being what happens to me at that's the question question",46050,46675,3949.1600036621094,3991.1600036621094,113
en_video_08_0079,video_08,en,Advaita,79,And then the last one was what is justice Now you will see first four of them are concerned with consciousness Free will knowledge. Who am I of course death? They're all concerned with consciousness And I was just thinking in these verses from 11 to 25 Krishna has given us Shri Krishna has given us the answers the Vedantic answers to these five questions You may agree with it or you may not but listen to these answers What are the answers given by Vedanta to these five questions? Let's take it one by one The third one first. Who am I?,46676,47216,3992.1600036621094,4025.1600036621094,103
en_video_08_0080,video_08,en,Advaita,80,"That is the question actually Krishna is trying to answer He's saying that you are not the changing body You are the unchanging consciousness the self you are not the body subject to death Birth and death, but you are the unborn undying consciousness All-pervading consciousness Atman you are Atman. That's the answer to the question. Who are you? What you think of yourself what most of human knowledge thinks of you as is not the real truth It's not the reality about you. This is the answer given by Vedanta by Krishna here One most important this is the first maybe it's enough if you take this away everything else follows from this",47217,47854,4026.1600036621094,4065.1600036621094,114
en_video_08_0081,video_08,en,Advaita,81,"Second do we have free will? Krishna has not talked about free will here, but you have to derive the answer from this Krishna has not talked about free will here, but you have to derive the answer from this What is the Vedantic idea of free will? First if you ask would you have free will the first preliminary answer is yes This Atman not knowing itself under ignorance identifies itself with a mind and body and says I am the doer Or as Krishna says here I slay or I am slain In the war we read Emerson's poem",47855,48366,4066.1600036621094,4101.160003662109,101
en_video_08_0082,video_08,en,Advaita,82,"So first answer is yes, I am the doer and the doer means I have free will I can do this way I can do that way and then I set karma into motion And because of karma I do this and I get the result of karma It's only by doing it out of free will that I deserve these good and bad results That's the first answer preliminary Deeper answer no you don't have free will Whether it's the Vedantic way of putting it that it is God's will alone which acts You only think that you do but it's actually Ishwara's will",48367,48872,4102.160003662109,4136.159973144531,105
en_video_08_0083,video_08,en,Advaita,83,"Or whether it's modern neuroscience, libet experiments and all they are saying that It is the brain which is doing it and you have an illusion of free will The body is doing it, the brain and nervous system are acting And you think I have decided, no the brain has just out of courtesy given you a memo We are going to do this and it goes ahead and does it The Benjamin Libet experiments actually in neuroscience they prove it Of course there are lot of discussion, the scientist I debated with in Rubin recently He is saying in fact his latest article is about free will, it's more complex than that but anyway",48873,49484,4137.159973144531,4174.159973144531,116
en_video_08_0084,video_08,en,Advaita,84,"So deeper examination shows that we do not have free will In the Gita itself Krishna will say One verse is there which he has repeated three times in Gita In the 13th chapter he says Prakriti alone does everything, nature does every action in the world is done by nature. Once you realize this, which means in neuroscience terms brain and nervous system are doing everything, the body is doing everything. Once you realize this then what happens? Krishna's point is then you realize that you are the non-doing self, the non-agent self. He realizes I am the consciousness which is not a doer. And Krishna has mentioned",49485,50102,4175.159973144531,4226.89999961853,109
en_video_08_0085,video_08,en,Advaita,85,"this verse three times in the Bhagavad Gita. And actually if you look at it practically in our body mind, how much of it are we in charge of? If you are given charge of a factory producing all the biochemicals that your liver is producing, what a terrible job it would be. And that's just one liver. One doctor told me it would take a 50 acre factory to produce the various kinds of biochemicals, enzymes and all which are being produced by just your liver. Suppose you are in charge, CEO of the body and all its activities. You",50103,50631,4226.89999961853,4270.580001831055,101
en_video_08_0086,video_08,en,Advaita,86,"would be dead within 30 minutes. Within 15 minutes or 1 minute it will be dead. You will be overwhelmed by it. Enormous amount of activities are going on without any involvement, any consultation also. No courtesy involved here. The body, the liver, the lungs, the circulatory systems, the endocrine system, even the nervous system, they are not asking us. They know, no good, this fellow is useless. Don't involve him. It's like you are flying in a plane. If the pilot suddenly says, ok, take over, what will you feel like? That actually happened to me, but anyway I am forbidden to tell. So, what will you feel like? You",50632,51254,4270.580001831055,4323.620002746582,111
en_video_08_0087,video_08,en,Advaita,87,"can't do it. It's too difficult. And we don't do it. So many things are happening, how little of it we are actually in charge of. Akarta, you are not the doer. This is second answer. Second answer to what? Question of free will. The first answer, yes we have free will. Second level deeper answer, no we don't have free will. Third level answer, final answer, again yes. But not that we have free will, we have freedom as Atman, as pure consciousness. Swami Vivekananda says, the term free will is a contradiction in terms. Will is part of causation.",51255,51805,4323.620002746582,4365.100006103516,101
en_video_08_0088,video_08,en,Advaita,88,"It's not free. So, the Atman, you can be free, but you don't have free will. So, that's the last answer and there is a whole theory about it. Then what do you do now? You have the appearance of free will, in reality you don't have free will and ultimate goal is spiritual freedom. Then what do you do? The answer is, if you are interested in knowing, is that you use the illusion of free will, the appearance of free will, to acknowledge that only God has free will, not us. That means continuously use this so called free will to surrender",51806,52346,4365.100006103516,4397.059997558594,104
en_video_08_0089,video_08,en,Advaita,89,"unto God, keep on giving, giving back unto God what belongs to God. So, this is the question of free will and its answer given by Krishna. Third, can we know anything at all? The question of knowledge and the answer given by Krishna, again you have to derive it. Vedanta says, what we know is samsara, through our senses and our mind. It's a kind of knowledge, a transactional knowledge which helps us to live in this world, but it's not knowledge of reality. This is not knowledge of reality. Sri Ramakrishna put it in his very pithy way.",52347,52886,4397.059997558594,4434.6199951171875,100
en_video_08_0090,video_08,en,Advaita,90,"He says, the knowledge of the one is real knowledge, the knowledge of the many is ignorance. Somebody, I think Ayan Maj, he was quoting Kant. Learned ignorance is the end of Kant or Hamilton. That is in the gospel itself. Learned ignorance is the end of philosophy and the beginning of religion. So, the Mundaka Upanishad says that Paravidya and Aparavidya. Aparavidya is relative knowledge and Paravidya is knowledge of the transcendent reality. This is Atman. So, this is Vedantic perspective on knowledge. What can we know? Then, what was the fourth question? Death. We just discussed it. Death is death of the physical body.",52887,53515,4434.6199951171875,4490.940002441406,106
en_video_08_0091,video_08,en,Advaita,91,"It's like changing clothes. The subtle body goes on. Atman does not go or come or go anywhere. It is one consciousness, steady and unchanging. You are that unchanging Atman. Steady Atman, not coming and going. In you, this game goes on and ultimately does not go on also. It's an appearance of Maya. And the last one is, if you take up the question of justice, it's a whole question of karma. What in this world, what determines what's going on? Is there ultimately justice or not? We will say, yes, in one sense, there is. Karma is the long run,",53516,54062,4490.940002441406,4526.100006103516,102
en_video_08_0092,video_08,en,Advaita,92,"long term justice and ultimately, we all get what we deserve. So, Vivekananda said, good, good, bad, bad, none escape the law. You can escape the law only by enlightenment, by realizing that you are the Atman. So, this is what Sri Krishna would say to the five great unsolved problems of philosophy. Now, you don't have to accept it, but let us at least consider these as pretty profound, deep answers to these five questions. Very good.",54063,54500,4526.100006103516,4557.3800048828125,78
en_video_09_0000,video_09,en,Advaita,0,"Om Vasudeva Sutam Devam Kamsa Chanuram Ardhanam Devaki Paramanandam Krishnam Vande Jagadguru So in the Bhagavad Gita we are studying the second chapter and Shri Krishna has just given the essential teaching about the Atman. The Atman means the Self, us. What is our real nature? Vedanta in that sense is very simple. It says that we do not truly know what we are, what is there, here. We think it's a body-mind, but it's something far more than that, far deeper than that. I like that saying that what is behind you and what is yet in front of you",0,547,0.0,63.20000076293945,101
en_video_09_0001,video_09,en,Advaita,1,"is as nothing compared to what is within you. What is behind you? All your past. What is yet ahead of you? Whatever is going to happen in life. We think these are the important things. My past and my future, that's what's important. None of that is anything compared, it's insignificant compared to what is within you. What is within us is nothing compared to what is within us. I think I must have told this joke earlier. It happened a year before last in Santa Barbara. I had quoted this thing more than once and so somebody left a card in the ashram",548,1100,63.20000076293945,105.08000183105469,105
en_video_09_0002,video_09,en,Advaita,2,"and the card itself says, at the top of the card, it was not handwritten, it was printed, what is behind you and what is ahead of you is as nothing compared to what is within you and inside the card it says, and what is within the freezer. So we rushed and saw that in the freezer somebody had left ice cream in the freezer. But the Atman, the doctrine of the Atman is that if we would truly know what we are, then all our problems would be solved. We are trying to solve the problems in a worldly way",1101,1602,105.95999908447266,141.83999633789062,102
en_video_09_0003,video_09,en,Advaita,3,"but the real solution is a spiritual solution and that spiritual solution is a knowledge of what I am. What am I? What did we learn? Sri Krishna said from verses 12 onwards. First of all, most important, again and again Sri Krishna has been saying this, you are immortal, you are not born with the birth of the body, you do not die with the death of the body. Nitya, Avinashi, indestructible. He said weapons cannot cleave it, the water cannot drown it, fire cannot burn it. It means the Atman, you the self. Indestructible, immortal. Then we saw that other verse, 16th verse which says,",1603,2190,142.83999633789062,190.72000122070312,107
en_video_09_0004,video_09,en,Advaita,4,"na sato vidyate bhava, a very profound verse which implies not only are you eternal, immortal but this reality which you are is the only reality of the universe. The Atman is real, the Anatman is an appearance. The self is the reality of which the not self, not self, other than you, whatever you experience is an appearance of yourself. You are the reality of this universe. Don't feel all that happy, by you I don't mean you the person. The spiritual reality which is our common spiritual heritage, that's what I mean. Sometimes I feel people like Vedanta classes because it keeps saying nice and cool things about you.",2191,2812,191.60000610351562,236.47999572753906,111
en_video_09_0005,video_09,en,Advaita,5,"But remember the you they talk about here is the spiritual you, the spiritual self. Then one more thing we learnt here was, sarvagata, all pervading. It's not that we are separate little bits of consciousness in each body and mind. That's what it feels like because we are localized in bodies and minds. We think I am separate, you are separate, he is separate and she is separate. No. It says sarvagata, it is one all pervading reality. In that oneness, the plural universe appears. Like a dream universe. It's one mind, the dreamer's mind is one person dreaming.",2813,3377,237.47999572753906,275.239990234375,100
en_video_09_0006,video_09,en,Advaita,6,"But in the dream you will find an entire world. Then what else did we learn? We learnt aprameya. It is not an object of any pramana, of the sources of knowledge. You can't see it, hear it, smell it, taste it, touch it. It cannot be inferred by the mind and so on. It's not an object to these sources of knowledge. Aprameya. It is not a doer nor an experiencer of the results of action. In Sanskrit, akarta bhokta. And we did all this. And then now we are on the 26th verse. Here Sri Krishna sums up the teaching.",3378,3890,276.239990234375,324.1199951171875,102
en_video_09_0007,video_09,en,Advaita,7,"By the way of summation, he says, he acknowledges how difficult it is. If you really think about it, it's stunning. We think we are the body. Shows us you are not the body. We think we are this person in the body. You are not this person. You are not denying that it's there, but you are not it. And it says you are an infinite, immortal, spiritual being. Consciousness itself, being itself, the absolute. So it's some tremendous fact. Somebody said actually it's easier to believe in God than to believe this. It's about you. But still it's so difficult to believe this about myself.",3891,4475,325.0,359.8800048828125,107
en_video_09_0008,video_09,en,Advaita,8,"I can still believe that there must be some kind of God. But this is so much, so tremendous. And yet it is you and it can be realized. Not a matter of just belief. Definitely not. Vedanta aims to educate us, to show us how this is true. Last week at the University of Michigan, there was a symposium on Advaita Vedanta and education. Ancient wisdom and modern education. I think they have put up the videos online. You can see. So I gave a talk about this very same thing, about knowing oneself. But you see, Shankara's Advaita Vedanta is a pedagogy, is a methodology of teaching.",4476,5056,360.8800048828125,407.760009765625,109
en_video_09_0009,video_09,en,Advaita,9,"It's a way to show us the truth about ourselves. Or not one way, many ways are there. But basically to show us so that we have this insight, that aha moment. Oh, this is what I am. Then all your problems are solved. Not externally. Everything that is there externally will continue. But it's no longer of any consequence to you. You are set free. So that's the goal of Vedanta. Now it's very difficult. Difficult to believe, first of all. And then to make the breakthrough. Difficult even to take seriously. So Sri Krishna, he says, it's quite possible that you don't believe any of it.",5057,5643,408.6400146484375,444.5199890136719,108
en_video_09_0010,video_09,en,Advaita,10,"He thinks that Arjuna probably is not getting it. You know, good teachers, you might think they're like mind readers. You don't have to be. If you have taught in school, especially grade school or kindergarten, one look into the faces of the kids and you know whether they're listening, whether they get it or they're thinking of something else. It's very easy if you have been teaching for a long time. You don't have to be a telepath. I remember one of the finest teachers I ever met. He's a great scholar of Vedanta and he's a professor of physics too.",5644,6199,445.5199890136719,476.3999938964844,102
en_video_09_0011,video_09,en,Advaita,11,"So very formidable. His name is K. Rama Subramaniam. He's in IIT Mumbai. But one thing I liked about his teaching was I attended some of his classes as a young monk. He was trained under the Sringeri Shankaracharya directly. So he was teaching us an abstruse text of Vedanta. And I still remember what was startling about his teaching was he was absolutely, he knew what you were thinking. And one disconcerting habit he had was he would walk around speaking. His classes were very interesting, long classes, but you had to be hyper alert. Because the moment you were not alert, he would notice.",6200,6795,477.3999938964844,526.1599731445312,106
en_video_09_0012,video_09,en,Advaita,12,"He's this tall, thin man with blazing eyes. He would notice and focus that pair of blazing eyes on you. And he would rush towards you literally and say, Yes, tell me what I said. Or ask a question related to what he was saying. Ask a question related to what he was saying. He would just point to you, yes. So I've had my share of tough teachers. There's one teacher, a very great scholar. I'd heard about his. It was inconvenient for me to go from the monastery to attend his classes, but I'd heard about it. So I went to attend one class of his.",6796,7343,527.1599731445312,565.0399780273438,108
en_video_09_0013,video_09,en,Advaita,13,"And it's a very small group of students. But all the students are, they have all degrees in Sanskrit or Indian philosophy. They are retired teachers, people like that. So they're all sitting there. And I noticed why he has this tough reputation, this great scholar. I'm not talking about Ram Subramaniam now. I'm talking about somebody else. So he starts off the class with a 10-minute scolding. He starts off by saying, I don't know why I bothered to come here. I look at your faces and I know you don't understand anything. It's a shame. Tell you it's a shame.",7344,7906,566.0399780273438,601.8400000333786,102
en_video_09_0014,video_09,en,Advaita,14,"So 10 minutes, we all sat like this. But I realized it was a powerful course. He would do that every time. So they sort of take it in stride. And he would treat them like little. I mean, you can't treat little children like that nowadays. They are in the 60s or 70s, the students. And he would ask a question. You would have to stand up to answer it. And he won't let you sit down until you have answered it. He'll help you. This lady, she stood up to answer a question. And he kept on saying, I won't let you sit down",7907,8425,601.8400000333786,630.6399993896484,106
en_video_09_0015,video_09,en,Advaita,15,"until you give me the answer. And she was giggling. At least he didn't make the students stand up on the bench holding their ears or something like that. So tough teachers. Krishna is like that. He immediately sees Arjuna is not getting it. It's understandable. So he says, 26th verse. Athachayanam Nityajatam Nityam Vamanyase Mritam Tathapitvam Mahabaho Naivam Sochitum Arhasi What does it mean? If, however, however means in spite of all this Vedantic teaching, if, however, you think that it, the self, you, you are born with the birth of the body and you die with the death of the body,",8426,9016,630.6399993896484,698.6800003051758,103
en_video_09_0016,video_09,en,Advaita,16,"even then, oh mighty armed one, you ought not to grieve for it. What is he doing? He's taking a different stance now. He's coming down a couple of steps as it were. Instead of talking about an immortal consciousness, the one reality of the universe beyond all senses or sources of knowledge, a transcendent non-actor, non-experiencing awareness, instead of talking of that, he says, just as you know yourself right now, you think, if you think that you are born, people are born with the birth of the body and people die with the death of the body, the self comes up with the birth of the body",9017,9610,698.6800003051758,738.0,109
en_video_09_0017,video_09,en,Advaita,17,"and the self dies with the death of the body, even then, you should not be shaken by this, by death. Why not? We'll come to that. But before that, it's interesting to think, what point of view is this? What point of view is this? There are different candidates. I'll give you two which I've heard and I'll tell you what I think. One is the materialist. That's the most common point of view, say today, for example. And all throughout history in every civilization, including the ancient Vedic civilization, there have been materialists who say, all this is nonsense.",9611,10177,738.0,777.3999938964844,101
en_video_09_0018,video_09,en,Advaita,18,"Body is all that exists. Matter is all that exists. And we are living matter. We are born and in this body we exist and when the body goes, we are finished, that's it. There's nothing before this, nothing after this. As far as you are concerned, the self is concerned, Atman, the Atman is nothing but the body. So this view was called the view of the Charvaka. Charvaka, the ancient Indian materialists. Literally the Sanskrit word Charvaka comes from Charuvaka, sweet talk. Sweet talk means it's the most acceptable, easy kind of philosophy. So what was their recommendation?",10178,10754,777.3999938964844,814.8399963378906,100
en_video_09_0019,video_09,en,Advaita,19,"Since you are born with the birth of the body and you die with the death of the body, make use of the time you have got. Eat, drink and be merry. So there's an Indian version to that. Many people, we have heard of it. There are verses, there are verses of these ancient materialists. What do they recommend? As long as you live, as long as the body lives, live happily. How do you live happily? What's the recommendation? Ghritam pivet, this is difficult to translate. Literally means drink a lot of ghee. Now, today's closest would be",10755,11290,814.8399963378906,850.8000030517578,100
en_video_09_0020,video_09,en,Advaita,20,"to the Ghritam pivet. Ghritam pivet means drink a lot of ghee. Closest would be drink lots of Pepsi or Coke or something like that. You know, like have fun. Just indulge yourself. But it is expensive. Where do I get the money? He says, renam kritva, borrow money. Credit cards, max out your credit cards. But I have to pay back then. He says, no, you don't have to pay back. When the body is burned, when you die, the body is burned, you're not going to come back anymore. Nobody's going to catch you. It is, the universe is the ultimate free lunch.",11291,11840,850.8000030517578,892.0400085449219,105
en_video_09_0021,video_09,en,Advaita,21,"Have fun. What about my kids? Or they'll have to pay, who cares? That's their problem. We may think that's ridiculous, but that's actually mostly what we are doing. The economists, they talk about the price to be paid by future generations. If you consume a lot now, the prices in terms of debt, in terms of global warming, in terms of resource depletion, in terms of pollution, all that will actually have to be paid. But who will pay it? Children, grandchildren, great-grandchildren? If any are left after a few generations. Some people say it's only 30 years now.",11841,12407,893.4800109863281,936.2799987792969,100
en_video_09_0022,video_09,en,Advaita,22,"Some people say it's only 30 years now. That might be too alarmist. But so that is the materialist point of view. Materialist point of view. And sweet, that's a very nice kind of philosophy. Have fun while it lasts. The problem is, according to all other schools of philosophy, not just Vedanta, every other school of thought in ancient India, except the materialist, not only the world will last, but you will also last. And therefore what you do now, you'll have to pay the price for that. It's not that you get off scot-free. You will have to pay the price for that.",12408,12977,936.3999938964844,975.8800048828125,105
en_video_09_0023,video_09,en,Advaita,23,"So it doesn't really work ultimately, that kind of philosophy. And it's short-sighted, because the pleasures which we try to enjoy right now, not caring about what we have to pay, those pleasures are momentary and they have passed away. We still remember and the price is still there. Yes. Yes. Right. The question is being asked, what do you mean by Vedanta? When you talk about Vedanta, is it a generic term or a specific school of thought? Both. There is specifically, when I'm explaining or in fact, any other scripture, the Upanishads, Bhagavad Gita, Brahma Sutras, whatever it is, or the texts which we are studying,",12978,13600,975.8800048828125,1030.7200012207031,108
en_video_09_0024,video_09,en,Advaita,24,"the Mandukya Karika, Aparoksha Anubhuti, I'm referring to a particular school of Vedanta, which is Advaita Vedanta, non-dual Vedanta of Shankaracharya. So it's an ancient school. It's actually, the traditionalists will be annoyed if I say it's a non-dual Vedanta of Shankaracharya. Shankaracharya in the tradition is called Bhashyakara, the great commentator. But the texts of the school and the school itself predates Shankaracharya by centuries, if not millennia. So that's the school I'm referring to and there's a reason why I'm referring to that school because that's the philosophical foundation of the order I belong to, the Ramakrishna order.",13601,14251,1030.7200012207031,1071.3200073242188,100
en_video_09_0025,video_09,en,Advaita,25,"But also, having said that, there are many other schools of Vedanta. There is Vishishtadvaita of Ramanuja, there is the dualistic school of Madhva, there is the Dwaitadvaita of Nimbarkacharya, there is the Shuddhadvaita of Vallabhacharya, there is the Achintyabhedabhed, whose descendants are the Hare Krishnas. So there's a whole series of Vedantic schools. Now, one thing which Swami Vivekananda and the early Swamis did when they came here, they presented the combined spiritual heritage of India as Vedanta. So, for example, this is the Vedanta Society of New York, but the first publication which came out from here, very famous, Swami Vivekananda's Raja Yoga.",14252,14917,1072.3599853515625,1126.9199829101562,105
en_video_09_0026,video_09,en,Advaita,26,"But it's actually a commentary on the Patanjali Yoga Sutras, which is the yoga school of philosophy, which is distinct from the Vedanta. It's not even a school of Vedanta. So the entire, the philosophy of meditation, the Bhakti schools and the Jnana schools, all of them were taught by the early Swamis and the general name was Vedanta. There's nothing wrong in that, because if you go back to India also, and if you look at Hinduism, modern Hinduism, you will find most of the practicing Hindus their philosophical origins lie in some school of the Vedanta or the other.",14918,15489,1126.9199829101562,1171.4000244140625,101
en_video_09_0027,video_09,en,Advaita,27,"Nyaya, Vaisheshika, the school of ancient logicians, or the Sankhya school, or the yoga school of Patanjali, these are more theoretical academic now than actually practiced. People practice them, but if you ask them, there are scholars of Nyaya, for example, logic. But if you actually ask the scholar of Nyaya in India today, what are you practicing? Practicing the Nyaya Sutras of Gautama in your day-to-day? No, no, no. He will probably turn out to be a devotee of Krishna or something like that. So, those, the Sri Vaishnavas, the Madhvas in Karnataka, even say, for example, the Swami Narayan sect of Gujarat, now all over the world, the Pushti Marga in Gujarat again.",15490,16163,1172.760009765625,1226.0,115
en_video_09_0028,video_09,en,Advaita,28,"The different schools, the ISKCON, the Hare Krishna, so all of these are the modern phase of Hinduism. If you probe, if you probe, you will come across some school of Vedanta as the basis. So, in a general term, Vedanta means the spiritual heritage of India today, the philosophical foundations of modern Hinduism. But if you say specifically, I would like to pin you down to one school, then clearly it is the Advaita Vedanta of Shankara. But not in an exclusive sense. You can do that in an exclusivist sense. Like Totapuri, the guru of Sri Ramakrishna. Only Advaita Vedanta, nothing else.",16164,16755,1226.0,1265.0,104
en_video_09_0029,video_09,en,Advaita,29,"So, we don't do that. Does that answer your question? But it gave rise to two more questions. I'm coming to you. You first and then she can ask. There is, but I'm not qualified. It's a very deep subject. It's related to Tantra. I didn't mention Tantra. Tantra is an entirely autonomous, I would say, school in Hinduism, with a lot of followers and there are many schools of Tantra. So, Sri Vidya is a particular ritual with a philosophy associated with it. I really don't know enough about it to say anything more. You have to be initiated into it formally by a guru to practice it.",16756,17338,1265.0,1320.0,109
en_video_09_0030,video_09,en,Advaita,30,"There is a good explanation. I think one of my confusion I always have is that Rishis said that Advaita is more devotional and more theistic than Advaita. All right. I'll repeat the question. It's a good question. A bit about Vishistha Advaita and Advaita. Vishistha Advaita is the qualified monism associated with Ramanujacharya and the Sri Vaishnavas. And Advaita Vedanta, non-dual Vedanta. She asks, the impression she has is that Vishistha Advaita is more devotional, more theistic than Advaita Vedanta. You are right. There's a lot to be said about this. It's a vast history. Nearly a thousand years of dialectics and many many texts written on both sides.",17339,18000,1321.0,1384.0,110
en_video_09_0031,video_09,en,Advaita,31,"Ramanuja who came about 200 years after Shankara, 250 years after Shankara. He gave a new set of commentaries on the Upanishads and the Bhagavad Gita and the Brahma Sutras. He did not write separate commentaries on the Upanishads but he wrote a separate commentary on the Brahma Sutras called Sri Bhashya and a commentary on the Bhagavad Gita. Giving a different interpretation from Advaita Vedanta. The core difference is this. I will not go into it because it's a huge, fascinating subject. I have a book written by Vasudev Shastri Abhyankar called Advaita Modha, the delight of non-dualism. That's the name of the book.",18001,18623,1384.0,1433.0,105
en_video_09_0032,video_09,en,Advaita,32,"This was a great pundit in the last century, two centuries ago. Last century in fact. And he was a non-dualist but he was reading qualified monism so seriously studying it. His other scholarly friend, pundits, they teased him. Are you becoming a qualified non-dualist? Qualified monist, Vishishtadvaita? Are you moving away from non-dualism? So this scholar Abhyankar said no. I am just studying it and to prove that he was still a loyal non-dualist he wrote this book in which he points out 30, 30 differences. No, 22 differences I think. 22 differences between non-dualism and Vishishtadvaita, qualified monism.",18624,19237,1433.0,1476.0,100
en_video_09_0033,video_09,en,Advaita,33,"So there are many differences. Ramanuja who wrote the commentaries on Gita and Brahma Sutra. In his Brahma Sutra commentary he starts by, see you have touched upon a favorite subject of mine. So I am finding it difficult to stop but I will just mention these two things and then stop. One is he starts his commentary on the Brahma Sutras with a tremendous attack on Shankara's non-dualism. He calls Shankara's non-dualism the great opponent. The English is mild, the Sanskrit is more weighty. Mahapurvapaksha, the great opposing force or opponent and he levels page after page. The first part of the commentary on the first sutra is a powerful attack and a good attack.",19238,19907,1477.0,1528.0,116
en_video_09_0034,video_09,en,Advaita,34,"It is said that sometimes when people do dialectics, criticize each other's positions, they cut down a straw man, they set up a straw man and shoot it down. Misrepresent your position in a silly way and then makes it easy to dismiss. But Ramanuja doesn't do that. What Ramanuja does is he gives a faithful rendering, an acceptable rendering of non-dualism of Shankaracharya and then proceeds to cut it down mercilessly. In fact it is said among scholars, I have heard Ramanuja who attacks Shankara's non-dualism. The method of attacking in ancient India, the debate was called Vada. Vada means debate.",19908,20509,1528.0,1573.0,102
en_video_09_0035,video_09,en,Advaita,35,"One of the rules of Vada was if I am going to attack you to criticize your position, first I must state your position to your satisfaction. What a beautiful rule. You see, it would prevent so many quarrels. Normally when we are arguing against somebody, we are not really listening to the other person. We are thinking of our answer to that. I am getting an answer ready. I will give you such an answer. What you are saying, I am not listening. But here it forces you. What did that person say? And you have to repeat back what that person said to that person's satisfaction.",20510,21085,1573.0,1607.0,108
en_video_09_0036,video_09,en,Advaita,36,"Sir, this is what you said. 1, 2, 3, 4, 5, 6, 7, 8. Yes. Now I am permitted to give a reply. What a beautiful thing. It can prevent quarrels from philosophers to the household, to boss, in the corporate sector, wherever. Anyway, it is said Ramanuja presented Advaita Vedanta so fairly in his introduction, before starting his criticism of Advaita Vedanta, that a newcomer to Advaita Vedanta can actually learn Advaita Vedanta from that. It is such a fair presentation. A great scholar of non-dualism, Shankara Vedanta, who is no friend of qualified monists, he said to me, Ramanuja is a gentleman.",21086,21683,1607.0,1651.0,104
en_video_09_0037,video_09,en,Advaita,37,"But a thousand years of dialectics. One of the great Ramanuja dialecticians was Vedanta Desika, I think. He wrote Shatadushani, a hundred objections against Advaita Vedanta. And a hundred years after that, another scholar wrote Shatadushani, a hundred ornaments of Advaita. That means refuting the hundred objections and so on. This is the one thing I wanted to say. This is a very vast background. But coming to your point, Vishistha Advaita is definitely more theistic. Instead of saying, I am Brahman, it says, I am a part of Brahman. Brahman is the whole of which all of us, we are parts.",21684,22276,1651.0,1712.0,102
en_video_09_0038,video_09,en,Advaita,38,"So the world is a part of Brahman. You and I, we are parts of Brahman. And what do you have to do? Knowledge is helpful to realize that we are a part of Brahman. I am a part of Brahman. That is knowledge. Now, I depart. What will be my relation to the whole? Knowledge or devotion? Devotion. You are a tiny part of the whole. So your relation to the whole will be devotion. God is the whole. Brahman is the whole. And Brahman in Ramanuja's view is Saguna Brahman. Brahman with infinite auspicious qualities. If you get Ramanuja started on the qualities of God,",22277,22837,1712.0,1754.0,107
en_video_09_0039,video_09,en,Advaita,39,"then you have to have patience because he will take a full page. Once he starts, what are the all-knowing, all-merciful, all-loving, just, beautiful, gracious and he will go on and on and on. In fact, the Bhagavad Gita, Ramanuja's commentary on Bhagavad Gita, he starts off, the first page is one line, one single sentence of the qualities of God. He loses himself in ecstasy when he talks about God. But it is atheistic God. Not pure consciousness, pure being, beyond the universe. Brahman is the only reality. The universe is an appearance and I am Brahman. Ramanuja would plug his ears.",22838,23427,1754.0,1800.0,103
en_video_09_0040,video_09,en,Advaita,40,"It's blasphemy for him to hear such things. So it's a very, very devotional philosophy. Sorry for that little lecture. In fact, if you want to have a deeper understanding of Advaita Vedanta, the original classical Advaita Vedanta, it's good to study Vishishtadvaita also. Because they are often confused together. The difference will make you understand both very clearly. Because they sound similar, but they are not similar. Of course there is. But it's a different approach altogether. In Advaita Vedanta, the question was, do we have Bhakti Yoga in Advaita Vedanta? Yes. But what does Bhakti Yoga serve in Advaita Vedanta? Twofold.",23428,24063,1800.0,1855.0,103
en_video_09_0041,video_09,en,Advaita,41,"One is, at the preparatory stage, it is a very good preparation for knowledge. Bhakti is a support for knowledge. What will set you free? What is the ultimate? Bhakti or Jnana? Shankara will say, obviously Jnana. There is no question. Knowledge will set you free. I am Brahman. And after becoming free, after becoming an enlightened person, when you again find yourself as an appearance, as an individual, an appearance, then God is also an appearance to you. That individual in appearance can have devotion to God in appearance. There Bhakti is an expression of knowledge. I know you and I, thou and I, we are one.",24064,24679,1855.0,1895.0,108
en_video_09_0042,video_09,en,Advaita,42,"But still, I am thy devotee and you are my Lord. It's a very beautiful attitude. Hanuman, he says, He says, I know Vishnu, Saguna Brahman, Srinatha, and Janaki Natha, Ramachandra, husband of Sita. They are one reality. Abheda Paramatmani. And if you look at it in a non-dualistic way, then we are all one reality. We know that. I know that. But even so, tathapi, even so, for me everything is the lotus-eyed Rama. That's an expression of devotion, of love. That can exist after full knowledge also. So Shankaracharya has no problem. He is not becoming a dualist by writing all these beautiful hymns to Krishna, to Ganga, to Shiva.",24680,25310,1895.0,1959.0,112
en_video_09_0043,video_09,en,Advaita,43,"Beautiful hymns. Some of the most beautiful hymns are written by Shankaracharya, who is a non-dualist. And he is not playing two roles there. That devotion is an expression of his knowledge. There is a very beautiful saying, I don't know who it is attributed to. The roles of bhakti and jnana, knowledge and devotion. Before enlightenment, duality leads to samsara, delusion. We get trapped, which we call samsara. This problem we have. It is because of plurality, duality. After you become enlightened, one Brahman, I alone am that. After that, again when this world appears to you, as it will,",25311,25906,1959.0,2017.0,101
en_video_09_0044,video_09,en,Advaita,44,"and you find yourself in this body and you are living the same life as before, then what do you do? How do you live life in a false world? How do you live life? After having known the reality, bhakti-artham kalpitam dvaitam Duality, kalpitam, imagined or projected for the sake of love, is more beautiful than non-duality. But who can say that? Only the person who has realized non-duality. So it's a difference. I and the Lord are different. It's your projection. You know that you are not different. You have already realized it. Now it's a matter of delight.",25907,26468,2017.0,2060.0,101
en_video_09_0045,video_09,en,Advaita,45,What do you do when you watch a movie? You know it's not real. You know there's nothing to it. But then you project a certain reality to it and then you react. You laugh and you cry and you cheer and you clap. All the while knowing the background is that it's a movie. Then delight comes. Otherwise terror. You see King Kong climbing Empire State Building. Iconic picture. And you say oh it's so enjoyable. And you watch in the movie theater King Kong this huge creature is climbing Empire State Building. And if a tiny monkey comes in the theater you will scream and run away.,26469,27046,2061.0,2103.0,109
en_video_09_0046,video_09,en,Advaita,46,Why? Because King Kong is an appearance. Not there. And therefore you enjoy. But that monkey is there. It can bite. So delight. It becomes delight. After non-dual realization. Madhusudan Saraswati. Who was a great non-dualist. In fact the acme of philosophical writing on non-dualism. Advaita Siddhi. One of the toughest books on non-dualism. Which is a reply to an attack by dualists. Written by Madhusudan Saraswati. Master. I myself once learnt the Navya Nyaya. The school of neologic. Which originated in Bengal. I learnt that. And we each had to stand up and say why you are learning it.,27047,27639,2104.0,2157.0,100
en_video_09_0047,video_09,en,Advaita,47,So I said you are a monk. Why are you learning neologic? So I said I am learning it to read Madhusudan Saraswati's Advaita Siddhi. So Advaita Siddhi. Toughest book on non-dualism. Madhusudan Saraswati. The same Madhusudan Saraswati has written a beautiful commentary on the Bhagavad Gita. And in one of the verses he says. I forget the original Sanskrit. What it means is this. If the yogi in meditation wants to remain immersed in the light shining in his heart. The unmanifest light of consciousness shining in his heart. Wants to remain immersed in that. Let him do so.,27640,28212,2157.0,2197.0,100
en_video_09_0048,video_09,en,Advaita,48,"But what delights mine eyes. Is the little blue boy playing on the bank of Yamuna. Krishna, the baby Krishna playing on the banks of Yamuna. Who is saying this? Madhusudan Saraswati. Non-dualist. So bhakti is very much possible. But the philosophy of bhakti in Shankara's Advaita. And the philosophy of bhakti in Ramanuja's Vishishta Advaita. Different. And in Ramanuja's Vishishta Advaita bhakti is the supreme. In fact the bhakti reaches its peak in what is called prapatti. Prapatti is complete surrender. So there is a lot of discussion about that. So if you are interested in practice of bhakti.",28213,28813,2198.0,2243.0,100
en_video_09_0049,video_09,en,Advaita,49,There are many things to be learnt from Ramanuja's. I will take this occasion to share one thing in the Gita itself. In this second chapter. One more insight. Beautiful insight which Ramanuja gives. Which you won't find here. In the non-dualist interpretation. Ramanuja says. It will come in the Gita little later. Control of the senses is necessary for enlightenment. Krishna himself will again and again emphasize. Strict self-control is necessary for enlightenment. And then he says. It's only after enlightenment that perfect sense control is possible. Ramanuja catches that. In his commentary he says. Isn't it a vicious cycle?,28814,29446,2243.0,2289.0,101
en_video_09_0050,video_09,en,Advaita,50,"You want control over the senses. And a controlled body, controlled mind. So that you get enlightenment. But that will not happen until you are enlightened. And since one depends on the other. Enlightenment is impossible. He says. Dushprapya. It is impossible to get. Then. Then. What do you do? Then Ramanuja says. That is why bhakti is introduced. The moment you direct love towards God. The senses are automatically controlled. It's much easier to control. Even when you are not enlightened. If music is spiritual music. You want to smell nice things. Flowers and incense for God. Want to eat nice things.",29447,30055,2290.0,2336.0,103
en_video_09_0051,video_09,en,Advaita,51,Offer. Prasad. Everything is connected to God. Our actions are connected to God. Our senses are connected to God. Our activities and thoughts are connected to God. And God. In fact the very word Krishna means the attractor. The one who attracts. One who attracts our senses. Once you try a little bit. You will find a tremendous attraction. Attraction of devotion. Of love. To God. And then. The senses become much easier to control. Because they are now flowing Godward. Those senses. They have no problem there. Spiritual life becomes much easier. Okay. Last question. I will not answer it.,30056,30648,2336.0,2376.0,101
en_video_09_0052,video_09,en,Advaita,52,"Let's hear the question. You raised your hand. Yes. Yes. Yes. The take away he gives him or the escape is really just to worship Krishna in every sentence. In fact knowing that song it doesn't even mean after hearing that song that Shankaracharya was a non-believer. Right. Yes, that's why I said he is asking about the song Bhaja Govindam which is very popular. Bhaja Govindam literally means if you translate into English worship Govinda or Krishna. That's why I said some of the most beautiful devotional hymns have been composed by Shankaracharya. But now you know that to judge a philosopher, a saint philosopher like Shankaracharya you must take the entire body of his work.",30649,31329,2376.0,2442.0,117
en_video_09_0053,video_09,en,Advaita,53,"You can't take little from here. Many people take only the hymns. Then he will turn out to be a complete devotee. But surprisingly he is a devotee of Shiva, of the Divine Mother, of Krishna, of Ganga. He is intensely devotional. But then if you take the bhashyas, the commentaries on the Upanishads and the Bhagavad Gita and the Brahma Sutras, then it falls into place. Basically devotion is helpful. What he will basically say there is, if you ask then why haven't you talked about knowledge in that hymn? Worship Krishna. By the grace of Krishna you will get knowledge and get freedom.",31330,31917,2442.0,2482.0,105
en_video_09_0054,video_09,en,Advaita,54,"I am not putting it this way. If you see the commentaries again and again in the Gita it will come. Whenever devotion is prescribed Shankaracharya will chime in. Yes, this is great because it leads to knowledge. And so then after knowledge you get enlightenment. So like that. That's a very beautiful hymn. Very popular bhaja govindam bhaja govindam govindam bhaja moora mate. O fool, worship, take the name of God. He saw this person memorizing Sanskrit grammar, sutras. Grammar is in the form of sutras. There are 4000 plus sutras of Panini. Now one sutra, this person was sitting by the bank of the river and memorizing.",31918,32541,2482.0,2523.0,109
en_video_09_0055,video_09,en,Advaita,55,"You have to memorize a lot. So he is memorizing. Sutra goes like this. And Shankaracharya felt sad for this person that few days later he will die. And all he has done in his lifetime is grammar. And then he sings. He sings. He is seeing that person memorize Sanskrit grammar rules, sutras. Nowadays you would call them algorithms. They are like that. And he says evening has come. Again it will become morning. Day turns into evening. Autumn into winter, winter into spring and so on. The seasons come and go. Time is dancing. Time plays on. Your life is running out.",32542,33110,2523.0,2599.0,104
en_video_09_0056,video_09,en,Advaita,56,"Never to come back again. Your days are running out. Then he says but the flame of this desire. Asha here means desire. Not hope in the positive sense. Just this little more and then everything will be good. I will make one more cling on the stock exchange and then I will be set for life. This gadget, iPhone 8, that's it. Then I will be really happy. And that thing, that's it, I will be really happy. This relationship, that vacation, I will be really happy and so on. No. None of it is the end. In this way nothing will come to a conclusion.",33111,33656,2599.0,2644.0,107
en_video_09_0057,video_09,en,Advaita,57,"It will just go on and on and on. Never. Never will you get fulfillment. Then he says worship the Lord, worship the Lord, worship the Lord, you fool. When the time comes, when the time comes means the time of death. When the time of death draws near, your Sanskrit grammar will not help you. Only the Lord can help you. It's a beautiful hymn. It goes on and on and on. Very touching. So he evokes devotion for God. But here the materialist view is put forward. That's one point of view. Another point of view, it's not the materialist view, it could be the Buddhist view.",33657,34228,2644.0,2695.0,109
en_video_09_0058,video_09,en,Advaita,58,"The Buddhist view is the Atman, the self is not a permanent entity like the Hindus say it is. It is born and destroyed every moment. There is a self but it is a continuous stream. William James, he coined the term stream of consciousness. The Buddhist view is something like that. We are a continuous stream. Born and dying every moment to moment to moment. Could be that view also. I think it's basically what Vedic Hindus believed at that time. Not a materialist view, not the Buddhist view but the view that we are subtle bodies. We are born with the birth of this body. This body dies when we go on propelled by our past karma",34229,34859,2695.0,2740.0,119
en_video_09_0059,video_09,en,Advaita,59,"to other worlds and other lives and we are born, we die and we are born and we die. That view he is talking about. Why do I think that? We will see the next few verses. They support this conclusion. Now the question here is that even if you think you are born with the birth of the body and you die with the death of the body and you don't agree to the Vedantic view or the Advaitic view of the Atman, even then you should not grieve. Why not? A powerful verse 27. This verse is not philosophy, it's common sense.",34860,35373,2740.0,2776.0,104
en_video_09_0060,video_09,en,Advaita,60,"Very poetic. To one who is born death is certain. Crisp Sanskrit phrase. Death is certain to one who is born. This is more problematic. Birth again is certain for the one who has died. He will go on to other lives, he or she. Therefore what's the upshot of all of this? The inevitable, the unchangeable where we have no choice at all. What's the point of bewailing the inevitable? That which is a fundamental fact which cannot be changed at all. For those who are born death is certain. Swami Vivekananda puts it very powerfully. Saints die and sinners die. Paupers die and emperors die.",35374,35961,2795.0,2866.0,107
en_video_09_0061,video_09,en,Advaita,61,"The learned die and equally do the ignorant die. All will die. This is certain. It has nothing to do with belief, non-belief, spirituality, science, medicine, nothing. One will ultimately die. Even Avatar, whether it's Buddha or Jesus or Krishna or Rama or Ramakrishna, their physical body has gone. One Swami was joking, he said we use better words when it comes to spiritual personalities. He has ascended to his divine heavenly abode or divine abode. Okay, he may have ascended but basically it means that the body died, the person is dead. In India we say for monks, when the monks passed away, we didn't say he died.",35962,36583,2866.0,2919.0,109
en_video_09_0062,video_09,en,Advaita,62,"He attained Samadhi, Mahasamadhi. But basically the meaning is that the body is dead, the body is gone. The person is dead. A simple fact worth meditating upon. Swami Vivekananda taught this to a disciple and acceptance of death, contemplation of death. The disciple said it will lead to terror and depression and Swami Vivekananda thoughtfully said in the beginning it might but afterwards will come a great freedom and strength. There is no choice here and you need not be afraid. Sri Krishna says if you accept the Advaitic point of view, you need not be afraid at all.",36584,37156,2919.0,2961.0,100
en_video_09_0063,video_09,en,Advaita,63,"It is nothing to you really, just like changing a suit of clothes. He said that like changing old clothes. If you do not accept the Advaitic point of view, even then it's nothing to you because it's inevitable. And he says you are not destroyed. The next part is, Birth is certain for those who have died. Now this phrase, inclusion of this phrase shows that it's not the materialistic point of view. If it was the materialistic point of view, you are dead, finished. No religion is possible, nothing more matters after that. But the moment Krishna says",37157,37710,2961.0,3002.0,100
en_video_09_0064,video_09,en,Advaita,64,"Dhruvam janma mritasya cha after death again birth is certain propelled by our past karma. So with this phrase he has introduced the entire karma and rebirth idea which is so common in India. I say India not Vedanta, not Hinduism. One Vedanta, great Vedanta teacher said these two things karma and rebirth the doctrine of karma and the doctrine of rebirth in Hindi karma or punar janma karma vad punar janma doctrine of rebirth these two are truly profound doctrines, teachings. Why? He says we disagree on almost everything else whether God exists or not Buddhists don't talk about God",37711,38297,3002.0,3050.0,101
en_video_09_0065,video_09,en,Advaita,65,"Jains don't talk about God there are schools of Hinduism which do not talk about God whether God is with form or without form, whether God exists or not, then what is the way to enlightenment is it bhakti, devotion is it knowledge, jnana is it meditation, is it austerity what is it? Many many views not only that do you exist on that also there is dispute. The Buddhist says there is no permanent self it's a stream of changes, flux kshanikam kshanikam sarvam kshanikam momentary momentary all is momentary shunyam shunyam sarvam shunyam empty empty all is empty",38298,38861,3050.0,3094.0,100
en_video_09_0066,video_09,en,Advaita,66,"and the Hindu says there is an eternal self all these differences are admitted wide variety of views viewpoints in Indian philosophy yet Vedanta teacher was saying yet these two karma and rebirth are common across the board Jains, Buddhists, Sikhs Hindus and all the varieties of Hindus, Vaishnavas, Shaivas Shaktas, non-dualists, dualists qualified monists identity in difference so many schools tantrics, everybody except the materialist accepts that there is karma and there is rebirth non-dualist he says take it seriously this is serious yes no it's only for rest of us so for what Krishna remember up to now Krishna was teaching",38862,39496,3094.0,3162.0,103
en_video_09_0067,video_09,en,Advaita,67,"the highest Advaita, pure consciousness Atman, it's not born there is no question of rebirth let me tell you this funny story I have told you earlier one of our monks he was in the Himalayas in a little cottage he was studying the Hindu or Indian idea of rebirth, many lives and the Abrahamic idea there is only one life Jews, Christians Muslims, they say there is only one life you didn't exist earlier you are created by the creator and then this life is there after that you wait in stasis or something for a long time until you get your heavenly life",39497,40051,3162.0,3204.0,105
en_video_09_0068,video_09,en,Advaita,68,or the hellish fire now there is only one life you don't get many bodies many lives so which is true both can't be true though actually both are true you know how? the way I understand it is if you take the holistic world view if you take one birth and death that's one life if you don't know what came before that if you don't know what comes after that you will just say there was only one life and this is a conscious choice if you actually go to the Bible and the Old Testament there are any number of references to past lives,40052,40582,3204.0,3242.0,107
en_video_09_0069,video_09,en,Advaita,69,I was such now I am this so there are many such references there was a committee during the Roman Empire and they studied this matter many lives or one life and the resolution was let's rule out many lives and we will decide the committee decided there is going to be one life from now on because it was not advantageous to a particular Roman Emperor something like that some kind of choice was made so in the ancient history of all religions many lives are admitted the point is one life or many lives so this monk he was studying both sides,40583,41125,3242.0,3280.0,104
en_video_09_0070,video_09,en,Advaita,70,and this way and that way and all the other monks in that cottage they were annoyed with him they got bored of listening to these arguments so he took his argument outside in another ashram nearby there was a great non-dualist master a monk who was an extreme Gaudapada type of non-dualist Ajahat Awad what we are studying in Mandukya Karika so he goes there and says Swami these are the arguments in favor of many lives reincarnation these are the arguments in favor of one life that there is only one life one life then that Swami said,41126,41663,3280.0,3320.0,100
en_video_09_0071,video_09,en,Advaita,71,that teacher he said oh Swami why are you talking about all of this when there is no birth where is the question of rebirth read Mandukya because according to Mandukya you are not even born once let alone many lives Atman is not even born once the whole thing is Maya in Hindi he said when there is no birth where is the question of rebirth read Mandukya and that Swami came back and told me he was furious you can't argue with these non-dualists I have got a serious question to ask and he will simply go to Maya and Brahman,41664,42189,3320.0,3362.0,103
en_video_09_0072,video_09,en,Advaita,72,"and the whole question is dismissed but didn't you say everybody accepts karma and rebirth so non-dualists also accept you said yes but remember non-dualism vyavaharika paramarthika transactional level, empirical level, relative level this world everything is accepted paramarthika in the absolute sense only Brahman there was a time when Shankara was teaching and the other schools of Hinduism he said this Brahman alone is real world is an appearance, I am Brahman these fellows are atheists some said these fellows are Buddhists the dualist Hindus attacked the non-dualist saying that Prachanabodha these people are crypto Buddhists even now Shankara is called a crypto Buddhist by some",42190,42879,3362.0,3414.0,107
en_video_09_0073,video_09,en,Advaita,73,because they seem to deny conventional religion they ask non-dualists do you believe the Ganges is a holy river do you go to temples and bow down before God do you perform the ceremonies for departed ancestors because you are saying the world is false you are saying the world is false so are you denying religion you guys are atheists so we had to explain that is Shankara and his disciples had to explain that listen we accept everything there are two levels of reality one is the ultimate reality which is Brahman where the question of there it is not that,42880,43439,3414.0,3458.0,103
en_video_09_0074,video_09,en,Advaita,74,you do not accept religion and you are an atheist neither theist nor atheist nothing matters there here in this world we are as much of theist as you are we are very happy to go on pilgrimages and take a dip in the holy Ganges and any religious activity is very good because we regard it as very good preparation for the ultimate knowledge at a transactional level we call it Vyavaharika relative level where are you studying Vedanta is Brahman studying Vedanta are you coming to class and attending classes if that is real then why can't you,43440,43982,3458.0,3494.0,100
en_video_09_0075,video_09,en,Advaita,75,"go to a temple and bow down or a church and sing hymns why can't you do social service and give alms to the poor person everything is accepted at this level but ultimately from Brahman point of view everything is an appearance and you are that ultimate reality so this was Shankara's point of view ok quickly some people look at it that way does knowledge start with Vishishtadvaita why only Vishishtadvaita, Dvaita let us say we go from a dualistic point of view to a qualified monistic to a non-dualistic point of view I have no objection and Swami Vivekananda himself has spoken that way",43983,44573,3494.0,3540.0,107
en_video_09_0076,video_09,en,Advaita,76,a ladder theory but the problem is will the dualist and the qualified monist accept it that you are the middle rung in the ladder or the lowest rung in the ladder I don't think so for a non-dualist no problem as long as non-dualism is the highest rung we are fine with it and the non-dualist does this but it is a little demeaning for the dualist can the dualist do this usually they cannot because the non-dualist can give a relative reality to dualism but the dualist cannot speak in terms of relative reality and absolute reality for the dualist there is only one,44574,45140,3540.0,3580.0,106
en_video_09_0077,video_09,en,Advaita,77,"reality, this is it this is it then where is God, somewhere there is also a place called heaven, there is God in heaven and all of this is this one reality but what the Dvaitin does is this is an appearance and right here is the absolute reality Brahman which we are trying to show you Non-dualist can make space for dualism. Dualism cannot easily make space for non-dualism. That's why you'll find the dualist schools usually they are furious with non-dualists. And there are dualist schools who say that, you know, they will say about other religions in Hinduism.",45141,45706,3580.0,3621.0,101
en_video_09_0078,video_09,en,Advaita,78,"They are little narrow kind of dualist who say about other religions even they can be rescued. But these non-dualists are the worst. They can never be rescued. They are finished. Let me go ahead. So the whole idea of karma and reincarnation is introduced here in this little phrase. Dhruvam janma mritasyacha. The certain is birth for those who die. When we die propelled by our past karma, what dies? Physical body. We have discussed this earlier. Three bodies. Physical body, subtle body, causal body. Beyond that the Atman. Now when death comes, death comes for the physical body. The subtle body and the causal body,",45707,46327,3621.0,3669.0,107
en_video_09_0079,video_09,en,Advaita,79,"they say it sort of curls up into a seed like form and it goes away. And it is reborn again when it gets another suitable physical body. How does it get a physical body? Based on its past karma. We all have enormous stores of past karma. A part of that gives us a particular physical body. That part of my karma which has given me this physical body is called prarabdha karma. Literally if you translate, well begun. It has started to give results. And so whatever I experience in this life, all the major events of my life are because of that past karma.",46328,46883,3669.0,3706.0,107
en_video_09_0080,video_09,en,Advaita,80,"I have a degree of freedom. But my parents, my health, my lifespan. So the lifespan of this physical body depends on that slice of my past karma which has generated this physical body. Once that is exhausted, this body will die. And the next another slice of my karma will become active and generate a new body for me. Next life. What will happen? The subtle body and the causal body will inhabit that and then slowly develop into maturity as that physical body. It blooms into maturity then it will start working again. Not very different from when you take, you know earlier when a computer would crash,",46884,47489,3706.0,3749.0,110
en_video_09_0081,video_09,en,Advaita,81,"we used to have the programs in floppy disk. So we would take the floppy disk and put it into the new computer and it would start working again. Now in the floppy disk itself, it's not usable. It's not usable. It's there. Everything is there but not usable. But once you put it, you need a new computer. When you put it in there, then you can see everything again. Similarly our subtle body, tendencies, our karmas, our vasanas, desires, all are there but not functioning. They can't function without a physical body. When you are put into a new physical body,",47490,48050,3749.0,3782.0,103
en_video_09_0082,video_09,en,Advaita,82,"as the body develops, that subtle body also develops along with it. And then you get a new life. This is what he means. Dhruvam janma mritasyacha. Certain is birth for the dead but for whom? Only for the unenlightened. That we have many lives is not good news for the Hindu. It's bad news. It's a thing to be gotten out of. There was a joke, a cartoon. When this born again Christian guy is saying to the Hindu, look I am a born again Christian. And the Hindu is saying, oh I am a born again and again and again Hindu.",48051,48569,3782.0,3819.0,103
en_video_09_0083,video_09,en,Advaita,83,"Very cute cartoon. Because why is it bad? Ultimately, it's not bad in itself. It keeps on giving us a stream of experiences. Ultimately, it is bad because it is under limitation. We do not know who we truly are and it's subject to endless suffering. I have a different thought on the last point you mentioned. One thing that is empowering to me with respect to Advaita Vedanta is nobody is left behind. You take thousand lives or hundred lives or whatever, at the end of the day you are going to realize the ultimate truth. Absolutely. Not only that, not only at the end of the day. You are that absolute truth right now.",48570,49191,3819.0,3867.0,116
en_video_09_0084,video_09,en,Advaita,84,"That is most empowering. Even if I do not realize it, I am perfectly safe right now. You are perfectly safe right now. Everything is alright from that point of view. To me, the number of births is not so significant because I am Brahman but I will realize that I am Brahman ultimately. Yes, but remember one thing, Krishna is switching his standpoint here. He notices that you are finding Advaita empowering, Arjuna was not finding it empowering. Krishna notices that. So he is switching to a more common sense approach. Something that Arjuna being a Hindu of those times would be more accustomed to thinking.",49192,49801,3868.0,3915.0,107
en_video_09_0085,video_09,en,Advaita,85,"You think that you are born with this body, you existed in other bodies earlier and you will exist later on. That's what you think. He says yes, that's what we have been taught. Even then you should not grieve about death of this body. That's what Krishna is trying to say. Already he has said even if, but if, he has used those words. That means all that I have taught till now, Advaita, if it is not sinking in, if it seems fantastic, impossible, in that case let me give you some common sense advice. That also will work.",49802,50326,3915.0,3949.0,101
en_video_09_0086,video_09,en,Advaita,86,"You should not feel disturbed by death. Swami ji, the goal of evolution is enlightenment. Alright, go on. One can say more about that. Then would we consider Advaita or religion as a fast track to the goal of evolution? Correct. Ultimately many great philosophers have said that the purpose of all of this is enlightenment, freedom, perfection. As different as Shankara and Hegel and others, ultimately it's moving towards, call it a spiritual realization, call it a perfection, call it an enlightenment. So that's what we are doing, reading the pages of life in a book. Each page is one life. Turn over a page, one life gone another.",50327,50961,3949.0,4005.0,110
en_video_09_0087,video_09,en,Advaita,87,"And the soul is, soul means a subtle body, is evolving, learning, growing. That's one way of looking at it. What would be the purpose of all of this? Attainment of our real nature which is infinity, from the limited to the infinite. That's where we are going. The beautiful prayer, from the unreal to the real, from darkness unto light, from death. What is death? Not one death, many deaths. In one way it's more terrifying, many deaths, to immortality, beyond death. This thing about being reborn, Krishna puts it nicely, for the dead, rebirth is certain. Upanishads give a very shocking language.",50962,51560,4005.0,4047.0,104
en_video_09_0088,video_09,en,Advaita,88,"Who sees plurality here, difference here, dualism here, that one, what is the result? That one goes from death to death. Could have been nicer, could have said goes from birth to birth. That one goes from death to death, the shock value. That is true. You are saying that how is the information transferred? There is nothing obvious going from one body to another in the material world. That's true. If we could find that, then religion would have a scientific basis. That's why I said, what Krishna is saying here is not the materialist point of view. It is the conventional religious point of view of ancient Hindus.",51561,52179,4051.0,4104.0,110
en_video_09_0089,video_09,en,Advaita,89,"Bodies die but you go on. What goes on if you ask, what is the basis for transfer of all this information? Sukshma sharira. If you ask what is sukshma sharira? They will say it is made of sukshma tanmatra. According to the ancient cosmology, these physical bodies are made of five elements. This is the kind of thinking which many ancient civilizations had. Space, air, fire, water, earth. So this combination of these elements has made this body. But what ancient Indian cosmology goes a step further or deeper, it says our subtle bodies are also made of these elements.",52180,52751,4104.0,4140.0,101
en_video_09_0090,video_09,en,Advaita,90,"These elements have a gross aspect, physical aspect, which is this. So this is earth, in that there will be liquid, that is water, there is heat, it's hot, that is fire and so on. But there are subtle aspects of this. The five elements come in sukshma and sthula. So the subtle aspects are called sukshma tanmatra. Yogis are supposed to be able to see that. And we also see it in a certain way. Now think a thought, feel an emotion, experience a desire, love, hate, all those things which you are experiencing right now, those are the subtle elements.",52752,53303,4140.0,4180.0,102
en_video_09_0091,video_09,en,Advaita,91,"What is happening in the physical body, neurons are firing in the brain, which is gross element according to Vedantic terms or Sankhya terms. But what you are experiencing, that is the proof of the existence of subtle elements. I will immediately talk about the hard problem of consciousness. yet but yes for the first time modern science we have narrowed down the problem until you can explain a simple thing like think of a rose think of that beautiful flower right now experience the redness the shape of the flower explain it in terms of neuronal activity of the brain the experience you are",53304,53899,4180.0,4220.059999465942,105
en_video_09_0092,video_09,en,Advaita,92,having you cannot it's come to a dead end literally and I'm seeing now time and time again symposiums conferences consciousness consciousness kind of what is consciousness again there's a we have an informal sort of philosophy cafe which I want to wander into sometimes and we discuss it the next topic is again is consciousness fundamental it's happening across the top philosophies neuroscience departments trying to neuroscience departments are trying to reduce consciousness to the brain then your question will be valid there is nothing which is transmitted after death how will the subtle body go where is the,53900,54515,4220.059999465942,4263.759998321533,100
en_video_09_0093,video_09,en,Advaita,93,subtle body then there is no subtle body the Charvaka will be right but they are unable to reduce the conscious to consciousness or mind to the physical brain then what is consciousness or mind you can't deny it exists because you are experiencing it I am experiencing it everybody is experiencing it in fact that's all that we experience the very word experience means consciousness is there and some kind of subtle body is there otherwise no experience is possible so there's a subtle body to answer your question sukshma sharira which goes from physical body to dead physical body to a new,54516,55108,4263.759998321533,4301.580001831055,104
en_video_09_0094,video_09,en,Advaita,94,living physical body a baby maybe and then is reborn in that body it's a proof that it exists I can give you first-person proof that you you are experiencing it yourself but show me that it leaves something leaves this physical body and goes it must be a kind of matter which we have not discovered I don't know that is the question mark if if you ever discover that you know it will have a tremendous impact it will prove that religion is real that something goes on after death will prove that religion is real all right let's,55109,55637,4301.580001831055,4336.360000610352,101
en_video_09_0095,video_09,en,Advaita,95,you had a question at the end yeah let's see at them because we are run out of time solution to a problem but by first telling us there is this problem and then providing a solution for it because if they didn't tell us we didn't know second is more of a question is we say that we are not as well as yoga we say that when a person attains enlightenment there is no rebirth so are they saying that there is no rebirth because he has seen himself as this larger entity yes no rebirth not of the body after enlightenment the body then at no,55638,56176,4336.360000610352,4405.520004272461,109
en_video_09_0096,video_09,en,Advaita,96,question no point is the body reborn right the subtle body is reborn in a new physical body what happens at death yeah so to answer that question it's a Upanishad say that at the point of enlightenment the enlightened person continues as long as the karma for that particular body lasts that is called Jeevan Mukti when that the karma for that body is exhausted that body falls apart just like for every one of us but is it difference the difference is for the subtle body also dissolves away for that person for us the subtle body continues why would that happen remember what is the purpose of the whole thing,56177,56788,4405.520004272461,4446.160003662109,113
en_video_09_0097,video_09,en,Advaita,97,"purpose is enlightenment so in one sense the purpose of nature is served and this idea actually has come from a more ancient teaching of Sankhya Prakriti Purusha, Prakriti means nature, nature does everything for the experience and enlightenment experience and release bhoga apavarga of the Purusha that idea is incorporated into Advaita the subtle body dissolves after enlightenment Upanishads are there for who say this going back to your first question question is Vedanta solution in search of a problem that many lives will be will be free from the cycle of birth and death I don't even know about the cycle",56789,57401,4446.160003662109,4485.320007324219,103
en_video_09_0098,video_09,en,Advaita,98,of birth and death I'll be free from a problem which I don't know about actually if you investigate the human condition you will come across this birth and death problem as it is something pervasive in Indian thought but that's not the only way that Vedanta can be framed suppose people ask suppose in a society which does not believe in believe in past lives and future lives just this life does Vedanta have any use tremendous use Vedanta says you can make it neutral from that perspective you can directly say what is the purpose of Vedanta Atyantika Dukkha Nivritti Paramananda Praptischa,57402,57994,4485.320007324219,4524.399993896484,104
en_video_09_0099,video_09,en,Advaita,99,complete cessation of sorrow here and now this life sorrow and attainment of deep lasting peace and bliss this life forget past life forget future life you need not talk about it that was because of the cultural context of India in those days that was the solution to this whole cycle of birth and death and as that master said take it seriously because you start thinking about life in itself if you take time to be real action to be real cause and effect to be real once you take that and we do take these things to be real immediately the,57995,58536,4524.399993896484,4557.459991455078,104
en_video_09_0100,video_09,en,Advaita,100,consequence implication will be we were and we will be if we were and if we will be then in that case karma and birth and death are there so it's a it's a very deep kind of conclusion yes not directly obvious if it was directly obvious even materialist would accept it and if the hard problem of consciousness is solved in that way that they find something which survives and encodes personal information after death then you have it if not you need not talk in those terms talk just in terms of this life answer to suffering all right,58537,59072,4557.459991455078,4602.5,102
en_video_10_0000,video_10,en,Advaita,0,"Om Vasudeva Sutam Devam Kamsa Chanuram Ardhanam Devaki Paramanandam Krishnam Vande Jagad Guru We are studying the Bhagavad Gita and we are in the second chapter. Of the 18 chapters, the second chapter is the most important. It basically contains the essence of the teaching. And in the second chapter, the teaching about the Atman, our self, who we really are. That is the central teaching. So that's what Sri Krishna has been telling Arjuna till now. We have covered that part. We have studied about that. While wrapping up that teaching, the doctrine of the Atman, Sri Krishna mentions two important concepts in Indian thought.",0,629,0.0,65.0,106
en_video_10_0001,video_10,en,Advaita,1,"Not just Vedanta or Hindu thought but also Buddhist, Jain, Sikh. An important concept of the Indic worldview. What are these two concepts? The first one is given in verse 27 and the second one in 28. We have done up to 27 last time. In 27, Sri Krishna said, for those who are born, death is certain. Jatasya hi dhruvo mityu. Death is certain for those who are born. This is common sense. We all know this. This is one truth that we all know without any kind of religion. Whether you are theist, atheist, whether you follow a religion, Buddhist, Christian, Hindu.",630,1192,65.0,112.0,104
en_video_10_0002,video_10,en,Advaita,2,"Whatever you are, whatever we are, we know that death is certain. But the second part of that verse, dhruvam janma mritasya ca, that is something new. For those who are dead, rebirth is certain. So we die, this body dies, which means that we do not die with the death of the body. There is something that continues and is again reborn in other lives, in other bodies. So this idea, the doctrine of reincarnation, punar janma, many lives, many bodies. This doctrine, it is a central feature of Indian thought. I have had occasion to mention this earlier",1193,1745,112.0,160.0,100
en_video_10_0003,video_10,en,Advaita,3,"that in spite of the tremendous diversity in ideas about God, there are different schools of Hinduism which believe in God. But God may be with form, may be without form, may be male or female or beyond gender. There are schools of Hinduism which do not believe in God. There is Buddhism which does not believe in God. There is Jainism which does not believe in God. There are different ideas about the nature of this universe, about what is the nature of the human problem and what is the solution. So many different ideas are there. So many different practices are there. But there is one thing common to all these streams of thought.",1746,2382,160.0,206.0,116
en_video_10_0004,video_10,en,Advaita,4,"All throughout in ancient India, all of them, they believed in this idea, this concept of reincarnation. That this is not the only life that we have had. We have had many lives in the past and we will continue to do so. Therefore we do not die with the death of the body. Death is death of the physical body. But something continues over, there is an afterlife and there are many lives in fact to come. So this is a very fundamental part of the Indic worldview. And why Indic worldview? I was just thinking, all the religions of the world, they all believe in some kind of afterlife.",2383,2966,206.0,251.0,111
en_video_10_0005,video_10,en,Advaita,5,"I was at the New York Ethical Society, you know the one just down, it's on 64th I think. It's a very old institution. It's 1876, 1877. So their leader, we were in a discussion yesterday in the evening and their leader was telling me how it came to be founded. It's in 1876. Felix Adler, a Jewish man from Brooklyn who was training to be a rabbi. He went to Germany and studied philosophy and it seems his mother warned him nothing good will come of that. And it didn't, depending on your perspective, because then he lost faith in God.",2967,3502,251.0,291.0,102
en_video_10_0006,video_10,en,Advaita,6,"He said he can't believe anymore in religion and God and all of that, but definitely believes in values and ethics and meaning in life. So he founded the Ethical Society here. Anyhow, we were in a discussion and somebody raised the question, what is so terrible if after death there is nothing? Simply that's the end. Of course there is matter. I mean the body will disintegrate into the elements and so on. The energy in this body will be released into the system. But there is no personal continuity. There is no continuity of the sentient being which we regard ourselves to be.",3503,4083,291.0,330.0,105
en_video_10_0007,video_10,en,Advaita,7,"This one does not exist anymore after death. What's so terrible about it? What's so terrible about it? What's wrong with that? The only thing that I commented was to the discussion was, what is terrible about it and what's wrong with that? It's a huge question. But note one thing. All the religions of the world, from the most primitive cave dwellers, they also talk, you see in the paintings there is, there are depictions of death and a spirit world afterwards. All religions of the world, all the traditions, the native traditions in Australia, in America here, in India and every part of the world",4084,4686,330.0,374.0,107
en_video_10_0008,video_10,en,Advaita,8,"and all the major world religions, Judaism, Christianity, Islam, Buddhism, Jainism, Hinduism, all its varieties, Sikhism, all religions of the world, Taoism, Shintoism, Taoism, all of them, Confucianism, all of them believe that there is something that continues after death. One lady, she said, no, no, I don't think there's any afterlife in Judaism. I've heard this from Jewish people that in Judaism we don't, there's no heaven, hell, nothing after death. But that's a wrong idea. You just have to Google it once, afterlife in Judaism. Immediately you get enormous amount of information. The thing is, and if you in fact look at the Bible, the Old Testament,",4687,5348,374.0,426.0,109
en_video_10_0009,video_10,en,Advaita,9,"all this idea of an immortal soul and heaven and hell, was the whole thing invented by Jesus? No. In fact, Jesus, his contribution is not so much original as taking out the essential spiritual teachings of the existing Judaic traditions and giving them in a new creative concentrated form. It's not that he invented something new. So, those were all there in the Hebrew texts. In fact, if you look at the entire Judaic tradition, all the texts, including the Rabbinic tradition down the ages, they are vague or sometimes clear that there is an afterlife. Maimonides, the great teacher, he spoke about not only one afterlife but a greater afterlife after that afterlife.",5349,6018,426.0,481.0,115
en_video_10_0010,video_10,en,Advaita,10,"So, very close to, I was just thinking, the Vedanta idea that we have many lives but ultimately the reality is all that will stop and we realize ourselves as Brahman. So, the afterlife also makes sense. Anyhow, so you have all these views. But I noticed one thing. I just, all curtsy Google. It takes a five minute search. You get all the data. I noticed one thing. There is no Jewish teacher throughout the history of Judaism who has said clearly there is no afterlife. Nobody has said clearly what a materialist might say. There is nothing after death. It all ends with death.",6019,6597,481.0,523.0,106
en_video_10_0011,video_10,en,Advaita,11,"No Jewish teacher has ever said that. And my instinct was that that would be the case. It's impossible to have religion without nothing beyond death. So, it's not just Hinduism. Every religion says there is something after death. But the Indian religions go further and say that that afterlife, it's like a cycle, repetition. We are reborn again and again. Some others may say that no, we are not reborn again and again but we continue to exist in some kind of suspended animation until certain things will happen and so on. But every religion agrees that death is not the end.",6598,7175,523.0,565.0,103
en_video_10_0012,video_10,en,Advaita,12,"So, that's the point. Now, Sri Krishna introduces that idea here. An associated idea with reincarnation is the law of karma or the doctrine of karma. I wouldn't say law of karma, doctrine of karma. What propels birth and death and rebirth? What's behind all of that? And the Hindu idea, in fact the Indian idea, Hindu, Buddhist, Jain, Sikh, is that it is cause and effect. Everything that we see, these are consequences of certain causes set in motion in past lives. And what we do now consciously are causes being set in motion now, forces being set in motion now, which will give results in future. Since we have this life,",7176,7801,565.0,615.0,113
en_video_10_0013,video_10,en,Advaita,13,"it's an effect of past causes. So, we must have existed in the past. If this is true, if this train of thinking is true, then we must have in some form existed in the past. And if all our karma is not existed in this present life, if we generate new karma, new causes in this life, then we will have to exist to get the results of those karmas in the future. So, many lives in the past and many lives extending to the foreseeable future. That's what Sri Krishna introduced in 27th verse. We did this last time.",7802,8312,615.0,647.0,101
en_video_10_0014,video_10,en,Advaita,14,"The second important conception He introduces in 28th verse, we shall see. O descendant of Bharata, he means Arjuna, all beings have the unmanifest as their beginning, are manifest in the middle and have their dissolution in the unmanifest. So, why lament for them? Here, the Indian idea of creation and destruction or more precisely projection and withdrawal is mentioned here. He says, since we have existed in the past and we will exist in the future after death also, but how we were in the past is not known to us. We were not in this form. And what we will be in the future is not known to us. Certainly we will not be in this body.",8313,8951,647.0,728.0,119
en_video_10_0015,video_10,en,Advaita,15,"So, that was unmanifest. It was not visible, not present for our experience. And the future is also not visible. But what is available right now is this life. This is manifest. But it goes beyond this. What He wants to say is, everything in this universe, this state in which we find them, He calls it vyakta or manifest. Manifest means available for experience. They are available for experience. You can see them, hear them, talk with them or any object, time, space, matter, energy, living beings, all of them, they are manifest now. You can see. But there was a time when these were not there.",8952,9549,728.0,776.0,108
en_video_10_0016,video_10,en,Advaita,16,"Now the question is, did they not exist at all or did they exist in some unmanifest form? The Vedantic idea which Krishna is introducing here is, the idea of creation and destruction is, not that there is creation from nothing. There is creation from something. And not that destruction is something into nothing. It is something into something else. Let me make it a little more clear. Suppose, an example is, from a seed. In the seed there is no tree. Right now there is a tree. But before this tree was there, it was a seed. It did not pop out of existence from thin air. It was there as a seed.",9550,10148,776.0,821.0,114
en_video_10_0017,video_10,en,Advaita,17,"And everything that you see in the tree, at least in outline, was there in the genetic material encoded in that seed. But it was unmanifest. What do I mean by unmanifest? When I say everything of the tree was there in the seed, I don't mean that if you investigate the seed, will you find roots and branches and leaves and fruits and birds and nests. No, nothing. You will not find any of that. And yet, the entire potential of the tree was there in the seed. And now we know it much better. With the advances in genetics, for the last 100-200 years we have known it.",10149,10716,821.0,859.0,110
en_video_10_0018,video_10,en,Advaita,18,"Especially with the discovery in the recent years of the chromosomes and the DNA. So we know the fact that what we see expressed as living beings, the characteristics of ourselves, they were all there in the seed. So it was in an unmanifest form. When it sprouts and develops, you see a gradual manifestation of a pre-existing unmanifest potential. And the tree may die, but what the tree was, is again encoded in a seed. So it goes back into the unmanifest. That's what we say. Another simpler example is a potter. He takes clay and molds it into a pot.",10717,11271,859.0,908.0,102
en_video_10_0019,video_10,en,Advaita,19,"And if he is not satisfied, he may push it all back into a featureless lump of clay. Now, one way of looking at it is that the pot was entirely there in the clay. Every bit of it was there in the clay. The potter just gave it a shape. And when he destroys the shape, it's not that the pot is gone. The reality called the pot was nothing but the clay and it has gone back to the clay. So the pot was pre-existing in the clay in an unmanifest form. When you call it a pot, it's manifest. But afterwards, when it's again a lump of clay,",11272,11805,908.0,943.0,111
en_video_10_0020,video_10,en,Advaita,20,"we'll say the pot is still there in an unmanifest form. The thing is, unmanifest means you cannot see it, hear it, smell it, taste it, touch it. You can't take it to pottery barn and sell it. You can't put water in it. You can't use it. So unmanifest means it's not available for transactions. But in a potential form, it's there. That is the Hindu idea of creation. The idea of this entire universe, it has not come out of nothing. It existed in an unmanifest form for the entire universe. It's not a seed or a lump of clay. Rather, in Vedanta, we call it Maya.",11806,12368,943.0,988.0,109
en_video_10_0021,video_10,en,Advaita,21,"It existed as Maya, the power of God, Ishwara Shakti, the power of God. And then creation started in Sanskrit Srishti. Srishti means projection. So what was already there in Maya in an unmanifest form? In Maya, would you have found stars and galaxies and plants and Vedanta societies and things like that? In Maya, no. None of it. Neither time nor space nor matter nor energy. None of it was there. But when Srishti starts, all of it is projected out. And so you have this universe, this physical universe, which we see. Time, space, matter, energy, stars and planets and life and all of that.",12369,12962,988.0,1034.0,107
en_video_10_0022,video_10,en,Advaita,22,"And the idea is one day it will all be destroyed. What is destruction? What is destruction? Not complete destruction. This whole thing will again go back into its potential form as Maya. And then after a timeless duration, duration without time, again projection starts, Srishti. So when projection starts, unmanifest to manifest, stars and planets, matter and time and space and energy are projected out. Now you may call it a Big Bang or whatever. And the entire universe is presented before us. And after an immeasurable period of time, again it collapses back into again, I don't know, today you might call it a singularity or something.",12963,13604,1034.0,1080.0,109
en_video_10_0023,video_10,en,Advaita,23,"But even beyond that, into the unmanifest, which is Maya. So all beings have their beginning in the unmanifest. In the middle they are manifest. What is middle? We call it a living being. We call it a universe. And the end is again unmanifest. We call it death. We call it the destruction of the universe. So this is the idea of creation, existence and destruction in Vedanta. In Sanskrit, Srishti, Sthithi, Pralaya. Srishti, Sthithi, Pralaya. And the idea in Vedanta is, so not only Vedanta, in any religion God is said to be the cause of creation. The creator. In every religion, every theistic religion.",13605,14211,1080.0,1125.0,107
en_video_10_0024,video_10,en,Advaita,24,"So what is the idea of God in Vedanta? Brahman with the power of Maya is the cause of the projection of this universe, its sustenance and its eventual reabsorption. So from Brahman it emerges, in Brahman it exists, into Brahman it disappears. This whole process happens because of Brahman's power called Maya. This is the idea. Another example would be our life. Every day when we dream, we have experience of a dream world. The dream world emerges from our mind and we are ourselves there in the dream world. It's all an experience projected, a virtual reality projected by our minds every night.",14212,14809,1126.0,1171.0,105
en_video_10_0025,video_10,en,Advaita,25,"Now all the people and the things and the events and the places, all of that in the dream world. They were there in seed form in our mind. It's from our subconscious mind, the material. The mind takes the material and generates a dream world. And when we wake up, what happens? Where does the dream world go? It disappears back into an unmanifest form within the mind. But the seeds are there. We can continue to have similar dreams again. So this is basically the idea of creation and destruction in Vedanta, in Hinduism. There is a technical word for this. I have explained it already but let me introduce the term.",14810,15427,1171.0,1214.0,114
en_video_10_0026,video_10,en,Advaita,26,"Satkaryavada. Do come in. There is enough space. This is called Satkaryavada. Satkaryavada literally means pre-existence of the effect in the form of the cause. Now we can understand. Karya means effect. Karana means cause. And the question is, is the effect an entirely new thing or was it existing in some other form earlier? The answer given by this theory, it's a theory of causation. There are other theories of causation also. But this is the theory adopted by many Indian schools including Vedanta which says that the effect pre-existed in the cause. So like if you say the tree pre-existed as a potential in the seed,",15428,16053,1215.0,1284.0,108
en_video_10_0027,video_10,en,Advaita,27,"the pots all pre-existed as possibilities in clay. So the universe pre-existed as a potential in maya. So this is called Satkaryavada. The effect pre-existing as the cause. Suppose somebody says a beautiful statue is sculpted by a master sculptor. Now in one sense it's a creation of that person's genius. But if you look at the material itself, every bit of it is there. One way of thinking of this sculpting is that he just removes the unnecessary parts. So an existing sculpture emerges from the rock or marble or whatever it is. So that's one way of looking at it. This is what he has introduced here.",16054,16659,1284.0,1332.0,109
en_video_10_0028,video_10,en,Advaita,28,"There were two hands up. Let's quickly deal with the questions. I'll come to you. Swamiji, since we are talking about death, why is there a universal fear of death? As sentient beings or thinking beings, we can understand that we are afraid of the unknown and see other things suffer. But even in animals, even flies want to live. Why is this universal fear? Yes, this is deep and fundamental. I have earlier mentioned that book, The Denial of Death by Ernst Becker. Yes, it is a deep-rooted fear. Many people might say, no, no, I am not afraid of it.",16660,17211,1332.0,1369.0,102
en_video_10_0029,video_10,en,Advaita,29,"I don't even think about it. Ah, there is the thing. You don't even think about it. Ernst Becker, who was a very well-known psychoanalyst, in his book Denial of Death, he says, it is the dominant fear of our lives. Especially in the later part of our lives, it plays a role and it often plays a subconscious role. It drives us. And he has a very interesting take on it. Now, why are we afraid of it? Well, there are many obvious reasons. First of all, we expect pain and suffering at the time of death. Vedanta would say that we have gone through many such deaths in the past.",17212,17788,1369.0,1415.0,112
en_video_10_0030,video_10,en,Advaita,30,"So that impression is there. The terror of that transition is there in our mind. So that's what we expect. Another thing is, everything coming to an end. Who likes that? Every bit of what we are used to. Father, mother, brother, sister, husband, wife, friends, enemies. Everything, our life coming to an end. This body itself, it's going to go. And what's after that? Maybe nothing. Or maybe a complete unknown. If I do exist, it's an unknown existence. Or maybe it's a void, it's nothing. So terror seizes us. In fact, Carl Jung, he says that one of the causes of psychopathology in most of my middle-aged patients,",17789,18405,1415.0,1464.0,110
en_video_10_0031,video_10,en,Advaita,31,"the central cause, is this unspoken fear of death. It expresses itself as a variety of mental maladies. All right. So, Swamiji, whenever we read Advaitic texts, like, let's say, Aparthana Kutti, so there, when we were taking the example of taking a pot and philosophically breaking it down to clay, where we say that we are going from the pot vision to the clay vision, the conclusion, the way it was concluded, used to be that there was never a pot. It was always clay. Right. So this is a general idea which he is giving. It's not only Advaita Vedanta, Sankhya also accepts it.",18406,18985,1464.0,1520.0,106
en_video_10_0032,video_10,en,Advaita,32,"Now, the special spin put on it by Advaita Vedanta is that when the potter makes a pot out of clay, that's all that Krishna is saying here. From the unmanifest, it becomes manifest as what? As a pot. Earlier, there was no sign of a pot. It was just clay. Now it's clearly a pot. So that is called creation. More precisely, if you want to define it, what is creation according to this particular school of Indian philosophy, Satkaryavada? From cause to effect, creation is the manifestation of the effect. It takes a certain name and form and you can experience it, see it. That is called creation.",18986,19583,1520.0,1567.0,110
en_video_10_0033,video_10,en,Advaita,33,"Now, the special spin that Advaita Vedanta puts on it is, Advaita is asking, when the potter makes a pot, clay into pot, has he made something new, substance-wise? Is there a new thing? Are there now two things, clay and pot? Can you numerically count them separately? We say no. Then what is the nature of the pot then? It is clay and yet it's not clay, something new. So what is new? Name and form and use. And this name, form and use in Sanskrit, nama, rupa, vivahara is called maya. The difference is this. There is a lot of discussion, they call it the debate between parinama and vivarta.",19584,20178,1568.0,1623.0,112
en_video_10_0034,video_10,en,Advaita,34,"Real transformation versus apparent transformation. The Sankhya schools and many of the devotional schools of Vedanta, the dualistic schools, they say actually Brahman has transformed himself or herself into the universe. It's an actual transformation. So like milk becomes curd or yogurt. And it's actually transformed. You cannot dare say that it's milk appearing as yogurt. If somebody wants a glass of milk and you say here is a cup of yogurt. But I wanted milk. Oh, it is milk. Didn't you go to the Vedanta class? It's milk with the name and form of yogurt. No, that won't cut the ice. It won't do.",20179,20782,1623.0,1673.0,105
en_video_10_0035,video_10,en,Advaita,35,"It is yogurt. It has actually been transformed into yogurt. I'll come to that. But in the case of what Vedanta wants to say that the universe is not like that. It's not an actual transformation of Brahman. It's more like snake and rope. So when the rope is appearing as the snake, it has not actually transformed into the snake. It is the rope. Even when it looks like a snake, I mean, even when you're scared of it, it's still just the rope and there's no snake at all. Only temporarily due to the effect of error, we think that it's ignorance and error. We think it's a snake or we even feel that we saw a snake.",20783,21397,1673.0,1714.0,120
en_video_10_0036,video_10,en,Advaita,36,"So that is called Vyavarta, apparent transformation. That's what Vedanta wants to say. And that's why Vedanta wants to say that the pot is nothing more than the clay. But the Sankhyan philosopher would say, no, no, the pot is something new. You have done, actually done. That's more closer to our common sense. That's the way we mostly think that something new has come up. The potter has done something new. Right. Question? Mystery. Yeah, the mystery is coming now. Next verse is going to talk about a mystery. Right. Is that what you wanted to say? We are doing 28. The mystery is coming in 29.",21398,21995,1714.0,1781.0,108
en_video_10_0037,video_10,en,Advaita,37,"29 is all about mystery. Let's read 29 then. We are leading into 29. Let's just hear the questions. I will not answer them now, but let's hear the questions. When you die, doesn't Maya get saved? The what? Maya. Maya is only in the universe, right? Universe is in maya. Maya is not in the universe. Universe is in maya. Yes. Yes. So that's a question. How, what was the word you did you say? How do you get a net neutral, neutral balance? It's never going to happen that way. Vedanta says the only way you can transcend this is by realizing that you are brahman",21996,22557,1781.0,1834.0,108
en_video_10_0038,video_10,en,Advaita,38,"and so you go beyond the realm of karma altogether. Swami Vivekananda says good, good, bad, bad and none escape the law but whosoever wears a form, form means this one, wears the chain too. What's the chain? A beginningless chain of cause and effect, karma which has produced this one. Then what is Vedanta? Far beyond name and form is Atman ever free. Know thou art that sannyasi bold and say Om Tat Sat Om. If you know yourself as that you are free. The chain of cause and effect according to Vedanta is also illusory. Knowledge will destroy it completely. Gita also says all karmas are destroyed by knowledge.",22558,23170,1834.0,1878.0,111
en_video_10_0039,video_10,en,Advaita,39,"So how karma can be destroyed by knowledge? Only possible. What is it that knowledge can destroy? Ignorance and the product of ignorance is never real. The snake produced by ignorance is an error, a mistake. There is no real snake there. All the things that happened in dream is in ignorance of our sleep. So they are not real. The solution for the dream problem is waking up. The solution for the snake problem is the knowledge of the rope. The solution for samsara problem is not more karma or better karma but waking up to our real nature.",23171,23713,1878.0,1919.0,100
en_video_10_0040,video_10,en,Advaita,40,"Having said that in this transactional world what do we do then? What are we supposed to do? Waking up is all well and good but I am unable to wake up. Now what do I do? So Krishna will actually talk about that later on. Once this topic is concluded the very next topic is karma yoga. What do we do? These are very powerful forces that we have set in motion. We are not aware of that. What we are right now is the result of all of that. Swami Vivekananda says karma, what we are today is the net result of all we have done and thought in the past.",23714,24261,1919.0,1953.0,113
en_video_10_0041,video_10,en,Advaita,41,"So what we do now and think now has a tremendous effect on what we are going to experience in lives to come. So how to deal with that, that will come later. But if you want a straight answer, the real answer, wake up. Wake up to what? Wake up to your real nature, what you are. What is my real nature? That's what we talked about. But it's also a mystery. That's what's going to come now. 29th verse. It's a very mysterious verse. He is summing up the entire teaching. He is characterizing it as a great mystery. If it is so direct, why don't I experience it?",24262,24821,1953.0,1992.0,111
en_video_10_0042,video_10,en,Advaita,42,"If I am the Atman, why don't I know myself as such? Why do I think I am a body-mind, a person? If it is everywhere, how come I don't see it anywhere? If it is all the time, why don't I see it anytime? That is the question. Here is the answer or no answer. This is the thing. 29th verse. 29th verse. One sees this self, Atman, as a wonder. Mystery, if you want to use the word mystery, as a wonder. Another talks of it as a wonder. Another hears of it as a wonder, as a mystery.",24822,25299,1992.0,2057.0,101
en_video_10_0043,video_10,en,Advaita,43,"And some others again, even after hearing about it, they don't know it, they don't realize it. So what does it mean? He is basically talking about the extraordinarily subtle nature of the teaching. So let's go into this verse. What does it mean? And remember, all the time I am giving you mostly a non-dualistic interpretation. So if you pick up an interpretation of the Gita from a dualistic school, from a bhakti school, you will get a different take on it. Alright, the first one. Some see it, some person sees this, this means the Atman, as a wonder, as a mystery.",25300,25868,2057.0,2100.0,104
en_video_10_0044,video_10,en,Advaita,44,"Why is it a wonder or a mystery? Pashyati. Pashyati means sees. One sees it. Thing is, this Atman, the one which we are trying to understand, our real nature, is not an object of the senses. It is not something that you can see, though you are using the word see. Pashya means to see, but it also means not just literally see with the eyes, it also means get an insight, to realize, to come. We use it in English also, getting an insight. We say, oh I see, that means, oh I understand. So Pashyati, it's not something that you can actually see with your eyes.",25869,26428,2101.0,2139.0,109
en_video_10_0045,video_10,en,Advaita,45,"It's not something that you can hear or smell or taste or touch. It's not also something that one can actually conceive of and come to an understanding with the mind. The teachers say, Indriya man buddhi ka vishay nahi hai. It's not an object of the senses, it's not an object for the mind or the intellect, and therefore it's a mystery. Something that I can understand, not a mystery. Something that I can see, hear, smell, taste, touch, not a mystery. But something that is there and yet it's beyond my sensory apparatus, it's beyond my intellectual capacity, then it's a mystery.",26429,27011,2139.0,2182.0,104
en_video_10_0046,video_10,en,Advaita,46,"So some see it as a wonder. Why is it so? This Atman, every knowledge in our experience requires three things. Knower, the knowable object and knowledge. In Sanskrit, the knower, the knowable object and the knowledge of that object. So it is called Triputi. Triputi means the three aspects of epistemology. Or you can put it this way, the knower and the instrument of knowledge and the object of knowledge. So you are listening to me, you are the knower. My words are something that you know and you are using the whole sensory apparatus of your ears and mind to know this.",27012,27585,2182.0,2240.0,104
en_video_10_0047,video_10,en,Advaita,47,"So there are three here. The knower, the known and the instrument of knowledge or knowledge itself, whatever you can call it. So Triputi. In the case of Atman, none of these three will work. First of all, it's not an object to be known. Why is it not an object? Because it doesn't exist. Is that true? Why is it not an object? Because then what is it? It's a subject. It's you yourself. It's not a thing that you know. It is you yourself. It is the knower oneself. So it cannot be an object of knowledge. It is beyond the range of all the instruments of knowledge.",27586,28150,2240.0,2279.0,110
en_video_10_0048,video_10,en,Advaita,48,"So the instruments of knowledge do not work there. At least the knower is there. I am there. Yes, it's your very self. So you cannot say that you are the knower of that self in the sense of knowing, in the sense in which you see things, hear things, smell things, in the sense in which we memorize things, understand things. In none of these senses are you the knower of the Atman. Even the enlightened person, the person who has become enlightened has realized I am this. Even that person is not a knower in this sense, in the sense we are normally used to.",28151,28709,2279.0,2314.0,107
en_video_10_0049,video_10,en,Advaita,49,"So to put it this way, these three, the Triputhi, knower, known knowledge, or knower, known and the instruments of knowledge do not apply here. So it's a mystery. Therefore it's a mystery. But then how is it known? Is it completely unknown? No, we don't say that. If it was completely unknown then the book would be of no use. It can be known. But how? Quite apart from all of this, is there any other way of knowing? Is there any other way of seeing? Is there any other way of realizing it? Yes, the Atman is known by itself. It knows itself by itself.",28710,29263,2314.0,2352.0,107
en_video_10_0050,video_10,en,Advaita,50,"There's no other way of putting it. It's an entirely unique thing. Nothing else works here. Let me give you an example. In a dark room, there is something in a dark room. Now you take a light and you go there, shine the light upon that object, maybe it's a book or something, and then you can see the object. An object is necessary, the light is necessary, your eyes are necessary, all of them are necessary to know that. So there is an object of knowledge which is separate from you, which is not you. There are instruments of knowledge. The light is a necessary condition,",29264,29838,2352.0,2394.0,108
en_video_10_0051,video_10,en,Advaita,51,"your eyes are a necessary condition, mind has to be alert, all of that. And you the knower, all are necessary, the three are necessary for knowing it. Now suppose you are in that dark room. I ask you, how did you know that there is a book? I saw it. How did you see it? With my own eyes, with the help of the light. Now if I ask you, are you there in that dark room? Yes, I am there. How do you know? With what light, with what eyes do you know? Suppose there is no light, now can you say that there is a book? No, I can't say it.",29839,30369,2394.0,2433.0,114
en_video_10_0052,video_10,en,Advaita,52,"Can you say whether you are there or not? Yes, yes, I can say I am there. Shut your eyes in the dark room, no light, no eyes, close your eyes. Can you now say whether there is a book or not? No. Can you say, are you there? Will you say, let me open my eyes first? No. Let me switch on the light first. No. Let me ask my friend, can you see me, am I there? No. You are continuously revealed to yourself without any effort. So is that Atman? No, that is not there. That is the reflected consciousness in the mind.",30370,30881,2433.0,2470.0,106
en_video_10_0053,video_10,en,Advaita,53,"That points to the real consciousness. That has to be grasped. So this gives an indication of what it means of knowing oneself by oneself. We do it all the time. Our own existence is revealed to us by itself. Then what is the problem? The problem is this continuous self-revelation that I am doesn't seem to be of much use. In fact it is the source of all problems for us. Because it immediately becomes entangled with body, with mind and all the problems of body and mind. I am. Immediately it becomes, I am sick, I am cold, winter solstice.",30882,31424,2470.0,2517.0,102
en_video_10_0054,video_10,en,Advaita,54,"I saw in a computer, even Google is shivering, it says winter solstice. I am, but cold. I am poor. Or I am a student and there is an exam coming up. I am in tension. All sorts of problems, world problems, body problems, mind problems, relationship problems. The I am is entangled. The pure I am, we have no sense of that. Vedanta is trying to reveal that to us. Vedanta is trying to show us that the I am is actually not entangled with the body-mind problems. The body-mind and its problems. Anyway that's the project. So my point here was, if I say the Atman, the true self is known by itself,",31425,32019,2517.0,2569.0,115
en_video_10_0055,video_10,en,Advaita,55,"do you get a sense of what is meant by knowing something by itself? It knows itself by itself. This statement, is it making some sense to you when I say, the way you know yourself in a dark room where you cannot see anything, hear anything, your eyes are closed, yet you absolutely without any doubt, you know that you are there. That gives you a sense of what is meant here. This is said to be this self-knowledge, the knowledge of the self. There is a word they use in Sanskrit. Independent of instrument of knowledge. There is knowledge which is dependent on the instruments of knowledge.",32020,32611,2569.0,2614.0,109
en_video_10_0056,video_10,en,Advaita,56,"What we see depends on eyes. What we hear depends on ears. What we think and remember depends on the mind and memory. They are instruments. If you don't agree, just ask a person whose memory is failing. That person clearly sees that something, I am there, but there is something within me that is failing. It is clearly an instrument. Memory is an instrument. Mind is an instrument. Intellect is an instrument. I am not as quick as I used to be. Intellect is an instrument. These are all instruments and they deliver knowledge. They produce, they generate knowledge for us.",32612,33185,2614.0,2655.0,102
en_video_10_0057,video_10,en,Advaita,57,"They operate upon their respective objects. What do I mean by respective objects? The eyes operate on form. The ears operate on sound. The tongue on taste and the nose on smell and so on. These are instruments and the knowledge they generate is born of the action of these instruments. Without these instruments, that knowledge will not be generated. That knowledge depends on these instruments. Knowledge depends upon its source. But the self knowledge, the knowledge of the self, Atma Jnana is independent of these instruments. It may take the help of the instruments. You need all these instruments to come to Vedanta class,",33186,33813,2655.0,2693.0,105
en_video_10_0058,video_10,en,Advaita,58,"to listen to Vedanta class, to even understand and memorize the verses, you need all the instruments. But the realization when it comes, it comes in the Atman by the Atman. You yourself have to intuit yourself. In a flash you realize this is what I am. Is it too difficult or is it 1 to 10? 1 to 10 I can't rank it. 1 to 10 if you ask for a ranking the answer is it's a mystery. But the second part you asked is how difficult is it? Is it that we are not trying? The answer is always it depends. How easy is it? It's the easiest of all things.",33814,34357,2693.0,2743.0,113
en_video_10_0059,video_10,en,Advaita,59,"It's continuously available to us. It is effortlessly available to us. How easy is it? It's not at all easy. In terms of the difficulty, the difficulty is generated by us. It's not that there is any difficulty in realizing the Atman. We have generated the difficulty. Now it is easily available to us if you sincerely seek for it. That's the only answer I can say. Sri Ramakrishna puts it in Bhakti terms, Vyakulata, intense desire to know it. A monk once said this that a sincere seeking must be there. You sincerely, energetically, passionately seek it, you will know it.",34358,34931,2743.0,2792.0,102
en_video_10_0060,video_10,en,Advaita,60,It's all guaranteed. But you will have to do it. Nobody else can do it for you. Up to the last point people can help you. Vedanta class can help you. The guru can help you. Philosophers can help you. Your own practices with the instruments can help you. Remember all spiritual practices are done with the instruments. If you want to do good deeds you need the body. If you want to repeat the name of God you need the mind and the hands to count the japa and all of that. So all of these you require the instruments.,34932,35447,2792.0,2823.0,101
en_video_10_0061,video_10,en,Advaita,61,"All these practices they have their effects but they can't lead you to the ultimate realization. They can get you to the very edge where you realize by yourself. It says the Atman reveals itself upon whom it has its grace. It says who will realize? That one will realize to whom the Atman reveals itself. Atman means you yourself. You will realize it if the true you reveals yourself to yourself. Now in the Bhakti schools the interpretation of this is very easy. Because they will immediately say Bhagawan, God. Whomever God is gracious upon God reveals himself to that being.",35448,36025,2823.0,2870.0,102
en_video_10_0062,video_10,en,Advaita,62,So it's a direct interpretation. But it's a little difficult for a non-dualist to interpret. It puts Shankaracharya in a spot because it says the Atman reveals. Upanishad just directly says that. Is that Atman or God or whatever? That to whomever it is it reveals itself to that to whomever it chooses. To whomever it chooses it reveals itself. In terms of God talk in the talk of this theistic religion it's pretty easy. Whomever God chooses will reveal. Whomever God is gracious upon. But in the sense of Atman in a non-dualism what will you do? Whomever it chooses. Whom does it choose?,36026,36615,2870.0,2911.0,105
en_video_10_0063,video_10,en,Advaita,63,"And there Shankaracharya says this exactly what you pointed out. Whom does it choose? Shankaracharya writes in his commentary. It chooses the one who chooses it. The one who seeks it. The one who wants it. The one who chooses it. Hold on to your questions. Let me finish this verse. Don't forget your questions. So reveals itself by itself. That's one point. That's why it's a wonder because nothing else is like this. All this what am I explaining? I am explaining the first word. Wonder, ashtaryam. Ashtaryam means wonder, mystery. So all this while I have been explaining the first word in this verse.",36616,37220,2911.0,2954.0,106
en_video_10_0064,video_10,en,Advaita,64,"Enam. This one. This one means the Atmanam. Dehi. It's called the indweller in the body. We have covered this but it's good to repeat. I will keep repeating. So many questions are answered by this framework. What is the framework? What is the Atman? Krishna prefers to call it the indweller in the body. The one in this body. We actually have three bodies according to Vedanta. No, I had just this one. I can't manage one, now three. Just imagine the medical insurance. Don't worry, it's not three physical bodies. We have one physical body like this one.",37221,37776,2954.0,3003.0,100
en_video_10_0065,video_10,en,Advaita,65,"But within this body there is what Vedanta calls a subtle body. And innermost is what is called a causal body. In Sanskrit, sthula sharira, physical body, sukshma sharira, subtle body, karana sharira, causal body. If you want further details, what exactly? The physical body we all understand. This one. The one which doctor weighs and examines and pokes and prods. That is the physical body. The subtle body is when we look inside and we find thoughts, feelings, desires, emotions, memories. What we call the person I am. Not accessible to the doctor. Not accessible to your physician. Isn't it so?",37777,38376,3003.0,3057.0,102
en_video_10_0066,video_10,en,Advaita,66,"Which instrument can discover whether you prefer cappuccino or latte? Which instrument? They can at the most scan some parts of your brain and find some corresponding neuronal activity. But your desire itself, your thoughts, your beliefs, the actual first person experience you are having, which instrument? Nothing. At the most they can go to the brain and see some activity there. So that subtle body is the thoughts, feelings, emotions, ideas, what we feel inside. That is the subtle body. If you go beyond that, beyond that means in your inner experience, you will hit a blank wall. Nothing. What else is beyond that?",38377,38998,3058.0,3097.0,105
en_video_10_0067,video_10,en,Advaita,67,"If you dismiss the physical body, suppose you have no sensation of the body, you hear nothing, see nothing, smell nothing, taste nothing, touch nothing, you remember nothing, you do not talk internally, you do not desire anything, hate anything, I do not, I am not trying to understand anything, look for anything. Stop. It's a blankness. That blankness is called the causal body. The Atman is beyond, it helps to think of it as encased. Though it's not encased in that sense, but it's a first step. Think of it as other than, the real I is not this body,",38999,39554,3097.0,3135.0,101
en_video_10_0068,video_10,en,Advaita,68,"is not even the person. That's a big step. Most of us are sort of irrevocably committed to the idea that I am a person in a body. Not even the person. Not even the blankness which ensues when you dismiss the person, intellectually. Beyond that is the Atman, that's what Krishna is trying to point out. So these three bodies. Further detail, if you want further detail, the physical body, sthula sharira, is composed of, is what is called the annamaya kosha. The made of the food and drink that we have eaten. Converted into physical body. The subtle body has three components.",39555,40131,3135.0,3181.0,104
en_video_10_0069,video_10,en,Advaita,69,"Pranamaya kosha, manomaya kosha, vijnanamaya kosha. The vital sheet, the mental sheet and the sheet of the intellect. That is the subtle body. The causal body is called anandamaya kosha. The sheet of bliss. Why we will not go into it today. If you want further detail, go further and see, turn up the resolution of the microscope. What are these, the subtle body, what is it made of further. Physical body we know, the doctors have tremendous knowledge of the physical body. Down to cellular and intracellular level. The subtle body if you look, pranamaya kosha, manomaya kosha, vijnanamaya kosha.",40132,40729,3181.0,3223.0,101
en_video_10_0070,video_10,en,Advaita,70,"Further if you look closer, it reveals itself as 19 parts. So in Vedanta, 19 parts the way Vedanta understands it. The five sense organs, not the physical part of it, the powers, the activities, the functions of these organs. Five sense organs, the five motor organs, the five pranas, they call pancha prana, the vital activity, the physiological prana. Five pranas and mana, buddhi, jitta, ahankara, mind, intellect, memory and ego. 19 parts, 5 plus 5 plus 5 plus 4. These are the three bodies and what am I trying to explain here, the word enam means this. This what, this self, this self is not any of these.",40730,41341,3223.0,3272.0,110
en_video_10_0071,video_10,en,Advaita,71,"It is the dweller in this three body system. This triple body system apart from physical body, apart from subtle body, apart from causal body, there is a reality, the witness consciousness that is the Atman. Hence, hence it's a mystery. We are still explaining the first word mystery, why is it a mystery? There are any number of mysteries in the physical body. We are still plumbing the complexity and the marvel of the physical body. Mysteries become even more difficult in the subtle body and causal body beyond our thinking. We don't even, it's not even in ordinary discourse but Atman is beyond that.",41342,41947,3272.0,3317.0,106
en_video_10_0072,video_10,en,Advaita,72,"Hence a mystery. So who can realize it? It says kashchit, a rare one, a rare one. Who is that rare one? Here it refers to the qualified seeker. So Vedanta has a system, a list of qualities which are required. Do you remember them? The fourfold qualification. Viveka, the analysis between the eternal and non-eternal. Vairagya, dispassion for the non-eternal. The sixfold treasure, calmness of mind, shama, control of the senses, dhamma. Titiksha, spiritual forbearance. Uparati, withdrawal from messing around with the world too much. Then samadhana, settling down in our Vedantic pursuit. And Shraddha, a firm faith that there is something in this, I will realize it.",41948,42616,3317.0,3371.0,109
en_video_10_0073,video_10,en,Advaita,73,"Sixfold treasure. And finally the fourth one, mumukshutvam, an intense desire for freedom. So we must have plenty of fuel in all of these four engines to propel us to this realization. Now this is kashchit, only a rare one has all these qualities. That's why it becomes difficult. Don't be discouraged. We all have it to some extent. You all have it to some extent otherwise you wouldn't be sitting here today on a Friday evening. Why waste a perfect Friday evening before a weekend in Manhattan that too and come and listen to a 5000 year old philosophy?",42617,43172,3371.0,3409.0,100
en_video_10_0074,video_10,en,Advaita,74,"Because there is a spiritual inquiry, because there is a spiritual thirst. When these qualifications are rattled off, people tend to get rattled. Maybe it's not for me. Maybe I'm never going to do it. Somebody asked Ramana Maharshi, you know, he of the who am I fame. Somebody asked, am I qualified to realize this truth? Because if you look at all this, you feel discouraged. Am I qualified to realize, become enlightened? Am I qualified? And Ramana Maharshi said, did you say I? Because the method is the whole project is who am I? If you say I, you are qualified because you have an I to investigate.",43173,43776,3409.0,3451.0,110
en_video_10_0075,video_10,en,Advaita,75,"You are qualified. So we have all got an I. We have the self. We are that. After all we are that. Of course we are qualified. But we have to work on it. Okay, next comes another mystery. Another one teaches it. It's a mystery. To see it itself, to realize itself is a mystery. To teach it is another mystery. Why is it a mystery? I've almost run out of time. This verse is a mysterious verse. Why is it a mystery to teach it? Anya means the other. Other here means the teacher. For the teacher this is a special problem. Because it is beyond language.",43777,44328,3451.0,3499.0,109
en_video_10_0076,video_10,en,Advaita,76,Beyond conception. That which is beyond language. How can you speak it? Vadati means speaks. Teaches Vedanta. Teaches about the Atman. Krishna is teaching Arjuna. With what? With words. What is the vehicle of teaching? What is the vehicle of communication? Words. Language. And yet you have clearly defined the Atman as something beyond words. Then how do you do it? Mystery. In the Kena Upanishad there is a beautiful point where the teacher is about to teach. The student has gone to the teacher. The teacher says we do not know. We do not know it. The Atman you are seeking.,44329,44906,3499.0,3547.0,102
en_video_10_0077,video_10,en,Advaita,77,The teacher says we do not know it nor do we know how to teach it. Can you teach us enlightenment about the self? Self knowledge of Vedanta. The teacher says we do not know how it can be taught. Well at least you are enlightened right? Am I wrong on that count? He says you know it right? The teacher says we do not know it also. Before the student gets up and storms out having wasted an afternoon maybe going to the teacher. The teacher says hold on. There is a way. And it is a way taught to us by the ancient masters.,44907,45428,3547.0,3589.0,106
en_video_10_0078,video_10,en,Advaita,78,By which the lineage of masters have attained enlightenment age after age. I can try it on you and see if it works. And the language there in the Upanishads is Hence we have heard from the ancient ones who have taught us in this way. What is the way? Let me try it. Hold on to the question. Let me try it. We can try it right now. See if it works on you. It can't be expressed. It can't be known. Now you know why it cannot be known. We already discussed it. It cannot be known as an object.,45429,45920,3589.0,3638.0,102
en_video_10_0079,video_10,en,Advaita,79,"But you can lead a person to enlightenment. Let's try it. How? The Kenopanishad teacher says this is how. We were taught by ancient ones. It worked for us. Let's see if it works for you. All right. What is it? You want to know the Atman. Yes. It is other than, that Atman is other than anything that you know. Whatever you know, you know, all of us we know something. Whatever we know, what we have read, heard, tasted, touched, smelled, what we have conceived of, whatever we know in life till today, it's not the Atman. Oh, so it's an unknown. It is beyond all that is unknown also.",45921,46505,3638.0,3687.0,112
en_video_10_0080,video_10,en,Advaita,80,"Whatever remains for you to know, whatever is in the universe which you do not know, see it cleanly divides into two things, mutually exclusive sets at this moment. One is something that you know, all that you know. You can put it all that you believe, know, hear, everything. And there is a huge circle. I think it's Einstein who said that sea of the unknown, it's like a little island that we know and it's surrounded by a vast sea of unknown. So it's a vast sea of unknown. Atman is not what you know and that unknown thing.",46506,47033,3687.0,3722.0,101
en_video_10_0081,video_10,en,Advaita,81,"Atman is not there also. It's not an unknown thing. It's not a known thing. Then what is it? What is the only thing that is not known, not unknown? Let me make it even more clear. All things in this universe can be divided into two for each of us. Things you know, things you do not know. What is the one reality which does not fall in the things you know and the things that you do not know? You, the knower. Among the knowables there are two kinds. The known and the unknown. Right now for you, for every one of us.",47034,47551,3722.0,3769.0,105
en_video_10_0082,video_10,en,Advaita,82,"But apart from the known, apart from the unknown, there is the knower. Did it work? Are you enlightened? You are laughing. If you are not enlightened, then we need further detail. Could you explain it to us a little further? It sounds interesting. 18 chapters, Bhagavad Gita. 700 verses. Yes, question? Dakshinamurti was the first one and he was teaching in silence? He didn't speak anymore. So Dakshinamurti Stotram talks about, it's a beautiful hymn composed by Adi Shankaracharya. Dakshinamurti is the south facing Shiva. The iconography is Shiva as teacher, one who teaches Brahma Jnana, the knowledge of Atman, enlightenment.",47552,48182,3769.0,3828.0,102
en_video_10_0083,video_10,en,Advaita,83,"And faces south and has this posture. This is called a mudra. Chin Mudra. You know what is Chin Mudra? Now you can understand. These three are the three bodies. Physical body, subtle body, causal body. Three bodies. This is the Atman. This is the I. Instead of identifying with these three, you take it and identify it with the Atman. That is enlightenment. Chin Mudra. Chin means consciousness. Actually it's exactly the process embodied in this. This is the whole teaching. It's very interesting also. It's something that is common to all human beings and some of the higher apes. It is called the opposable thumb.",48183,48799,3828.0,3885.0,107
en_video_10_0084,video_10,en,Advaita,84,"Because of this we have civilization actually. There are animals who can't do this. They have paws like this. Only human beings and some other creatures are there. This enables us to use tools. Opposable thumb. Also another thing you will notice. Anybody in the world, science of mudras is a vast thing. Anybody in the world who does not even know this. Anybody who is trying to convey something to others. I have something interesting to tell you. And convey not in the sense of gossip. Convey in the sense of subtle idea or realization and insight. They will do this. Have you noticed? This is what I want to tell you.",48800,49420,3885.0,3939.0,113
en_video_10_0085,video_10,en,Advaita,85,They do this. Automatically. It doesn't have to be a Vedanta or Dakshinavati or anything like that. It's something psychological. It's a different subject. It's a vast subject called mudras. Mudras means the way you place your hands and the fingers. They have symbolic meanings and they have effect on your mind. So when you meditate we put our hands like this. Chin mudra upside down like this. There are other mudras. This is one mudra. We use them in pujas. They have immediate effect on the mind. This is one mudra. This is another mudra. All of these are different mudras. They have different meanings.,49421,50028,3939.0,3988.0,106
en_video_10_0086,video_10,en,Advaita,86,"They have different effects on the person who does it. This was a very ancient science in itself of which we only have the vestiges left. Yes, quickly. Ramakrishna, what was the prime spiritual document that he used? Spiritual document? Yes, for his own spiritual work. Spiritual document in the sense? If you look at the Gospel of Sri Ramakrishna, Kathamrita, you will find he refers to Gita. He recommends the Gita strongly. In Bengali he says, Gita is a very good book, read the Gita. He speaks very favorably about Adhyatma Ramayana. And about Vedantic scriptures, whenever they were mentioned he would actually fold his hands and bow his head.",50029,50677,3988.0,4045.0,111
en_video_10_0087,video_10,en,Advaita,87,"About the Upanishads and the Gita too. Vedas, any Vedic hymn was chanted. Many other scriptures come into the story of Sri Ramakrishna. For example, some Bhakti texts are there, Bhagavat is mentioned. Then Ashtavakra is something that he valued. It was a very radical non-dualistic text. Also remember, he was not particularly textual himself. He was critical of Pandits who are masters of the text and yet were not enlightened. We are going to come to that now. Why after all of this you are still not enlightened? We will see. So these are some of the texts which come up in the story of Sri Ramakrishna.",50678,51284,4045.0,4089.0,108
en_video_10_0088,video_10,en,Advaita,88,"Now the question remains, so it cannot be expressed by speech and why can it not be? Today I will just leave you with this. Why can it not be expressed by speech? And how do the teachers manage to teach it? Which makes it a wonder. Why it cannot be expressed by speech? That I have a talk. You should look up on YouTube. Paradox of language. Advaita Vedanta and the paradox of language. This Atman, Brahman, why is it beyond language? And if it is beyond language then how do you express it through language? Because Gita is language. Upanishads are language. All the texts are language.",51285,51872,4089.0,4126.0,109
en_video_10_0089,video_10,en,Advaita,89,"So there are strategies which are involved. If you are interested I can take it up next time. Alright we can spend some time on it next time also. Let me complete the verse. We will revert back to that point next time before we go ahead. So that makes it a mystery because everything else can be expressed by language. This cannot be expressed by language and yet the teacher has to express it by language. Hence a mystery. Another point, the teacher also has to be extraordinary. The qualifications of the teacher, I will just mention it here. Upanishads say,",51873,52433,4126.0,4160.0,102
en_video_10_0090,video_10,en,Advaita,90,"Shrotriya akamahata brahmanishta. Shrotriya means well versed in Vedanta. Akamahata means literally not damaged or injured by desire. That the teacher must not have any kind of worldly desire. Yes, teacher has a desire that you become enlightened. That's alright. But the teacher should not have any other worldly expectation from the student. Here you are making donations. But the traditional Vedanta school in ancient times, it's the teacher who had to pay for you. So actually I should pay for you. To stay, study, all your stay and study and everything is free. After you are finished, when you leave, you give something for the Guru Dakshina.",52434,53082,4160.0,4211.0,108
en_video_10_0091,video_10,en,Advaita,91,"So that was the idea. Guru Dakshina means an offering to the teacher. And that's why these ashrams were maintained by donations from kings and all. And in those days Vedanta teachers had the same problem today. Looking for donations and grants. Because we find one of the greatest discussions on Vedanta in the Brihadaranyaka Upanishad where Yajnavalkya, the great master of Vedanta, goes to the emperor, the king, Janaka. And the king says, have you come for donations? Which means he had been coming pretty often for donations. Literally says for cows. In those days cows were the wealth. Have you come for cows or do you want to have a discussion on philosophy?",53083,53747,4211.0,4245.0,115
en_video_10_0092,video_10,en,Advaita,92,"And Yajnavalkya says both. And there is a discussion. It's a fantastic piece. Brihadaranyaka Upanishad. One of the most ancient, the most ancient available Upanishad. An extraordinary discussion. One of our swamis in New Delhi is going with the file to a central government office there to get grants for the ashram. And the officer to whom he had gone approached, Swami, have you come for money or for discussion about Brahman? And Swami says both. And then he came and told us the story. You want to discuss philosophy or have you come here for money? Actually the officer said, Swami, the money we will give you. Talk about something good for a change.",53748,54403,4245.0,4293.0,115
en_video_10_0093,video_10,en,Advaita,93,"Not just how much money you need. So that was the discussion. So the teacher, Akamahata, should not have any worldly desire. And finally Brahmanishta must be established in Brahman. Best is if the teacher is enlightened. But how do you know if the teacher is enlightened? How many enlightened teachers will you get? So established in Brahman means the one whose life is dedicated to Brahman. Not a part-time Vedanta teacher. At the very least this person must be a serious seeker of Brahman. Completely dedicated to cultivating Vedanta and seeking enlightenment. So Brahmanishta means established in Brahman. In Sanskrit word Nishtha.",54404,55038,4293.0,4340.0,103
en_video_10_0094,video_10,en,Advaita,94,"In Indian language also it's there. So these are the three qualifications of the teacher. That is what is meant by the teacher is also unique. The student has the qualifications. You remember fourfold qualification? The teacher also has these qualifications. I'll end with a story. So we couldn't complete this verse. We'll do it next time. I'll end with a story of how Latu Maharaj, Swami Adbhutananda, who had no formal education to speak of. He's called one of the miracles of Sri Ramakrishna. He attained enlightenment, Brahma Jnana. Now he saw his brother monks Vivekananda and others studying Vedanta, studying philosophy, Vedanta, history, so many things.",55039,55701,4340.0,4381.0,108
en_video_10_0095,video_10,en,Advaita,95,"And Latu Maharaj said why all this? This is not necessary for enlightenment. Our master showed us the direct path to enlightenment. All this study, so many books, not necessary. And then he himself says later on, that is true, you all need it because you are going to be teachers of humanity. So as teachers you need all of this. Sri Ramakrishna used to say, rather gruesome example, to kill yourself, don't. To kill yourself one needs just a nail. But to fight with the enemy you need a sword and a shield. What he meant by that is self-realization just for yourself is not so difficult.",55702,56290,4381.0,4425.0,108
en_video_10_0096,video_10,en,Advaita,96,"Simple teachings are enough. The teacher says other than the known, other than the unknown, enough. If you follow that up, Ramana Maharshi says who am I? Follow that up, it's enough. But if you have to convey this teaching to others and many others of different temperaments, different backgrounds, so you need a wide range of learning and a command over this philosophy and different philosophies. So the teacher is also unique, the one who teaches this mystery. Om Shanti Shanti Shanti Hari Om Tat Sat Sri Ramakrishna Rupanamastu",56291,56822,4425.0,4475.0,90
