unit_id,video_file,language,tradition,unit_index,text,char_start,char_end,time_start,time_end,n_words
kn_gita-1st_video_0000,gita-1st_video,kn,Dvaita,0,"ಹರಿಹಿ ಓಂ ಸಂಜಯ ಧೃತರಾಷ್ಟ್ರನ ಮುಂದೆ ಯುದ್ಧದ ಆರಂಭದಲ್ಲಿ ಶ್ರೀಕೃಷ್ಣನನ್ನು ಸಾರಥ್ಯದಲ್ಲಿ ನಿಲ್ಲಿಸಿ ಅರ್ಜುನ ಎಷ್ಟು ಉತ್ಸಾಹದಿಂದ ರಣರಂಗಕ್ಕೆ ಪ್ರವೇಶ ಮಾಡಿದನೋ ಅಷ್ಟು. ಅಷ್ಟೇ ನಿರುತ್ಸಾಹಗೊಂಡು ಯುದ್ಧದ ಅನರ್ಥಗಳನ್ನು ಶ್ರೀಕೃಷ್ಣನ ಮುಂದೆ ಹೇಳಿ ಶತ್ರುಗಳಿಂದ ನಾನು ಸಾಯೋದೇ ಲೇಸು ಈ ಯುದ್ಧ ಬೇಡ ಅಂತ. ಶಸ್ತ್ರವನ್ನು ಕೆಳಗಡೆ ಇಟ್ಟು ರಥದಲ್ಲಿ ಕೂತ. ಎಲ್ಲಿವರೆಗೆ ಹಠ ತಾಳಿದ್ದ ಅಂದ್ರೆ ಘ್ರತೋಪಿ ಮಧುಸೂದನ. ನಾನು ಶತ್ರು ಈ ಯುದ್ಧ ಮಾಡೋದಿಲ್ಲ. ಈ ಮನೋಭಾವ ಇದ್ದವರಿಗೆ ಶ್ರೀಕೃಷ್ಣ ಎಷ್ಟು ಉಪದೇಶ ಮಾಡಿದರು ಅದು ಮನಸ್ಸಿನ ಒಳಗಡೆ ಇಳಿಯುವುದಿಲ್ಲ. ವಿದ್ಯಾರ್ಥಿ ತರಗತಿಗೆ ಬಂದು ಇವತ್ತು ಅಧ್ಯಾಪಕರು ಹೇಳಿದ್ದನ್ನ ನಾನು ಒಪ್ಪೋದಿಲ್ಲ, ಏನು ಹೇಳಿದ್ರು ಅದಕ್ಕೆ ವಿರುದ್ಧವಾಗಿ ಪ್ರಶ್ನೆ ಮಾಡ್ತೇನೆ. ಅನ್ನೋ ಪೂರ್ವಗ್ರಹ ಪೀಡಿತನಾಗಿ ತರಗತಿಯ ಒಳಗೆ ಪ್ರವೇಶ ಮಾಡಿದ್ರೆ ಅಧ್ಯಾಪಕರು ಹೇಳಿದ್ದು ಅವನಿಗೆ ಅರ್ಥವಾಗೋದಿಲ್ಲ. ಕಿವಿ ಕೇಳಿಸುತ್ತೆ, ಮನಸ್ಸಲ್ಲಿ ಉಳಿಯೋದಿಲ್ಲ. ಹೀಗಾಗಿ ತನ್ನದೇ ದೃಷ್ಟಿಯಿಂದ ಯುದ್ಧದ ಪರಿಣಾಮವನ್ನ ವಿವೇಚಿಸಿ ನಾನು ಶತ್ರು ಯುದ್ಧ ಮಾಡಲ್ಲ ಅಂತ ಹಠ ತೊಟ್ಟು ಕೂತ ಅರ್ಜುನನಿಗೆ.",0,801,,,103
kn_gita-1st_video_0001,gita-1st_video,kn,Dvaita,1,"ಶ್ರೀಕೃಷ್ಣ ಎಷ್ಟು ಉಪದೇಶ ಮಾಡಿದ್ರು ಅದು ಮನಸ್ಸಿನ ಒಳಗೆ ಹಿಡಿಯೋದಿಲ್ಲ. ಅದಕ್ಕಾಗಿ ಉಪದೇಶ ಮಾಡುವ ಮೊದಲು ತಾನು ಯಾರನ್ನು ಕುರಿತು ಉಪದೇಶ ಮಾಡುತ್ತೇನೋ ಅರ್ಜುನನಿಗೆ ಅವನ ಮನೋಭಾವ ನಾನು ಹೇಳಿದ ಉಪದೇಶವನ್ನು ಗ್ರಹಿಸುವಂತೆ ಮಾಡಬೇಕು. ಅವನ ಮನಸ್ಸು ಅದಕ್ಕೆ ಅಣಿಯಾಗಬೇಕು, ಸಿದ್ಧವಾಗಬೇಕು. ಅರ್ಜುನನ ಮನಸ್ಸನ್ನ ಸಿದ್ಧಗೊಳಿಸುವ ದೃಷ್ಟಿಯಿಂದ ಶ್ರೀಕೃಷ್ಣ ಒಂದೆರಡು ಕಟು ಮಾತುಗಳನ್ನ ಆಡ್ತಾನೆ ಅರ್ಜುನನಿಗೆ. ಅಲ್ಲಿಂದ ದ್ವಿತೀಯ ಅಧ್ಯಾಯ ಆರಂಭ ಆಗುತ್ತೆ. ಮೊದಲು ಸಂಜಯನ ಮಾತು. ಶ್ರೀಕೃಷ್ಣನ ಮಾತಿಗೆ ಪೀಠಿಕೆಯಾಗಿ ವ್ಯಾಸರು ಸಂಜಯನ ಮಾತನ್ನ ಉಲ್ಲೇಖ ಮಾಡ್ತಾರೆ. ಸಂಜಯ ಉವಾಚ ತಂ ತಥಾ ಕೃಪಯಾವಿಷ್ಟಂ ಅಶ್ರುಪೂರ್ಣಾ ಆಕುಲೇಕ್ಷಣಂ ವಿಷೀದಂತಮಿದಂ ವಾಕ್ಯಂ ಉವಾಚ ಮಧುಸೂದನಃ ಪದ ವಿಭಾಗ ತಂ ತಥಾ ಕೃಪಯಾ ಆವಿಷ್ಟಂ ಅಶ್ರುಪೂರ್ಣ ಆಕುಲ ಈಕ್ಷಣಂ ವಿಷೀದಂತಂ ಇದಂ ವಾಕ್ಯಂ ಉವಾಚ ಮಧುಸೂದನಃ ಅರ್ಜುನನಿಗೆ ಎರಡು ವಿಶೇಷಣಗಳನ್ನು ಸಂಜೆ ಕೊಟ್ಟಿದ್ದಾನೆ. ಒಂದು ಕೃಪಯಾವಿಷ್ಟಂ ಕೃಪೆಯ ಆವೇಶಕ್ಕೆ ಒಳಗಾದವನು. ಅಶ್ರು ಪೂರ್ಣ ಆಕುಲ ಈ ಕ್ಷಣಂ. ಈ ಕ್ಷಣ ಅಂದ್ರೆ ದರ್ಶನ ಕಣ್ಣಿಂದ ನೋಡೋದು.",802,1574,,,102
kn_gita-1st_video_0002,gita-1st_video,kn,Dvaita,2,"ಅವನ ಕಣ್ಣು ಏನಾಗಿದೆ ಅಂದ್ರೆ ಅಶ್ರು ಪೂರ್ಣ. ಕಣ್ಣೀರಿಂದ ತುಂಬಿದೆ. ಅಶ್ರು ಅಂದ್ರೆ ಕಣ್ಣೀರು. ಅಶ್ರು ಪೂರ್ಣ ಈ ಕ್ಷಣ. ಅವನ ನೋಟ, ಅವನ ಕಣ್ಣು ಕಣ್ಣೀರಿಂದ ತುಂಬಿದೆ. ಕಣ್ಣು ನೀರಿನಿಂದ ತುಂಬಿದ್ರೆ ಎದುರುಗಡೆ ಇದ್ದರೂ ನಮಗೆ ಕಾಣಿಸೋದಿಲ್ಲ. ಕಾಣಿಸಿದ್ರು ಇದು ಇಂಥದ್ದು ಅಂತ ಗುರುತಿಸುವ ಸಾಮರ್ಥ್ಯ ಮನಸ್ಸು ಕಡೆದುಕೊಳ್ಳುತ್ತದೆ. ಹೀಗೆ ಅಶ್ರು ಪೂರ್ಣ ವಾದ್ರಿಂದ ಆಕುಲ ಗಲಿಬಿಲಿಗೊಂಡ ಈ ಕ್ಷಣ. ಏನು ಮಾಡಬೇಕು, ಏನು ಮಾಡಬಾರದು. ಎಲ್ಲಿದ್ದೇನೆ, ಏನು ಮಾಡಬೇಕಾಗಿದೆ. ಈ ವಿವೇಚನೆಯನ್ನ ಕಳೆದುಕೊಂಡ ದೃಷ್ಟಿ ಅರ್ಜುನನದು. ಅಶ್ರು ಪೂರ್ಣ ಆಕುಲ ಈ ಕ್ಷಣಂ. ಯಾಕೆ ಈ ಸ್ಥಿತಿಗೆ ಒಳಗಾಗಿದ್ದಾನೆ ಅಂದ್ರೆ ಕೃಪಯಾವಿಷ್ಟಂ. ಇದು ಒಂದು ಹೊಸ ಯುದ್ಧದ ಸನ್ನಿವೇಶ. ನಿವಾತ ಕವಚರೊಂದಿಗೆ ಯುದ್ಧ ಆಡಿದ್ದ ಆತ. ಉತ್ತರ ಗೋಗ್ರಹಣ ಕಾಲದಲ್ಲಿ ಇದೇ ಭೀಷ್ಮ ದ್ರೋಣರೊಂದಿಗೆ ಹೋರಾಡಿದ್ದ. ಆದರೆ ಇವತ್ತು ಗುರುಗಳು, ಹಿರಿಯರು, ಸಂಬಂಧಿಗಳು ಇನ್ನೇನು ಯುದ್ಧ ಆರಂಭವಾದರೆ ಅವರ ಮೈ ಚುಚ್ಚಬೇಕು, ಅವರು ಸಾಯಬೇಕು. ಇಂಥ ಬಂಧುಗಳ ವಿರುದ್ಧವಾಗಿ ನಿರ್ಣಾಯಕ ಯುದ್ಧವನ್ನು ಆಡೋದಕ್ಕೆ ನಿಂತಿದ್ದಾನೆ ಅರ್ಜುನ.",1575,2355,,,105
kn_gita-1st_video_0003,gita-1st_video,kn,Dvaita,3,ಈ ಸಂದರ್ಭದಲ್ಲಿ ಸಹಜವಾಗಿ ಅವನಿಗೆ ವೈರದ ಕೆಚ್ಚು ಮೂಡುವ ಬದಲು ಕಾರ್ಪಣ್ಯ ಕೃಪೆ ಮೂಡಿದೆ. ಹೀಗೆ ಕೃಪಯಾ ಆವಿಷ್ಟಂ ಬಂಧುಗಳ ಮೇಲೆ ಕೃಪೆಗೆ ಒಳಗಾದ ಆದ್ದರಿಂದಲೇ ಅಶ್ರು ಪೂರ್ಣ ಆಕುಲ ಈಕ್ಷಣಂ ತಂ ಅವನನ್ನು. ಇದರಿಂದ ಒಳಗಿನ ಪರಿಣಾಮ ಏನಾಗಿದೆ ಅಂದ್ರೆ ವಿಷೀದಂತಂ. ವಿಷಾದ ಅಂದ್ರೆ ಶ್ರೀ ಟೀಕಾಕೃತ್ಪಾದರು ಹೇಳ್ತಾರೆ ಎನ್ ಮನೋದೌರ್ಬಲ್ಯಂ. ಬಂಧುಗಳ ಮೇಲಿನ ಸ್ನೇಹದಿಂದ ಬಾಂಧವ್ಯದ ವ್ಯಾಮೋಹದಿಂದ ಏನು ಮಾಡಬೇಕು ಏನು ಮಾಡಬಾರದು. ಅನ್ನುವ ವಿವೇಚನೆಯನ್ನ ಕಳೆದುಕೊಂಡು ದುರ್ಬಲವಾದ ಮನಸ್ಸನ್ನ ಹೊಂದಿರುವುದೇ ವಿಷಾದ. ವಿಷೀದಂತಂ. ಇಂತಹ ಮನೋದೌರ್ಬಲ್ಯಕ್ಕೆ ಒಳಗಾಗಿರುವ ತಂ ಅರ್ಜುನನನ್ನು ಮಧುಸೂದನಃ ಅವನು ಕೃಷ್ಣ. ಅವನು ಲೋಕ ರಕ್ಷಣೆಗಾಗಿ ಇರುವವ. ಲೋಕ ರಕ್ಷಣೆಯ ಭಾರವನ್ನು ಹೊತ್ತ ದೇವ ದೇವ ಕೆಲವೊಮ್ಮೆ ಸಮಾಜಕ್ಕೆ ಅಹಿತವನ್ನು ಉಂಟುಮಾಡುವ. ದುಷ್ಟರನ್ನು ಸಂಹಾರ ಮಾಡಲೇಬೇಕು. ಆದ್ದರಿಂದ ಶಿಷ್ಟ ರಕ್ಷಣೆಯ ಒಂದು ಭಾಗ ದುಷ್ಟ ಶಿಕ್ಷಣ. ಆದ್ದರಿಂದ ಅವನು ಮಧುಸೂದನ. ಲೋಕ ಕಂಟಕನೆನಿಸಿದ ಮಧು ಎಂಬ ದೈತ್ಯನನ್ನು ನಾಶ ಮಾಡಿದ ಮಹಾತ್ಮ. ಹೀಗಾಗಿ ಅರ್ಜುನನ ತಲೆ ಯಾವುದೇ ಗಲಿಬಿಲಿಗೆ ಒಳಗಾಗಲಿಲ್ಲ.,2356,3139,,,104
kn_gita-1st_video_0004,gita-1st_video,kn,Dvaita,4,ಸಜ್ಜನರಿಗೆ ತೊಂದರೆ ಕೊಡುವ ಮಧು ಮುಂತಾದ ರಾಕ್ಷಸರನ್ನ ನಿರ್ದಾಕ್ಷಿಣ್ಯವಾಗಿ ಆತ ಸಂಹರಿಸಿದ ವ್ಯಕ್ತಿ. ಆದ್ದರಿಂದ ಅರ್ಜುನನಿಗೆ ಉಪದೇಶ ಮಾಡುವ ಅರ್ಹತೆ ಪೂರ್ಣ ಶ್ರೀಕೃಷ್ಣನಲ್ಲಿದೆ. ಉವಾಚ ಮಧುಸೂದನಃ ಹೀಗೆ ಕೃಪೆಯಿಂದ. ಮನೋದೌರ್ಬಲ್ಯಕ್ಕೆ ಒಳಗಾಗಿ ಶೋಕದಿಂದ ಕಣ್ಣು ಮಬ್ಬಾದ ಅರ್ಜುನನನ್ನು ಕುರಿತು ಮಧುಸೂದನನಾದ ಶ್ರೀಕೃಷ್ಣ ಉವಾಚ ಹೇಳಿದ. ಉಪದೇಶ ಮಾಡಿದ ಅಂತ ಹೇಳುವುದಿಲ್ಲ ಉವಾಚ. ಒಂದೆರಡು ಮಾತುಗಳನ್ನು ಹೇಳುತ್ತಾನೆ ಶ್ರೀಕೃಷ್ಣ ಅಷ್ಟೇ. ಮತ್ತ ಈ ಶ್ಲೋಕ ಸಂಜಯ ಉವಾಚ ತಂ ತಥಾ ಕೃಪಯಾವಿಷ್ಟಂ ಅಶ್ರುಪೂರ್ಣಾಕುಲೇಕ್ಷಣಂ ವಿಷೀದಂತಮಿದಂ ವಾಕ್ಯಂ ಉವಾಚ ಮಧುಸೂದನಃ ಶ್ರೀ ಭಗವಾನುವಾಚ ಪ್ರಥಮ ಅಧ್ಯಾಯದಲ್ಲಿ ಧೃತರಾಷ್ಟ್ರ ಉವಾಚ ಸಂಜಯ ಉವಾಚ ಅರ್ಜುನ ಉವಾಚ ಕೃಷ್ಣ ಉವಾಚ ಆದರೆ ಕೃಷ್ಣ ಉವಾಚ ಅಂತ ಒಂದು ಪ್ರತ್ಯೇಕ ಭಾಗ ಬರಲಿಲ್ಲ. ಸಮವೇತಾನ್ ಕುರು ನಿಧಿ ಅಂತ ಕೃಷ್ಣ ಹೇಳಿದ್ದಾನೆ ಅಲ್ಲಿ ಮಾತು. ಆದರೆ ಇಲ್ಲಿ ಇವಾಗ ಕೃಷ್ಣಾರ್ಜುನ ಸಂವಾದ ಅಷ್ಟೇ. ಶ್ರೀ ಭಗವಾನುಮಾಚ. ಕುತಸ್ತ್ವಾ ಕಷ್ಪಲಮಿದಂ ವಿಷಮೇ ಸಮುಪಸ್ಥಿತಂ ಅನಾರ್ಯಜುಷ್ಟಂ ಅಸ್ವರ್ಗ್ಯಂ ಅಕೀರ್ತಿಕರಮರ್ಜುನಾ ಪದವಿಭಾಗ ಕುತಃ ತ್ವಾ ಕಶ್ಮಲಂ ಇದಂ ವಿಷಮೇ ಸಮುಪಸ್ಥಿತಂ ಅನಾರ್ಯಜುಷ್ಟಂ ಅಸ್ವರ್ಗ್ಯಂ ಅಕೀರ್ತಿಕರಂ ಅರ್ಜುನಾ ವಿಷಮೇ ಅರ್ಜುನಾ ವಿಷಮೇ ಇಂತಹ ಸಂದಿಗ್ಧ ಪರಿಸ್ಥಿತಿಯಲ್ಲಿ ಇದು ನಿನ್ನ ಈ ಶೋಕಕ್ಕೆ ಯೋಗ್ಯವಾದ ಸಮಯ ಅಲ್ಲ.,3140,4080,,,122
kn_gita-1st_video_0005,gita-1st_video,kn,Dvaita,5,ಇದೇ ಮಾತನ್ನ ನಿನ್ನೆಯೋ ಮೊನ್ನೆಯೋ ಹೇಳಿದರೆ ಅದು ಸರಿಯಾಗ್ತಿತ್ತೋ ಏನೋ. ನೀನು ಯುದ್ಧ ಮಾಡುತ್ತೇನೆ ಅಂತ ತೀರ್ಮಾನ ಮಾಡಿ. ಸೈನ್ಯವನ್ನ ಜಮಾವಣೆ ಮಾಡಿ ರಣರಂಗದಲ್ಲಿ ಬಂದು ನಿಂತಿದ್ದಿ. ಇದು ಹಿಂಜರಿಯುವ ಸಂದರ್ಭ ಅಲ್ಲ. ಆದ್ದರಿಂದ ವಿಷಮೆ ಈ ಸಂಕಟದ ಸಂದರ್ಭದಲ್ಲಿ. ಕಶ್ಮಲಂ ನಿನ್ನ ಮನಸ್ಸಿಗೆ ಒಂದು ಕೆಟ್ಟ ಕೊಳೆ ಕಶ್ಮಲ ಅನ್ನೋದಕ್ಕೆ ಕೊಳೆ ಅಂತ ಅರ್ಥ. ಕಶ್ಮಲಂ ವಿಷಮೇ ಸಮುಪಸ್ಥಿತಂ. ಬರಬಾರದ ಸಂದರ್ಭದಲ್ಲಿ ನಿನ್ನ ಮನಸ್ಸಿಗೆ ಇದೊಂದು ಕೊಳೆ ಅಂಟಿದೆ. ನಾವು ದೊಡ್ಡ ಒಂದು ಮದುವೆಗೋ ಸಮಾರಂಭಕ್ಕೋ ಸಮ್ಮಾನ ಸಮಾರಂಭಕ್ಕೋ ಹೋಗುವಾಗ ಒಳ್ಳೆ ವೇಷಭೂಷಣಗಳನ್ನು ತೊಟ್ಟು ಹೋಗ್ತೇವೆ. ಆ ಹಾಕಿದ ಅಂಗಿಯೋ ಮತ್ತೊಂದರಲ್ಲೋ ಒಂದು ದೊಡ್ಡ ಕಲೆ ಎದ್ದು ಕಾಣಿದ್ರೆ ಅದು ಆ ಸಂದರ್ಭಕ್ಕೆ ಉಚಿತ ಅಲ್ಲ. ಹಾಗೆ ಈ ಸಂಕಟದ ಸಂದರ್ಭದಲ್ಲಿ ಅನುಚಿತವಾದ ಒಂದು ಕಪ್ಪು ಕಲೆ ಸಮುಪಸ್ಥಿತಂ ನಿನ್ನಲ್ಲಿ ಬಂದಿದೆ. ಅದು ಎಂಥದ್ದು ಅಂದ್ರೆ ಅನಾರ್ಯಜುಷ್ಟಂ. ಸಜ್ಜನರು ಒಳಗಾಗುವಂತದ್ದಲ್ಲ ಜುಷ್ಟ ಅಂದ್ರೆ ಪ್ರಿಯ ಸೇವಿತ ಅಂತ ಅರ್ಥ. ಸಜ್ಜನರು ಒಪ್ಪದ ಸಜ್ಜನರಿಗೆ ಹಿತವಾಗದ ಅನಾರ್ಯ ಜುಷ್ಟಂ ಆರ್ಯರು ಅಂದ್ರೆ ಸಜ್ಜನರು.,4081,4865,,,108
kn_gita-1st_video_0006,gita-1st_video,kn,Dvaita,6,"ಈ ಆರ್ಯ ಶಬ್ದವನ್ನ ಒಂದು ಜನಾಂಗ ಎಂಬ ಅರ್ಥದಲ್ಲಿ ನಮ್ಮ ಆರ್ಷ ಸಾಹಿತ್ಯ ಪ್ರಯೋಗ ಮಾಡಲಿಲ್ಲ. ಆರ್ಯರು, ದ್ರಾವಿಡರು ಆ ಶಬ್ದ ಅಲ್ಲ ಇದು. ಆರ್ಯರು ಅಂದ್ರೆ ನೋಡಿ ಹಿಂದಿನ ಕಾಲದಲ್ಲಿ ಹೆಂಡತಿ ಗಂಡನನ್ನ ಕರೆಯೋದರೆ ಆರ್ಯಪುತ್ರ ಅಂತ. ಆರ್ಯ ಜನಾಂಗಕ್ಕೆ ಸೇರಿದವ ಅಂತ ಅರ್ಥ ಅಲ್ಲ. ಅಂದ್ರೆ ಆರ್ಯರು ಅಂದ್ರೆ ಸಜ್ಜನರು, ಪೂಜ್ಯರು. ಇದು ಆರ್ಯ ಜುಷ್ಟ ಅಲ್ಲ. ಸಜ್ಜನರು ಒಪ್ಪುವ ಮನೋಭಾವ ಅಲ್ಲ. ಅನಾರ್ಯ ಜುಷ್ಟ. ಅಂದ್ರೆ ಅನಾಗರಿಕರು, ಸಂಸ್ಕೃತಿ ಇಲ್ಲದವರು ಮಾಡಿಕೊಳ್ಳುವ ಮನೋಭಾವ ಇದು. ಅವರಿಗೆ ಪ್ರಿಯವಾಗುವ ಮನೋಭಾವ. ಅನಾರ್ಯ ಜುಷ್ಟಂ ಅಷ್ಟೇ ಅಲ್ಲ ಅಸ್ವರ್ಗ್ಯಂ. ಸ್ವರ್ಗ ಅಂದ್ರೆ ಸುಖ, ಅಸ್ವರ್ಗ ಅಂದ್ರೆ ಸುಖಕ್ಕೆ ವಿರುದ್ಧವಾದ ನರಕ, ಅಸ್ವರ್ಗ್ಯಂ ನರಕಕ್ಕೆ ಕಾರಣವಾದ. ನೀನು ಯುದ್ಧ ಮಾಡಿದ್ರೆ ನಾವು ನರಕಕ್ಕೆ ಬೀಳ್ತೇವೆ ಅಂತೆ, ನಿನ್ನ ಈ ಮನೋಭಾವ ಯುದ್ಧ ಮಾಡದೆ ಇರುವ ಮನೋಭಾವ ಏನಿದೆಯೋ ವಸ್ತುತಃ ವಿಚಾರ ಮಾಡಿದ್ರೆ ಅದೇ ನರಕಕ್ಕೆ ಕಾರಣ. ಅನಾರ್ಯಜುಷ್ಟಂ. ಸಜ್ಜನರು ಇದನ್ನು ಒಪ್ಪುವಂತದ್ದಲ್ಲ ಅವರಿಗೆ ಪ್ರಿಯವಾಗದ ನರಕಕ್ಕೆ ಕಾರಣವಾದ ಅಸ್ವರ್ಗ್ಯಂ ಅಷ್ಟೇ ಅಲ್ಲ ನಿನಗೆ ಸತ್ತ ಮೇಲೆ ಇದರಿಂದ ನರಕ ಅಷ್ಟೇ ಅಲ್ಲ ಅಕೀರ್ತಿಕರಂ.",4866,5683,,,115
kn_gita-1st_video_0007,gita-1st_video,kn,Dvaita,7,"ನೀನು ಬದುಕಿದಾಗಲೂ ಸತ್ತಾಗಲೂ ನಿನ್ನ ಕೀರ್ತಿಯನ್ನು ಹಾಳು ಮಾಡುವಂತಹ ಮನೋಭಾವ ಇದು. ಅಕೀರ್ತಿಕರಂ. ಅಲ್ಲಿಗೆ ಕಶ್ಮಲಕ್ಕೆ ಮೂರು ವಿಶೇಷಣ ಕೊಟ್ಟಿದ್ದಾನೆ ಶ್ರೀಕೃಷ್ಣ. ಒಂದು ಅನಾರ್ಯ ಜುಷ್ಟ, ಒಳ್ಳೆ ಸಜ್ಜನರಿಗೆ ಸಂತರಿಗೆ ಪ್ರಿಯವಾಗದ್ದು ಇದು. ಅಸ್ವರ್ಗ್ಯಂ ನರಕಕ್ಕೆ ಕಾರಣವಾದ ಮನೋಭಾವನೆ ಇದು ಈ ಕಶ್ಮಲ. ಅಕೀರ್ತಿಕರಂ. ಅರ್ಜುನ ಅಂದ್ರೆ ಇವತ್ತು ಎಲ್ಲ ಸಮಾಜದಲ್ಲಿ ಒಂದು ದೊಡ್ಡ ಸ್ಥಾನದಲ್ಲಿದ್ದಾನೆ. ಧಬ್ ಅಂತ ಬೀಳ್ತೀಯ ನೀನು ಅಲ್ಲಿಂದ. ನಿನಗೆ ಅಕೀರ್ತಿಯನ್ನು ಅಪಯಶಸ್ಸನ್ನು ಉಂಟುಮಾಡುವ ಅರ್ಜುನ ಕುತಸ್ತ್ವ ಕಶ್ಮಲಮಿದಂ ಸಮುಪಸ್ಥಿತಂ. ನಿನ್ನೆ ಮೊನ್ನೆ ಬರದೆ ಇಂತಹ ವಿಷಮ ಸನ್ನಿವೇಶದಲ್ಲಿ ಈ ಕಶ್ಮಲ ಕುತಃ ಹೇಗೆ ಬಂತು ತ್ವ ಅಂದ್ರೆ ನಿನಗೆ. ನಿನಗೆ ಈ ಕಶ್ಮಲ ವಿಷಮೇ ಕಥಂ ಸಮುಪಸ್ಥಿತಂ. ಹೇಗೆ ಬಂತು ಅರ್ಜುನ ನಾನು ನಿರೀಕ್ಷೆ ಮಾಡೇ ಇಲ್ವೋ ಅರ್ಜುನ. ಇಂತಹ ಯೋಚನೆಗೆ ಬಾರದ ಒಂದು ಕಶ್ಮಲ ದೌರ್ಬಲ್ಯ ನಿನ್ನ ಮನಸ್ಸಿಗೆ ಕುತಃ. ಆಶ್ಚರ್ಯಪಟ್ಟ ಅಂತ ಅರ್ಥ. ಅಂದ್ರೆ ಈ ಮಾತನ್ನ ಕೇಳಿದ ಕೂಡಲೇ ಕೃಷ್ಣನಿಗೆ ನಾನು ಹೇಳಿದ ಮಾತು ಅನಿರೀಕ್ಷಿತ.",5684,6431,,,103
kn_gita-1st_video_0008,gita-1st_video,kn,Dvaita,8,ನನ್ನಿಂದ ಈ ಮಾತನ್ನು ಅವನು ನಿರೀಕ್ಷೆ ಮಾಡಿರಲಿಲ್ಲ. ಅಂತಹ ಆಘಾತವನ್ನು ನಾನು ಕೃಷ್ಣನಿಗೆ ಉಂಟುಮಾಡಿದ್ದೇನೆ ಅಂತ ಈ ಒಂದು ಮಾತಿನಿಂದ. ಅರ್ಜುನನಿಗೆ ಅರ್ಥ ಆಗಬೇಕು ಎಂಥ ತಪ್ಪು ಮಾಡಿದ್ದೇನೆ ನಾನು ಅಂತ. ಮತ್ತೊಮ್ಮೆ ಶ್ಲೋಕ ಶ್ರೀ ಭಗವಾನುಮಾಚ ಕುತಸ್ತ್ವಾಕಶ್ಮಲಮಿದಂ ವಿಷಮೇ ಸಮುಪಸ್ಥಿತಂ. ಅನಾರ್ಯ ಜುಷ್ಟಂ ಅಸ್ವರ್ಗ್ಯಂ ಅಕೀರ್ತಿ ಕರಮರ್ಜುನಾ ಇಷ್ಟು ಹೇಳಿ ಒಂದು ಚಿವುಟುತ್ತಾನೆ ಅರ್ಜುನನಿಗೆ ನೋಡ್ರಿ ಕೃಷ್ಣ. ಕ್ಲೈವ್ಯಂ ವಾಸ್ಮಗಮಃ ಪಾರ್ಥ ನೈತತ್ವಯ್ಯುಪದ್ಯತೆ ಕ್ಷುದ್ರಂ ಹೃದಯ ದೌರ್ಬಲ್ಯಂ ತ್ಯಕ್ತೋತ್ತಿಷ್ಠ ಪರಂ ತಪಾ ಪದ ವಿಭಾಗ ಕ್ಲೈವ್ಯಂ ಮಾ ಸ್ಮ ಗಮಃ ಸ್ಮ ಅನ್ನೋದು ಅವ್ಯಯ. ಮಾ ಅನ್ನೋದು ನಿಷೇಧಾರ್ಥಕವಾದ ಒಂದು ಅವ್ಯಯ. ಗಮಃ ಗಮಃ ಅಂದ್ರೆ ಅಗಮಃ ಅಂತ ಆ ಸೇರಿಸಬೇಕು. ಪಾರ್ಥ ಸಂಬೋಧನೆ ನ ಏತತ್ ತ್ವಯಿ ಉಪಪದ್ಯತೆ ಕ್ಷುದ್ರಂ ಹೃದಯ ದೌರ್ಬಲ್ಯಂ ತ್ಯಕ್ತ್ವಾ ಉತ್ತಿಷ್ಠ ಪರಂ ತಪ ಒಳ್ಳೆ ಶಬ್ದ. ನಮ್ಮಲ್ಲಿ ಯಾರಾದರೂ ಮಾಡಿದ ಕೆಲಸಗಳೆಲ್ಲ ನಿಷ್ಫಲವಾಗೋದನ್ನ ನೋಡಿ ನಿರಾಶೆಯಿಂದ ತಲೆ ಮೇಲೆ ಕೈ ಇಟ್ಟು ಕೂತರೆ ತೆಕ್ತೋತ್ತಿಷ್ಠ ಪರಂತಪ ಅಂತ ಬಳಸುವ ಮಾತು ಇದು.,6432,7197,,,106
kn_gita-1st_video_0009,gita-1st_video,kn,Dvaita,9,"ಏ ಕ್ಷುಲ್ಲಕ ಇದನ್ನ ಬಿಡು. ಧೈರ್ಯವಾಗಿ ಮುನ್ನುಹೋಗುವಂತೆ. ಆ ಧಾಟಿಯಲ್ಲಿ ಕೃಷ್ಣನ ಚಾಟಿಯ ಏಟು ಇದೆ. ನೋಡಿ ಏನು ಮಾತಾಡ್ತಾನೆ ಅವನು ಅಂದ್ರೆ ಕ್ಲೈಬ್ಯಂಮಾಸ್ಮಗಮಹ ಪಾರ್ಥ ಪಾರ್ಥ. ಕ್ಲೀಬ ಅನ್ನೋ ಶಬ್ದಕ್ಕೆ ಸಂಸ್ಕೃತದಲ್ಲಿ ನಪುಂಸಕ ಅಂತ ಅರ್ಥ. ಹೆಣ್ಣು, ಗಂಡು, ಕ್ಲೀಬ. ನಮ್ಮಲ್ಲಿ ಪುಲ್ಲಿಂಗ, ಸ್ತ್ರೀಲಿಂಗ, ನಪುಂಸಕಲಿಂಗ ಅಂತ ಮೂರು ಶಬ್ದ ಇದೆ. ಕ್ಲೀಬ ಅಂತ ಅಂತೀವಿ ನಪುಂಸಕಲಿಂಗದ ಶಬ್ದಗಳಿಗೆ. ಕ್ಲೈವ್ಯ ಅಂದ್ರೆ ಕ್ಲೀವನ ಮನೋಭಾವ, ನಪುಂಸಕತನದ ಮನೋಭಾವ ಅಂತ ಶಬ್ದ ಕೊಡುವ ಅರ್ಥ. ಮಾಸ್ಮಗಮತ್ಪಾರ್ಥ. ನೇರವಾಗಿ ಇದನ್ನು ಹೇಳಿದರೆ ಅರ್ಜುನ ನಪುಂಸಕತನದ ಮನೋಭಾವವನ್ನು ಬಿಡು. ಈ ಮಾತನ್ನ ಕೃಷ್ಣ ಹೇಳಿದ. ಇದನ್ನ ಬೇರೆ ಯಾರಾದರೂ ಹೇಳಿದರೆ ಅರ್ಜುನನ ಪ್ರತಿಕ್ರಿಯೆ ಬೇರೆ ಇರ್ತಿತ್ತು. ಈ ಶಬ್ದವನ್ನು ಯಾರಿಂದಲೂ ಆಡಿಸಿಕೊಂಡವನಲ್ಲ ಅರ್ಜುನ. ಧೀರ, ಶೂರ, ಪರಾಕ್ರಮಿ. ಇದಕ್ಕೆ ವಿರುದ್ಧವಾದ ಶಬ್ದಗಳನ್ನು ಹೊಗಳಿಕೆಯ ಶಬ್ದಗಳನ್ನು ಕೇಳಿಸಿಕೊಂಡವನು. ಅರ್ಜುನನನ್ನ ಕ್ಲೀಬಾ ಅಂತ ಕರೆದವರು ಯಾರೂ ಇಲ್ಲ. ಆ ಮನಸ್ಸು ಯೋಚನೆಯೇ ಅರ್ಜುನನ ವ್ಯಕ್ತಿತ್ವಕ್ಕೆ ಶೋಭಿಸುವುದಿಲ್ಲ ಯಾರಿಗೂ ಅರ್ಜುನನ ಹಾಗೆ ಕರೆಯುವುದಕ್ಕೆ.",7198,7999,,,103
kn_gita-1st_video_0010,gita-1st_video,kn,Dvaita,10,"ಶ್ರೀಕೃಷ್ಣ ಕರೆದ ಪಾರ್ಥ ಕ್ಲೈಭ್ಯಂ ಮಾಸ್ಮಗಮಃ ನೀನು ಪಾರ್ಥನೋ? ಪಾರ್ಥ ಅಂದ್ರೆ ಪೃಥ್ವಿಯ ಮಗ. ಕುಂತಿಯ ಮಗ. ಕುಂತಿ ನಿನಗೆ ರಣರಂಗಕ್ಕೆ ಹೋಗುವ ಹಾಗೆ ಏನು ಸಂದೇಶ ಕಳಿಸಿದ್ದಾಳೆ ಅಂತ ವೀರೋಚಿತವಾದ ಸಂದೇಶವನ್ನು ಕೊಟ್ಟಿದ್ದಾಳೆ ಜ್ಞಾಪಿಸಿಕೋ. ಆ ತಾಯಿಯ ಮಗ ನೀನು. ನಪುಂಸಕತನವನ್ನ ತಾಳಬೇಡ. ನ ಏತತ್ ತ್ವೈ ಉಪಪದ್ಯತೆ. ಆ ನಪುಂಸಕತನ ಕ್ಲೈಭ್ಯ ಅದು ನಿನಗೆ ಒಪ್ಪುವಂತದ್ದಲ್ಲ. ಅರ್ಜುನ ಅಂದ್ರೆ ಏನು ಶೂರ? ಕ್ಲೈಬ್ಯ ಅಂದ್ರೆ ಎಂಥ ನೀಚವಾದ ಶಬ್ದ. ಈ ಭಾವ, ಈ ಕ್ಲೈಬ್ಯತನ, ನಪುಂಸಕತನ ತ್ವಯಿ ನ ಉಪಪದ್ಯತೆ. ನಿನಗೆ ಶೋಭಿಸುವುದಿಲ್ಲ. ನಿನಗೆ ಯುಕ್ತವಾಗುವುದಿಲ್ಲ ಅದು ಬೇರೆಯವರಿಗೆ ಹೋಗಬೇಕು ಹೊರತು ಪುಕ್ಕಲುತನ ಅನ್ನೋ ಹೆಸರು ಅದು ಅರ್ಜುನನಂತ ಧೀರನಿಗೆ ಬರಬಾರದು. ಆದ್ದರಿಂದ ಕ್ಷುದ್ರಂ ಹೃದಯ ದೌರ್ಬಲ್ಯಂ. ಈ ಹೃದಯದ ದೌರ್ಬಲ್ಯ, ಹೃದಯ ಅಂದ್ರೆ ಮನಸ್ಸು. ಮನಸ್ಸಿನ ದೌರ್ಬಲ್ಯ ಇದೆಯಲ್ಲ, ಎಂಥ ಉತ್ಸಾಹದಲ್ಲಿ ಇದಿಯೋ ನೀನು. ರಣರಂಗಕ್ಕೆ ಬಂದು ಶಂಖನಾದ ಮಾಡುವವರೆಗೂ ಯುದ್ಧದ ತಲ. ಉತ್ಸಾಹ, ಉನ್ಮಾದ ನಿನ್ನಲ್ಲಿತ್ತು.",8000,8727,,,100
kn_gita-1st_video_0011,gita-1st_video,kn,Dvaita,11,"ಅಷ್ಟು ಬೇಗ ಕುರುಗಳನ್ನ ಕಂಡ ಕೂಡಲೇ ಕೃಪಾವಿಷ್ಟನಾಗಿ ಮನೋದೌರ್ಬಲ್ಯಕ್ಕೆ ಒಳಗಾಗಿದ್ದಿ ಇದು ಕ್ಷುದ್ರ ನೀನು ಹೇಳಿದಂತೆ ಮಹಾ ಒಂದು ಮೇಧಾವಿತನದ ಪ್ರಜ್ಞಾವಾದ ಅಲ್ಲ ಅದು. ಅದರಿಂದ ಬಂದ ಮನೋದೌರ್ಬಲ್ಯ ಯಾವುದೋ ಇದು. ಕ್ಷುಲ್ಲಕವಾದ ಮನೋದೌರ್ಬಲ್ಯವನ್ನು ತ್ಯಕ್ತ್ವ ಬಿಟ್ಟು ಉತ್ತಿಷ್ಠ ಪರಂತಪ ಅರ್ಜುನ. ನಿನ್ನನ್ನ ಇವತ್ತಿನ ಸಮಾಜ ಹೇಳೋದೇ ಪರಂತಪ ಅಂತ. ಪರಂತಪ ಅಂದ್ರೆ ಪರ ಅಂದ್ರೆ ಶತ್ರುಗಳು. ಶತ್ರುಗಳಿಗೆ ತಾಪವನ್ನುಂಟು ಮಾಡುವವನು. ಅರ್ಜುನನ ಎದುರುಗಡೆ ಬಂದ ಯಾವ ಶತ್ರುವೂ ಕೂಡ ಅರ್ಜುನನನ್ನು ನಾನು ಗೆದ್ದೆ ಅಂತ ಹೇಳಿಕೊಂಡಿರುವ ಇತಿಹಾಸವೇ ಇಲ್ಲ. ಎಲ್ಲರೂ ನಿನ್ನಿಂದ ಸೋಲುಂಡು ಹೋದವರು. ಶತ್ರುಗಳಿಗೆ ತಾಪವನ್ನು ಉಂಟುಮಾಡುವ ಅರ್ಜುನನಲ್ಲಿ ಇವತ್ತು ಮನೋದೌರ್ಬಲ್ಯಕ್ಕೆ ಒಳಗಾಗಿ ಯುದ್ಧ ಆಡೋದಿಲ್ಲ ಅಂತ ಹೇಳುವ ದುರ್ಬಲ ಮನೋಭಾವದ ಅರ್ಜುನನಲ್ಲಿ. ಆದ್ದರಿಂದ ಕ್ಷುದ್ರಂ ಹೃದಯ ದೌರ್ಬಲ್ಯಂ ಮನೋ ದೌರ್ಬಲ್ಯ ತುಂಬಾ ಕ್ಷುದ್ರವಾದದ್ದು ಇದು. ಬಹಳ ಅಲ್ಪವಾದದ್ದು ಇದು. ತ್ಯಕ್ತ್ವ ಇದನ್ನು ಬಿಡು ನೀನು ಅಂದುಕೊಂಡಿರಬಹುದು ಯುದ್ಧದಿಂದ ದೊಡ್ಡ ಅನರ್ಥವನ್ನು ಹೇಳಿದ್ದೇನೆ. ಆದ್ದರಿಂದ. ಸಕಾರಣವಾಗಿ ನಾನು ಈ ಹಿಂಜರಿಕೆ ಅಂತ ಅಲ್ಲ, ಕ್ಷುದ್ರವಾದದ್ದು ಇದು, ಅಲ್ಪವಾದದ್ದು.",8728,9576,,,106
kn_gita-1st_video_0012,gita-1st_video,kn,Dvaita,12,"ತ್ಯಕ್ತ್ವ ಉತ್ತಿಷ್ಠ ಪರಂ ತಪ ಇದನ್ನ ದೂರ ಮಾಡು, ಯುದ್ಧೋತ್ಸಾಹದಿಂದ ಎದ್ದು ನಿಲ್ಲು. ಇದು ಕೃಷ್ಣ ಅರ್ಜುನನಿಗೆ ಕೊಟ್ಟ ಒಂದು ಚುಚ್ಚು ಮದ್ದು. ಕಿವಿ ಹಿಂಡಿದ ಮಕ್ಕಳು ತಪ್ಪು ಕೆಲಸ ಮಾಡಿ ಹೀಗೆ ಮಾಡಿದೆ ಅಂತ ಹೇಳ್ಕೊತಾವ ಅವರು. ನೀನು ಒಳ್ಳೆ ಕೆಲಸ ಮಾಡಿದ್ದಲ್ಲ ಅಂತ ತಂದೆ ಕಿವಿ ಹಿಣ್ಣಿದಾಗ ಓ ನಾನು ಮಾಡಿದ್ದು ತಪ್ಪು ಅಂತ ಅರ್ಥ ಆಗುತ್ತೆ. ಹಾಗೆ ಅರ್ಜುನ ನಾನೇನೋ ದೊಡ್ಡ ಉಪನ್ಯಾಸ ಮಾಡಿದೆ ಇದು ಕೃಷ್ಣನಿಗೆ ಮನವರಿಕೆ ಆಯಿತು ಅಂದ್ರೆ ಕೃಷ್ಣನ ಪ್ರತಿಕ್ರಿಯೆ ಕ್ಲೈಬ್ಯಂ. ಇದು ದೊಡ್ಡತನ ಅಲ್ಲ, ಇದು ನಪುಂಸಕತನ ಅಂತ. ಹೀಗೆ ಅರ್ಜುನನಿಗೆ ಚಿವಿಟಿದ. ಅವನು ಯುದ್ಧದಿಂದ ಹಿಂಜರಿಯೋದಕ್ಕೆ ದೊಡ್ಡ ದೊಡ್ಡ ಕಾರಣಗಳನ್ನು ಹೇಳಿದ್ದಾನೆ. ಇದು ತೋರಿಕೆಗೆ ಮುಂದಿಟ್ಟ ಕಾರಣ. ನಿಜವಾಗಿ ಅರ್ಜುನನ ಮನೋಭಾವ ಏನು ಅಂತ ಉಳಿದವರಿಗೆ ತಿಳಿಸುವ ಕಾರಣದಿಂದ ಈ ಕಟು ಮಾತನ್ನ ಚುಚ್ಚು ಮಾತನ್ನ ಅರ್ಜುನನಿಗೆ ಕೃಷ್ಣ ಹೇಳಿದ ಕ್ಲೈವ್ಯಂ. ಇದನ್ನು ಕೇಳಿದ ಕೂಡಲೇ ಅಷ್ಟು ದುಃಖಕ್ಕೆ ಒಳಗಾಗಿ ಮನೋಭಾವವನ್ನ ಕಳಚಿ ಕೂತ ಅರ್ಜುನ ತಟ್ಟ ಅಂತ ಎದ್ದು ನಿಂತ.",9577,10315,,,108
kn_gita-1st_video_0013,gita-1st_video,kn,Dvaita,13,"ಬೂದಿ ಮುಚ್ಚಿದ ಕೆಂಡ ಆದ. ಬೂದಿ ಹೋಯಿತು ಎದ್ದು ನಿಂತ. ತಾನು ಯಾತಕ್ಕೋಸ್ಕರ ಹಿಂಜರಿದಿದ್ದೇನೆ ಅಂತ ಇನ್ನೊಂದು ಮುಖವನ್ನು ತೋರಿಸಿದ. ಸ್ವಲ್ಪ ಮೆತ್ತಗಾದ. ಶಿಷ್ಯಸ್ತೇಹಂ ಶಾಧಿಮಾಂ ತ್ವಾಂ ಪ್ರಪನ್ನಂ ಅಂದ. ಕೃಷ್ಣ, ನನಗೆ ಏನು ಮಾಡಬೇಕು ಅಂತ ಗೊತ್ತಾಗ್ತಿಲ್ಲ. ನಾನು ನಿನ್ನ ಶಿಷ್ಯ, ನೀನು ಗುರು, ನೀನು ಹೇಳಿದಂಗೆ ಮಾಡುತ್ತೇನೆ. ಇವಾಗ ಆರಂಭ ಮಾಡು ಕೃಷ್ಣ ಗೀತೆಯನ್ನು. ಆರಂಭದಲ್ಲಿ ಶತ್ರು ಯುದ್ಧ ಆಡಲ್ಲ ಅಂತ ಕೂತಿದ್ದ. ಉಪದೇಶ ಕೊಟ್ರೆ ನಾಡೋಲ್ಲ ಆ ಸಂದರ್ಭದಲ್ಲಿ. ಯಾವತ್ತು ಈ ಚುಚ್ಚು ಮಾತನ್ನ ಕೇಳಿ ತನ್ನ ಒಳಭಾವವನ್ನ ಅರ್ಜುನ ಹೊರಗೆ ಹಾಕಿ ಶಿಷ್ಯಸ್ತೇಹಂ ನೀನು ಹೇಳಿದ್ದನ್ನ ಕೇಳ್ತೀನಿ ಮಾರಾಯ ಅಂತ ಶರಣಾಗತನಾದನೋ ಆವಾಗ ಕೃಷ್ಣ. ಗೀತೋಪದೇಶಕ್ಕೆ ಆರಂಭ ಮಾಡಿದ. ಹೀಗೆ ದ್ವಿತೀಯಾಧ್ಯಾಯದ ಈ ಆರಂಭದ ಕೆಲವು ಶ್ಲೋಕಗಳು ಅರ್ಜುನನ ದೌರ್ಬಲ್ಯವನ್ನ ಒಳಗಿನ ಕಾರಣ ಆ ದೌರ್ಬಲ್ಯಕ್ಕೆ ಹುಡುಕಿ ತೆಗೆದು ಅರ್ಜುನನ ಮನಸ್ಸನ್ನ ಉಪದೇಶಕ್ಕೆ ಅಣಿ ಮಾಡೋದು. ದೊಡ್ಡ ಒಂದು ಮನೋವಿಜ್ಞಾನ ಈ ಆರಂಭದಲ್ಲಿ ಸೇರಿಕೊಂಡಿದೆ ಭಗವದ್ಗೀತೆಯಲ್ಲಿ.",10316,11051,,,100
kn_gita-1st_video_0014,gita-1st_video,kn,Dvaita,14,ಮುಂದೆ ಅರ್ಜುನ ಇದಕ್ಕೆ ಏನು ಪ್ರತಿಕ್ರಿಯೆಯನ್ನು ನೀಡಿದ ಅನ್ನೋದನ್ನ ಮುಂದೆ ನೋಡೋಣ. ಮತ್ತೊಮ್ಮೆ ಶ್ಲೋಕ. ಕ್ಲೈಭ್ಯಂ ಮಾಸ್ಮಗಮಪಾರ್ಥ ನೈತತ್ವಯ್ಯುಪಪದ್ಯತೆ ಕ್ಷುದ್ರಂ ಹೃದಯ ದೌರ್ಬಲ್ಯಂ ತ್ಯಕ್ತೋತ್ತಿಷ್ಠ ಪರಂ ತಪಾ ಶ್ರೀ ಕೃಷ್ಣಾರ್ಪಣಂ ಈ ಗೀತೆಯ ಪ್ರತಿಪದಾರ್ಥ ನಿರೂಪಣೆಯ ಕಾರ್ಯಕ್ರಮಕ್ಕೆ ಸಹಕಾರವನ್ನು ನೀಡಿದ ಶ್ರೀಯುತ ಮುರಳೀಧರ ರಾಯರಿಗೆ ಭಗವದ್ಗೀತಾ ಪ್ರತಿಪಾದ್ಯನಾದ ಶ್ರೀಕೃಷ್ಣ ಅವನು ವಿಶೇಷ ಅನುಗ್ರಹವನ್ನು ನೀಡಲಿ ಶ್ರೀಕೃಷ್ಣಾರ್ಪಣಮಃ,11052,11407,,,40
kn_gita-2nd_video_0000,gita-2nd_video,kn,Dvaita,0,ಶ್ರೀ ಗುರುಭ್ಯೋ ನಮಃ ಹರಿಃ ಓಂ ಧರ್ಮಕ್ಷೇತ್ರೇ ಕುರುಕ್ಷೇತ್ರೇ ಸಮವೇತಾಯುಯುತ್ಸವಃ ಮಾಮಕಾ ಪಾಂಡವಾಶ್ಚೈವ ಕಿಮ ಕುರುವತ ಸಂಜಯ ಇದುವರೆಗೆ ಎರಡನೆಯ ಅಧ್ಯಾಯದಲ್ಲಿ ಮೂರು ಶ್ಲೋಕಗಳನ್ನು ಆ ಶ್ಲೋಕಗಳಲ್ಲಿ ಶ್ರೀಕೃಷ್ಣ ಅರ್ಜುನನ ಸ್ವಾಭಿಮಾನವನ್ನು ಕೆದಕಿ ಆಡಿದ ಮಾತುಗಳು. ಅವು ತುಂಬಿವೆ. ಕ್ಷುದ್ರಂ ಹೃದಯ ದೌರ್ಬಲ್ಯಂ ತ್ಯಕ್ತ್ವ ಉತ್ತಿಷ್ಠ ಧನಂಜಯ. ಇದು ಅರ್ಜುನನಿಗೆ ಶ್ರೀಕೃಷ್ಣ ಕೊಟ್ಟ ಬಿರುಸಾದ ಸಂದೇಶ. ಹೃದಯ ದೌರ್ಬಲ್ಯಂ ತ್ಯಕ್ತ್ವ ಉತ್ತಿಷ್ಠ ಇದು ನಿನ್ನ ಮನಸ್ಸಿನ ದೌರ್ಬಲ್ಯ ಅದನ್ನ ಬಿಟ್ಟು ಯುದ್ಧಕ್ಕೆ ಸಿದ್ಧನಾಗು ಅಂತ. ಅರ್ಜುನನನ್ನ ಕ್ಲೀಬಾ ಕ್ಲೀವ್ಯಂ ಮಾಸ್ಮ ಅನ್ನೋ ಮಾತಿನಿಂದ ಕೆಣಕಿ ಅವನ ನಿಜವಾದ ಭಾವವನ್ನು ಹೊರಹಾಕುವ ದೃಷ್ಟಿಯಿಂದ ಹಾಗೂ ಘ್ರತೋಪಿ ಮಧುಸೂದನ ನಾನು ಶತ್ರು ಈ ಯುದ್ಧದಲ್ಲಿ ತೊಡಗೋದಿಲ್ಲ ಅನ್ನೋ ಹಠವನ್ನು. ಕಡಿಮೆ ಮಾಡುವುದಕ್ಕೋಸ್ಕರ ಈ ಎರಡು ಉದ್ದೇಶಗಳಿಂದ ಶ್ರೀಕೃಷ್ಣ ಕೆಲವು ಮಾತುಗಳನ್ನ ಆಡಿದ. ಈಗ ಅರ್ಜುನನ ನಿಜವಾದ ಭಾವ ಹೊರಬಂತು. ಅದನ್ನ ಭಗವದ್ಗೀತೆಯ ಎರಡನೇ ಅಧ್ಯಾಯದ ನಾಲ್ಕನೇ ಶ್ಲೋಕದಲ್ಲಿ ವ್ಯಾಸರು ತಿಳಿಸಿದ್ದಾರೆ. ಅರ್ಜುನ ಉವಾಚಾ ಕಥಂ ಭೀಷ್ಮಮಹಂ ಸಂಖ್ಯೆ ದ್ರೋಣಂಚ ಮಧುಸೂದನ ಇಶುಭಿ ಪ್ರತಿಯೋತ್ಸ್ಯಾಮಿ ಪೂಜಾರ್ಹ ವರಿಸೂದನಾ ಪದವಿಭಾಗ ಕಥಂ ಭೀಷ್ಮಂ ಅಹಂ ಸಂಖ್ಯೆ ದ್ರೋಣಂ ಚ ಮಧುಸೂದನ ಇಶುಭಿಹಿ ಪ್ರತಿಯೋಶ್ಯಾಮಿ ಪೂಜಾರ್ಹೌ ಅರಿಸೂದನ ಮಧುಸೂದನ ಮೊದಲನೆಯ ಭಾಗದಲ್ಲಿರುವ ಕೃಷ್ಣನ ಸಂಬೋಧನೆ ಮಾಡುವ ಶಬ್ದ.,0,989,,,127
kn_gita-2nd_video_0001,gita-2nd_video,kn,Dvaita,1,"ಮಧುಸೂದನನೇ ಮಧು ಎಂಬ ದೈತ್ಯನನ್ನು ನಾಶ ಮಾಡಿದ ಮಹಾತ್ಮನೇ ಸಂಖ್ಯೆ ಅಂದ್ರೆ ಯುದ್ಧದಲ್ಲಿ ಭೀಷ್ಮಂ ದ್ರೋಣಂಚ ಅಹಂ ಇಶುಭಿಹಿ ಕಥಂ ಪ್ರತಿಯೋಸ್ಯಾಮಿ ಸಂಖ್ಯೆ ಅಂದ್ರೆ ಯುದ್ಧದಲ್ಲಿ ಭೀಷ್ಮಾಚಾರ್ಯರನ್ನು ದ್ರೋಣಾಚಾರ್ಯರನ್ನು ಇಶುಭಿಹಿ ಅಂದ್ರೆ ಬಾಣಗಳಿಂದ ಉಪಲಕ್ಷಣ ಆಯುಧಗಳಿಂದ ಕಥಂ ಪ್ರತಿಯೋಶ್ಯಾಮಿ. ನಾನು ಹೇಗೆ ಎದುರಿಸಲು ಸಾಧ್ಯ? ಯಾಕೆ ಪೂಜಾರ್ಹವು. ಅವರು ನನ್ನಿಂದ ಪೂಜೆಗೆ ಅರ್ಹರಾದವರು. ದ್ರೋಣಾಚಾರ್ಯರು ಗುರುಗಳು, ಭೀಷ್ಮ ಪಿತಾಮಹರು ತಾತಂದಿರು, ಒಬ್ಬರು ನನ್ನ ಕುಲದ ಹಿರಿಯರಾಗಿ. ನಮ್ಮ ಕುಲದ ರಕ್ಷಣೆಗೆ ತಮ್ಮ ಸರ್ವಸ್ವವನ್ನು ಧಾರೆ ಎರೆಯದು ಕುಲ ರಕ್ಷಣೆಗಾಗಿಯೇ ಪ್ರತಿಜ್ಞೆ ತೊಟ್ಟು ಭೀಷ್ಮ ಅಂತ ಪ್ರಸಿದ್ಧಿ ಪಡೆದವರು ಅವರ ಅನ್ನ, ಅಸನ, ವಸನಗಳನ್ನು ನಾನು ಪಡೆದವ ಕುಲದ ಹಿರಿಯರು ಅವರು. ಪೂಜಾರ್ಹರು. ನನ್ನಿಂದ ಗೌರವಕ್ಕೆ ಪಾತ್ರರಾದವರು ಅವರು. ಮತ್ತೊಬ್ಬರು ದ್ರೋಣಂಚ. ನನ್ನ ಶಸ್ತ್ರ ವಿದ್ಯೆಯ ಗುರುಗಳು ದ್ರೋಣಾಚಾರ್ಯರು. ಅಯೋನಿಜರು ದ್ರೋಣ ಅಂದ್ರೆ ದೊನ್ನೆ, ದೊನ್ನೆಯಲ್ಲಿ ಹುಟ್ಟಿ ಬಂದವರು. ಇಂತಹ ಪೂಜಾರ್ಹರಾದ ಇಬ್ಬರು. ಒಬ್ಬರು ಕುಲದ ಹಿರಿಯರು. ಭೀಷ್ಮ ಪ್ರತಿಜ್ಞೆಯನ್ನ ಮಾಡಿ ಕುಲ ರಕ್ಷಣೆಗಾಗಿ ಭೀಷ್ಮರೆಂದು ಖ್ಯಾತಿ ಪಡೆದವರು.",990,1821,,,104
kn_gita-2nd_video_0002,gita-2nd_video,kn,Dvaita,2,"ಮತ್ತೊಬ್ಬರು ನನಗೆ ಶಸ್ತ್ರ ವಿದ್ಯಾಭ್ಯಾಸವನ್ನ ಮಾಡಿಸಿದ. ದ್ರೋಣಾಚಾರ್ಯರಂತ ಗುರುಗಳು. ಹೀಗಾಗಿ ಅವರಿಬ್ಬರೂ ಪೂಜಾರ್ಹೌ. ನನ್ನಿಂದ ಪೂಜೆಗೆ ಅರ್ಹರಾದವರು. ಅವರ ಕಾಲು ಹಿಡಿದು ನಮಸ್ಕರಿಸಿ ಅವರಿಗೆ ಪೂಜೆಯನ್ನು ಗೌರವವನ್ನು ನಾನು ಸಲ್ಲಿಸಬೇಕಾದವನು. ಅಂತ ನಾನು ಅವರು ನನ್ನ ಎದುರುಗಡೆ ನಿಂತಿದ್ದಾರೆ. ಇನ್ನೇನು ಕೆಲವು ಕ್ಷಣದಲ್ಲಿ ಯುದ್ಧ ಆರಂಭವಾಗುತ್ತದೆ. ಶಸ್ತ್ರ ಪ್ರಹಾರ ಮಾಡ್ತಾರೆ ಅವರು ಮಾಡಿದರು ಅನ್ಕೊಂಡು ಗೌರವಾನ್ವಿತರಾದ ಅವರ ಬಗ್ಗೆ ನಾನು ಪ್ರತ್ಯಸ್ತ್ರವನ್ನು ಹೇಗೆ ತಾನೇ ಪ್ರಯೋಗಿಸಲಿ ಶ್ರೀಕೃಷ್ಣ. ನೀನು ಮಧುಸೂದನ. ಮಧು ಎಂಬ ರಾಕ್ಷಸನನ್ನು ಕೊಂದವ. ಅರಿಸೂದನ. ಅರಿ ಅಂದ್ರೆ ಶತ್ರು. ಶತ್ರುಗಳನ್ನು ನಾಶ ಮಾಡಿದವ. ಆದರೆ ದ್ರೋಣರು, ಭೀಷ್ಮರು ನನ್ನ ಶತ್ರುಗಳಲ್ಲ. ಒಬ್ಬರು ಕುಲದ ಹಿರಿಯರು, ನನ್ನ ತಾತ ಮತ್ತೊಬ್ಬರು ಗುರುಗಳು. ಶತ್ರುಗಳನ್ನು ಕೊಲ್ಲೋದಕ್ಕೂ ಗುರು ಹಿರಿಯರನ್ನು ಕೊಲ್ಲೋದಕ್ಕೂ ವ್ಯತ್ಯಾಸ ಇದೆ ಅಲ್ವಾ ಶ್ರೀಕೃಷ್ಣ. ಆದ್ದರಿಂದ ನೀನು ಮಧುವನ್ನು, ಅರಿಯನ್ನು, ಶತ್ರುಗಳನ್ನು ಕೊಂದಷ್ಟು ಸುಲಭದ ಮಾತು ಇದಲ್ಲ. ಇಂತಹ ಗುರು ಹಿರಿಯರನ್ನು ಕೊಲ್ಲೋದು ಅಥವಾ ಅವರ ಜೊತೆ ಪ್ರತಿಯುದ್ಧವನ್ನು ಮಾಡೋದು ನನಗೆ ಸಾಧ್ಯವಿಲ್ಲ.",1822,2650,,,102
kn_gita-2nd_video_0003,gita-2nd_video,kn,Dvaita,3,"ಕಥಂ ನಾನು ಹೇಗೆ ಅವರನ್ನ ಎದುರಿಸಲಿ ಇದು ನನ್ನ ಸಮಸ್ಯೆ ಅಂತ ಅರ್ಜುನ. ಮೊದಲು ತನ್ನ ಹೃದಯದಲ್ಲಿ ಇದ್ದಿದ್ದನ್ನ ಹೊರಹಾಕಿದ. ಮತ್ತೊಮ್ಮೆ ಶ್ಲೋಕ ಕಥಂ ಭೀಷ್ಮಮಹಂ ಸಂಖ್ಯೆ ದ್ರೋಣಂಚ ಮಧುಸೂದನ ಇಶುಭಿ ಪ್ರತಿಯೋತ್ಸ್ಯಾಮಿ ಪೂಜಾರ್ಹಾವರಿಸೂದನ ಪೂಜಾರ್ಹೌ ಅರಿಸೂದನ ಅಂತ ಅಲ್ಲಿ ಪದ ವಿಭಾಗವನ್ನ ಮಾಡಬೇಕು. ಹೀಗೆ. ಹಿಂದೆ ಗುರು ಹಿರಿಯರು ತಂದೆ ತಾಯಿ ಪಿತೃ ಪಿತಾಮಹ ಬಂಧುಗಳು ಎಲ್ಲ ಮಾತನ್ನ ಬಿಟ್ಟು ಇಬ್ಬರನ್ನು ಮಾತ್ರ ಇವಾಗ ಉಲ್ಲೇಖಿಸಿದ್ದಾನೆ ಅರ್ಜುನ. ಒಂದು ಭೀಷ್ಮರು ಇನ್ನೊಂದು ತ್ರೋಣರು. ಒಂದು ಗುರುಗಳು ಒಂದು ಕುಲದ ಹಿರಿಯರು. ಮುಂದೆ ತನ್ನ ಸಮಸ್ಯೆಯನ್ನು ಪೂರ್ಣವಾಗಿ ಬಿಚ್ಚಿಡುತ್ತಾನೆ ಒಂದೊಂದು ಶ್ಲೋಕದಲ್ಲಿ ಅರ್ಜುನ ಮುಂದಿನ ಶ್ಲೋಕ. ಗುರು ನಹತ್ವಾಹಿ ಮಹಾನುಭಾವಾನ್ ಶ್ರೇಯೋ ಭೋಕ್ತುಂ ಭೈಕ್ಷಮಪೀಹ ಲೋಕೆ ತ್ವಾರ್ಥ कामांस्तु गुरु निह्यैव भुंजीय भोगान् रुधिरप्रदिग्धान् ಪದ ವಿಭಾಗ ಗುರುನ್ ಅಹತ್ವ ಶಿ ಮಹಾನುಭಾವನ್ ಶೇಯಃ ಭೋಕ್ತುಂ ಭೈಕ್ಷಮ್ ಅಪಿ ಇಹ ಲೋಕೆ ಹತ್ವಾ ಅರ್ಥಕಾಮಾನ್ ತು ಅರ್ಥಕಾಮಾಸ್ತು ಎಂಬಲ್ಲಿ ಅರ್ಥಕಾಮಾನ್ ತು ಗುರುನ್ ಇಹ ಏವ ಭುಂಜೀಯ ಭೋಗಾನ್ ರುಧಿರ ಪ್ರತಿಗ್ಧಾನ್ ಮಹಾನುಭಾವನ್ ಗುರುನ್ ಅಹತ್ವ ಮಹಾತ್ಮರಾದ ಗುರು ಹಿರಿಯರನ್ನು ಕೊಲ್ಲದೆ ಆಹತ್ವ, ಹತ್ವ ಅಂದ್ರೆ ಕೊಂದು, ಆಹತ್ವ ಅಂದ್ರೆ ಕೊಲ್ಲದೆ, ಅವರನ್ನು ಕೊಲ್ಲುವ ಈ ಯುದ್ಧವನ್ನು ಬಿಟ್ಟು.",2651,3590,,,127
kn_gita-2nd_video_0004,gita-2nd_video,kn,Dvaita,4,ನಾನು ಕ್ಷೇಯಹ ಭೋಕ್ತುಂ ಭೈಕ್ಷಂ ಅಪಿ ಇಹಲೋಕೆ ಇಹಲೋಕೆ ಈ ಲೋಕದಲ್ಲಿ ಮನುಷ್ಯ ಲೋಕದಲ್ಲಿ ಭೈಕ್ಷ್ಯಂ ಭೋಕ್ತುಂ ಕ್ಷೇಯಃ ಭಿಕ್ಷಾನ್ನವನ್ನು ತಿನ್ನೋದೇ ಲೇಸು ಈ ಲೋಕದಲ್ಲಿ ಮಹಾನುಭಾವರಾದ ಗುರುಗಳನ್ನು ಹಿರಿಯರನ್ನು ಕೊಲ್ಲೋದರ ಬದಲು ನಾಲ್ಕು ಮನೆಗೆ ಭಿಕ್ಷೆ ಬೇಡಿ ಜೀವನ ನಡೆಸೋದೇ ಲೇಸು. ಜೀವನ ನಡೆಸುತ್ತೇನೆ ಅಂತ ಹೇಳಲಿಲ್ಲ ಅರ್ಜುನ. ಯಾಕೆ ಅಂದ್ರೆ ಕ್ಷತ್ರಿಯನಿಗೆ ಭಿಕ್ಷಾಟನೆ ಉಚಿತವಲ್ಲ. ಅವರು ತಮ್ಮ ಭುಜಬಲದಿಂದ ದುಡಿದು ತಿನ್ನಬೇಕು ಹೊರತು ಬೇಡಿ ತಿನ್ನಬಾರದು. ಆದರೆ ಅರ್ಜುನ ಹೇಳ್ತಾನೆ. ಗುರುಗಳನ್ನು ಕೊಲ್ಲುವುದು ಒಂದು ಕಡೆ. ಕ್ಷತ್ರಿಯ ಧರ್ಮಕ್ಕೆ ವಿರುದ್ಧವಾಗಿ ಭಿಕ್ಷೆ ಬೇಡುವುದು ಮತ್ತೊಂದು ಕಡೆ. ಇವೆರಡೂ ಧರ್ಮಕ್ಕೆ ವಿರುದ್ಧ. ಆದರೆ ಧರ್ಮಕ್ಕೆ ವಿರುದ್ಧವಾದರೂ ಈ ಎರಡು ಧರ್ಮ ವಿರುದ್ಧವಾದ ಆಚರಣೆಗಳಲ್ಲಿ ಗುರುಗಳನ್ನು ಕೊಂದು ನಾವು ಕ್ಷತ್ರಿಯ ವೃತ್ತಿಯಲ್ಲಿ ಇರೋದರ ಬದಲು ಕ್ಷತ್ರಿಯ ವೃತ್ತಿಯನ್ನೇ ಬಿಟ್ಟು ಅದಕ್ಕೆ ವಿರುದ್ಧವಾಗಿ ಭಿಕ್ಷಾಟನೆ ನಡೆಸೋದೇ ಶ್ರೇಯಸ್ಸು ಅಂತ ಅನಿಸುತ್ತೆ. ಎರಡು ತಪ್ಪು. ಆದರೆ ಎರಡು ತಪ್ಪುಗಳಲ್ಲಿ ಸ್ವಲ್ಪ ಕಡಿಮೆ ತಪ್ಪು ಯಾವುದು ಅಂದ್ರೆ ಭಿಕ್ಷೆ ಬಿಡೋದು.,3591,4388,,,103
kn_gita-2nd_video_0005,gita-2nd_video,kn,Dvaita,5,ಕ್ಷತ್ರಿಯರಿಗೆ ಉಚಿತವಲ್ಲದಿದ್ದರೂ ಕೂಡ ನನಗೆ ಎರಡು ಕೈಗಳಲ್ಲಿ ಎರಡು ಆಯ್ಕೆಗಳಿವೆ. ಒಂದು ಕುರು ಹಿರಿಯರನ್ನು ಕೊಂದು. ನಮ್ಮ ಕ್ಷತ್ರಿಯ ವೃತ್ತಿಯನ್ನು ನಾವು ಅನುಸರಿಸಿಕೊಂಡು ಇರೋದು. ಇನ್ನೊಂದು ಕ್ಷತ್ರಿಯ ವೃತ್ತಿಗೆ ವಿರುದ್ಧವಾಗಿ ಭಿಕ್ಷೆ ಬೇಡಿ ಜೀವನ ನಡೆಸುವುದು. ಇವೆರಡೂ ತಪ್ಪೇ. ಆದರೆ ಗುರು ಹಿರಿಯರನ್ನು ಕೊಂದು ಕ್ಷತ್ರಿಯ ವೃತ್ತಿಯಲ್ಲಿ ಇರೋದಕ್ಕಿಂತ ಕ್ಷತ್ರಿಯ ವೃತ್ತಿಯನ್ನ ಬಿಟ್ಟು ಭಿಕ್ಷಾಟನೆ ಮಾಡೋದೇ ಲೇಸು ಅಂತ ನನಗೆ ಅನಿಸ್ತಾ ಇದೆ. ಅರ್ಜುನ ಕ್ಷತ್ರಿಯ ವೃತ್ತಿಯ ಬಗ್ಗೆಯೇ ಜುಗುಪ್ಸೆಗೊಂಡು ನಾನು ಭಿಕ್ಷಾಟನೆಗೆ ಹಿಡಿಯುತ್ತೇನೆ ಅಂತ ಬ್ರಾಹ್ಮಣ ವೃತ್ತಿಯ ಕಡೆ ದೈನ್ಯ ವೃತ್ತಿಯ ಕಡೆ ದೃಷ್ಟಿ ಹಾಯಿಸಿದ. ಯಾಕೆ? ಗುರುಗಳನ್ನು ಕೊಂದು ನೀವು ಕ್ಷತ್ರಿಯರಾಗಿದ್ದು ರಾಜ್ಯದ ಆಡಳಿತವನ್ನು ನಡೆಸಿ ಬೇಕಾದ ರಾಜಭೋಗವನ್ನು ಅನುಭವಿಸಬಹುದಲ್ಲ ಅಂದ್ರೆ ಅರ್ಜುನ ಹೇಳ್ತಾನೆ 10. ಹತ್ವ ಅರ್ಥ ಕಾಮಾನ್ ಗುರುನ್ ಭುಂಜೀಯ ಭೋಗಾನ್ ರುಧಿರ ಪ್ರದಿಗ್ಧಾನ್ ಅರ್ಥ ಕಾಮಾನ್ ಗುರುನ್ ಹತ್ವ ನಮಗೆ ಇರುವ ಮತ್ತೊಂದು ಆಯ್ಕೆ ಗುರು ಹಿರಿಯರನ್ನು ಕೊಲ್ಲೋದು. ಅವರು ಅರ್ಥ ಕಾಮರು. ಅರ್ಥ ಅಂದ್ರೆ ಐಹಿಕ ಸುಖ.,4389,5182,,,103
kn_gita-2nd_video_0006,gita-2nd_video,kn,Dvaita,6,"ಸುಖಕ್ಕೆ ಸಾಧನವಾದ ವಿಷಯ ಪದಾರ್ಥಗಳು. ದುರ್ಯೋಧನ ರಾಜ್ಯದ ಆಸೆಯಿಂದ ಈ ಯುದ್ಧಕ್ಕೆ ಸಿದ್ಧನಾಗಿ ಬಂದಿದ್ದಾನೆ. ಹಿರಿಯರು ಎಷ್ಟು ಬುದ್ಧಿವಾದ ಹೇಳಿದರು ಕೇಳದೆ ರಾಜ್ಯದ ಅಧಿಕಾರದ ಕಾಮನೆಯಿಂದ ಅರ್ಥ ಕಾಮನೆಯಿಂದ ಅರ್ಥದ ಮೇಲೆ ವಿಷಯದ ಮೇಲೆ ಅಭಿಲಾಷೆಯಿಂದ ಈ ಯುದ್ಧಕ್ಕೆ ತೊಡಗಿದ್ದಾನೆ. ಅವನಿಗೆ ಸಹಾಯಕರಾಗಿ ನಿಂತಿದ್ದಾರೆ ನಮ್ಮ ಗುರುಗಳು ಹಿರಿಯರು. ಆದ್ದರಿಂದ ಅವರು ಅರ್ಥಕಾಮರು. ವಿಷಯ ಪದಾರ್ಥಗಳ ಕಡೆಗೆ ಅವರ ಮನಸ್ಸು ಹರಿದಿದೆ. ಹೀಗೆ ವಿಷಯದ ಸೆಳೆತಕ್ಕೆ ಒಳಗಾದ ಗುರುಗಳನ್ನು ಗುರುನ್ ಹತ್ವ ಈ ಯುದ್ಧದಲ್ಲಿ ಕೊಂದು ಅವರ ರಕ್ತದಿಂದ ರುಧಿರ ಪ್ರದಿಗ್ಧಾನ್ ರುಧಿರ ಅಂದ್ರೆ ರಕ್ತ. ರಕ್ತದಿಂದ ಪ್ರತಿಗ್ಧ ಅಂದ್ರೆ ಮೆತ್ತಲ್ಪಟ್ಟ ರಕ್ತ ಸಿಕ್ತವಾದ ಭೋಗ ವಿಷಯ ಪದಾರ್ಥಗಳನ್ನು ನಾವು ಭುಂಜೀಯ ಇಶೈವ ಭುಂಜೀಯ ನಾನು ಇಲ್ಲೇ ಉಣ್ಣಲೇನು ಅಂತಾನೆ ಅರ್ಜುನ. ಅಂದ್ರೆ ಅವರಿಗೆ ವಿಷಯ ಪದಾರ್ಥದ ಅಭಿಲಾಷೆ ಇದೆ. ಅಂಥವರನ್ನು ಕೊಂದು ನಮಗೆ ವಿಷಯದ ಆಕರ್ಷಣೆ ಇಲ್ಲ. ಅವರನ್ನು ಕೊಂದಾಗ ನಮಗೆ ಪ್ರತಿದಿನ ರಾಜ್ಯದ ಅಧಿಕಾರ ಸಿಗಲಿ, ಬೇಕಾದ ಭೋಗ ವೈಭವ ಸಿಗಲಿ.",5183,5929,,,102
kn_gita-2nd_video_0007,gita-2nd_video,kn,Dvaita,7,"ನಾವು ಉಣ್ಣುವಾಗ, ತಿನ್ನುವಾಗ, ಕುಡಿಯುವಾಗ ಇದು ಗುರು ಹಿರಿಯರನ್ನು ಕೊಂದು ಗಳಿಸಿದ ಸಂಪತ್ತು. ಅನ್ನೋ ಭಾವ ನಮ್ಮ ಹೃದಯದಲ್ಲಿ ಚೂಚಿತದೆ. ಹೀಗಾಗಿ ಅರ್ಥಕಾಮರಾದ ಗುರುಗಳನ್ನ ಅವರು ಒಂದು ವೇಳೆ ವಿರಕ್ತರಾಗಿದ್ರೆ ಸರಿ, ಆದರೆ ರಾಜ್ಯದ ಅಪೇಕ್ಷೆ ಇದೆ. ಅಂತಹ ಗುರು ಹಿರಿಯರನ್ನ ಕೊಂದು ಅಮರ ಜಾಗದಲ್ಲಿ ನಾವು ಕೂತು ವಿಷಯ ಪದಾರ್ಥಗಳನ್ನ ಭೋಗಿಸಿದರೆ ಪ್ರತಿಯೊಂದು ವಸ್ತುಗಳು ಕೂಡ ಗುರು ಹಿರಿಯರ ರಕ್ತದಿಂದ ಸಿಕ್ತವಾದ ಭಾವನೆ ನಮಗೆ ಬರುತ್ತದೆ. ಸುಖವಾಗಿ ನಾವು ಉಂಡೆವೋ, ತಿಂದೆವೋ, ಕುಡಿದೆವೋ ಕೃಷ್ಣ. ಆದ್ದರಿಂದ ಕಥಂ ಇಹೈವ ಕಥಂ ಭುಂಜೀಯ ಈ ಲೋಕದಲ್ಲೇ ಪರಲೋಕದಲ್ಲಿ ಇದಕ್ಕೆ ಶಿಕ್ಷೆ ಬೇರೆ ಇದೆ ಈ ಲೋಕದಲ್ಲೇ. ಈ ಶಿಕ್ಷೆಯನ್ನು ನಾವು ಅನುಭವಿಸಬೇಕಾ ಶ್ರೀಕೃಷ್ಣ? ಗುರು ಹಿರಿಯರನ್ನು ಕೊಂದು ಅವರ ರಕ್ತ ಸಿಕ್ತವಾದ ವಿಷಯ ಪದಾರ್ಥಗಳನ್ನ ಉಂಡು ತಿಂದು ಜೀವನ ಕಳೆಯುವುದಕ್ಕಿಂತ ಈ ಯುದ್ಧದ ಹಂಗನ್ನೇ ಬಿಟ್ಟು ಅವರಿಗೆ ಅರ್ಥದ ಅಪೇಕ್ಷೆ ಇದೆ. ಅವರು ಬೇಕಾದರೆ ಅದನ್ನು ಭೋಗಿಸಿಕೊಳ್ಳಿ, ಅನುಭವಿಸಿಕೊಳ್ಳಿ. ನಾನು ಭಿಕ್ಷೆ ಬೇಡಿಯಾದರೂ ಜೀವನ ಮಾಡುತ್ತೇನೆ ಶ್ರೀಕೃಷ್ಣ.",5930,6691,,,104
kn_gita-2nd_video_0008,gita-2nd_video,kn,Dvaita,8,"ಬಹಳ ಸೊಗಸಾಗಿ ತನ್ನ ವಾದವನ್ನ ಅರ್ಜುನ ಇಲ್ಲಿ ಮಂಡಿಸಿದ್ದಾನೆ ನೋಡ್ರಿ. ಮತ್ತೊಮ್ಮೆ ಶ್ಲೋಕ ಗುರುನ್ ಅಹತ್ವಾಶಿ ಮಹಾನುಭಾವಾನ್ ಕ್ಷೇಯೋ ಭೋಕ್ತುಂ ಭೈಕ್ಷಮಪೀಹಲೋಕೇ ಹತ್ವಾರ್ಥ ಕಾಮಾಂಸ್ತು ಗುರುನಿಹೈವ ಭುಂಜೀಯ ಭೋಗಾನ್ ರುಧಿರ ಪ್ರತಿಗ್ಧಾನ್ ಮುಂದಿನ ಆರನೆಯ ಶ್ಲೋಕ ದ್ವಿತೀಯ ಅಧ್ಯಾಯದಲ್ಲಿ ನಚೈತದ್ವಿದ್ಮಃ ಕತರನ್ನೋಗರೀಯೋ ಯದ್ವಾಜಯೇಮ ಯದಿವಾನೋಜಯೇಯುಹು ಯಾನೇವ ಹತ್ವಾ ನಜಿಜೀವಿಷಾಮಃ ತೇವಸ್ಥಿತಾ ಪ್ರಮುಖೇ ಧಾರ್ತರಾಷ್ಟ್ರಾಃ ರಾಯರು ಈ ಶ್ಲೋಕಕ್ಕೆ ಅವತಾರಿಕೆಯನ್ನು ಕೊಟ್ಟಿದ್ದಾರೆ, ಮುಂದೆ ನೋಡೋಣ. ಪದ ವಿಭಾಗ ನ ಚ ಏತತ್ ವಿದ್ಮಃ ಕತರತ್ ನಃ ಗರೀಯಃ ಯದ್ ವಾ ಜಯೇಮ ಯಜಿ ವಾ ನೋ ಅಂದ್ರೆ ನಃ ಜಯೇಯುಃ ಯಾನ್ एव ಹತ್ವ ನ ಜಿಜೀವಿಷಾಮಃ ತೆ ಅವಸ್ಥಿತಾಹ ಪ್ರಮುಖೇ ಧಾರ್ತರಾಷ್ಟ್ರಾಹ ಶ್ಲೋಕಕ್ಕೆ ರಾಘವೇಂದ್ರ ಸ್ವಾಮಿಗಳು ಯಾಕೆ ಹೊರಟಿದೆ ಅನ್ನೋದಕ್ಕೆ ಅವತಾರಿಕೆ ಕೊಟ್ಟಿದ್ದಾರೆ ಪಾಪಮಂಗೀಕೃತ್ಯ ಯುದ್ಧ ಕರಣೇಪಿ ಜಯ ಸಂದಿಗ್ಧ ಏವ ಇತ್ಯಾಹ ಗುರು ಹಿರಿಯರನ್ನು ಕೊಂದುವು ಈ ಯುದ್ಧದಲ್ಲಿ. ಅದರ ಪ್ರಯುಕ್ತ ಪಾಪ ಬಂತು ನಮಗೆ. ಪಾಪ ಬಂದ್ರೂ ಪರವಾಗಿಲ್ಲ ರಾಜ್ಯ ಸಿಗ್ತದಲ್ಲ.",6692,7458,,,102
kn_gita-2nd_video_0009,gita-2nd_video,kn,Dvaita,9,"ಆದ್ದರಿಂದ ಕೊಲ್ಲು, ಪಾಪ ಬಂದ್ರೂ ರಾಜ್ಯ ಸಿಗ್ತದೆ. ಅನ್ನೋ ಅರ್ಜುನನ ಮೇಲೆ ಪ್ರಶ್ನೆ ಮಾಡಿದ್ರೆ ಈ ಪ್ರಶ್ನೆಗೆ ಅರ್ಜುನನ ಉತ್ತರ ಕೃಷ್ಣ ಜಯ ನಮಗೆ ಬಂದೇ ಬರುತ್ತದೆ ಅಂತ ನಿಶ್ಚಯನೋ? ಹಾಗಿದ್ದಲ್ಲಿ ಗುರುಗಳನ್ನು ಕೊಂದು ನಾವು ರಾಜ್ಯ ಆಡೋಣ. ಆದರೆ ಅರ್ಜುನ ಹೇಳ್ತಾನೆ ನಚ ಏತದ್ವಿದ್ಮಃ ಏತತ್ ಇದನ್ನು ನವಿದ್ಮಃ ನಾವು ತಿಳಿಯಲಾರೆವು. ಇದನ್ನು ನಾವು ನಿರ್ಧರಿಸಲಾರೆವು. ಯಾವುದನ್ನ ಕತರತ್ ನಹ ಗರೀಯಃ. ನಮಗೆ ಯಾವುದು ಒಳ್ಳೆಯದು ಗರೀಯಃ ಅಂದ್ರೆ ಬೆಟರ್ ಅಂತ ಅರ್ಥ. ಯಾವುದನ್ನ ಮಾಡಿದ್ರೆ ಹೆಚ್ಚು ಹಿತ ಅನ್ನೋದನ್ನ ನವಿದ್ಮಃ ಯಾಕೆ ಯದ್ವಾಜೇವ ಯದಿವಾ ನಹ ಜಯೇಯು ನಾವು ಗೆಲ್ತೇವೋ ಅಥವಾ ನಮ್ಮನ್ನೇ ಅವರು ಗೆಲುತ್ತಾರೋ ಯದ್ವಾ ಜಯೇಮ ಯದ್ವಾ ಅಂದ್ರೆ ಆ ಸಂದೇಹವನ್ನು ಉಂಟುಮಾಡುವ ಶಬ್ದ ಅದು ಜಯೇಮ ಯದ್ವಾ ನಾವು ಗೆಲ್ತೀವೋ ಅಥವಾ ನಹ ನಮ್ಮನ್ನೇ ಅವರು ಜಯೇಯುಹು ಗೆದ್ದಾರೋ. ಹೀಗಾಗಿ ಯುದ್ಧದಲ್ಲಿ ಜಯ ಅನಿಶ್ಚಿತ. ಅಂದಮೇಲೆ ಒಂದು ವೇಳೆ ಗುರು ಹಿರಿಯರನ್ನು ಕೊಂದು ನಾವು ಸತ್ತು ರಾಜ್ಯ ಅವರ ಪಾಲಿಗಾದರೆ ಎಂಥ ದುರಂತ.",7459,8181,,,106
kn_gita-2nd_video_0010,gita-2nd_video,kn,Dvaita,10,"ಇಹವು ಇಲ್ಲ ಪರವು ಇಲ್ಲ. ಕೃಷ್ಣ, ನೀನು ಜಯ ನಿಶ್ಚಿತ ಅಂತ ಹೇಳು. ಗುರು ಹಿರಿಯರನ್ನ ಕೊಂದರು ರಾಜ್ಯ ಸಿಕ್ತಲ್ಲ ಅಂತ ಒಂದು ಸಮಾಧಾನವನ್ನು ಪಟ್ಕೊಳ್ಳಬಹುದೋ ಏನೋ. ಆದರೆ ಅದು ನನಗೆ ಇಷ್ಟ ಇಲ್ಲ. ಆದರೆ ಜಯ ಅನಿಶ್ಚಿತ. ಅಂದಮೇಲೆ ಆ ಕಡೆ ಗುರುಗಳನ್ನು ಕೊಳ್ಳುವುದು, ಈ ಕಡೆ ಯುದ್ಧದಲ್ಲೂ ಸೋಲುವುದು ಇಹವೂ ಇಲ್ಲ ಪರವೂ ಇಲ್ಲ. ಅಂದಮೇಲೆ ಈ ಯುದ್ಧದ ಅಗತ್ಯ ನಮಗಿದೆಯೋ ಕೃಷ್ಣ? ಯಾನೇವ ಹತ್ವಾ ನ ಜಿಜೀವಿಷಾಮಃ ಒಂದು ವೇಳೆ ನಮಗೆ ಜಯ ಬಂತು ಅಂತಲೇ ಇಟ್ಟುಕೊಳ್ಳಿ. ಯಾನ್ ಯಾವ ಗುರು ಹಿರಿಯರನ್ನು ಹತ್ವ ಕೊಂದು ನ ಜಿಜೀವಿಷಾಮಃ ನಾವು ಜೀವನದಲ್ಲಿ ಇರಲಿಕ್ಕೆ ಸಾಧ್ಯವೇ ಇಲ್ವೋ. ಯಾಕೆ ಅಂದ್ರೆ ಕುಲದಲ್ಲಿ ನಮ್ಮವನು ಅಂತ ಅಭಿಮಾನವಿಟ್ಟ ಒಬ್ಬ ವ್ಯಕ್ತಿ ಸಾವಿಗೆ ತುತ್ತಾದರೂ ಅಳ್ತಾ ಕೂಡುವವರು ನಾವು. ಅಂದಮೇಲೆ ನಮ್ಮ ಗುರು ಹಿರಿಯರು ಬಂಧುಗಳನ್ನೆಲ್ಲ ಕೊಂದು ಯಾನೇವ ಹತ್ವ ನಜಿಜೀವಿಷಾಮಃ ನಾವು ಜೀವನದಲ್ಲಿ ಇರೋದಕ್ಕೆ ಬಯಸೋದಿಲ್ಲವೋ ತೇ ಅಂತಹ ಧಾರ್ತರಾಷ್ಟ್ರಾಹ ಪ್ರಮುಖೇ ಅವಸ್ಥಿತಾಹ ಧೃತರಾಷ್ಟ್ರನ ಮಕ್ಕಳಾದ ದುರ್ಯೋಧನಾದಿಗಳು ನಮ್ಮ ಎದುರುಗಡೆ ಇದ್ದಾರೆ, ಅಣ್ಣ ತಮ್ಮಂದಿರು.",8182,8949,,,110
kn_gita-2nd_video_0011,gita-2nd_video,kn,Dvaita,11,"ಅವರು ದುಷ್ಟರು ಕೊಲ್ಲೋಣ. ಆದರೆ ಅವರ ಹಿತೈಷಿಗಳಾಗಿ ಭೀಷ್ಮ ದ್ರೋಣಾದಿಗಳಿದ್ದಾರೆ ಯಾರನ್ನು ಕೊಂದು ನಾವು ಜೀವಿಸುವುದಕ್ಕೆ ಇಷ್ಟಪಡುವುದಿಲ್ಲವೋ ಅಂತಹ ಗುರು ಹಿರಿಯರು ಅಣ್ಣ ತಮ್ಮಂದಿರು ನನ್ನ ಎದುರುಗಡೆ ಇದ್ದಾರೆ ಇವರನ್ನು ಕೊಂದು ನಮಗೆ ಜಯ ಸಿಕ್ಕರು ಆ ಜಯವು ಜಯವಾದೀತೋ ಕೃಷ್ಣ. ಇಷ್ಟಾಗಿ ಆ ಜಯವು ಸಂದಿಗ್ಧ. ಅಂದಮೇಲೆ ಈ ಯುದ್ಧ ನನಗೆ ಹಿಡಿಸುವುದಿಲ್ಲ. ಮತ್ತೊಮ್ಮೆ ಶ್ಲೋಕ ನಚೈತದ್ವಿದ್ಮಹ ಕತರನ್ನೋಗರೀಯಹ ಯದ್ವಾಜಯೇವ यदिवानो जयेयुः याने वहत्वा न जिजीविषामः तेवस्थिताः प्रमुखे धार्तराष्ट्राः ಇಲ್ಲಿ ಧೃತರಾಷ್ಟ್ರನ ಮಕ್ಕಳನ್ನು ಬಿಟ್ಟು ನಾವು ಜೀವಿಸಲು ಸಾಧ್ಯವಿಲ್ಲ ಅಂತ ಹೇಳ್ತಿದ್ದಾನೆ. ಮೇಲ್ಮೈಗೆ ಆ ಅರ್ಥ ಕಾಣಿಸುತ್ತದೆ. ಅಂದ್ರೆ ದುರ್ಯೋಧನಾದಿಗಳನ್ನ ಬಿಟ್ಟು ನಾವು ಜೀವಿಸಲು ಸಾಧ್ಯವಿಲ್ಲ ಅನ್ನೋದನ್ನ ಅವರ ಜೊತೆಯಲ್ಲಿ ಜೀವಿಸಬೇಕು ಅನ್ನೋ ಅರ್ಥದಲ್ಲಿ ಹೇಳ್ತಿದ್ದಾನೆ ಅರ್ಜುನ. ಆದರೆ ಧರ್ತರಾಷ್ಟ್ರ ಅಂದ್ರೆ ದುರ್ಯೋಧನಾದಿಗಳು ಮಾತ್ರ ಅಲ್ಲ. ದುರ್ಯೋಧನಾದಿಗಳು ಅವರಿಗೆ ಸಹಾಯಕರಾಗಿ ನಿಂತ ಭೀಷ್ಮಾದಿಗಳು. ಇವರನ್ನು ಬಿಟ್ಟು ನಾವಿರೋದಕ್ಕೆ ಸಾಧ್ಯವಿಲ್ಲವೋ ಅಂತವರೆಲ್ಲ ಈ ಯುದ್ಧದಲ್ಲಿ ಸೇರಿದ್ದಾರೆ, ನನಗೆ ಈ ಯುದ್ಧ ಬೇಡ.",8950,9786,,,103
kn_gita-2nd_video_0012,gita-2nd_video,kn,Dvaita,12,ಮುಂದಿನ ಅರ್ಜುನನ ಸಮರ್ಥನೆಯನ್ನ ಮುಂದಿನ ಭಾಗದಲ್ಲಿ ನೋಡೋಣ. ಶ್ರೀ ಕೃಷ್ಣಾರ್ಪಣಮಸ್ತು. ಭಗವದ್ಗೀತೆಯ ಈ ಪ್ರವಚನ ಧಾರೆಯನ್ನು ಶ್ರೀ ಮರವೇಕೆರೆ ಮುರಳೀಧರ ಇವರು ಪ್ರಾಯೋಜಿಸಿದ್ದಾರೆ ಭಗವಂತ ಅವರಿಗೆ ಸಕಲ ಅಭಿಷ್ಟಗಳನ್ನು ಅನುಗ್ರಹಿಸಿ ಮತ್ತಷ್ಟು ಜ್ಞಾನ ಸೇವೆಯನ್ನು ಮಾಡಿಸಲಿ ಅಂತ ಪ್ರಾರ್ಥನೆ ಮಾಡುತ್ತೇನೆ.,9787,10032,,,29
kn_gita-3rd_video_0000,gita-3rd_video,kn,Dvaita,0,ಮಹಾಹರಿಹಿ ಓಂ ಅರ್ಜುನ ಕೃಷ್ಣನ ಹಿತವಚನಕ್ಕೆ ಪ್ರತಿಯಾಗಿ ತನ್ನ ಮನೋಭಾವವನ್ನು ಸ್ಪಷ್ಟಪಡಿಸುತ್ತಾ ಇದ್ದಾನೆ. ತನ್ನ ಹಿಂಜರಿಕೆಗೆ ಒಳಗಿರುವ ನಿಜ ಕಾರಣವನ್ನು ಕೃಷ್ಣನ ಮುಂದೆ ಹೇಳ್ತಾ ಇದ್ದಾನೆ. ನನ್ನ ಮುಂದೆ ಗುರು ಹಿರಿಯರಿದ್ದಾರೆ. ಅವರನ್ನು ಕೊಲ್ಲೋದಕ್ಕೆ ನಾನು ಇಷ್ಟಪಡೋದಿಲ್ಲ. ಅವರನ್ನು ಕೊಂದು ಜಯ ಸಿಕ್ಕರು ಅದು ರಕ್ತ ಸಿಕ್ತವಾದ ಸುಖ. ಅದು ನನಗೆ ಅಗತ್ಯವಿಲ್ಲ. ಅದಕ್ಕಿಂತ ಭಿಕ್ಷೆ ಬೇಡಿ ಕ್ಷತ್ರಿಯ ವೃತ್ತಿಗೆ ವಿರುದ್ಧವಾದ ಜೀವನವೇ ಲೇಸು. ತನ್ನ ವಾದವನ್ನು ಮುಂದುವರಿಸಿ ಅರ್ಜುನ ಶ್ರೀಕೃಷ್ಣನಿಗೆ ಶರಣಾಗ್ತಾನೆ. ಏಳನೆಯ ಶ್ಲೋಕದಲ್ಲಿ ಶ್ರೀಕೃಷ್ಣನಿಗೆ ಅರ್ಜುನ ಶರಣಾಗ್ತಾನೆ. ಕಾರ್ಪಣ್ಯ ದೋಷೋಪಹತ ಸ್ವಭಾವಃ पृच्छामि त्वां धर्म सम्मूढ चेताः यच्छ्रेयस्यान् निश्चितं ब्रूहितन् मे शिष्यस्तेहं शाधिमां त्वां प्रपन्नम् ಪದ ವಿಭಾಗ ಕಾರ್ಪಣ್ಯ ದೋಷೋಪಹತ ಸ್ವಭಾವಃ ಅದು ಒಂದೇ ಶಬ್ದ ಅದು. ಪೃಚ್ಛಾಮಿ ತ್ವಾಂ ಧರ್ಮ ಸಮ್ಮೂಢ ಚೇತಾಹ ಯತ್ ಶ್ರೇಯಃ ಶ್ರೇ ಅಂತ ಮಹಾಪ್ರಾಣ ಇದೆ. ಪದ ವಿಭಾಗದಲ್ಲಿ ಅದು ಅಲ್ಪಪ್ರಾಣ ಆಗ್ತದೆ ಶ್ರೇಯಃ ಸ್ಯಾತ್.,0,766,,,100
kn_gita-3rd_video_0001,gita-3rd_video,kn,Dvaita,1,"निश्चितं ब्रूहि तत् मे शिष्यः ते अहं शाधि माम् ತ್ವಾಂ ಪ್ರಪನ್ನಂ ಅರ್ಜುನ ತನ್ನ ಹಿನ್ನೆಡೆಗೆ ನಿಜವಾದ ಕಾರಣವನ್ನು ಇಲ್ಲಿ ಸ್ಪಷ್ಟವಾಗಿ ಕೃಷ್ಣನ ಮುಂದೆ ಇಡುತ್ತಾನೆ. ಕಾರ್ಪಣ್ಯ ದೋಷ ಉಪಹತ ಸ್ವಭಾವಃ ಕೃಪಣ ಅಂದ್ರೆ ದೀನ ಅಂತ ಅರ್ಥ. ದೀನ ಅಂದ್ರೆ ದುಃಖದಿಂದ ಜರ್ಜರಿತನಾದವನು. ಅಲ್ಲಿಗೆ ಕಾರ್ಪಣ್ಯ ಎಂಬ ದೋಷದಿಂದ ದುಃಖ ಪ್ರಯುಕ್ತವಾದ ವಿವೇಚನಾ ಶಕ್ತಿಯನ್ನು ಕಳೆದುಕೊಂಡು ದೀನನಾದ. ಆ ಜೀನತೆಯೇ ಒಂದು ದೋಷ. ಅದರಿಂದ ಉಪಹತ ಸ್ವಭಾವಃ. ಉಪಹತ ಅಂದ್ರೆ ನಾಶವಾದ ಸ್ವಭಾವ ಉಳ್ಳವನು ನಾನು ಅಂತ ಅರ್ಜುನ ಹೇಳ್ತಾನೆ. ನಾನು ಕ್ಷತ್ರಿಯ ಕೃಷ್ಣ. ಕ್ಷತ್ರಿಯನಿಗೆ ಕೆಚ್ಚದೆ ಇರಬೇಕು. ಇದು ಕ್ಷತ್ರಿಯನ ಸ್ವಭಾವ. ಯುದ್ಧಕ್ಕೆ ಅವನೆಂದು ಬೇಡ ಅನ್ನಬಾರದು, ಹಿಂಜರಿಯಬಾರದು. ಈ ನನ್ನ ಕ್ಷತ್ರಿಯ ಸ್ವಭಾವ ದೋಷದಿಂದ ಮುಚ್ಚಿದೆ. ಏನು ದೋಷ? ಕಾರ್ಪಣ್ಯವೇ ಒಂದು ದೋಷ. ಕಾರ್ಪಣ್ಯ ಅಂದ್ರೆ ಬಂಧುಗಳ ಮೇಲಿನ ಮಮತೆಯಿಂದ ದುಃಖ, ಆ ದುಃಖದಿಂದ ನಾನು ದೀನನಾಗಿದ್ದೇನೆ. ಈ ದೀನತೆಯೇ ಒಂದು ದೋಷ, ಆ ದೋಷ ನನ್ನ ಕ್ಷತ್ರಿಯ ಸಹಜ ಸ್ವಭಾವವನ್ನ ಮುಚ್ಚಿದೆ.",767,1511,,,106
kn_gita-3rd_video_0002,gita-3rd_video,kn,Dvaita,2,"ಆದ್ದರಿಂದ ಕ್ಷತ್ರಿಯನಾಗಿ. ಯುದ್ಧಕ್ಕೆ ಅಂಜದೆ, ಬೆದರದೆ, ಕೆಚ್ಚಿದೆಯಿಂದ ನಿಲ್ಲಬೇಕಾದ ನನ್ನ ಸ್ವಭಾವ ಬಂಧುಗಳ ಮೇಲಿನ ವ್ಯಾಮೋಹ, ದುಃಖ ಅದರಿಂದ ದೀನತೆ ಎಂಬ ದೋಷದಿಂದ ಅದು ಮುಚ್ಚಿದೆ. ನನಗೆ ಆ ಕ್ಷತ್ರಿಯರ ಗಡಸುತನವನ್ನ ಅವಲಂಬಿಸಿ ನಿಲ್ಲೋದಕ್ಕೆ ಆಗ್ತಾ ಇಲ್ಲ. ಕಾರ್ಪಣ್ಯ ದೋಷ ಉಪಹತ ಸ್ವಭಾವಃ ನಾನು. ತ್ವಾಂ ಧರ್ಮ ಸಮ್ಮೂಢ ಚೇತಾಹ ಪೃಚ್ಛಾಮಿ. ಧರ್ಮದ ಬಗ್ಗೆ. ಮೋಹಗೊಂಡ ಮನಸ್ಸುಳ್ಳವನಾಗಿ ಧರ್ಮ ಸಮ್ಮೂಢ ಚೇತಾಹ ಧರ್ಮದ ಬಗ್ಗೆ ಸಮ್ಮೋಹಗೊಂಡ, ಸಮ್ಮೋಹ ಅಂದ್ರೆ ಇದು ಧರ್ಮವೋ ಇದು ಧರ್ಮವೋ ಅಂತ ಮೋಹಕ್ಕೆ ಒಳಗಾಗಿದ್ದೇನೆ ನಾನು. ಇಂತಹ ಮೋಹಕ್ಕೆ ಒಳಗಾದ ಚೇತಾಹ ಚಿತ್ತವುಳ್ಳವನಾಗಿ ಮನಸ್ಸುಳ್ಳವನಾಗಿ ನನ್ನ ಮನಸ್ಸು ಹೊಯ್ದಾಡ್ತಾ ಇದೆ. ಕ್ಷತ್ರಿಯರಿಗೆ ಹೇಳಿದ ಯುದ್ಧ ಧರ್ಮವನ್ನು ನಾನು ಕ್ಷತ್ರಿಯನಾಗಿ ಅನುಷ್ಠಾನ ಮಾಡಬೇಕು ಅಥವಾ ಗುರು ಹಿರಿಯರನ್ನು ಕೊಲ್ಲೋದು ಬಿಟ್ಟು ನಾನು ಕ್ಷತ್ರಿಯ ಧರ್ಮಕ್ಕೆ ವಿರುದ್ಧವಾದ ವೃತ್ತಿಯನ್ನು ಅವಲಂಬಿಸಬೇಕು. ಹೀಗೆ ಧರ್ಮದ ಬಗ್ಗೆ ಸಮ್ಮೋಹಗೊಂಡ ಮನಸ್ಸುಳ್ಳವನಾಗಿ ತ್ವಾಂ ನಿನ್ನನ್ನು ಪೃಚ್ಛಾಮಿ ಕೇಳ್ತಾ ಇದ್ದೇನೆ. ಯಚ್ಛ್ರೆಯಸ್ಯಾನ್ ನಿಶ್ಚಿತಂ ಬ್ರೂಹಿತನ್ಮೇ ಮೇ ನನಗೆ ಯತ್ ಶ್ರೇಯಸ್ಯಾತ್ ನನಗೆ ಯಾವುದು ಶ್ರೇಯಸ್ಸಾದೀತೋ ಇವೆರಡರಲ್ಲಿ ಬ್ರೂಹಿ ತತ್ ಮೇ ತತ್ ಮೇ ಬ್ರೂಹಿ ಅದನ್ನು ನನಗೆ ಹೇಳು.",1512,2410,,,116
kn_gita-3rd_video_0003,gita-3rd_video,kn,Dvaita,3,"ನನ್ನಲ್ಲಿ ಎರಡು ಆಯ್ಕೆಗಳಿವೆ. ಒಂದು ಗುರು ಹಿರಿಯರನ್ನ ಕೊಂದು ಕ್ಷತ್ರಿಯ ವೃತ್ತಿಯಲ್ಲಿ ಇರೋದು, ಇನ್ನೊಂದು ಕ್ಷತ್ರಿಯ ವೃತ್ತಿಯನ್ನ ಬಿಟ್ಟು ಭಿಕ್ಷಾಟನೆ ಮಾಡೋದು. ಇವೆರಡರಲ್ಲಿ ನನಗೆ ಯಾವುದು ಮಾಡಿದ್ರೆ ಶ್ರೇಯಸ್ಸು ತತ್ ಮೇ ಬ್ರೂಹಿ ಅದನ್ನು ನನಗೆ ಹೇಳು. ಶ್ರೇಯಸ್ಸು ಅದು ಕೇಳ್ತಾ ಇಲ್ಲ ನಾನು. ಸಾಮಾನ್ಯ ಜನಕ್ಕೆ ಹೇಳಿದರೆ ನಿಂಗೆ ಅಧಿಕಾರ ಸಿಗುತ್ತೋ ಸುಖ ಸಿಗುತ್ತೋ ಅಂತ ಹೇಳಿ ಯಾರವರು. ನನಗೆ ಶ್ರೇಯಸ್ಸಿನ ಮಾತಲ್ಲ ಶ್ರೇಯಸ್ಸು ಇಹದಲ್ಲೂ ಪರದಲ್ಲೂ. ಒಳ್ಳೆಯದಾಗಬೇಕು. ಈ ಎರಡು ಕೆಲಸಗಳಲ್ಲಿ ಯಾವುದನ್ನು ಮಾಡಿದ್ರೆ ಇಹಪರಗಳಲ್ಲಿ ನನಗೆ ಒಳಿತಾದೀತು ತತ್ ಮೇ ನಿಶ್ಚಿತಂ ಬ್ರೂಹಿ. ದೃಢವಾಗಿ ಹೇಳು. ತೇ ಅಹಂ ಶಿಷ್ಯಃ. ನಾನು ನಿನ್ನ ಶಿಷ್ಯ. ಶಾಜಿ ಮಾಂ ತ್ವಾಂ ಪ್ರಪನ್ನಂ. ನಿನ್ನನ್ನ ಶರಣಾದ ಪ್ರಪನ್ನ ಅಂದ್ರೆ ಶರಣಾದ ಮಾಂ ನನ್ನನ್ನು ನೀನು ಶಾಜಿ ಅಂದ್ರೆ. ಶಿಕ್ಷಣ ಕೊಡು. ಹೀಗೆ ಮಾಡು ಅಂತ ನಿರ್ಧಾರವಾಗಿ ಹೇಳು. ಶಾಸನೆ ಅಂದ್ರೆ ಆದೇಶ ಕೊಡೋದು. ಶಾಚಿ ಅಂದ್ರೆ ಆದೇಶ ಕೊಡು. ನಾನು ನಿನ್ನ ಶಿಷ್ಯ, ನೀನು ನನ್ನ ಗುರು.",2411,3144,,,105
kn_gita-3rd_video_0004,gita-3rd_video,kn,Dvaita,4,"ನನಗೆ ಇವೆರಡರಲ್ಲಿ ಯಾವುದು ಮಾಡಬೇಕು ಅಂತ ಗೊಂದಲ ಮೂಡಿದೆ. ನೀನು ನನಗೆ ಉಪದೇಶ ಮಾಡಬೇಕು ಶ್ರೀಕೃಷ್ಣ. ನಾನು ಶಿಷ್ಯ, ನೀನು ಗುರು, ನೀನು ಹೇಳಿದಂತೆ ನಾನು ಮಾಡುತ್ತೇನೆ ಅರ್ಜುನ. ನೋಡಿ ಎಲ್ಲಿದ್ದ ಅರ್ಜುನ. ಪ್ರಥಮ ಅಧ್ಯಾಯದಲ್ಲಿ ಪೂರ್ಣ ಯುದ್ಧದಿಂದ ಆಗುವ ಅನರ್ಥಗಳನ್ನು ಹೇಳಿ ತನ್ನ ವೈಯಕ್ತಿಕ ಬಾಂಧು ವ್ಯಾಮೋಹವನ್ನು ಕೃಷ್ಣನ ಮುಂದೆ ತೋಡಿಕೊಂಡು. ಶತ್ರು ನಾನು ಯುದ್ಧ ಮಾಡೋದಿಲ್ಲ ಅಂತ ನಿರ್ಧಾರ ಮಾಡಿ ಯೋಧನಾಗಿ ರಥದ ಮೇಲೆ ನಿಲ್ಲಬೇಕಾದ ಅರ್ಜುನ ರಥದಲ್ಲಿ ಮಧುಮಗನಂತೆ ಕೂತ ತಲೆ ಕೆಳಗೆ ಹಾಕಿ. ಈ ಹಠ ತೊಟ್ಟ ಅರ್ಜುನ ಎಲ್ಲಿ ಕೃಷ್ಣ ಒಂದು ಚಾಟಿ ಬೀಸಿದ ನೋಡಿ ಕ್ಲೈವ್ಯಂ ಮಾಸ್ಮ ಅಂತ ಮೆತ್ತಗಾದ ಇಲ್ಲಿ ಕೃಷ್ಣನಿಗೆ ಶರಣಾಗ್ತಾನೆ ಅರ್ಜುನ ನನಗೆ ಏನು ಮಾಡಬೇಕು ಅಂತ ಗೊತ್ತಾಗ್ತಾ ಇಲ್ಲ ಶ್ರೀಕೃಷ್ಣ ಹಠ ಹಿಡಿಯೋದಿಲ್ಲ ನಾನು ಯುದ್ಧ ಮಾಡೋದಿಲ್ಲ ಅಂತ ನನ್ನ ಮುಂದೆ ಎರಡು ಆಯ್ಕೆ ಇದೆ. ಈ ಎರಡರಲ್ಲಿ ಯಾವುದನ್ನ ಮಾಡಿದ್ರೆ ನನಗೆ ಶ್ರೇಯಸ್ಸಾಗುತ್ತೆ ಅದನ್ನ ನೀನು ಹೇಳು, ನಾನು ಶಿಷ್ಯ, ನೀನು ಗುರು, ನೀನು ಹೇಳಿದಂತೆ ನಾನು ಮಾಡುತ್ತೇನೆ ಅಂತ.",3145,3893,,,110
kn_gita-3rd_video_0005,gita-3rd_video,kn,Dvaita,5,"ನೋಡಿ ಇವಾಗ ಕೃಷ್ಣ ಉಪದೇಶಕ್ಕೆ ಆರಂಭ ಮಾಡು. ಯಾವತ್ತೂ ಯುದ್ಧ ಆಡೋದೇ ಇಲ್ಲ ಅಂತ ಹಠ ತೊಟ್ಟು ಕೂತನೋ ಉಪದೇಶ ಶುರು ಮಾಡಿಲ್ಲ. ಅವನ ಮನಸ್ಸನ್ನ ಕೆದಕಿದ. ಇಲ್ಲಿ ಸ್ಪಷ್ಟವಾಗಿ ಹೇಳಿದ ಯುದ್ಧದಿಂದ ಅನರ್ಥ ಆಗ್ತದೆ ಅಂತ ಅಂದ್ರೆ ಅವನು ಲೋಕ ಕುಲಗಳೆಲ್ಲ ಹಾಳಾಗುತ್ತೆ. ಹಿರಿಯರಿಗೆಲ್ಲ. ಕೊಡಬೇಕಾದ ಜಲಾಂಜಲಿಗಳು ಸಿಗೋದಿಲ್ಲ, ದೊಡ್ಡ ಅನರ್ಥಗಳನ್ನೆಲ್ಲ ಸಾಮಾಜಿಕವಾದ ಧಾರ್ಮಿಕವಾದ ಅನರ್ಥಗಳನ್ನು ಕೃಷ್ಣನ ಮುಂದೆ ಇಟ್ಟಿದ್ದಾನೆ. ಇವಾಗ ಅದನ್ನೆಲ್ಲ ಆ ಕಡೆ ಇಟ್ಟ. ಇವಾಗ ನಿಜವಾದ ಭಾವವನ್ನು ಹೇಳ್ತಿದ್ದಾನೆ. ಗುರು ಹಿರಿಯರನ್ನು ಕೊಲ್ಲೋದಕ್ಕೆ ನನಗೆ. ಆಗ್ತಾ ಇಲ್ಲ. ನಾನು ಅವರನ್ನು ಕೊಂದು ರಾಜ್ಯ ಆಳಬೇಕೋ ಅಥವಾ ಕ್ಷತ್ರಿಯ ವೃತ್ತಿಯನ್ನು ಬಿಟ್ಟು ಅವರನ್ನು ಉಳಿಸಿ ನಾನು ಭಿಕ್ಷಾಟನೆ ಮಾಡಬೇಕು. ಇವೆರಡರಲ್ಲಿ ಯಾವುದನ್ನು ನನಗೆ ಶ್ರೇಯಸ್ಸಾಗುತ್ತೋ ಅದನ್ನು ಹೇಳು ಅಂತ ಶರಣಾದ ಆಗ ಕೃಷ್ಣಗೆ. ಭಗವದ್ಗೀತೆಯ ಉಪದೇಶವನ್ನು ಶುರು ಮಾಡಿದ. ಮತ್ತೊಮ್ಮೆ ಶ್ಲೋಕ ಕಾರ್ಪಣ್ಯ ದೋಷೋಪಹತ ಸ್ವಭಾವಃ ಪೃಚ್ಛಾಮಿತ್ವಾಂ ಧರ್ಮ ಸಮ್ಮೂಢಚೇತಾಃ ಯಚ್ಛ್ರೆಯಸ್ಯಾ ನಿಶ್ಚಿತಂ ಬ್ರೂಹಿತನ್ಮೇ ಶಿಷ್ಯಸ್ತೇಹಂ ಶಾಧಿಮಾಂ ತ್ವಾಂ ಪ್ರಪನ್ನಂ ದೇವರ ಮುಂದೆ ಹೋಗುವಾಗ ನಾನು ಹೀಗೆ ನಿರ್ಧಾರ ಮಾಡಿದ್ದೇನೆ ಭಗವಂತ ನೀನು ಹೀಗೆ ಮಾಡಲೇಬೇಕು ಒತ್ತಾಯ ಮಾಡುವ ಹಕ್ಕಿಲ್ಲ ನಮಗೆ.",3894,4794,,,117
kn_gita-3rd_video_0006,gita-3rd_video,kn,Dvaita,6,"ನೋಡಿ ಹೀಗೆ ಒಳ್ಳೆ ಕೆಲಸವನ್ನು ಸಂಕಲ್ಪ ಮಾಡಿದ್ದೇನೆ ನೀನು ನಿನ್ನ ಪ್ರಭುತ್ವದಿಂದ ಆ ಕೆಲಸವನ್ನು ನಡೆಸುವಂತೆ ಮಾಡಿ ಆ ಫಲವನ್ನು ನನಗೆ ಕೊಡಬೇಕು ಅಂತ ಅರ್ಜುನನ ಹಠದ ಸ್ವಭಾವವನ್ನು ಬಿಟ್ಟು ಅರ್ಜುನನ ಶಿಷ್ಯ ಬುದ್ಧಿಯನ್ನು ಭಕ್ತ ಬುದ್ಧಿಯನ್ನು ನಾವು ಅನುಸರಿಸಿದರೆ ಭಗವಂತ ಅದಕ್ಕೆ ಸ್ಪಂದಿಸುತ್ತಾನೆ ಅನ್ನೋದು ಈ ಶ್ಲೋಕದಲ್ಲಿ ಅರ್ಜುನನ ಭಾವದಿಂದ ನಾವು ಕಲಿತುಕೊಳ್ಳಬೇಕಾದ ಪಾಠ. ಕೊನೆಯ ಶ್ಲೋಕ ಅರ್ಜುನನಾಡಿದ್ದು ನಹಿ ಪ್ರಪಶ್ಯಾಮಿ ಮಮಾಪನುದ್ಯಾತ್ ಯಚ್ಚೋಕಮುಚ್ಚೋಷಣ ಇಂದ್ರಿಯಾಣಾಂ ಅವಾಪ್ಯ ಭೂಮಾ ವಸಪತ್ನಮೃದ್ಧಂ ರಾಜ್ಯಂ ಸುರಾಣಾಂ ಅಪಿಚಾಧಿಪತ್ಯಂ ಪದವಿಭಾಗ ನ ಹಿ ಪ್ರಪಶ್ಯಾಮಿ ಮಮ ಅಪನುದ್ಯಾತ್ ಯತ್ ಶೋಕಮ್ ಉಚ್ಛೋಷಣಮ್ ಇಂದ್ರಿಯಾಣಾಮ್ ಅವಾಪ್ಯ ಭೂಮೌ ಅಸಪತ್ನಂ ಋದ್ಧಮ್ ವೃದ್ಧ ಮೃದ್ಧಮಲ್ಲ ಅಸಪತ್ನಂ ವೃದ್ಧಂ ರಾಜ್ಯಂ ಸುರಾಣಾಂ ಅಪಿ ಚ ಆಧಿಪತ್ಯಂ ಉತ್ತರಾರ್ಧದಿಂದ ಪೂರ್ವಾರ್ಧಕ್ಕೆ ಬರಬೇಕು. ಭೂಮೌ ಅಸಪತ್ನಂ ಋದ್ಧಂ ರಾಜ್ಯಂ ಅವಾಪ್ಯ. ಈ ಭೂಮಿಯಲ್ಲಿ ಇಹದಲ್ಲಿ. ಅಸಪತ್ನಂ, ಸಪತ್ನ ಅಂದ್ರೆ ಶತ್ರುಗಳು. ಅಸಪತ್ನಂ ಶತ್ರುಗಳಿಲ್ಲದ ನಮಗೆ ಶತ್ರುಗಳು ನಮ್ಮವರೇ ದುರ್ಯೋಧನಾದಿಗಳು. ಅವರನ್ನ ಕೊಂದು.",4795,5588,,,100
kn_gita-3rd_video_0007,gita-3rd_video,kn,Dvaita,7,"ಶತ್ರುಗಳೇ ಇಲ್ಲದ ಅಸಪತ್ತಂ ಋದ್ಧಂ ಕುರು ರಾಜ್ಯ ಇಂದ್ರಪ್ರಸ್ಥ ಬಹಳ ಸಮೃದ್ಧವಾದ ರಾಜ್ಯ ಅದು. ಹಸ್ತಿನಾಪುರ ಆಗಲಿ ಇಂದ್ರಪ್ರಸ್ಥ ಆಗಲಿ. ಪಾಂಡುರಾಜ ದಿಗ್ವಿಜಯ ಮಾಡಿ ಸಂಪ ಸಮೃದ್ಧಗೊಳಿಸಿದ್ದ. ಇಂದ್ರಪ್ರಸ್ಥದಲ್ಲಿ ಪಾಂಡವರು ರಾಜ್ಯ ಕಟ್ಟಿ. ದೇಶ ದೇಶಗಳಿಗೆ ಹೋಗಿ ಕಪ್ಪ ಸಂಗ್ರಹ ಮಾಡಿ ಇಂದ್ರಪ್ರಸ್ಥವನ್ನು ಸಮೃದ್ಧಗೊಳಿಸಿದ್ದಾರೆ. ಹೀಗೆ ವೃದ್ಧಂ ಅಂದರೆ ಸಮೃದ್ಧವಾದ ಅಸಪತ್ನಂ ಶತ್ರುಗಳಿಲ್ಲದ. ರಾಜ್ಯಂ ಈ ರಾಜ್ಯವನ್ನು ಅಷ್ಟೇ ಅಲ್ಲ ಸುರಾಣಾಮಪಿಚ ಆಧಿಪತ್ಯಂ ದೇವತೆಗಳ ಆಧಿಪತ್ಯವನ್ನು ಈ ರಾಜ್ಯ ಅಷ್ಟೇ ಅಲ್ಲ. ದೇವತೆಗಳ ಒಡೆತನವನ್ನು ಅಂದ್ರೆ ಇಂದ್ರಲೋಕದ ಆಧಿಪತ್ಯವನ್ನು ಅವಾಪ್ಯ ಹೊಂದಿ. ಈ ರಾಜ್ಯವನ್ನು ಅಥವಾ ಇಂದ್ರಲೋಕದ ಐಶ್ವರ್ಯವನ್ನು ಅಧಿಕಾರವನ್ನು ಅವಾಪ್ಯ ಹೊಂದಿ. ಮಮ ಶೋಕಂ ಯತ್ ಅಪನುದ್ಯಾತ್ ನನ್ನ ದುಃಖವನ್ನು ಯಾವುದರಿಂದ ನಾನು ಕಳೆದುಕೊಂಡೇನೋ ಗುರುಕುಲದ ರಾಜ್ಯವನ್ನು ಇಂದ್ರಲೋಕದ ಆಧಿಪತ್ಯವನ್ನು ಹೊಂದಿ ಹೊಂದಿದರು ಇದರಿಂದ ಉಂಟಾಗುವ ದುಃಖವನ್ನು ನಾವು ಯಾವುದರಿಂದ ಯಾವ ಧಾರ್ಮಿಕ ಸಮಾಧಾನದಿಂದ ಬಂದ ದುಃಖವನ್ನು ತಡೆದುಕೊಳ್ಳಬಹುದೋ, ಎಂಥ ದುಃಖ ಅದು? ಇಂದ್ರಿಯಾಣಾಂ ಉಚ್ಛೋಷಣಂ. ನನ್ನ ಜ್ಞಾನೇಂದ್ರಿಯ ಕರ್ಮೇಂದ್ರಿಯಗಳನ್ನು ಒಣಹಾಕಿದೆ ಈ ದುಃಖ.",5589,6432,,,103
kn_gita-3rd_video_0008,gita-3rd_video,kn,Dvaita,8,"ಈ ಮಹಾಭಾರತದ ಯುದ್ಧವನ್ನ ಆಡಿ ಬಂಧುಗಳನ್ನು ಕೊಂದು ನಾನು ರಾಜ್ಯದ ಅಧಿಪತ್ಯವನ್ನು ಅನುಭವಿಸಬೇಕಲ್ಲ. ಅನ್ನೋ ವ್ಯಥೆ, ದುಃಖ ನನ್ನ ಇಂದ್ರಿಯಗಳನ್ನ ನಿಷ್ಕ್ರಿಯವನ್ನಾಗಿ ಮಾಡಿದೆ, ಒಣಗಿಸಿದೆ. ಅಂದ್ರೆ ಅವುಗಳು ತಮ್ಮ ಕೆಲಸವನ್ನ ಮಾಡದೇ ಇರುವಂತೆ. ತಡೆ ಒಡ್ಡಿದೆ ಈ ದುಃಖ. ಈ ದುಃಖವನ್ನು ಯಾವುದು ಅಪನುದ್ಯಾತ್ ನಾಶ ಮಾಡಿತೋ ಅಂತಹ ದುಃಖವನ್ನು ನಾಶ ಮಾಡುವ ಒಂದು ಸಮಾಧಾನವನ್ನು. ಒಂದು ಧಾರ್ಮಿಕ ಪರಿಹಾರವನ್ನು ನಹಿಪ್ರಪಶ್ಯಾಮಿ. ನನಗಂತೂ ಕಾಣ್ತಾ ಇಲ್ಲ. ನೀನು ಹೇಳಬೇಕು ಅದನ್ನ. ಒಟ್ಟಿನಲ್ಲಿ ತಾತ್ಪರ್ಯ ಈ ಸಮೃದ್ಧವಾದ ರಾಜ್ಯವನ್ನು ಪಡೆದಾಗ. ಈಗ ಬಂಧು ವ್ಯಾಮೋಹದಿಂದ ನನ್ನ ಹೃದಯದಲ್ಲಿ ಏನು ದುಃಖ ಬಂದಿದೆಯೋ, ಯಾವ ದುಃಖವು ನನ್ನ ಇಂದ್ರಿಯಗಳನ್ನೆಲ್ಲ ನಿಷ್ಕ್ರಿಯವನ್ನಾಗಿ ಮಾಡಿದೆಯೋ, ಈ ದುಃಖವನ್ನು ಪರಿಹಾರ ಮಾಡುವ ಉಪಾಯವನ್ನು ನಾನು ಕಾಣಲಾರೆ. ಈ ದುಃಖಕ್ಕೆ ಒಂದು ಪರಿಹಾರ ಸಿಕ್ಕರೆ ನಾನು ಈ ರಾಜ್ಯದ ಅಧಿಕಾರಕ್ಕಾಗಿ ನಿನ್ನ ಆದೇಶದಂತೆ ತೊಡಗಿಯೇನು. ಆದ್ದರಿಂದ ಮೊದಲು ಈ ದುಃಖವನ್ನು ಪರಿಹರಿಸಬಹುದಾದ ಒಂದು ಮಾರ್ಗವನ್ನು, ಒಂದು ಉಪದೇಶವನ್ನು ನನಗೆ ನೀಡು ಅಂತ.",6433,7199,,,101
kn_gita-3rd_video_0009,gita-3rd_video,kn,Dvaita,9,ಅಷ್ಟು ದೊಡ್ಡ ಕುಸಿತಕ್ಕೆ ಅರ್ಜುನ ಒಳಗಾಗಿದ್ದಾನೆ. ಇಲ್ಲಿ ಎರಡು ಅಂಶಗಳನ್ನು ನಾವು ಗಮನಿಸಬೇಕು. ಅರ್ಜುನ ಈ ಯುದ್ಧದಿಂದ ರಾಜ್ಯದ ಅಧಿಕಾರ ಸೇಡನ್ನು ತೀರಿಸೋದು. ಇವೆರಡನ್ನು ಮಾತ್ರ ಕಾಣ್ತಾ ಇದ್ದಾನೆ. ಇದಕ್ಕಾಗಿ ಬಂಧುಗಳಿಗೆ ಅವರ ಸಂಹಾರವನ್ನು ಮಾಡುವಂತದ್ದು ಅವರಿಗೆ ತೊಂದರೆ ಕೊಡತಕ್ಕಂತದ್ದು. ಈ ತೊಂದರೆಯಿಂದ ನನಗೆ ಪಾಪ ಬರುತ್ತದೆ. ಈ ಪಾಪ ಪ್ರಜ್ಞೆಯಿಂದ ಇಂದ್ರಿಯಗಳಿಗೆ ದುಃಖ ಬಂದು ಅವು ಯಾವುದು ಕೆಲಸ ಮಾಡ್ತಾ ಇಲ್ಲ. ಇದಕ್ಕೆ ಪರಿಹಾರವನ್ನು ನೀನು ಕೊಟ್ರೆ ರಾಜ್ಯದ ಪ್ರಾಪ್ತಿಗೆ ಕಾರಣವಾದ ಈ ಯುದ್ಧದಲ್ಲಿ ನಾನು ತೊಡಗಿಯೇನು ಶಾಧಿಮಾಂ ತ್ವಂ ಪ್ರಭವ್ನಂ ಇವಿಷ್ಟು ಹೇಳಿ ಅರ್ಜುನ. ಅದುವರೆಗೆ ಯುದ್ಧ ಆಡಲ್ಲ ಅಂತ ಕುಸಿದವನು ಒಂದು ಜಿಜ್ಜಾಸುವಾಗಿ ಸ್ವಲ್ಪ ಮೆತ್ತಗಾಗಿ ಶ್ರೀಕೃಷ್ಣನಿಗೆ ಶರಣಾಗ್ತಾನೆ. ನಾವು ಗೀತೋಪದೇಶದ ಚಿತ್ರಗಳನ್ನು ನೋಡ್ತೀವಿ ನೋಡಿ. ಅಲ್ಲಿ ಅರ್ಜುನ ಕೈ ಮುಗಿದು ಕೃಷ್ಣನ ಮುಂದೆ ಕೂತಿರ್ತಾನೆ. ಕೃಷ್ಣ ವಿಶ್ವರೂಪವನ್ನು ತೋರುತ್ತಾ ಇದ್ದಾನೆ. ಅವನ ಆರಂಭದಲ್ಲಿ ಕೈ ಮುಗಿದು ಕೂತಿಲ್ಲ ಅವನು. ನಾನು ಶತ್ರು ಯುದ್ಧ ಮಾಡೋದಿಲ್ಲ ಅಂತ ಹಠದಲ್ಲಿ ಕೂತಿದ್ದ.,7200,7976,,,102
kn_gita-3rd_video_0010,gita-3rd_video,kn,Dvaita,10,ಕೈ ಕಟ್ಟಿ ಕೂತಿದ್ದ ಅವನು ರಥದ ಮಧ್ಯದಲ್ಲಿ. ಆದರೆ ಮಧ್ಯದಲ್ಲಿ ಕೃಷ್ಣ ಕ್ಲೈಬ್ಯಂ ಮಾಸ್ಮ ಅಂತ ಯಾವತ್ತು ಎಚ್ಚರಿಸಿದನೋ ಆವಾಗ ಅವನದು ಆ ದೃಶ್ಯ ಕೈಕಟ್ಟಿ ಶಿಷ್ಯಸ್ತೇಹಂ ಶಾಧಿಮಾಂ ತ್ವಾಂ ಪ್ರಪನ್ನಂ ಇದು ಅರ್ಜುನನ ಶರಣಾಗತಿ ಈ ಶರಣಾಗತಿ. ಗೆ ಒಳಗಾದಾಗ ನಾನು ಶಿಷ್ಯ ನೀನು ಗುರು ಅಂತ ಹೇಳಿದಾಗ ಶ್ರೀಕೃಷ್ಣ ತನ್ನ ಉಪದೇಶಕ್ಕೆ ಆರಂಭ ಮಾಡ್ತಾನೆ. ಮತ್ತೊಮ್ಮೆ ಶ್ಲೋಕ ನಹಿ ಪ್ರಪಶ್ಯಾಮಿ ಮಮಾಪನುದ್ಯಾತ್. ಯಚ್ಚೋಕಮುಚ್ಚೋಷಣಮಿಂದ್ರಿಯಾಣಾಂ ಅವಾಪ್ಯ ಭೂಮಾವಸಪತ್ತಮೃದ್ಧಂ ರಾಜ್ಯಂ ಸುರಾಣಾಮಪಿಚಾಧಿಪತ್ಯಂ ಇಲ್ಲಿಗೆ ಅರ್ಜುನನ ಅಳಲು ಮುಗಿಯಿತು. ಮುಂದೆ ಸಂಜಯ ಒಂದೆರಡು ಮಾತುಗಳನ್ನ ಆಡ್ತಾನೆ ಅಂದ್ರೆ ಧೃತರಾಷ್ಟ್ರನ ಮುಂದೆ. ಇದರ ನಂತರ ಏನಾಯ್ತು ಅಂತ. ಸಂಜಯ ಉವಾಚ ಏವಮುಕ್ತ್ವಾ ಹೃಷಿಕೇಶಂ ಗುಡಾಕೇಶಃ ಪರಂತಪಃ ನಯೋತ್ಸ್ಯ ಇತಿ ಗೋವಿಂದಂ ಉಕ್ತ್ವಾ ತೂಷ್ಣೀಂ ಬಭೂವಃ ಪದವಿಭಾಗ एवं ಉಕ್ತ್ವಾ ಹೃಷಿಕೇಶಂ ಗುಡಾಕೇಶಃ ಪರಂತಪಃ ನ ಯೋಶ್ಯೆ ಯೋಶ್ಯ ಇದೆ ಪದ ವಿಭಾಗ ಮಾಡುವಾಗ ಯೋಶ್ಯೆ ಇತಿ ಗೋವಿಂದಂ ಉಕ್ತ್ವ ತೂಷ್ಣಿಂ ಬಭೂವ ಗುಡಾಕೇಶನು ಹೃಷಿಕೇಶನಿಗೆ ಹೀಗೆ ಹೇಳಿ ಗುಡಾಕೇಶಃ ಅವನಿಗೊಂದು ವಿಶೇಷಣ ಪರಂತಪಃ ಪರ ಅನ್ನೋ ಶಬ್ದಕ್ಕೆ ಸಂಸ್ಕೃತದ ರೂಢಾರ್ಥ ಶತ್ರುಗಳು ಅಂತ.,7977,8811,,,113
kn_gita-3rd_video_0011,gita-3rd_video,kn,Dvaita,11,ಇದುವರೆಗಿನ ಯುದ್ಧದಲ್ಲಿ ಶತ್ರುಗಳಿಗೆ ತಾಪವನ್ನ ನೀಡುವಷ್ಟು ಪರಾಕ್ರಮಿಯಾದ ಗುಡಾಕೇಶನು. ಕೃಷಿಕೇಶನಿಗೆ ಇಷ್ಟು ಹೇಳಿ ಏವಂ ಉಕ್ತ್ವ ಇಷ್ಟು ಹೇಳಿ ನಯೋಸ್ಯೇ ನಾನು ಯುದ್ಧ ಮಾಡೋದಿಲ್ಲ ಇತಿ ಉಕ್ತ್ವ ಹೇಳಿ ತೂಷ್ಣೀಂ ಬಭೂವ ಸುಮ್ಮನೆ ಆಗ ಋಷಿಕೇಶಂ ಗುಡಾಕೇಶಃ ಪರಂತಪಃ ಉಕ್ತ್ವಾ ನಯೋಸ್ಯೇ ಇತಿ ಉಕ್ತ್ವಾ ತುಷ್ಣೀಂ ಬಭೂವ ಇಲ್ಲಿ ಕೃಷ್ಣನನ್ನ ಋಷಿಕೇಶ ಗೋವಿಂದ ಎರಡು ಮಾತುಗಳಿಂದ ಉಲ್ಲೇಖಿಸಿದ್ದಾರೆ ವ್ಯಾಸರು. ಅರ್ಜುನ ಗುಡಾಕೇಶ. ಗುಡಾಕಾ ಈಶ ನಿದ್ದೆಯನ್ನು ಗೆದ್ದವ ಕೃಷ್ಣ ಹೃಷಿಕೇಶ ನಮ್ಮ ಇಂದ್ರಿಯಗಳ ಒಳಗಡೆ ಇದ್ದು ಆ ಇಂದ್ರಿಯಗಳು ಕ್ರಿಯಾಶೀಲವಾಗುವಂತೆ ಮಾಡುವ ಪರಮಶಕ್ತಿ ಆದ್ದರಿಂದ ಅರ್ಜುನ ನಿದ್ದೆಯನ್ನಷ್ಟೇ ಗೆದ್ದಿದ್ರೆ ಶ್ರೀಕೃಷ್ಣ ಐದು ಜ್ಞಾನೇಂದ್ರಿಯ ಐದು ಕರ್ಮೇಂದ್ರಿಯವನ್ನು ನಿಯಂತ್ರಿಸುವ ಸ್ವಾಮಿ. ಹೀಗಾಗಿ ಅರ್ಜುನನ ಬಾಯಿಯಿಂದ ಇಷ್ಟು ಆಡಿಸಿದವನು ಅವನೇ. ಅರ್ಜುನ ಬರೆ ನಿದ್ದೆಯನ್ನ ಗೆದ್ದರೆ ಇವನು ಇಂದ್ರಿಯಗಳನ್ನೆಲ್ಲ ನಮ್ಮ ಇಂದ್ರಿಯಗಳನ್ನೆಲ್ಲ ತನ್ನ ಹತೋಟಿಯಲ್ಲಿ ಇಟ್ಟುಕೊಂಡವನಾದ್ದರಿಂದ ಇಷ್ಟು ಆಡಿಸಿ ಅದಕ್ಕೆ ಪರಿಹಾರವನ್ನು ಕೊಡುವವನು ಅವನೇ ಯಾಕೆ ಅಂದ್ರೆ ಅವನು ಗೋವಿಂದ. ಗೋವಿಂದ ಅಂದ್ರೆ ಗೋಭಿಹಿ ವಿಂದತೆ ಇತಿ ಗೋವಿಂದಃ ಸಕಲ ವೈದಿಕ ವಾಂಗ್ಮಯದಿಂದ ಪ್ರತಿಪಾದ್ಯ.,8812,9675,,,107
kn_gita-3rd_video_0012,gita-3rd_video,kn,Dvaita,12,ವೇದೇ ರಾಮಾಯಣೇ ಚೈವ ಪುರಾಣೆ ಭಾರತೇ ತಥಾ ಆದಾ ವಂತೇಚ ಮಧ್ಯೇಚ ವಿಷ್ಣು ಸರ್ವತ್ರ ಗೀಯತೆ. ಸಕಲ ವೈಯಕ್ತಿಕ ವಾಂಗ್ಮಯಗಳು ಶ್ರೀಕೃಷ್ಣನನ್ನ ಸರ್ವೋತ್ತಮ ಅಂತ ಸಾರ್ತಾ ಇವೆ. ಅಲ್ಲಿಗೆ ವೇದ ಪ್ರತಿಪಾದ್ಯನಾದ ದೇವದೇವನಿಗೆ ಬುದ್ಧಿ ಹೇಳಿದ ಅರ್ಜುನ ಅವನು ಗುಡಾಕೇಶ ಅಷ್ಟೇ. ಇವನು ಹೃಷಿಕೇಶ. ವೇದಗಳಿಂದ ಪ್ರತಿಪಾದ್ಯನಾದವನ ಅದ್ಭುತ ಜ್ಞಾನ ಶಕ್ತಿಯಲ್ಲಿ ಅಂತಹ ಕೃಷ್ಣನಿಗೆ ಅರ್ಜುನ ಯುದ್ಧ ಮಾಡುವುದಿಲ್ಲ ಅಂತ ಮುಂಡು ಹಠ ಮಾಡಿ ಧರ್ಮದ ಉಪದೇಶ ಅವನ ಮುಂದೆ ಆಡಿದ್ದು ಎಲ್ಲಿ ಅಂತ ಹೇಳುವ ಮೂಲಕ ಅರ್ಜುನ ಹೇಳಿದ್ದು ಯತ್ಕಿಂಚಿತ್ ಕೃಷ್ಣ ಹೇಳಿದ್ದೆ ತತ್ವ ಅನ್ನೋದನ್ನ. ಗೋವಿಂದ ಗುಡಾಕೇಶ ಅನ್ನೋ ಪದ ಹೃಷಿಕೇಶ ಗುಡಾಕೇಶ ಅನ್ನೋ ಪದ ಇಲ್ಲಿ ತಿಳಿಸ್ತಾ ಇದೆ. ಮತ್ತೊಮ್ಮೆ ಶ್ಲೋಕ ಏವಮುಕ್ತ್ವಾ ಹೃಷಿಕೇಶಂ ಗುಡಾಕೇಶ ಪರಂತಪಃ ನಯೋಸ್ಯ ಇತಿ ಗೋವಿಂದಂ ಉಕ್ತ್ವಾ ತೂಷ್ಣೀಂ ಬಭೂವಃ ಅರ್ಜುನ ಕೂತಾಂತ ಸಂಜಯ ಧೃತರಾಷ್ಟ್ರನಿಗೆ ಹೇಳಿದ ಮುಂದೆ ಏನು? ಮುಂದಿನ ಯುದ್ಧರಂಗದ ರಣರಂಗದ ಸಮಾಚಾರ ಏನಾಯಿತು? ಅನ್ನೋದನ್ನ ಮುಂದಿನ ಭಾಗದಲ್ಲಿ ನೋಡೋಣ.,9676,10404,,,101
kn_gita-3rd_video_0013,gita-3rd_video,kn,Dvaita,13,ಶ್ರೀ ಕೃಷ್ಣಾರ್ಪಣಮಸ್ತು. ಭಗವದ್ಗೀತೆಯ ಈ ಪ್ರವಚನ ಧಾರೆಯನ್ನು ಶ್ರೀ ಮರವೇಕೆರೆ ಮುರಳೀಧರ ಇವರು ಪ್ರಾಯೋಜಿಸಿದ್ದಾರೆ. ಭಗವಂತ ಅವರಿಗೆ ಸಕಲ ಅಭಿಷ್ಟಗಳನ್ನು ಅನುಗ್ರಹಿಸಿ ಮತ್ತಷ್ಟು ಜ್ಞಾನ ಸೇವೆಯನ್ನು ಮಾಡಿಸಲಿ ಅಂತ ಪ್ರಾರ್ಥನೆ ಮಾಡುತ್ತೇನೆ.,10405,10601,,,23
kn_gita-4th_video_0000,gita-4th_video,kn,Dvaita,0,ಶ್ರೀ ಗುರುಭ್ಯೋ ನಮಃ ಹರಿಃ ಓಂ ಅರ್ಜುನ ತನ್ನ ನಿಜವಾದ ಸಮಸ್ಯೆಯನ್ನು ಕೃಷ್ಣನ ಮುಂದೆ ತೋಡಿಕೊಂಡು ನಾನು ಶಿಷ್ಯ ನೀನು ಗುರು. ನೀನು ಹೇಳಿದಂತೆ ನಾನು ಮಾಡುತ್ತೇನೆ. ಹೇಳಿ ನಯೋಸ್ಯೇ ಯುದ್ಧ ಮಾಡೋದಿಲ್ಲ ಅಂತ ತೂಷ್ಣೀಂ ಬಭೂವ ಸುಮ್ಮನಾದ. ಇದು ಸಂಜಯ ಧೃತರಾಷ್ಟ್ರನಿಗೆ ನಿರೂಪಿಸಿದ ಸಂದರ್ಭ. ಮುಂದಿನ ನಡೆಯನ್ನು ಸಂಜಯ ಧೃತರಾಷ್ಟ್ರನಿಗೆ ಹೇಳ್ತಾ ಇದ್ದಾನೆ. ದ್ವಿತೀಯ ಅಧ್ಯಾಯದ 10ನೇ ಶ್ಲೋಕ ತಮುವಾಚ ಹೃಷಿಕೇಶಃ ಪ್ರಹಸನ್ನಿವ ಭಾರತ ಸೇನಯೋರುಭಯೋರ್ಮಧ್ಯೆ ವಿಷೀದಂತಮಿದಂ ವಚಃ ಪದವಿಭಾಗ ತಂ ಉವಾಚ ಹೃಷಿಕೇಶಃ ಪ್ರಹಸನ್ ಇವ ಭಾರತ ಸೇನಯೋಹು ಉಭಯೋಹು ಮಧ್ಯೆ. ವಿಷೀದಂತಂ ಇದಂ ವಚಃ ಹೃಷಿಕೇಶಃ ತಂ ಉವಾಚ ಶ್ರೀಕೃಷ್ಣನು ಆ ಅರ್ಜುನನಿಗೆ ಪ್ರಹಸನ್ನಿವ ಮಂದಹಾಸ ಬೀರುವವನಂತೆ ಉವಾಚ ಹೇಳಿದ. ಯಾರಿಗೆ ಸೇನಯೋಹು ಉಭಯೋಹು ಮಧ್ಯೆ ಉಭಯೋಹು ಸೇನಯೋರ್ ಮಧ್ಯೆ ಕೌರವ ಪಾಂಡವರ ಸೇನೆಯ ಮಧ್ಯದಲ್ಲಿ ವಿಷೀದಂತಂ ವಿಷಾದಕ್ಕೆ ಒಳಗಾಗಿರುವ ತಂ ಆ ಅರ್ಜುನನನ್ನು ಕುರಿತು ಉವಾಚ ಇದಂ ವಚಹ ಉವಾಚ ಈ ಮಾತನ್ನು ಹೇಳಿದ. ಋಷಿಕೇಶನು ಎರಡು ಸೇನೆಗಳ ಮಧ್ಯದಲ್ಲಿ ವಿಷಾದಕ್ಕೆ ಒಳಗಾದ ಅರ್ಜುನನನ್ನು ಕುರಿತು ಈ ಮಾತನ್ನು ಹೇಳಿದ.,0,786,,,110
kn_gita-4th_video_0001,gita-4th_video,kn,Dvaita,1,"ಮುಂದಿನ ಶ್ರೀಕೃಷ್ಣನ ಗೀತೋಪದೇಶ. ಇಲ್ಲಿ ಪ್ರಹಸನ್ನಿವ ಅರ್ಜುನನ ಈ ಮಾತನ್ನ ಕೇಳಿ ಅಂದ್ರೆ ಮೊದಲ ಘಟ್ಟದ ಮಾತಲ್ಲ. ಎರಡನೆಯ ಹಂತದ ಅರ್ಜುನನ ಮಾತನ್ನ ಕೇಳಿ. ಪ್ರಹಾಸ ಮಾಡುವಂತೆ ನಗುವಿನಲ್ಲಿ ತುಂಬಾ ವೈವಿಧ್ಯ ಇದೆ. ಅಟ್ಟಹಾಸ, ಮಂದಹಾಸ, ಪ್ರಹಾಸ ಅಂತ. ಇಲ್ಲಿ ಮಂದಹಾಸವು ಅಲ್ಲ, ಅಟ್ಟಹಾಸವು ಅಲ್ಲ, ಪ್ರಹಾಸ. ಏನು ಪ್ರಹಾಸ ಅಂದ್ರೆ, ಪರಾಪರಾಧ ಪ್ರಕಾಶನೇನ ಪರಸ್ಯ ಲಜ್ಜಾ ಜನನಂ ಪ್ರಹಾಸಃ. ನಮ್ಮ ಎದುರುಗಡೆ ಇರುವ ವ್ಯಕ್ತಿ ಅವನ ತಪ್ಪನ್ನ ಹೊರಹಾಕುವ ಮೂಲಕ ಅವನಿಗೆ ನಾಚಿಕೆಯನ್ನು ಉಂಟುಮಾಡುವ ನಗು. ಇದು ಪ್ರಹಾಸ. ಉದಾಹರಣೆಗೆ ನಾನು ಗೀತಾ ಪ್ರವಚನ ಮಾಡ್ತಾ ಇದ್ದೆ ಅಂತ ಇಟ್ಕೊಳ್ಳಿ. ಆಚೆ ಕಡೆ ಬಂದು ನಾನು ಹೋಗಬಾರದ ಜಾಗಕ್ಕೆ ಹೋಗಿದ್ದೆ. ಅಲ್ಲಿ ನೀವು ಭೇಟಿಯಾದ್ರಿ. ಆ ಹರಿಯಾಚಾರ್ಯ ಅಂತ ಒಂದು ನಗುತ್ತೀರಿ ನೋಡಿ ಅದು. ಗೀತೋಪದೇಶ ಮಾಡುವ ವ್ಯಕ್ತಿ ಉನ್ನತ ಮಟ್ಟದಲ್ಲಿದ್ದಾನೆ ಅಂತ ನಿಮ್ಮ ಭಾವನೆಯಲ್ಲಿ ಇರುತ್ತದೆ. ನಾನು ಕೀಳುತನಕ್ಕೆ ಹೋದಾಗ ನೀವು ನನ್ನನ್ನು ನೋಡಿ ಮಾಡುವ ನಗು ಇದೆಯಲ್ಲ ಅದು ಪ್ರಹಾಸ.",787,1505,,,102
kn_gita-4th_video_0002,gita-4th_video,kn,Dvaita,2,"ಅದನ್ನ ಇಲ್ಲಿ ಶ್ರೀಕೃಷ್ಣ ಮಾಡಿದ. ಅರ್ಜುನ ಪ್ರಥಮ ಅಧ್ಯಾಯದಲ್ಲಿ ಹೇಳಿದ್ದು ಯುದ್ಧದಿಂದ ಇಡೀ ಕುಲ ಹಾಳಾಗುತ್ತೆ. ಸಾಂಕರಿಯ ಬರುತ್ತದೆ. ಅರಾಜಕತೆ ಮೂಡುತ್ತದೆ. ಆದ್ದರಿಂದ ಯುದ್ಧ ಬೇಡ. ಆದರೆ ತನ್ನ ದೌರ್ಬಲ್ಯವನ್ನು ಮುಚ್ಚಿಟ್ಟುಕೊಂಡಿದ್ದ ಆತ. ಯುದ್ಧ ಅಧರ್ಮ ಅಂತ ಧರ್ಮಕ್ಕೆ ವಿರುದ್ಧ ಅಂತ ಅನ್ನೋ ಮಾತನ್ನ ಆಡಿದ ಹೊರತು. ನನ್ನ ಬಂಧುಗಳು ಅವರನ್ನು ಕೊಲ್ಲೋದಕ್ಕೆ ನನಗೆ ಸಂಕೋಚವಾಗುತ್ತದೆ ಅಂತ ತನ್ನ ಹೃದಯದ ದೌರ್ಬಲ್ಯವನ್ನು ಮುಚ್ಚಿಟ್ಟು ಅದಕ್ಕೆ ಧರ್ಮದ ಮುಖವಾಡವನ್ನು ಹಾಕಿದ್ದಾನೆ. ಅದಕ್ಕೆ ಶ್ರೀಕೃಷ್ಣ ಕ್ಲೈಭ್ಯಂ ಮಾಸ್ಮಗಮಃ ಅಂತ ಒಂದು ಹೊಡೆದ. ಆವಾಗ ನಿಜ ಭಾವ ಬಂತು. ಹೀಗೆ. ಅರ್ಜುನ ಧರ್ಮದ ಮುಖವಾಡವನ್ನು ಏನು ಹಾಕಿದ್ನೋ ಅದನ್ನ ಕಳಚಿ ತನ್ನ ಹೃದಯದ ದೌರ್ಬಲ್ಯವನ್ನ ಹೊರಹಾಕಿದಾಗ ಕೃಷ್ಣ ಪ್ರಹಾಸವನ್ನ ಮಾಡಿದ. ಓ ಇದಾ? ನಿನ್ನ ಹಿಂಜರಿಕೆಗೆ ಕಾರಣ ಅಂತ. ಹಾಗಾದರೆ ನೀನು ಯುದ್ಧದಿಂದ ಧರ್ಮ ನಾಶ ಆಗುತ್ತೆ, ಕುಲ ನಾಶ ಆಗುತ್ತೆ, ಸಾಮಾಜಿಕ ಅನರ್ಥ ಆಗುತ್ತೆ, ಇದೆಲ್ಲ ಹೇಳಿದ್ದು ಅದು ಸುಮ್ಮನೆ ವ್ಯರ್ಥ ಅದು. ಬರೆ ಒಂದು ನೆಪ.",1506,2247,,,102
kn_gita-4th_video_0003,gita-4th_video,kn,Dvaita,3,"ನಿಜವಾಗಿ ನೀನು ಯುದ್ಧದಿಂದ ಹಿಂದಿರೋದು ಇವಾಗ ಆಡಿದ್ದಿ. ಕಾರ್ಪಣ್ಯ ದೋಷೋಪಹತ ಸ್ವಭಾವಃ ಹಾಗಾದರೆ ಬಂಧು ವ್ಯಾಮೋಹ ಕರ್ತವ್ಯದ ಹಿಮ್ಮುಖಕ್ಕೆ ಕರ್ತವ್ಯವನ್ನ ಬಿಡೋದಕ್ಕೆ ಕಾರಣ. ಹೀಗೆ ಅರ್ಜುನನ ಬಾಯಿಯಿಂದಲೇ ಅವನ ಹೃದಯ ದೌರ್ಬಲ್ಯವನ್ನ ಕೃಷ್ಣ ಹೊರಬರುವಂತೆ ಮಾಡಿ ಪ್ರಹಾಸ ಮಾಡಿದ. ಅವನಿಗೆ ಆ ನಗುವೇ ಒಂದು ರೀತಿಯ ನಾಚಿಕೆಯನ್ನು ಕೊಡುವ ಈಗ ಅಂತ. ಪ್ರಹಸನ್ನಿವ ಭಾರತ ತಂ ಉವಾಚ ಈ ಮಾತನ್ನ ಮುಂದಿನ ಉಪದೇಶದ ಮಾತುಗಳನ್ನ ಶ್ರೀಕೃಷ್ಣ ಅರ್ಜುನನಿಗೆ ಆಡಿದ. ಇಲ್ಲಿ ನೋಡಿ ಸೇನಯೋರುಭಯೋರ್ಮಧ್ಯೆ ವಿಷೀದಂತಂ ಉಪದೇಶವನ್ನು ಧರ್ಮರಾಜನಿಗೂ ಭೀಷ್ಮರು ಮಾಡಿದ್ದಾರೆ. ಯುದ್ಧ ಮುಗಿದ ಮೇಲೆ ಅದು ಶಾಂತವಾದ ಪರಿಸ್ಥಿತಿ. ಯುದ್ಧ ಮುಗಿದ ಮೇಲೆ ನಾವು ಮಾಡಿದ್ದು ತಪ್ಪು ಅಂತ ಧರ್ಮರಾಜನಿಗೆ ಅನಿಸ್ತು. ಕೃಷ್ಣ ರಣರಂಗದಲ್ಲಿ ಶರಪಂಜರದಲ್ಲಿ ಮಲಗಿದ್ದ ಭೀಷ್ಮರಲ್ಲಿಗೆ ಧರ್ಮರಾಜನನ್ನು ಕರ್ಕೊಂಡು ಹೋಗಿ ಅವನ ಸಂಶಯಗಳಿಗೆಲ್ಲ ಪರಿಹಾರ ಮಾಡಿದ. ಅನುಶಾಸನ ಪರ್ವ, ಶಾಂತಿ ಪರ್ವ ದೀರ್ಘವಾದ ಉಪದೇಶಗಳು ಹೊರಬಂತು. ಆದರೆ ಇಲ್ಲಿ ದೀರ್ಘವಾದ ಉಪನ್ಯಾಸಕ್ಕೆ ಸಂದರ್ಭ ಅಲ್ಲ. ಎರಡು ಸೇನೆಗಳ ಮಧ್ಯೆ ಇವರು ನಿಂತಿದ್ದಾರೆ.",2248,3031,,,102
kn_gita-4th_video_0004,gita-4th_video,kn,Dvaita,4,ಅಷ್ಟು ದೀರ್ಘವಾದ ಕಾಲವನ್ನು ತೆಗೆದುಕೊಳ್ಳುವ ಸಂದರ್ಭ ಇದಲ್ಲ. ಆದ್ದರಿಂದ ಸೇನಯೋಹು ಉಭಯೋರ್ ಮಧ್ಯೆ ವಿಷಯದಂತಂ ಇಲ್ಲಿ ಬರುವ ಮುಂಚೆಯಾದರೂ ಅರ್ಜುನ ಈ ಮಾತನ್ನ ಆಡಿದ್ರೆ ಅರ್ಜುನನ ರಥವನ್ನ ಹಿಂದಕ್ಕೆ ತೆಗೆದುಕೊಂಡು ಹೋಗಿ ಶಿಬಿರದಲ್ಲಿ ಉಪದೇಶ ಮಾಡಬಹುದಿತ್ತು. ಆದರೆ ತುಂಬಾ ವಿಷಮ ಸನ್ನಿವೇಶದಲ್ಲಿದ್ದಾನೆ. ಅರ್ಜುನ ಶ್ರೀಕೃಷ್ಣ ಅಂತಹ. ಎರಡು ಸೇನೆಗಳ ಮಧ್ಯದಲ್ಲಿ ಈ ವಿಷಾದದಿಂದ ನಿಷ್ಕ್ರಿಯತೆಗೆ ಒಳಗಾದ ಅರ್ಜುನನನ್ನ ಶ್ರೀಕೃಷ್ಣ ತನ್ನ ಉಪದೇಶದಿಂದ ಕರ್ತವ್ಯದಲ್ಲಿ ತೊಡಗಿಸಿದ ಇದು ಕೃಷ್ಣನಿಂದ ಸಾಧ್ಯ ಹೊರತು ನಮ್ಮ ನಿಮ್ಮಿಂದ ಸಾಮಾನ್ಯರಿಂದ ಆಗುವ ಕೆಲಸ ಅಲ್ಲ ಅನ್ನೋದನ್ನ ತಿಳಿಸುವ ದೃಷ್ಟಿಯಿಂದ ಸೇನಯೋರುಭಯೋರ್ಮಧ್ಯೆ ವಿಷಯದಂತಂ ಅನ್ನೋ ಮಾತನ್ನ ವ್ಯಾಸರು ಈ ಶ್ಲೋಕದಲ್ಲಿ ಆಡಿದ್ದಾರೆ. ಮತ್ತೊಮ್ಮೆ ಶ್ಲೋಕ ತಮುವಾಚ ಹೃಷಿಕೇಶಃ ಪ್ರಹಸನ್ನಿವ ಭಾರತ ಸೇನಯೋರುಭಯೋರ್ಮಧ್ಯೆ ವಿಷೀದಂತಮಿದಂ ವಚಃ ಇಲ್ಲಿಂದ ಮುಂದೆ ಶ್ರೀಕೃಷ್ಣನ ಉಪದೇಶ ಮಾತುಗಳು ಆರಂಭವಾಗುತ್ತವೆ. ಕೃಷ್ಣನ ಮಾತು. ಜಿತ್ಯಾಧ್ಯಾಯದ ಆರಂಭದಲ್ಲೂ ಎರಡು ಶ್ಲೋಕಗಳಲ್ಲಿ ಬಂದಿತ್ತು. ಅದು ಗೀತೋಪದೇಶಕ್ಕೆ ಅರ್ಜುನನನ್ನ ಅಣಿಗೊಳಿಸುವ ದೃಷ್ಟಿಯಿಂದ ಆಡಿದ ಮಾತು. ಇಲ್ಲಿಂದ ಉಪದೇಶ ಆರಂಭ ಮಾಡ್ತಾನೆ ಶ್ರೀಕೃಷ್ಣ.,3032,3879,,,101
kn_gita-4th_video_0005,gita-4th_video,kn,Dvaita,5,"ಶ್ರೀ ಭಗವಾನ್ ಉಮಾಚ ಅಶೋಚ್ಯಾನನ್ವಶೋಚಸ್ತ್ವಂ ಪ್ರಜ್ಞಾವಾದಾಂಶ್ಚ ಭಾಷಸಿ ಗತಾಸು ನಗತಾಸುಂಶ್ಚ ನಾನು ಶೋಚಂತಿ ಪಂಡಿತಾಹ ಶ್ಲೋಕದ ಪದ ವಿಭಾಗ. ಅಶೋಚ್ಯಾನ್ ಅನ್ವಶೋಚಃ ತ್ವಂ ಪ್ರಜ್ಞಾವಾದಾನ್ ಚ ಭಾಷಸೆ ಗತಾಸೂನ್ ಅಗತಾಸೂನ್ ಚ ನ ಅನುಶೋಚಂತಿ ಪಂಡಿತಾಹ ಬಹಳ ಗಂಭೀರವಾದ ಆರಂಭದ ಮಾತು. ಇಲ್ಲಿ ಮೇಲ್ಮೈಗೆ ಕಾಣುವ ಅರ್ಥವನ್ನ ನಿಮಗೆ ಹೇಳ್ತೀನಿ ನಾನು. ಪ್ರಾಯಃ ಅನೇಕ ಗೀತಾ ವ್ಯಾಖ್ಯಾನಕಾರರು ಈ ಅರ್ಥವನ್ನೇ ಹೇಳಿದ್ದಾರೆ. ಅರ್ಜುನ ಅಶೋಚ್ಯಾನ್ ತ್ವಂ ಅನ್ವಶೋಚಃ. ಯಾರ ಬಗ್ಗೆ ನಾವು ಅಳಬಾರದು, ಶೋಕ ಮಾಡಬಾರದು, ಅಶೋಚ್ಯರು. ನಿನ್ನ ಮುಂದೆ ಇರುವ ಭೀಷ್ಮ ದ್ರೋಣ ದುರ್ಯೋಧನಾದಿಗಳು ಅಶೋಚ್ಯರು. ನಿನ್ನ ಶೋಕಕ್ಕೆ ಅರ್ಹರಲ್ಲ. ಅಂಥವರನ್ನು ಕುರಿತು ತ್ವಂ ನೀನು ಅನ್ವಶೋಚಃ ದುಃಖ ಪಡ್ತಾ ಇದ್ದಿ. ನಿನ್ನ ದುಃಖಕ್ಕೆ ಅರ್ಹರಲ್ಲದವರ ಮೇಲೆ ನೀನು ದುಃಖ ಪಡ್ತಾ ಇದ್ದಿ. ನೀನು ಮಾಡುವ ಕೆಲಸ ಸರಿಯಲ್ಲ ಒಂದು. ಪ್ರಜ್ಞಾವಾದಾಂಶ್ಚ ಭಾಷಸೆ. ಆದರೆ ತಪ್ಪು ಕೆಲಸ ಮಾಡಿ ಒಳ್ಳೆ ಬುದ್ಧಿವಂತರ ಮಾತನ್ನ ಆಡ್ತಾ ಇದ್ದೀ. ನಿನ್ನ ಮಾತನ್ನು ನೋಡಿದರೆ ಎಂಥ ಪ್ರಜ್ಞಾವಂತನಪ್ಪ ಇವನು ಅಂತ ಅನ್ನಬೇಕು.",3880,4648,,,105
kn_gita-4th_video_0006,gita-4th_video,kn,Dvaita,6,"ಆದರೆ ನೀನು ಮಾಡುವ ಕೆಲಸ ನೋಡಿದರೆ ಮೂರು ಕಾಸಿನ ಕೆಲಸ. ಇದು ಪೂರ್ವಾರ್ಥದಲ್ಲಿ ನಮಗೆ ಕಾಣುವ ಅರ್ಥ. ಅಂದ್ರೆ ಒಂದು ಅಂಶದಲ್ಲಿ ಶ್ರೀಕೃಷ್ಣ ಅರ್ಜುನನನ್ನ ಮೆಚ್ಚಿದ್ದಾನೆ ಅಂತ ಅರ್ಥ. ಅವನು ಮಾಡುವ ಕೆಲಸ ತಪ್ಪು, ಆಡಿದ ಮಾತು ಸರಿ ಅಂತ. ಇದು ಮೇಲ್ಮೈಗೆ ಈ ಗೀತಾ ಶ್ಲೋಕಕ್ಕೆ ತೋರುವ ಅರ್ಥ. ಇದರ ಮೇಲೆ ನಮಗೆ ತಟ್ಟನೆ ಬರುವ ಪ್ರಶ್ನೆ ಅವನು ಆಡಿದ ಮಾತು ಸರಿ ಅಂತ ಆದರೆ. ಕೃಷ್ಣನಿಗೆ ಗೀತ ಉಪದೇಶ ಮಾಡುವ ಕೆಲಸವೇ ಇಲ್ಲ. ಯಾಕೆ ಅವನು ಆಡಿದ್ದೆ ಸರಿ? ಅವನು ಆಡಿದ್ದೆಲ್ಲ ಸರಿ ಅಂತ ಆದಮೇಲೆ ಕೃಷ್ಣ ಪ್ರತಿ ಏನು ಆಡಬೇಕು? ಆದ್ದರಿಂದ ಪ್ರಜ್ಞಾವಾದಾಂಶ ಭಾಷಸೆ ಅಂತಂದ್ರೆ ಪ್ರಜ್ಞಾವಂತರ ಮಾತನ್ನ ಆಡ್ತಾ ಇದ್ದಿ ಅಂತ ಅರ್ಥ ಅಲ್ಲ ಅದಕ್ಕೆ. ಮತ್ತೆ ಅದಕ್ಕೆ ಭಾಷ್ಯಕಾರರು ಹೇಳಿದ ಅರ್ಥ ಸ್ವಮನೀಶೋತ್ಥ ವಚನಾನಿ ಅಂತ ಅರ್ಥ. ಪ್ರಜ್ಞಾವಾದ ಅಂದ್ರೆ ಅದು ಹೊಗಳಿಕೆ ಶಬ್ದ ಅಲ್ಲ. ನಿನ್ನ ಮನಸ್ಸಿಗೆ ಬಂದಂತೆ ಮಾತಾಡ್ತಾ ಇದ್ದಿ ಅಂತ ಅರ್ಥ.",4649,5302,,,101
kn_gita-4th_video_0007,gita-4th_video,kn,Dvaita,7,"ಅಲ್ಲಿಗೆ ಅರ್ಜುನ ಆಡಿದ ಮಾತಿಗೆ ಕೃಷ್ಣ ಸರಿ ಅಂತ ಮುದ್ರೆ ಒತ್ತಿಲ್ಲ. ಬಾಯಿಗೆ ಬಂದಂತೆ ಮಾತಾಡ್ತಿದ್ದಿ, ಮಾಡಬಾರ ಈ ಕೆಲಸ ಮಾಡ್ತಿದ್ದಿ. ಅಲ್ಲಿಗೆ ನೀನು ಮಾಡೋದು ತಪ್ಪು, ಆಡಿದ್ದು ತಪ್ಪು ಅಂತ ಅರ್ಥ. ಮಾಡಿದ್ದು ತಪ್ಪು, ಆಡಿದ್ದು ಸರಿ ಅಂತ ಅಲ್ಲ, ಯಾವ ಅಂಶದಲ್ಲೂ ನೀನು ಸರಿ ಇಲ್ಲ. ಯಾರ ಬಗ್ಗೆ ನೀನು ಅಳಬಾರದೋ ಅವರ ಬಗ್ಗೆ ಅಳುತ್ತಾ ಇದ್ದಿ, ಯಾವ ಮಾತನ್ನ ಆಡಬಾರದೋ ಅದನ್ನ ಆಡ್ತಾ ಇದ್ದಿ. ನಿನ್ನ ಮಾತು, ನಿನ್ನ ಕೃತಿ ಇವೆರಡೂ ಸರಿ ಇಲ್ಲ ಅಂತ. ಇದಕ್ಕೆ ಭಾಗವತದ ಸಮ್ಮತಿ ಇದೆ ಈ ಅರ್ಥಕ್ಕೆ. ನೀನು ಆಡುವುದು ತಪ್ಪು ಅಂತ. ಭಾಗವತದಲ್ಲಿ ಕುಮತಿ ಮಹಾರತ್ ಆತ್ಮ ವಿದ್ಯೆಯಾ ಅಂತ ಹೇಳ್ತಾರೆ ವೇದವ್ಯಾಸರು. ಅರ್ಜುನನ ಕೆಟ್ಟ ಬುದ್ಧಿಯನ್ನ ಸರಿಪಡಿಸಿದ ಕುಮತಿಂ. ಇಲ್ಲಿ ಅರ್ಜುನ ಆಡಿದ ಮಾತನ್ನ ತಪ್ಪು ಅಂತ ವ್ಯಾಸರು ಹೇಳಿದ್ದಾರೆ. ಅವನ ಮಾತು ಕುಮತಿ. ಕೆಟ್ಟ ಬುದ್ಧಿಯಿಂದ ಆಡಿದ ಮಾತು ಸರಿಯಾದ ವಿವೇಚನೆಯಿಂದ ಬಂದ ಮಾತಲ್ಲ. ಬಂಧು ಶೋಕದಿಂದ ಮೋಹಕ್ಕೆ ಒಳಗಾಗಿ ಧರ್ಮಶಾಸ್ತ್ರವನ್ನು ತನಗೆ ಬೇಕಾದಂತೆ ಬಳಸಿ ಆಡಿದ ಮಾತು ಅಂತ ಅರ್ಥ.",5303,6041,,,111
kn_gita-4th_video_0008,gita-4th_video,kn,Dvaita,8,"ಅಲ್ಲಿಗೆ ಅಶೋಚ್ಯಾನ್ ತ್ವಂ ಅನ್ವಶೋಚಃ ದುಃಖ ಪಡಬಾರದವರ ಬಗ್ಗೆ ನೀನು ದುಃಖ ಪಡ್ತಾ ಇದ್ದಿ ಪ್ರಜ್ಞಾ ವಾದಾಂಶ್ಚ ಭಾಷಸೆ ನಿನ್ನ ಪ್ರಜ್ಞೆಗೆ ಬಂದಂತೆ ನೀನು ಆಡುತ್ತಾ ಇದ್ದಿ. ನೀನು ಆಡುವ ಮಾತಿಗೆ ಧರ್ಮಶಾಸ್ತ್ರದ ಸಮ್ಮತಿ ಇಲ್ಲ. ನೀನೇನು ಆಡಿದ್ದಿ? ಬಂಧುಗಳು, ಹಿರಿಯರು ಅವರನ್ನು ಕೊಲ್ಲುವುದು ಹೇಗೆ ಅಂತ ತಾನೇ? ಹಾಗಾದರೆ ಹಿರಿಯರು, ಬಂಧುಗಳು ತಪ್ಪು ಮಾಡಿದರೆ ಸರಿಯಾಗಿಬಿಡುತ್ತದ? ನೀನು ಕ್ಷತ್ರಿಯ. ಬಂಧುಗಳು ಅನ್ನೋ ಕಾರಣಕ್ಕೋಸ್ಕರ ಮಾಡಿದ ತಪ್ಪನ್ನ ಸರಿ ಅಂತ ಅನ್ನೋದಲ್ಲ. ಬಂಧುವೇ ಆಗಲಿ, ಹಿರಿಯರೇ ಆಗಲಿ, ಗುರುಗಳೇ ಆಗಲಿ ಆಡಳಿತ ಪೀಠದಲ್ಲಿ ಕೂತವನೇ. ಯಾರು ತಪ್ಪು ಮಾಡಿದರು ಅದಕ್ಕೆ ಯೋಗ್ಯವಾದ ಶಿಕ್ಷೆಯನ್ನು ಕೊಡುವ ಹಕ್ಕು ನಿನಗಿದೆ. ಅಂದಮೇಲೆ ನೀನು ತಪ್ಪು ಮಾಡಿದ ಆಚಾರ್ಯರು. ಭೀಷ್ಮರು ತಾತಂದಿರು ಇವರನ್ನು ಕೊಲ್ಲೋದು ಹೇಗೆ ಇವರಿಗೆ ಶಿಕ್ಷೆ ಕೊಡುವುದು ಹೇಗೆ ಅಂದ್ರೆ ಹಾಗಾದ್ರೆ ಉಳಿದವರು ಮಾಡಿದ ತಪ್ಪು ತಪ್ಪು ಅದು ಶಿಕ್ಷಾರ್ಹ. ನಿನ್ನ ಬಂಧುಗಳು ಗುರುಗಳು ಹಿರಿಯರು ಮಾಡಿದ್ರೆ ತಪ್ಪು ಅದು ಶಿಕ್ಷಾರ್ಹ ಅಲ್ವಾ?",6042,6778,,,100
kn_gita-4th_video_0009,gita-4th_video,kn,Dvaita,9,"ತಪ್ಪು ಯಾರು ಮಾಡಿದ್ರು ತಪ್ಪೇ. ಶಿಕ್ಷೆಯಲ್ಲಿ ವ್ಯತ್ಯಾಸ ಇರಲಿ. ಆದರೆ ಶಿಕ್ಷೆ ಕೊಡಬೇಕಾಗುತ್ತೆ. ಪ್ರಕೃತ ಈಗ ಬಂದಿರೋದು ಅರ್ಜುನ, ರಾಜ್ಯ ನಿನಗೆ ಬೇಕೋ ಬೇಡವೋ, ರಾಜ್ಯದ ಅಧಿಕಾರ ನಿನಗೆ ದಕ್ಕುತ್ತೋ ಇಲ್ವೋ ಅಲ್ಲ. ನೀನೊಬ್ಬ ಕ್ಷತ್ರಿಯ. ತಪ್ಪು ಮಾಡಿದವರಿಗೆ ಶಿಕ್ಷೆ ಕೊಡುವುದು ನಿನ್ನ ಕರ್ತವ್ಯ. ಅದು ಬಂಧುಗಳಾಗಿರಬಹುದು, ಗುರುಗಳಾಗಿರಬಹುದು, ಹಿರಿಯರಾಗಿರಬಹುದು. ಜಯ. ಜಯಕ್ಕೋಸ್ಕರ ಯುದ್ಧವೇ ಅಲ್ಲ ಇದು. ನಾನು ನಿನಗೆ ರಾಜ್ಯದ ಅಧಿಕಾರ ಸಿಗ್ತದೆ ಯುದ್ಧ ಮಾಡು ಅಂತ ಉಪದೇಶ ಮಾಡೋದೇ ಇಲ್ಲ ನಾನು ನಿನಗೆ. ನಿನ್ನ ಕರ್ತವ್ಯ ನೀನು ಕ್ಷತ್ರಿಯನಾಗಿದ್ದಿ. ಕ್ಷತ್ರಿಯನಾದವನು ಇಂತಹ ತಪ್ಪು ಮಾಡುವ ವ್ಯಕ್ತಿಗಳಿಗೆ ಶಿಕ್ಷೆಯನ್ನು ಕೊಡುವುದು ನಿನ್ನ ಕರ್ತವ್ಯ ಅನ್ನೋ ದೃಷ್ಟಿಯಿಂದ ನಾನು ಹೇಳ್ತಾ ಇದ್ದೇನೆ ಹೊರತು ನೀನು ರಾಜ್ಯ ಸಿಕ್ಕಿದ್ರು ಬಿಟ್ರು ಅಷ್ಟೇ ರಾಜ್ಯದ ಫಲದ ಬಗ್ಗೆ ಮಾತನಾಡಬೇಡ ನೀನು ನಿನ್ನ ಕರ್ತವ್ಯವನ್ನು ನೀನು ಮಾಡು. ಇದು ಮಾಡಿದ್ರು ಫಲ ಸಿಗ್ತದೋ ಇಲ್ವೋ ಅದು ನನಗೆ ಬಿಡು. ಇದೇ ಗೀತೆಯ ಮುಖ್ಯವಾದ ಅಂಶ. ಆದ್ದರಿಂದ ನೀನು ಯಾರ ಬಗ್ಗೆ ದುಃಖ ಪಡ್ತಾ ಇದ್ದೀಯೋ ಭೀಷ್ಮ, ದ್ರೋಣ ನಿನ್ನ ಅಣ್ಣ ತಮ್ಮಂದಿರ ಬಗ್ಗೆ.",6779,7593,,,112
kn_gita-4th_video_0010,gita-4th_video,kn,Dvaita,10,ಅವರು ನಿನ್ನ ಶೋಕಕ್ಕೆ ಅರ್ಹರಲ್ಲ. ಒಬ್ಬರು ಅಂದ್ರೆ ನಿನ್ನ ಅಣ್ಣ ತಮ್ಮಂದಿರು ಅಪರಾಧ ಮಾಡಿದವರು. ಮೋಸದ ಜೂಜನ್ನ ಆಡಿ ರಾಜ್ಯ ಸಂಪತ್ತನ್ನ ಕಸಿದುಕೊಂಡು. ಕರಾರಿನಂತೆ ಮತ್ತೆ ಪಾಂಡವರು ಬಂದಾಗ ಕೊಡೋದಿಲ್ಲ ಅಂತ ಹಠ ಹಿಡಿಯುವ ದುರ್ಯೋಧನ. ದೊಡ್ಡ ತಪ್ಪಲ್ವಾ ಇದು? ಅವನಿಗೆ ಅವನು ಮಾಡಿದ್ದು ತಪ್ಪು ಅಂತ ಹೇಳದೆ ಅವನು ಮಾಡಿದ್ದಕ್ಕೆ ಅವನ ಹಿಂದೆ ಅವನ ಜಯಕ್ಕಾಗಿ ಪಣತೊಟ್ಟು ನಿಂತ. ನಿನ್ನ ಗುರು ಹಿರಿಯರು. ಅಪರಾಧಿಗಳಲ್ಲೋ ತಪ್ಪು ಮಾಡಿ ಒಬ್ಬನು ತಪ್ಪು ಮಾಡಿದವ ಇನ್ನು ಕೆಲವರು ತಪ್ಪು ಮಾಡಿದವರ ಸಹಾಯಕ್ಕೆ ನಿಂತವರು. ಅಲ್ಲಿಗೆ ನಿನ್ನ ಮುಂದೆ ಇರೋದು ಭಗವದ್ಭಿಟ್ ತದನುಬದ್ಧಿ. ಧರ್ಮ ದ್ವೇಷಿಗಳು ಧರ್ಮ ದ್ವೇಷಿಗಳನ್ನು ಬೆಂಬಲಿಸುವವರು. ಆದ್ದರಿಂದ ಅವರ್ಯಾರು ನಿನ್ನ ಶೋಕಕ್ಕೆ ಅರ್ಹರಲ್ಲ. ಅಶೋಚ್ಯಾನ್ ಅನ್ವಶೋಚಸ್ತ್ವಂ ಪ್ರಜ್ಞಾವಾದಾಂಶ್ಚ ಭಾಷಸೇ. ಮನೆಯಲ್ಲಿ ಒಬ್ಬನೇ ಗಂಡಸು. ದೊಡ್ಡ ವಧಾರ್ಹವಾದ ತಪ್ಪನ್ನ ಮಾಡಿದ್ದಾನೆ. ಅವನು ಮಾಡಿದ ತಪ್ಪಿಗೆ ಮರಣದಂಡನೆ ಶಿಕ್ಷೆ. ಅವನಿಗೆ ಮರಣದಂಡನೆಯನ್ನು ವಿಧಿಸುವ ನ್ಯಾಯಾಧೀಶ ಇವನು ಒಬ್ಬರನ್ನು ಕೊಂದರೆ ಇಡೀ ಕುಲ ನಾಶ ಆಗುತ್ತೆ ಅನ್ಕೊಂಡು ಕ್ಷಮಿಸಿಬಿಡಬಹುದಾ ಹೇಳು.,7594,8393,,,104
kn_gita-4th_video_0011,gita-4th_video,kn,Dvaita,11,"ಆದರೆ ನೀನು ಆ ಮಾತನ್ನಾಡ್ತಾ ಇದ್ದಿ. ಆದ್ದರಿಂದ ನಾನು ಈ ಯುದ್ಧವನ್ನ ಮಾಡಿದರೆ ಕುಲವೆಲ್ಲ ನಾಶ ಆಗುತ್ತೆ, ದೇಶ ನಾಶ ಆಗುತ್ತೆ, ಧರ್ಮ ನಾಶ ಆಗುತ್ತೆ ಅಂತ ಮಾತನಾಡುತ್ತಿದ್ದಿ, ಅದನ್ನ ಆಡಬಾರದು. ಯಾರು ತಪ್ಪು ಮಾಡಿದ್ದಾರೋ ಅವರಿಗೆ ಸೂಕ್ತವಾದ ಶಿಕ್ಷೆಯನ್ನು ಕೊಡಬೇಕು. ಆದ್ದರಿಂದ ನಿನ್ನ ಮಾತು ಶಾಸ್ತ್ರ ಸಮ್ಮತ ಅಲ್ಲ. ನಿನ್ನ ತರ್ಕದಿಂದ ಶಾಸ್ತ್ರವನ್ನ ತಿರುಚಿ ನೀನು ಮಾತನಾಡುತ್ತಿದ್ದೀಯ. ಪ್ರಜ್ಞಾವಾದಾಂಶ ಭಾಷಸಿ. ನೀನು ಮಾಡುವುದು ತಪ್ಪು ಯಾಕೆ? ಅಶೋಚ್ಯಾ ನನ್ನ ಶೋಚಃ ಯಾಕೆ? ಗತಾಸೂನ್ ಅಗತಾಸೂಂಶ್ಚ ನಾನು ಶೋಚಂತಿ ಪಂಡಿತಾಹ. ನೋಡಿ ಇಲ್ಲೂ ಚಮತ್ಕಾರದ ಶಬ್ದ ಇದೆ. ಹಸು ಅಂದ್ರೆ ಪ್ರಾಣ. ಗತ ಹಸು ಅಂದ್ರೆ ಸತ್ತವರು. ಹಸುವನ್ನ ಬಿಟ್ಟವರು ಗತಾಸುಗಳು. ಅಂದ್ರೆ ಸತ್ತ ಜನರು ಪ್ರಾಣ ಇಲ್ಲದ ದೇಹ ಅಗತಾಸು ಅಂದ್ರೆ ಅದಕ್ಕೆ ವಿರುದ್ಧ ಬದುಕಿರುವವರು ಅಲ್ಲಿಗೆ ಆ ಮಾತಿನ ಅರ್ಥ ಏನಾಯ್ತು ಅಂದ್ರೆ ಪಂಡಿತಾಹ ತಿಳಿದವರು, ಬಲ್ಲವರು, ಸತ್ತವರ ಬಗ್ಗೆ, ಬದುಕಿರುವವರ ಬಗ್ಗೆ ನಾನು ಶೋಚಂತಿ, ದುಃಖ ಪಡೋದಿಲ್ಲ.",8394,9111,,,100
kn_gita-4th_video_0012,gita-4th_video,kn,Dvaita,12,"ಇದು ಒಂದು ರೀತಿ ಅಬದ್ಧ. ಸತ್ತವರ ಬಗ್ಗೆ ದುಃಖ ಪಡೋದಿಲ್ಲ ಸರಿ. ಬದುಕಿರುವವರ ಬಗ್ಗೆ ದುಃಖ ಪಡೋದಿಲ್ಲ. ಬದುಕಿರುವವರ ಬಗ್ಗೆ ಯಾರು ಅಳ್ತಾರೆ? ಅವನು ಬದುಕಿದ್ದಾನಲ್ಲಪ್ಪ ಅಂತ ಯಾರಾದ್ರೂ ಅಳ್ತಾರಾ? ಮೇಲ್ಮೈಗೆ ಈ ಅರ್ಥ ಸರಿ ಅನಿಸೋದಿಲ್ಲ. ಇನ್ನೊಂದು ದೃಷ್ಟಿಯಲ್ಲಿ ನೋಡಿದ್ರೆ ಗತಾಸೂನ್ ಸತ್ತವರ ಬಗ್ಗೆ ಪಂಡಿತರು ದುಃಖ ಪಡೋದಿಲ್ಲ. ಇದು ಸಂದರ್ಭಕ್ಕೆ ಉಚಿತ ಅಲ್ಲ. ಇಲ್ಲಿ ಇನ್ನು ಯಾರು ಸತ್ತಿಲ್ಲ, ಸಾಯಬೇಕು ಅಷ್ಟೇ. ಆದ್ದರಿಂದ. ಗತಾಸೂನ್ ಅಗತಾಸೂಂಶ್ಚ ಅಂದ್ರೆ ಪ್ರಾಣ ಬಿಡೋದಕ್ಕೆ ಸಿದ್ಧರಾದವರು ಗತಾಸುಗಳು. ಅಗತಾಸೂನ್ ಅಂದ್ರೆ ಬದುಕಿರುವವರು. ಬದುಕಿರುವವರ ಬಗ್ಗೆ ಶೋಕ ಮಾಡುವುದಿಲ್ಲ ಅಂತ ಅರ್ಥ ಅಲ್ಲ. ಪಂಡಿತರು ಜೀವಂತದಲ್ಲಿ ಇರುವವರ ಬಗ್ಗೆ ಹೇಗೆ ದುಃಖ ಪಡುವುದಿಲ್ಲವೋ ಅದರಂತೆ ಗತಾಸೂಂ ಸತ್ತವರ ಬಗ್ಗೆ ಅಂತ ಅರ್ಥ ಅಲ್ಲ. ಆಸನ್ನ ವಿನಾಶ. ಇನ್ನೇನು ಸಾವಿಗೆ ಹೊರಟಿದ್ದಾರೆ, ಸಾವಿನ ದವಡೆಯಲ್ಲಿ ಸಿಕ್ಕಿದ್ದಾರೆ, ಅವರ ಬಗ್ಗೆಯೂ ದುಃಖ ಪಡುವುದಿಲ್ಲ. ತಿಳಿದವರು ಬದುಕಿರುವವರ ಬಗ್ಗೆ ಹೇಗೋ ಹಾಗೆ ಸಾವಿಗೆ ಸಿದ್ಧರಾದವರ ಬಗ್ಗೆಯೂ ದುಃಖ ಪಡೋದಿಲ್ಲ.",9112,9870,,,100
kn_gita-4th_video_0013,gita-4th_video,kn,Dvaita,13,"ಇದು ಶ್ರೀಕೃಷ್ಣನ ಮಾತಿನ ಅರ್ಥ. ಅಂದರೆ ಸರಿಯಾದ ವಿವೇಕ ಇರುವವರು ಒಬ್ಬ ಯಾವುದೇ ವ್ಯಥೆ ಇಲ್ಲದೆ ಸಮೃದ್ಧವಾದ ಜೀವನವನ್ನು ನಡೆಸ್ತಾ ಇದ್ದಾನೆ. ಪ್ರಾಮಾಣಿಕ. ಇವರ ಬಗ್ಗೆ ಅಯ್ಯೋ ಇವನೊಂದು ದಿವಸ ಸಾಯಬೇಕಲ್ಲ ಅಂತ ವ್ಯಥೆ ಪಡುತ್ತಾರೋ? ಹೇಗೆ ವ್ಯಥೆ ಪಡೋಲ್ವೋ ಹಾಗೆ ಒಳ್ಳೆ ಧಾರ್ಮಿಕರಾಗಿದ್ದುಕೊಂಡು. ಇನ್ನೇನು ವಯಸ್ಸಾಯಿತು, ಮರಣಶಯ್ಯೆಯಲ್ಲಿದ್ದಾರೆ, ಸಾಯೋಕ್ಕೆ ಸಿದ್ಧರಾಗಿದ್ದಾರೆ, ಅವರ ಬಗ್ಗೆಯೂ ದುಃಖ ಮಾಡುವುದಿಲ್ಲ. ಬದುಕಿದ ಸಜ್ಜನರ ಬಗ್ಗೆ ಹೇಗೆ ದುಃಖ ಮಾಡುವುದಿಲ್ಲವೋ ಅದರಂತೆ. ಸಾವಿಗೆ ಸಮೀಪದಲ್ಲಿರುವ ವ್ಯಕ್ತಿಗಳ ಬಗ್ಗೆಯೂ ಕೂಡ ತಿಳಿದವರು ದುಃಖ ಪಡೋದಿಲ್ಲ. ಇದು ಈ ಶ್ಲೋಕದ ಅರ್ಥ. ಗತಾಸೂನ್ ಅಗತಾಸೂಂಶ್ಚ ಅಂದ್ರೆ ಒಂದು ದೃಷ್ಟಾಂತ ಒಂದು ದಾಷ್ಟಾಂತಿಕ. ಅಗತಾಸೂನಿವ ಗತಾಸೂನ್ ಅಂದ್ರೆ ಆಸನ್ನ ವಿನಾಶಾನ್ ಪಂಡಿತಾಹ ನಾನು ಶೋಚಂತಿ. ತಿಳಿದವರು. ಬದುಕಿರುವವರ ಬಗ್ಗೆ ಹೇಗೆ ದುಃಖಿಸುವುದಿಲ್ಲವೋ, ಸಾವಿಗೆ ಸಿದ್ಧರಾದವರ ಬಗ್ಗೆಯೂ ದುಃಖ ಪಡುವುದಿಲ್ಲ. ಆದರೆ ನೀನು ದುಃಖ ಪಡ್ತಾ ಇದ್ದಿ. ಆದ್ದರಿಂದ ನಿನ್ನ ಕೃತಿ ಸರಿಯಲ್ಲ, ಮಾತು ಸರಿಯಲ್ಲ. ಮತ್ತೊಮ್ಮೆ ಶ್ಲೋಕ ಅಶೋಚ್ಯಾನನ್ವಶೋಚಸ್ತ್ವಂ ಪ್ರಜ್ಞಾವಾದಾಂಶ್ಚ ಭಾಷಸೆ.",9871,10685,,,101
kn_gita-4th_video_0014,gita-4th_video,kn,Dvaita,14,ಗತಾಸೂ ನಗತಾಸೂಂಶ್ಚ ನಾನುಶೋಚಂತಿ ಪಂಡಿತಾಹ ಇಲ್ಲಿಗೆ ಭಗವದ್ಗೀತೆಯ ಶ್ರೀಕೃಷ್ಣನ ಉಪದೇಶದ ಆರಂಭದ ಮೊದಲನೇ ಶ್ಲೋಕ ಮುಗಿದಿದೆ. ತಾನು ಇಲ್ಲಿ ಒಂದು ವಿಷಯವನ್ನ ನಮ್ಮ ಮುಂದೆ ಇಟ್ಟಿದ್ದಾನೆ ಶ್ರೀಕೃಷ್ಣ. ಇದನ್ನ ಸಮರ್ಥನೆ ಮಾಡಬೇಕು ಅವನು. ಮುಂದಿನ ಶ್ಲೋಕಗಳಲ್ಲಿ ಅದನ್ನ ಸಮರ್ಥನೆ ಮಾಡ್ತಾನೆ ಶ್ರೀಕೃಷ್ಣ. ಇಲ್ಲಿಗೆ ಈ ಭಾಗವನ್ನು ನಿಲ್ಲಿಸಿ ಮುಂದಿನ ಅವನ ಶ್ರೀಕೃಷ್ಣನ ಮಾತನ್ನ ಮುಂದಿನ ಭಾಗದಲ್ಲಿ ನೋಡೋಣ ಅಂತ ಇದನ್ನ ಇಲ್ಲಿ ಶ್ರೀಕೃಷ್ಣಾರ್ಪಣಮಸ್ತು ಶ್ರೀಕೃಷ್ಣಾಯ ನಮಃ ಭಗವದ್ಗೀತೆಯ ಈ ಪ್ರವಚನ ಧಾರೆಯನ್ನು ಶ್ರೀ ಮರವೇಕೆರೆ ಮುರಳೀಧರ ಇವರು ಪ್ರಾಯೋಜಿಸಿದ್ದಾರೆ ಭಗವಂತ. ಅವರಿಗೆ ಸಕಲ ಅಭಿಷ್ಟಗಳನ್ನು ಅನುಗ್ರಹಿಸಿ ಮತ್ತಷ್ಟು ಜ್ಞಾನ ಸೇವೆಯನ್ನು ಮಾಡಿಸಲಿ ಅಂತ ಪ್ರಾರ್ಥನೆ ಮಾಡುತ್ತೇನೆ.,10686,11233,,,68
kn_gita-5th_video_0000,gita-5th_video,kn,Dvaita,0,"ಶ್ರೀ ಗುರುಭ್ಯೋ ನಮಃ ಹರಿಃ ಓಂ ಭಗವದ್ಗೀತೆಯ ಎರಡನೆಯ ಅಧ್ಯಾಯದ 11ನೆಯ ಶ್ಲೋಕದವರೆಗೆ ನಾವು ಅರ್ಥವನ್ನು ತಿಳಿದಿದ್ದೇವೆ. ಶ್ರೀಕೃಷ್ಣ ಪ್ರಹಸನ್ ಮುಗುಳ್ನಗುತ್ತಾ. ಅರ್ಜುನನ ಹಿಂಜರಿಕೆಗೆ ಏನು ಕಾರಣ ಅವನು ಹೇಳಿದ್ನೋ ಅದಕ್ಕೆ ಉತ್ತರವನ್ನು ಕೊಡುವುದಕ್ಕೆ ಆರಂಭ ಮಾಡ್ತಿದ್ದ. ನೀನು ಶೋಕ ಪಡಬಾರದವರ ಬಗ್ಗೆ ಶೋಕ ಮಾಡಿ ಆಡಬಾರದ ಮಾತುಗಳನ್ನು ಮನಸ್ಸಿಗೆ ಬಂದಂತೆ ಆಡ್ತಾ ಇದ್ದಿ. ಇದು ಕೃಷ್ಣನ ಮೊದಲ ಅಭಿಪ್ರಾಯ. ಇದರ ನಂತರ ನಾನು ಆಡಿದ ಮಾತು ಯಾಕೆ ಸೂಕ್ತವಲ್ಲ? ಈ ಯುದ್ಧದಲ್ಲಿ ಪ್ರಾಣಹಾನಿ ಆಗ್ತದೆ. ಬಂಧುಗಳ ನಾಶ ಆಗ್ತದೆ. ಅದಕ್ಕಾಗಿ ನಾನು ದುಃಖ ಪಡ್ತಾ ಇದ್ದೇನೆ, ಅವರು ಅಶೋಚ್ಯರು. ಹೇಗೆ? ಮರಣಕ್ಕೆ ಸನ್ನಿಹಿತರಾದ್ದರಿಂದ ಅವರು ಶೋಕಾರ್ಹರೇ ಆಗಿರುವಾಗ ಅಶೋಚ್ಯರು ಅನ್ನೋ ಮಾತು ಅವರಿಗೆ ಹೇಗೆ ಅನ್ವಯಿಸುತ್ತದೆ ಅನ್ನೋ ಪ್ರಶ್ನೆಗೆ ಶ್ರೀಕೃಷ್ಣ. ನಿನ್ನ ಬಂಧುಗಳು ಗುರು ಹಿರಿಯರು ಅಂದ್ರೆ ಯಾರು? ಅವರು ಸಾಯ್ತಾರೆ ಅಂತ ನೀನು ಶೋಕ ಮಾಡ್ತಾ ಇದ್ದೀಯ, ದುಃಖ ಪಡ್ತಾ ಇದ್ದೀಯ. ಗುರು ಹಿರಿಯರು ಬಂಧುಗಳು ಅಂದ್ರೆ ಯಾರು?",0,728,,,100
kn_gita-5th_video_0001,gita-5th_video,kn,Dvaita,1,"ನಿನ್ನ ಎದುರುಗಡೆ ಕಣ್ಣಿಗೆ ಕಾಣುವ ದೇಹವೇ ನಿನ್ನ ಗುರು ಹಿರಿಯರು ಅಥವಾ ದೇಹದ ಒಳಗಡೆ ಇರುವ ಆತ್ಮನನ್ನ ನನ್ನ ಗುರು ಹಿರಿಯರು ಬಂಧುಗಳು ಅಂತ ನೀನು ಹೇಳ್ತಿಯೋ? ಆತ್ಮನನ್ನು ಗುರು ಹಿರಿಯರು ಅಂತ ತಿಳಿದು ಅವರ ಮರಣಕ್ಕಾಗಿ ಶೋಕ ಅಂದ್ರೆ ಅದು ಸರಿಯಲ್ಲ ಅನ್ನೋದನ್ನ ಶ್ರೀಕೃಷ್ಣ 12ನೆಯ ಶ್ಲೋಕದಲ್ಲಿ ಹೇಳ್ತಾ ಇದ್ದಾನೆ. 12ನೇ ಶ್ಲೋಕ ಹೀಗಿದೆ ನತ್ವೇವಾಹಂ ಜಾತುನಾಸಂ ನತ್ವಂ ನೇಮೇ ಜನಾಧಿಪಾಹ ನಚೈವ ನ ಭವಿಷ್ಯಾಮಃ ಸರ್ವೇ ವಯಮತಃ ಪರಂ ಪದವಿಭಾಗ ನ ತು ಏವ ಅಹಂ ನತ್ವೇವಾಹಂ ಎಂಬಲ್ಲಿ ಇಷ್ಟು ಪದಗಳಿವೆ. ನ ತು ಏವ ಅಹಂ. ನಾಲ್ಕು ಪದಗಳು. ಜಾತು ನ ಆಸಂ. ನ ತ್ವಂ ನ ಇಮೆ ಜನಾಧಿಪಾಹ ನ ಚ ಏವ ನ ಚೈವ ನ ಚ ಏವ ನ ಭವಿಷ್ಯಾಮಃ ಸರ್ವೇ ವಯಂ ಅತಃ ಪರಂ. ಈ ಶ್ಲೋಕದಲ್ಲಿ ಶ್ರೀಕೃಷ್ಣ ಹೇಳ್ತಿದ್ದಾನೆ, ನಿನ್ನ ಬಂಧುಗಳು ಅಂದ್ರೆ ಶರೀರದ ಒಳಗಡೆ ಇರುವ ಆತ್ಮರು ಅಂತ ನೀನು ಪರಿಗಣಿಸುವುದಾದರೆ ಅವರಿಗೆ ಉತ್ಪತ್ತಿಯೇ ಇಲ್ಲ ಆದ್ದರಿಂದ ನಾಶವು ಇಲ್ಲ.",729,1387,,,108
kn_gita-5th_video_0002,gita-5th_video,kn,Dvaita,2,"ಅವರು ಹುಟ್ಟಿಲ್ಲ ಆದ್ದರಿಂದ ಅವರಿಗೆ ಎಂದೂ ಸಾವಿಲ್ಲ. ಆದ್ದರಿಂದ ಅವರನ್ನ ಕೊಲ್ಲೋಕೆ ಯಾರಿಂದಲೂ ಸಾಧ್ಯವಿಲ್ಲ. ಅವರ ನಾಶಕ್ಕಾಗಿ ನೀನು ಅಳುವ ಅಗತ್ಯ ಇಲ್ಲ. ಇದು ಶ್ರೀಕೃಷ್ಣ ಅರ್ಜುನನಿಗೆ ಹೇಳಿದ ಪರಿಹಾರ. ಶಬ್ದದ ಅರ್ಥವನ್ನು ಗಮನಿಸುವಾಗ ಬಹಳ ಸೊಗಸಾಗಿ ಈ ಶ್ಲೋಕ ನಿರೂಪಿಸ್ತಾ ಇದೆ. ಅರ್ಜುನ ಅಹಂ ನಾಸಂ ಇತಿ ನತ್ವೇವ. ನಾನು ಕೃಷ್ಣ ಹೇಳ್ತಾ ಇದ್ದಾನೆ, ನಾನು ಇದುವರೆಗೆ ಇಲ್ಲ ಅಂತ ಇಲ್ಲ. ನಾನು ಇದುವರೆಗೆ ಇರಲಿಲ್ಲ ಅಂತ ಇಲ್ಲ. ಅರ್ಥಾತ್ ನಾನು ಯಾವತ್ತಿಂದಲೂ ಇದ್ದೇನೆ. ನಾನು ಅನಾದಿ ಕಾಲದಿಂದ ಹುಟ್ಟು ಇಲ್ಲದ ಒಬ್ಬ ಚೇತನ ಅಹಂ. ತ್ವಂ ನೀನು ನತ್ವೇವ ನಾಸೀಹಿ ಆ ಅಸಿ ಅನ್ನೋ ಪದ ಕ್ರಿಯಾಪದ ಇಲ್ಲಿ ಇಲ್ಲ. ತ್ವಂ ಅನ್ನೋ ಮಧ್ಯಮ ಪುರುಷಕ್ಕೆ ಅನುಗುಣವಾಗಿ ಅದನ್ನ ಅಧ್ಯಾಹಾರ ಮಾಡಿ ಸೇರಿಸಿಕೊಳ್ಳಬೇಕು. ತ್ವಂ ನಾಸೀಹಿ ಇತಿ ನಾ ನೀನು ಇದುವರೆಗೆ ಇರಲಿಲ್ಲ ಅಂತ ಇಲ್ಲ. ನಾನು ಹೇಗೆ ಅನಾದಿ ಕಾಲದಿಂದ ಇದ್ದೇನೋ, ನೀನು ಅನಾದಿ ಕಾಲದಿಂದ ಇದ್ದಿ ಇದುವರೆಗೆ ಇಲ್ಲ ಅಂತ ಆಗ್ಲಿಲ್ಲ ನೀನು.",1388,2089,,,105
kn_gita-5th_video_0003,gita-5th_video,kn,Dvaita,3,"ಇಮೇ ಜನಾಧಿಪಾಹ. ನೀನು ಯಾರ ಯಾರು ಸಾಯ್ತಾರೆ ಅಂತ ಅಳ್ತಾ ಇದ್ದೀಯೋ ಇಮೇ ಜನಾಧಿಪಾಹ ನಿನ್ನ ಎದುರುಗಡೆ ಇರುವ ಈ ರಾಜಾಧಿರಾಜರು ನಾಸನ್ ಇತಿ ನ ಇರಲಿಲ್ಲ ಅಂತ ಇಲ್ಲ. ಅಂದ್ರೆ ಅವರು ಅನಾದಿ ಕಾಲದಿಂದ ನನ್ನಂತೆ ನಿನ್ನಂತೆ ಇದ್ದವರು. ಅಲ್ಲಿಗೆ ನನಗೂ ಹುಟ್ಟಿಲ್ಲ, ನಿನಗೂ ಹುಟ್ಟಿಲ್ಲ. ಈ ನಿನ್ನ ಮುಂದೆ ನಿಂತಿರುವ ರಾಜರಿಗೂ ಯಾರಿಗೂ ಹುಟ್ಟು ಅನ್ನೋದು ಇಲ್ಲ. ಆತ್ಮ ಅದು ಅಜ ಹುಟ್ಟಿಲ್ಲದ ಒಂದು ತತ್ವ. ಅಲ್ಲಿಗೆ ನಾನು ಹಿಂದೆ ಇರಲಿಲ್ಲ ಅಂತ ಇಲ್ಲ, ನೀನು ಹಿಂದೆ ಇರಲಿಲ್ಲ ಅಂತ ಆಗಿಲ್ಲ, ನಿನ್ನ ಮುಂದೆ ಇರುವ ಈ ರಾಜ ಕ್ಷತ್ರಿಯರು ಕೂಡ ಹಿಂದೆಂದು ಇಲ್ಲ ಅಂತ ಆಗಿಲ್ಲ. ನಾನು, ನೀನು, ಇವರೆಲ್ಲರೂ ಕೂಡ. ಅನಾದಿ ಚೇತನರು, ಹುಟ್ಟಿಲ್ಲದ ಚೇತನರು. ಇಲ್ಲಿ ಅಹಂತ ಉತ್ತಮ ಪುರುಷ, ತ್ವಂತ ಮಧ್ಯಮ ಪುರುಷ, ಈಮೆ ಅಂತ ಪ್ರಥಮ ಪುರುಷ, ಮೂರು. ಪುರುಷಗಳಲ್ಲಿ ನಾನು, ನೀನು ಇವರೆಲ್ಲರೂ ಎಲ್ಲರೂ ಅನಾದಿ ಹುಟ್ಟಿಲ್ಲದ ಚೇತನರು ಅನ್ನೋದನ್ನ ಪೂರ್ವಾರ್ಧದಲ್ಲಿ ಶ್ರೀಕೃಷ್ಣ ಹೇಳಿ.",2090,2774,,,103
kn_gita-5th_video_0004,gita-5th_video,kn,Dvaita,4,"ಆದ್ದರಿಂದಲೇನೆ ಯಾವತ್ತೂ ಒಂದು ವಸ್ತುವಿಗೆ ಉತ್ಪತ್ತಿ ಇಲ್ಲವೋ, ಉತ್ಪತ್ತಿ ಇಲ್ಲದ ವಸ್ತು, ಹುಟ್ಟದ ವಸ್ತು ಸಾಯೋದು ಇಲ್ಲ. ಉತ್ಪತ್ತಿ ಇಲ್ಲದ ವಸ್ತುವಿಗೆ ನಾಶವಿಲ್ಲ. ಯಾವುದು ಹುಟ್ಟಲ್ವೋ ಅದು ಸಾಯಲ್ಲ. ಇದು ವೇದಾಂತದ ತತ್ವ ಇದು. ಎಲ್ಲ ದಾರ್ಶನಿಕರು ಇದನ್ನು ಒಪ್ಪಿಕೊಂಡಿದ್ದಾರೆ. ಆದ್ದರಿಂದ ಉತ್ತರಾರ್ಧದಲ್ಲಿ ಶ್ರೀಕೃಷ್ಣ ಹೇಳುತ್ತಾನೆ ಅತಃಪರಂ ಸರ್ವೇ ವಯಂ ನ ಭವಿಷ್ಯಾಮಃ ಇತಿ ನಾ. ಅತಃಪರಂ ಇನ್ನು ಮುಂದೆ ವಯಂ ಸರ್ವೆ ನಾವೆಲ್ಲರೂ ನ ಭವಿಷ್ಯಾಮಃ ಇತಿ ನ ಇರೋದಿಲ್ಲ ಅಂತ ಇಲ್ಲ ಅರ್ಥಾತ್ ಇದ್ದೇ ಇರುತ್ತೇವೆ. ನಾವು ಹಿಂದೆಂದಿಗೂ ಇದ್ದೆವು, ಮುಂದೆಯೂ ಇರ್ತೇವೆ. ಹಿಂದೆ ಎಂದಿಗೂ ಇರೋದ್ರಿಂದ ನಮಗೆ ಉತ್ಪತ್ತಿ ಇಲ್ಲ, ಆದ್ದರಿಂದ ಮುಂದೆಯೂ ನಾವಿರ್ತೇವೆ, ನಾಶ ಇಲ್ಲ. ಅಲ್ಲಿಗೆ ಆತ್ಮನಿಗೆ ಹುಟ್ಟು. ಇಲ್ಲ ಆದ್ದರಿಂದ ಸಾವು ಇಲ್ಲ. ಪೂರ್ವಾರ್ಧದಲ್ಲಿ ಅಹಂ ತ್ವಂ ಇಮೆ ಅಂತ ಮೂರು ಪುರುಷಗಳಲ್ಲಿ ಶಬ್ದವನ್ನ ಪ್ರಯೋಗ ಮಾಡಿದ್ದ ಶ್ರೀಕೃಷ್ಣ ಉತ್ತರಾರ್ಧದಲ್ಲಿ ವಯಂ. ಎಲ್ಲರನ್ನು ಸೇರಿಸಿ ನಾನು, ನೀನು, ಇವರು ನಾವೆಲ್ಲರೂ ಇನ್ನು ಮುಂದೆ ಇಲ್ಲ ಅಂತ ಆಗಲ್ಲ.",2775,3533,,,103
kn_gita-5th_video_0005,gita-5th_video,kn,Dvaita,5,"ಅಲ್ಲಿಗೆ ಶ್ರೀಕೃಷ್ಣನ ಭಾವ ನೀನು ನಿನ್ನ ಬಂಧುಗಳು ಅಂತ ದೇಹದ ಒಳಗಡೆ ಇರುವ ಆತ್ಮನನ್ನು ಗುರುತಿಸ್ತೀ ಅಂತ ಆದರೆ ಅವರು ಹುಟ್ಟು ಇಲ್ಲ, ಮುಂದೆ ಸಾಯೋದು ಇಲ್ಲ. ಆತ್ಮನನ್ನು ಯಾರು ಕೊಲ್ಲಲಾರರು. ಆತ್ಮ ನಾಶದ ಬಗ್ಗೆ ನೀನು ದುಃಖ ಪಡುವ ಅಗತ್ಯ ಇಲ್ಲ. ಇದು ಶ್ರೀಕೃಷ್ಣ ಅರ್ಜುನನಿಗೆ ಈ ಸಾಮಾನ್ಯವಾದ ತತ್ವ ತಿಳಿದಿಲ್ಲ ಅಂತ ಅಲ್ಲ ಅವನಿಗೆ ಇದು. ಗೊತ್ತಿದೆ ಆತ್ಮ ಅಜರ ಅಮರ ಅಂತ. ಆದರೆ ಅವನನ್ನ ಮುಂದಿಟ್ಟುಕೊಂಡು ಮನುಷ್ಯ ಸಾವು ಸಾಯುತ್ತಾನೆ ಅಂದ್ರೆ. ಆತ್ಮನಿಗೆ ಎಂದು ಸಾವಿಲ್ಲ. ಆದ್ದರಿಂದ ನಮ್ಮ ಆತ್ಮೀಯರು, ಬಂಧುಗಳು, ಸ್ನೇಹಿತರು ನಮ್ಮನ್ನ ಅಗಲಿದಾಗ ಶರೀರ ಅಷ್ಟೇ ನಮ್ಮನ್ನ ಅಗಲಿತು ಹೊರತು ಅದರ ಒಳಗಡೆ ಇರುವ ಆತ್ಮ ಅದು. ನಮ್ಮನ್ನ ಬಿಟ್ಟು ಹೋದ್ರು ನಾಶವಾಗಿಲ್ಲ. ಅದು ಯಾವತ್ತೂ ಇರುವ ಸತ್ಯ. ಶರೀರಕ್ಕೆ ನಾಶ, ಆತ್ಮನಿಗೆ ಎಂದು ನಾಶ ಇಲ್ಲ. ಇದು. ದುಃಖದ ಸಂದರ್ಭದಲ್ಲಿ ನಾವು ಧೈರ್ಯ ತುಂಬಿಕೊಳ್ಳಬಲ್ಲ ಒಂದು ಪ್ರಮೇಯ. ಶರೀರ ಅಷ್ಟೇ ನಮ್ಮಿಂದ ದೂರವಾಯಿತು ಹೊರತು ಆತ್ಮ ಯಾವತ್ತೂ ನಾಶವಾಗುವುದಿಲ್ಲ.",3534,4251,,,104
kn_gita-5th_video_0006,gita-5th_video,kn,Dvaita,6,"ಇದು ಶ್ರೀಕೃಷ್ಣ ಅರ್ಜುನನ ಒಂದು. ಆಶಂಕೆಗೆ ಸಂಶಯಕ್ಕೆ ಸಂದೇಹಕ್ಕೆ ಉತ್ತರವನ್ನ ಕೊಟ್ಟ ಶ್ಲೋಕ. ಮತ್ತೊಮ್ಮೆ ಶ್ಲೋಕ ನತ್ವೇವಾಹಂ ಜಾತುನಾಸಂ ನತ್ವಂ ನೇಮೇಜನಾಧಿಪಾಹ ನಚೈವ ನ ಭವಿಷ್ಯಾಮಃ ಸರ್ವೇ ವಯಂ ಅತಃಪರಂ ಅತಃಪರಂ ಅಂದ್ರೆ ಇನ್ನು ಮುಂದೆ ಅಂತ ಅರ್ಥ. ಮುಂದಿನ 13ನೆಯ ಶ್ಲೋಕ ಸರಿ ಆತ್ಮನಿಗೆ ಹುಟ್ಟು ಇಲ್ಲ ಸಾವು ಇಲ್ಲ. ಆತ್ಮ ಅವನಿಗೆ ನಾಶ ಇದೆ ಅವನು ಸಾಯುತ್ತಾನೆ ಅಂತ ನಾನು ಅಳೋದಲ್ಲ ಶ್ರೀಕೃಷ್ಣ. ಅವನಿಗೆ ಈ ದೇಹ ಇದೆಯಲ್ಲ ಆ ದೇಹ ನಾಶ ಆಗ್ತದೆ ಅಂತ ನನಗೆ ದುಃಖ ಅಂದ್ರೆ. ಆ ದುಃಖವನ್ನು ನೀನು ಹೀಗೆ ಪರಿಹರಿಸಿಕೋ ಅಂತಾನೆ ಶ್ರೀಕೃಷ್ಣ. ದೇಹಿನೋಸ್ಮಿನ್ ಯಥಾ ದೇಹೆ ಕೌಮಾರಂ ಯವ್ವನಂ ಜರಾ ತಥಾ ದೇಹಾಂತರ ಪ್ರಾಪ್ತಿಹಿ ಧೀರಸ್ತತ್ರ ನಮುಹ್ಯತಿ ಪದವಿಭಾಗ ದೇಹಿನಃ ಅಸ್ಮಿನ್ ಯಥಾ ದೇಹೆ ಕೌಮಾರಂ ಯವ್ವನಂ ಜರ ತಥಾ ದೇಹಾಂತರ ಪ್ರಾಪ್ತಿಹಿ ಧೀರಹ ತತ್ರ ನ ಮುಹ್ಯತಿ ಅರ್ಜುನ, ದೇಹ ನಾಶ ಆಗ್ತದೆ ಅಂತ ಯಾಕೆ ಅಳ್ತಿ? ದೇಹಿನಃ ಈ ದೇಹದ ಒಳಗೆ ಒಬ್ಬ ಆತ್ಮ ಇದ್ದಾನಲ್ಲ ದೇಹಿ ಅಂತ ಕರಿಸಿಕೊಳ್ಳುತ್ತದೆ.",4252,4962,,,109
kn_gita-5th_video_0007,gita-5th_video,kn,Dvaita,7,"ಮನೆಯ ಒಳಗಡೆ ಇರುವವ ಗೃಹದ ಒಳಗಡೆ ಇರುವವ ಗೃಹಿ ಹಾಗೆ ದೇಹದ ಒಳಗಡೆ ಇರುವವ ದೇಹಿ ದೇಶಿನಹ ಅಂದ್ರೆ ದೇಹದ ಒಳಗಡೆ ಇರುವ ಆ ಹುಟ್ಟು ಸಾವುಗಳಿಲ್ಲದ ಆತ್ಮನಿಗೆ ದೇಹೇ ದೇಹದಲ್ಲಿ ಯಥಾ ಹೇಗೆ ಕೌಮಾರಂ ಯವ್ವನಂ ಜರ ಅವನ ದೇಹದಲ್ಲಿ ಕೌಮಾರಾವಸ್ಥೆ ಇದೆ. ಅವನು ಕೆಲವು ವರ್ಷಗಳ ಹಿಂದೆ ಕುಮಾರಾವಸ್ಥೆಯಲ್ಲಿದ್ದ. ಮಕ್ಕಳ ಜೊತೆ ಆಟ ಆಡ್ತಾ ಸಂತೋಷವಾಗಿ ಚಟುವಟಿಕೆಯಿಂದ ಕೂಡಿದ ದೇಹ ಅವನಿಗಿತ್ತು. ಯೌವನಂ. ಆ ಕೌಮಾರ ಹೋಯಿತು ದೇಹ ಯೌವನಾವಸ್ಥೆಗೆ ಬಂತು ಯುವಕ. ಆತನ ಭಾವನೆಗಳಲ್ಲಿ ದೇಹದಲ್ಲಿ ವ್ಯತ್ಯಾಸಗಳಾಗಿವೆ. ಅದು ಹೋಯಿತು ಜರಾ ಮುದಿತನ ಬಂತು. ಕೌಮಾರಾವಸ್ಥೆಯಲ್ಲಿ ಲವಲವಿಕೆಯಿಂದ ಇದ್ದ ದೇಹ, ಯವ್ವನ ಅವಸ್ಥೆಯಲ್ಲಿ ಗಟ್ಟಿಮುಟ್ಟಾಗಿದ್ದ ದೇಹ, ಈಗ ಮುಪ್ಪು ಬಂದಾಗ ನಡುಗೋಕೆ ಆರಂಭವಾಗಿದೆ. ಮನಸ್ಸು ಅಸ್ಥಿರವಾಗಿದೆ. ಯವ್ವನಂ ಜರ. ಈ ಯಾವ ಹಂತದಲ್ಲಾದರೂ ನೀನು ಅಳ್ತೀಯಾ? ನಾನು ಮಗುವಾಗಿದ್ದೆ, ಅಯ್ಯೋ ದೊಡ್ಡವನಾಗಿಬಿಟ್ಟೆ, ಆ ದೇಹ ಹೋಯಿತು, ಯೌವ್ವನದ ದೇಹ ಬಂತು, ಅಳ್ತೀಯಾ? ಇಲ್ಲ. ಹೋಗ್ಲಿ. ಮಗುವಿನ ದೇಹ ಯವ್ವನಕ್ಕೆ ಬಂತು, ನೀನು ಉದ್ದಾರ ಆಗಿದ್ದೇನೆ ಅಂತ ಸಮಾಧಾನ ಪಟ್ಕೋ.",4963,5731,,,108
kn_gita-5th_video_0008,gita-5th_video,kn,Dvaita,8,"ಯವ್ವನದ ಗಟ್ಟಿಮುಟ್ಟಾದ ದೇಹ ಹೋಯಿತು, ಮುದಿತನ ಬಂತು. ಅಯ್ಯೋ ಆ ದೇಹ ಹೋಯಿತಲ್ಲ ನನಗೆ ಮುದಿತನ ಬಂತು ಅಂತ ಅಳ್ತಾ ಕೊಡ್ತೀಯಾ ನೀನು? ಅದು ಲೋಕದಲ್ಲಿ ಎಲ್ಲ ಶರೀರಗಳಿಗೂ ಆಗಬೇಕಾದ ಅವಸ್ಥೆಗಳು ಅಂತ ಸಮಾಧಾನ ಪಡ್ಕೊಳ್ತಿ. ಒಂದು ದೇಹ ಹೋದ್ರೆ ಮತ್ತೊಂದು. ಕೌಮಾರ ದೇಹ ಹೋಯಿತು, ಯೌವ್ವನದ ಗಟ್ಟಿಮುಟ್ಟಾದ ದೇಹ ಬಂತು. ಗಟ್ಟಿಮುಟ್ಟಾದ ದೇಹ ಬಂತು, ಅದು ಹೋಗಿ ಮುದಿತನದ ನಡುಗುವ ದೇಹ ಬಂತು, ದುರ್ಬಲ ದೇಹ ಬಂತು. ಯಾವ ಹಂತದಲ್ಲೂ ನಾವು ಅಳೋದಿಲ್ಲ. ಹೇಗೋ ಯಥಾ ತಥಾ ದೇಹಾಂತರ ಪ್ರಾಪ್ತಿಹಿ. ಈ ನಡುಗುವ ಜರ್ಜಿರಿತವಾದ ಮುದಿ ದೇಹ ಹೋಗಿ. ಆ ದೇಹ ಮಣ್ಣಾಗಿ ಬೂದಿಯಾಗಿ ಇನ್ನೊಂದು ಹೊಸ ದೇಹ ಬರೋದೇ ಸಾವು ಅಥವಾ ಹುಟ್ಟು. ಅದಕ್ಕೆ ಯಾಕೆ ಅಳ್ತಿ ನೀನು ತಥಾ ದೇಹಾಂತರ ಪ್ರಾಪ್ತಿಹಿ. ಹೇಗೆ ಈ ಮೂರು ದೇಹಗಳು ಬೇರೆ ಬೇರೆ ಆದಾಗ ನಿನಗೆ ದುಃಖವಾಗಿಲ್ವೋ. ಅದರಂತೆ ಮುದಿತನದ ಈ ದೇಹ ಕಳೆದು ಇನ್ನೊಂದು ಹೊಸ ಕೌಮಾರ ದೇಹ ಬರುತ್ತದೆ ಅಂತಾದರೆ ಯಾಕೆ ಅಳಬೇಕು ತಥಾ ದೇಹಾಂತರ ಪ್ರಾಪ್ತಿಹಿ.",5732,6421,,,107
kn_gita-5th_video_0009,gita-5th_video,kn,Dvaita,9,"ಈ ವಿವೇಕವನ್ನ ಮಾಡಿ ಧೀರಃ ಧೀರಃ ಅಂದ್ರೆ ಧೈರ್ಯವಂತ ಅಂತ ನಮ್ಮ ಕನ್ನಡ ಭಾಷೆಯಲ್ಲಿ ಅರ್ಥ. ಆದರೆ ಸಂಸ್ಕೃತದಲ್ಲಿ ಧೀಯಾರಮತೇ ಇತಿ ಧೀರಃ ಧೀ ಅಂದ್ರೆ ಬುದ್ಧಿ ವಿವೇಕ. ಉಳ್ಳವನು ವಿವೇಕಶಾಲಿ. ಒಬ್ಬ ವಿಚಾರವಂತನಾದವನು ತತ್ರ ಈ ಮರಣದ ಬಗ್ಗೆ ಒಂದು ದೇಹ ಹೋಗಿ ಇನ್ನೊಂದು ದೇಹ ಬರುವ. ಮರಣದ ಬಗ್ಗೆ ನಮೂಹ್ಯತಿ. ಮೋಹಕ್ಕೊಳಗಾಗುವುದಿಲ್ಲ, ಅಳೋದಿಲ್ಲ. ಆದ್ದರಿಂದ ನಿನ್ನ ಬಾಂಧವರು ಗುರು ಹಿರಿಯರು ಯುದ್ಧದಲ್ಲಿ ನಿಂತಿದ್ದಾರೆ ಶಸ್ತ್ರಾಘಾತದಿಂದ. ನೀನು ಕಾಣುವ ಅವರ ಈ ದೇಹ ನಾಶವಾಗಬಹುದು ಹಾಗೆ ಅಂತ ಅದು ಕೊನೆ ಅಲ್ಲ. ಆ ದೇಹ ಹೋದರೆ ಅವರಿಗೆ ಮತ್ತೊಂದು ದೇಹ ಬಂದೇ ಬರುತ್ತದೆ. ಆದ್ದರಿಂದ ಯೌವ್ವನದ ದೇಹ ಬಂದು ಮುದಿತನದ ದೇಹ ಬಂದಾಗ ಹೇಗೆ ಸಮಾಧಾನ ಪಟ್ಟುಕೊಳ್ಳುತ್ತಿಯೋ, ಅಳೋದಿಲ್ಲವೋ, ಮುದಿತನದ ದೇಹ ಹೋಗಿ ಮತ್ತೊಂದು ದೇಹ ಬರುವುದೇ ಮರಣ ಜನನಗಳಾದ್ದರಿಂದ ಅಲ್ಲೂ ಅಳುವ ಅಗತ್ಯ ಇಲ್ಲ. ಆದ್ದರಿಂದ ಆತ್ಮ ನಾಶಕ್ಕಾಗಿಯೂ ನೀನು ಅಳಬೇಕಾದ ಅಗತ್ಯ ಇಲ್ಲ, ಆತ್ಮನಿಗೆ ನಾಶವೇ ಇಲ್ಲ.",6422,7114,,,100
kn_gita-5th_video_0010,gita-5th_video,kn,Dvaita,10,"ದೇಹ ನಾಶಕ್ಕಾಗಿಯೂ ಅಳುವ ಅಗತ್ಯ ಇಲ್ಲ, ಒಂದು ದೇಹ ಹೋದರೆ ಮತ್ತೊಂದು ದೇಹ ಬರುತ್ತದೆ. ಆದ್ದರಿಂದ ಆತ್ಮ ದೇಹ ಇವೆರಡರ ಬಗ್ಗೆಯೂ. ಜ್ಞಾನಿಗಳು, ತಿಳಿದವರು, ವಿವೇಕಿಗಳು ದುಃಖ ಪಡೋದಿಲ್ಲ ಆದ್ದರಿಂದ ಅಶೋಚ್ಯಾನ್ ಅನ್ನುವ ಶೋಚಸ್ತ್ವಂ. ನೀನು ಯಾರ ಬಗ್ಗೆ ದುಃಖ ಪಡುತ್ತಿದ್ದೀಯೋ ಅವರು ನಿನ್ನ ದುಃಖಕ್ಕೆ, ಶೋಕಕ್ಕೆ ಅರ್ಹರಲ್ಲ ಅನ್ನೋದನ್ನ ಶ್ರೀಕೃಷ್ಣ. ಈ ಎರಡು ಶ್ಲೋಕಗಳಲ್ಲಿ ಸಮರ್ಥನೆ ಮಾಡಿದ್ದಾನೆ. ಆತ್ಮ ನಿತ್ಯ, ದೇಹ ಅನಿತ್ಯವಾದರೂ ಒಂದು ಹೋದರೆ ಮತ್ತೊಂದು ಬರುತ್ತದೆ. ಆದ್ದರಿಂದ ಆತ್ಮನಾಶಕ್ಕಾಗಲಿ, ದೇಹನಾಶಕ್ಕಾಗಲಿ ದುಃಖ ಪಡಬೇಕಾದ ಅಗತ್ಯ ಇಲ್ಲ. ನಾವು ಆಕಸ್ಮಿಕವಾಗಿ ಇಂತಹ ದುರ್ಘಟನೆಗಳು ನಮ್ಮ ಮನೆಯಲ್ಲಿ ನಡೆದರೆ ಸಮಾಧಾನ ಪಟ್ಟುಕೊಳ್ಳುವುದಕ್ಕೆ ಇದು ಮುಖ್ಯವಾದ ಎರಡು ಅಂಶಗಳು. ಮತ್ತೊಮ್ಮೆ ಶ್ಲೋಕ. ದೇಹಿನೋಸ್ಮಿನ್ ಯಥಾ ದೇಹೆ ಕೌಮಾರಂ ಯವ್ವನಂ ಜರಾ ತಥಾ ದೇಹಾಂತರ ಪ್ರಾಪ್ತಿಹಿ ಧೀರಸ್ತತ್ರ ನಮುಹ್ಯತಿ ಹೀಗೆ ಶ್ರೀಕೃಷ್ಣ ಅಶೋಚ್ಯಾನ್ ಅನ್ವಶೋಚಸ್ತ್ವಂ ಅಂತ ಆರಂಭದಲ್ಲಿ ಏನು ಹೇಳಿದಾನೋ ಅದನ್ನ ಈ ಎರಡು ಶ್ಲೋಕಗಳಲ್ಲಿ ಸಮರ್ಥನೆ ಮಾಡಿದ್ದಾನೆ. ಇದರಲ್ಲಿ ಮಾಧ್ವ ಭಾಷ್ಯಕ್ಕೆ ಅನುಗುಣವಾಗಿ ಹೌದು ದೇಹ ಬಿಟ್ಟು ಆತ್ಮ ಅಂತ ಒಂದು ತತ್ವ ಇದ್ರೆ ಸರಿ ನೀನು ಹೇಳಿದ್ದು.",7115,7967,,,112
kn_gita-5th_video_0011,gita-5th_video,kn,Dvaita,11,"ದೇಹ ಬಿಟ್ಟರೆ ಇನ್ನೇನು ಇಲ್ಲ. ಭಸ್ಮೀಭೂತಸ್ಯ ದೇಹಸ್ಯ ಪುನರಾಗಮನಂ ಕುತಃ? ದೇಹ ಬಿಟ್ಟರೆ ಆತ್ಮ ಅಂತ ಒಂದು ಇಲ್ಲವೇ ಇಲ್ಲ ಅನ್ನೋ ಪ್ರಶ್ನೆಗೂ ದೇಹಿನಃ ಎಂಬ ಪದ ಉತ್ತರವನ್ನು ಕೊಡುತ್ತದೆ. ಇದು ಮಾಧ್ವ ಭಾಷ್ಯದಂತೆ ಇರುವ ಅರ್ಥ. ಈ ದೇಹದಲ್ಲಿ ನಾವು ಬಾಲ್ಯದಲ್ಲಿರುವಾಗ ಅನೇಕ ಅನುಭವಗಳಿವೆ ನಮಗೆ. ತಾರುಣ್ಯದಲ್ಲಿದ್ದಾಗ ವಿಭಿನ್ನವಾದ ಚಿಂತನೆಗಳು ಭಾವನೆಗಳು ನಮ್ಮಲ್ಲಿ ಬೆಳೆಯುತ್ತದೆ. ವೃದ್ಧಾಪ್ಯದಲ್ಲಿ ಮಾಗಿ ಇದ ಮನಸ್ಸು. ಈ ಅನುಭವಗಳೆಲ್ಲ ಯಾರಿಗೆ? ಬರೆ ದೇಹಕ್ಕೋ, ದೇಹ ಜಡ. ಕಲ್ಲು, ಮಣ್ಣು ಅದಕ್ಕೆ ಸುಖ, ದುಃಖ, ಸಮ್ಮೇದನೆ, ಜ್ಞಾನ, ಭಯ ಯಾವುದು ಇಲ್ಲ. ಆದರೆ ಈ ದೇಹದಲ್ಲಿ ನಮಗೆ ಅವೆಲ್ಲ ಇದೆ, ಸುಖ ಇದೆ, ದುಃಖ ಇದೆ, ಭಾವನೆಗಳಿವೆ, ಹೆದರಿಕೆ ಇದೆ. ಹಾಗಾದರೆ ಉಳಿದ ಜಡ ವಸ್ತುಗಳಲ್ಲಿ ಇಲ್ಲದ ಈ ಸಂವೇದನೆಗಳು. ಈ ದೇಹದಲ್ಲಿ ನಮಗೆ ಇದೆ ಅಂದ್ರೆ ಈ ದೇಹದಲ್ಲಿ ಉಳಿದ ಜಡ ವಸ್ತುಗಳಲ್ಲಿ ಇಲ್ಲದ ಒಂದು ತತ್ವ ಇಲ್ಲಿದೆ. ಅದು ಯಾವುದು ಆತ್ಮ. ಹೀಗೆ ದೇಹಿ ಅಂತ ಹೇಳುವ ಮೂಲಕ ಶ್ರೀಕೃಷ್ಣ ದೇಹವೇ ಆತ್ಮ ಅಲ್ಲ ದೇಹದ ಒಳಗಡೆ ಒಬ್ಬ ಆತ್ಮ ಆತ್ಮನಿದ್ದಾನೆ ಜಡವಲ್ಲದ ಒಂದು ಚೇತನ ಇದೆ.",7968,8744,,,116
kn_gita-5th_video_0012,gita-5th_video,kn,Dvaita,12,"ನಾನು ಹಿಂದೆ ದೇಹಿ ಅನ್ನೋದಕ್ಕೆ ಸರಿಯಾದ ಶಬ್ದವನ್ನ ಗೃಹಿ ಅನ್ನೋದನ್ನ ಕೊಟ್ಟೆ. ಗೃಹಿ ಅಂದ್ರೆ ಮನೆಯ ಒಳಗಡೆ ಇರುವವನು ಅಂತ ಅರ್ಥ. ಮನೆ ಬೇರೆ, ಒಳಗಡೆ ಇರುವ ವ್ಯಕ್ತಿ ಬೇರೆ. ದೇಹಿ ಅಂದ್ರೆ ದೇಹ ಬೇರೆ, ದೇಹದ ಒಳಗಡೆ ಇರುವ ವ್ಯಕ್ತಿ ಬೇರೆ. ಆದ್ದರಿಂದ. ಬರೆ ದೇಹವೇ ಆತ್ಮ ಅಂತಾದರೆ ಕಲ್ಲು ಮಣ್ಣುಗಳಿಗೆ ಹೊಡೆದರೆ ಅಥವಾ ಪೂಜೆ ಮಾಡಿದರೆ ಅವುಗಳಿಗೆ ದುಃಖವೂ ಇಲ್ಲ ಸುಖವೂ ಇಲ್ಲ. ಹಾಗೆ ಈ ದೇಹಕ್ಕೂ ಸುಖ ದುಃಖಾದಿಗಳು ಬರೋದಕ್ಕೆ ಸಾಧ್ಯವಿಲ್ಲ. ದೇಹದಲ್ಲಿ ಆ ವಿಲಕ್ಷಣ ಗುಣಗಳು ಇವೆ ಅಂದ್ರೆ ಉಳಿದ ಜಡ ಪದಾರ್ಥಗಳಲ್ಲಿ ಇಲ್ಲದ ಒಂದು ತತ್ವ ಈ ದೇಹದಲ್ಲಿ ಅಡಗಿದೆ. ಅದು ಆತ್ಮ ತತ್ವ. ಆದ್ದರಿಂದ ದೇಹವೇ ಆತ್ಮ ಅಲ್ಲ. ದೇಹದ ಒಳಗಡೆ ಒಬ್ಬ ಆತ್ಮ ಇದ್ದಾನೆ. ಆ ಆತ್ಮ ಅಜರ ಅಮರ. ಅವನಿಗೆ ಉತ್ಪತ್ತಿ ಇಲ್ಲ, ನಾಶ ಇಲ್ಲ. ಆದ್ದರಿಂದ ಈ ದೇಹ ಹೋದರೆ ಹೋಯಿತು ಅಂದುಕೊಂಡು. ನಾವು ಜೀವನದಲ್ಲಿ ಸ್ವಚ್ಛಂದವಾಗಿ ಇರಬಾರದು.",8745,9386,,,100
kn_gita-5th_video_0013,gita-5th_video,kn,Dvaita,13,ದೇಹದ ಒಳಗಡೆ ಇದ್ದ ಆತ್ಮ ಮುಂದುವರೆಯುತ್ತಾನೆ ಅವನು ಅನೇಕ ದೇಹಗಳಲ್ಲಿ. ಹೀಗಾಗಿ ನೀವು ತಪ್ಪು ಮಾಡಿದರೆ ಅದರ ಫಲವನ್ನು ದುಃಖವನ್ನು ಮುಂದೆ ಉಣಬೇಕು. ನೀವು ಒಳ್ಳೆ ಕೆಲಸವನ್ನು ಮಾಡಿದರೆ ಅದರ ಫಲವಾಗಿ ಸುಖವನ್ನು ನೀವು ಮುಂದೆ ಉಣ್ಣುತ್ತೀರಿ. ಆದ್ದರಿಂದ ಇಲ್ಲಿಗೆ ಮುಗಿದು ಹೋಯಿತು ಅಂತ ಸ್ವಚ್ಛಂದವಾಗಿ ಮಾಡಬಾರದನ್ನು ಮಾಡೋದು ಅಥವಾ ಮಾಡಬೇಕಾದನ್ನು ಬಿಡೋದು. ಒಳ್ಳೆ ಕೆಲಸವನ್ನು ಮಾಡಿದ್ರೂ ನನಗೆ ದುಃಖ ಆಯಿತು ಅಂತ. ವ್ಯಥೆ ಪಡೋದು ಇದಕ್ಕೆಲ್ಲ ಉತ್ತರ ನೀವು ಒಳ್ಳೆ ಕೆಲಸ ಮಾಡಿದ್ದು ಯಾವತ್ತೂ ನಿಮಗೆ ಸಿಗದೆ ಹೋಗೋದಿಲ್ಲ. ದೇಹ ಹೋದ್ರು ಆತ್ಮ ಮುಂದುವರೆಯುತ್ತಾನೆ ಅವನಿಗೆ ದೇಹಾಂತರಗಳಲ್ಲಿ ಆ ಒಳ್ಳೆ ಕೆಲಸದಿಂದ ಆದ ಸುಖದ ಪ್ರಾಪ್ತಿ ಇದೆ. ಏನು ಕೆಟ್ಟದು ಮಾಡಿದ್ರೆ ಏನು ದೇಹ ಹೋದ್ರೆ ಹೋಯ್ತು ಅಂತ ದುಷ್ಟತನ ಮಾಡೋಕೆ ಹೋಗಬೇಡ್ರಿ. ಕೆಟ್ಟತನ ಮಾಡಿದ ಕೆಟ್ಟ ಕೆಲಸವನ್ನ ಮಾಡಿದ. ಪಾಪದಿಂದ ಆಗುವ ದುಃಖವನ್ನ ಇವತ್ತಲ್ಲ ಜನ್ಮಾಂತರದಲ್ಲಿ ಆದರೂ ನಾವು ಅನುಭವಿಸಲೇಬೇಕು. ಹೀಗೆ ಈ ಶ್ಲೋಕ ಎರಡು ತತ್ವಗಳನ್ನ ವಿಶದಪಡಿಸುತ್ತದೆ.,9387,10119,,,100
kn_gita-5th_video_0014,gita-5th_video,kn,Dvaita,14,"ದೇಹ ಬಿಟ್ಟು ಆತ್ಮ ಅಂತ ಒಂದು ತತ್ವ ಇದೆ. ಆ ತತ್ವ ಅಜರ ಅಮರ. ಅವನಿಗೆ ಈ ದೇಹ ಹೋದರು ಬೇರೆ ಬೇರೆ ದೇಹಗಳು ಬರುತ್ತವೆ. ಆದ್ದರಿಂದ ನಮ್ಮ ಎದುರುಗಡೆ ಕಾಣುವ ದೇಹವು ಬಿದ್ದು ಹೋಯಿತು, ಮಣ್ಣಾಯಿತು, ಬೂದಿಯಾಯಿತು ಅಂತ ವ್ಯಥೆ ಪಡಬೇಡಿ. ಅವನಿಗೆ ಜನ್ಮಾಂತರ ಇದೆ. ಹೊಸ ದೇಹವನ್ನ ಪಡೀತಾನೆ ಅವನು. ಆದ್ದರಿಂದ. ಮರಣಕ್ಕೆ ಅಳೋದು ಹೇಗೆ ಸಹಜವೋ ವಿವೇಕಿಯಾದವ ಅಳದೆ ಅದನ್ನು ಸ್ವಾಗತಿಸುತ್ತಾನೆ. ಯಾಕೆ ಅಂದ್ರೆ ಈ ಜೀರ್ಣವಾದ ದೇಹ ಬಿಟ್ಟು ಹೋಗಿ ಒಳ್ಳೆ ಗಟ್ಟಿ ಮುಟ್ಟಾದ ಇನ್ನೊಂದು ದೇಹ ಬರೋದೇ ಮರಣ. ಒಂದು ಅರ್ಥದಲ್ಲಿ ಒಂದು ಮೈಯಿಂದ ಇದ್ದದ್ದನ್ನ ಕಳೆದುಕೊಳ್ಳುವುದಾದರೆ ಇನ್ನೊಂದು ಮಗ್ಗುಲಲ್ಲಿ ನೋxಡಿದಾಗ ನಮ್ಮಲ್ಲಿ ಇದುವರೆಗೆ ಇಲ್ಲದ್ದನ್ನ ಪಡೆದುಕೊಳ್ಳುವುದು ಮರಣ. ಅನ್ನ ಮರಣ ಅಂದ್ರೆ ಇದ್ದದ್ದು ಹೋಗೋದು ಇಲ್ಲದೆ ಇದ್ದದ್ದು ಬರೋದು. ಇದ್ದದ್ದು ಹೋಗೋದಕ್ಕೆ ಅಳ್ತೀರಿ ಅಂತ ಆದ್ರೆ ಇಲ್ಲದೆ ಇದ್ದಿದ್ದು ಬರೋದಕ್ಕೆ ಸಂತೋಷ ಯಾಕೆ ಪಡಬಾರದು. ಆದ್ದರಿಂದ. ಮರಣಕ್ಕೆ ಅಂಜಬಾರದು, ಜ್ಞಾನಿಯಾದವನು, ವಿವೇಕಿಯಾದವನು ಧೀರಹ ತತ್ರ ನಮುಹ್ಯತಿ ಅಂತ.",10120,10864,,,103
kn_gita-5th_video_0015,gita-5th_video,kn,Dvaita,15,"ಈ ಶ್ಲೋಕ ಬಹಳ ಅರ್ಥವತ್ತಾದ ಒಂದು ಪ್ರಮೇಯವನ್ನು ನಮ್ಮ ಮುಂದೆ ಶ್ರೀಕೃಷ್ಣ ಇಲ್ಲಿ ಇಟ್ಟಿದ್ದಾನೆ. ಇದರ ನಂತರ ಇದು ಈ ಎರಡು ವಿಷಯಗಳು ಅರ್ಜುನನಿಗೆ ಗೊತ್ತಿರೋದು. ಆತ್ಮ ನಿತ್ಯ, ದೇಹ ಅನಿತ್ಯ. ಈ ದೇಹ ಹೋದ್ರು ಇನ್ನೊಂದು ದೇಹ ಬರುತ್ತದೆ ಯಾಕೆಂದ್ರೆ ಅವನು ದೇವಲೋಕದಲ್ಲಿದ್ರೆ ಇಂದ್ರ. ಈ ದೇಹವನ್ನು ಪಡೆದು ಬಂದಿದ್ದಾನೆ. ಅಲ್ಲಿಗೆ ಆತ್ಮ ನಿತ್ಯ, ದೇಹ ಅನಿತ್ಯ ಅನ್ನೋ ತತ್ವ ಬಹಳ ಸರಳವಾದ ಆರಂಭದ ಹೆಜ್ಜೆ ಅದು ವೇದಾಂತದಲ್ಲಿ. ಆದ್ದರಿಂದ ಕೃಷ್ಣ ಅರ್ಜುನನಿಗೋಸ್ಕರ ಅದನ್ನು ಹೇಳಬೇಕಾದ ಅಗತ್ಯ ಇಲ್ಲ. ಅರ್ಜುನನನ್ನ ಮುಂದೆ ಇಟ್ಟುಕೊಂಡು ನಮಗೆ ಈ ತತ್ವವನ್ನು ತಿಳಿಸಿದ ಶ್ರೀಕೃಷ್ಣ. ಆದರೆ ಅರ್ಜುನನ ಮತ್ತು ನಮ್ಮ ನಿಮ್ಮೆಲ್ಲರ ಪ್ರಶ್ನೆ ಅಥವಾ ಸತ್ತಾಗ ಆಗುವ ದುಃಖ ಇದಲ್ಲ. ಆತ್ಮ ಸಾಯ್ತಾನೆ ಅಂತಲೂ ನಾವು ಅಳೋದಲ್ಲ. ಈ ದೇಹ ಹೋಗುತ್ತೆ ಅಂತಲೂ ಅಳೋದಲ್ಲ. ಆತ್ಮ ಇನ್ನೊಂದು ಕಡೆ ಹುಟ್ಟುತ್ತಾನೆ. ದೇಹ ಇದು ಹೋದ್ರೆ ಇನ್ನೊಂದು ಬರುತ್ತದೆ. ಅದನ್ನ ದೇಹ ನಾಶಕ್ಕಾಗಿ ಆಗಲಿ ಆತ್ಮ ನಾಶಕ್ಕಾಗಿ ಆಗಲಿ ನಾವು ವ್ಯಥೆ ಪಡೋದಲ್ಲ.",10865,11593,,,105
kn_gita-5th_video_0016,gita-5th_video,kn,Dvaita,16,"ಮತ್ತೆ ಯಾಕೆ ಅಂದ್ರೆ ಇವತ್ತು ನಮ್ಮ ಬಂಧುಗಳು, ಗುರುಗಳು, ಹಿರಿಯರು ನಮ್ಮ ಮುಂದೆ ಇದ್ದಾರೆ. ಅವರ ಸಂಪರ್ಕದಿಂದ, ಅವರ ಒಡನಾಟದಿಂದ, ಅವರ ಜೊತೆ ಬೆರೆತು ಮಾತನಾಡುವುದರಿಂದ ನಾವು ಸುಖವನ್ನು ಸಂತೋಷವನ್ನು ಹಂಚಿಕೊಂಡಿದ್ದೇವೆ. ಈ ದೇಹ ಬಿದ್ದು ಹೋಯಿತು ಅಂದ್ರೆ ಅವರು ಇನ್ನೆಲ್ಲೋ ನಾವು ಇನ್ನೆಲ್ಲೋ ಅವರ ಸಂಪರ್ಕವೇ ನಮಗಿಲ್ಲ. ಇದುವರೆಗೆ ನನ್ನ ತಂದೆ ನನ್ನ ತಾತ ಅಂತ ನಾನು ಆತ್ಮೀಯತೆಯಿಂದ ಗೌರವದಿಂದ ಅವರ ಒಡನಾಟದಿಂದ ಸುಖವನ್ನು ಅನುಭವಿಸಿದ್ದೆ. ಆತ್ಮ ನಿತ್ಯ ಆ ಒಳಗಡೆ ಇರುವ ಆತ್ಮ ಇನ್ನೊಂದು ಕಡೆ ಹುಟ್ಟುತ್ತಾನೆ, ಇನ್ನೊಂದು ಕಡೆ ಹುಟ್ಟುತ್ತಾನೆ, ಎಲ್ಲಿ ಹುಟ್ಟುತ್ತಾನೆ ಅಂತ ನಮಗೆ ಗೊತ್ತಿಲ್ಲ. ಅಂದಮೇಲೆ ನಮಗೂ ಅವನಿಗೂ ಇರುವ ಈ ದೈಹಿಕವಾದ ಸಂಪರ್ಕ ಕಡೆದು ಹೋಗುತ್ತದೆ. ಈ ಕಾರಣಕ್ಕೋಸ್ಕರ ನಮ್ಮ ಆತ್ಮೀಯರು, ಗುರುಹಿರಿಯರು ಗತಿಸಿದಾಗ ನಮಗೆ ದುಃಖವಾಗುವುದು ಸಹಜ. ಅಷ್ಟೇ ಅಲ್ಲ ಅರ್ಜುನನ ವೈಯಕ್ತಿಕ ಸಮಸ್ಯೆ ಇನ್ನೊಂದಿದೆ. ನನ್ನ ತಾತ ನನ್ನನ್ನು ಮುದ್ದಾಡಿದವರು ಅವರು. ಅವರ ಮೈಮೇಲೆ ತೊಡೆ ಮೇಲೆ ಕೂತು ನಾನು ಸಂತಸವನ್ನ ಅನುಭವಿಸಿದ್ದೆ.",11594,12342,,,102
kn_gita-5th_video_0017,gita-5th_video,kn,Dvaita,17,ನನ್ನನ್ನ ಪ್ರೇಮದಿಂದ ಮುದ್ದಿನಿಂದ ಬೆಳೆಸಿದ್ದಾರೆ ಅವರು. ನನ್ನ ಗುರುಗಳು ದ್ರೋಣಾಚಾರ್ಯರು ಪುಟ್ಟ ಪುಟ್ಟ ಕೈಗಳನ್ನ ಎತ್ತಿ ಶಸ್ತ್ರಾಸ್ತ್ರ ವಿದ್ಯೆಯನ್ನ ಹೇಳಿಕೊಟ್ಟಿದ್ದಾರೆ ಅವರು. ನಾನು ಅಂಥವರಿಗೆ ನನ್ನ ಬತ್ತಡಿಕೆಯಿಂದ ಚೂಪಾದ ಬಾಣವನ್ನು ತೆಗೆದು ಗುರಿಯಿಟ್ಟು ಹೊಡೆದಾಗ ಅವರ ದೇಹದಲ್ಲಿ ರಕ್ತ ಸೋರಿದರೆ ನನ್ನ ಕಣ್ಣಲ್ಲಿ ನೀರು ಬರುತ್ತದೆ ಕೃಷ್ಣ. ಆತ್ಮ ಸಾಯುತ್ತದೆ ಅಂತಲೂ ನಾನು ದುಃಖ ಪಡೋದಲ್ಲ. ದೇಹ ಹೋಗ್ತದೆ ಅಂತಲೂ ದುಃಖ ಪಡೋದಲ್ಲ. ನನ್ನನ್ನು ಆತ್ಮೀಯವಾಗಿ ಕಂಡ ನನ್ನನ್ನು ಬೆಳೆಸಿದ ನನಗೆ ವಿದ್ಯೆ ಕೊಟ್ಟ ಹಿರಿಯರು ಗುರುಗಳು ನನ್ನ ಕಾರಣದಿಂದಾಗಿ ಮೈಯಲ್ಲಿ ಗಾಯವನ್ನು ಅನುಭವಿಸಿ ವ್ಯಥೆ ಪಡ್ತಾ ಇದ್ರೆ ನಾನು ಸಹಿಸಿಕೊಳ್ಳುವುದು ಹೇಗೆ? ಇದು ನನ್ನ ದುಃಖಕ್ಕೆ ಕಾರಣ ಅಂತ ಅರ್ಜುನ ಈ ಒಂದು ಪ್ರಶ್ನೆಯನ್ನ ಕೃಷ್ಣನ ಮುಂದಿಟ್ಟರೆ ಅದಕ್ಕೆ 14ನೇ ಶ್ಲೋಕದಲ್ಲಿ ಶ್ರೀಕೃಷ್ಣ ಉತ್ತರವನ್ನು ಕೊಡುತ್ತಾನೆ. ಅದು ಏನು ಅಂತ ಮುಂದಿನ ಭಾಗದಲ್ಲಿ ನಾವು ನೋಡೋಣ. ಈ ಗೀತಾ ಪ್ರತಿಪದಾರ್ಥ ಚಿಂತನೆಯ ಪ್ರವಚನ ಸೇವೆಯನ್ನು ಶ್ರೀಯುತರಾದ ಮರಬೇಕೆರೆ ಮುರಳೀಧರ ರಾವ್ ಅವರು ಇದಕ್ಕೆ ಧನ ಸಹಾಯವನ್ನ ಮಾಡಿ ಪ್ರಾಯೋಜಕರಾಗಿ ಪುಣ್ಯಭಾಜನರಾಗಿದ್ದಾರೆ.,12343,13166,,,107
kn_gita-5th_video_0018,gita-5th_video,kn,Dvaita,18,ಶ್ರೀಕೃಷ್ಣನ ವಿಶೇಷ ಅನುಗ್ರಹ ಅವರಿಗೆ ಆಗಲಿ ಅಂತ ಪ್ರಾರ್ಥಿಸೋಣ. ಶ್ರೀಕೃಷ್ಣಾರ್ಪಣಮಸ್ತು.,13167,13241,,,8
kn_gita-6th_video_0000,gita-6th_video,kn,Dvaita,0,"ಶ್ರೀ ಗುರುಭ್ಯೋ ನಮಃ ಹರಿಃ ಓಂ ಶೋಕಕ್ಕೆ ಕಾರಣವನ್ನು ಕೇಳಿ ಶ್ರೀಕೃಷ್ಣ ಆತ್ಮ ನಿತ್ಯ, ದೇಹ ಬದಲಾಗ್ತಾ ಇರುತ್ತೆ. ಎರಡರ ಕುರಿತು ದುಃಖ ಪಡುವ ಅಗತ್ಯ ಇಲ್ಲ. ಈ ಸಮಾಧಾನವನ್ನು ಎರಡು ಶ್ಲೋಕಗಳಿಂದ ಹೇಳಿ ಇದಕ್ಕೆ ದುಃಖವಲ್ಲ ಬಂಧುಗಳ ವಿಯೋಗ ಆ ಶರೀರದ ಸಂಪರ್ಕ ನಮಗೆ ಕಡಿದು ಹೋಗುತ್ತದೆ. ಅದಕ್ಕಾಗಿ ಶೋಕ ಅಂತ ಅರ್ಜುನನ ಆಶಂಕೆಗೆ ಈ ಶ್ಲೋಕದಲ್ಲಿ 14ನೇ ಶ್ಲೋಕದಲ್ಲಿ ಶ್ರೀಕೃಷ್ಣ ಉತ್ತರವನ್ನು ಕೊಡ್ತಾ ಇದ್ದಾನೆ. ಮಾತ್ರಾಸ್ಪರ್ಶಾಸ್ತು ಕೌಂತೇಯ ಶೀತೋಷ್ಣ ಸುಖ ದುಃಖದಾಹ ಆಗಮಾಪಾಯಿನೋ ನಿತ್ಯಾಹ ತಾಂತಿತಿಕ್ಷಸ್ವ ಭಾರತ ಪದವಿಭಾಗ ಮಾತ್ರಾಸ್ಪರ್ಶಾಹ ತು ಕೌಂತೇಯ ಶೀತೋಷ್ಣ ಸುಖ ದುಃಖದಾಹ ಅದು ಒಂದೇ ಪದ ಆಗಮಾಪಾಯಿನಹ ಅನಿತ್ಯಾಹ ತಾನ್ ತಿತಿಕ್ಷಸ್ವ ಭಾರತ ಈ ಶ್ಲೋಕ ಯಾಕೆ ಹೊರಟಿದೆ ಅನ್ನೋದನ್ನ ಶ್ರೀ ರಾಘವೇಂದ್ರ ಸ್ವಾಮಿಗಳು ಗೀತಾರ್ಥ ಸಂಗ್ರಹದಲ್ಲಿ ತಿಳಿಸ್ತಾ ಇದ್ದಾರೆ ತಥಾಪಿ ತನ್ಮೃತೌ ಆದರೂ ಅಂದ್ರೆ ಅವರಿಗೆ ಆತ್ಮ ನಿತ್ಯ ದೇಹ ಇನ್ನೊಂದು ಬರುತ್ತದೆ ಆದರೂ ತನ್ಮೃತೌ ಈ ದೇಹ. ನಾಶವಾದರೆ ಮಮೈವ ಸುಖ ಹಾನಿಹಿ ದುಃಖ ಪ್ರಾಪ್ತಿಶ್ಚಸ್ಯಾತ್ ನನಗೆ ಸುಖ ಹಾನಿ ಆಗ್ತದೆ ಇದ್ದ ಸುಖ ಹೋಗ್ತದೆ ದುಃಖ ಬರ್ತದೆ.",0,793,,,113
kn_gita-6th_video_0001,gita-6th_video,kn,Dvaita,1,"ಯಾಕೆ ತದ್ದೇಹ ದರ್ಶನ ಸ್ಪರ್ಶನ ಸಂಭಾಷಣಾದೇಹೆ ಸುಖ ಹೇತೋಹೋ ಅಭಾವ ಅವರ ದೇಹ ನಮ್ಮ ತಾತಂದಿರ ಗುರುಹಿರಿಯರ ದೇಹದ ದರ್ಶನ ಸ್ಪರ್ಶನ ಅವರ ಜೊತೆ ಸಂಲಾಪ ಮಾತನಾಡುವುದು. ಇದರಿಂದ ಏನೋ ಒಂದು ಖುಷಿ ಇತ್ತು ನನಗೆ. ಆ ಖುಷಿ ಮುಂದೆ ಹೋಗ್ತದೆ, ಸಂತೋಷ ಹೋಯಿತು. ಛೇದ ಭೇದಾದಿನ ವಿಕೃತ ತದ್ದೇಹ ದರ್ಶನಸ್ಯ ದುಃಖ ಶೇತೋಹೋ ಭಾವ. ದುಃಖ ಯಾಕೆ ಅಂದ್ರೆ ಶಸ್ತ್ರಗಳಿಂದ ಚಿನ್ನವಾದ ಗಾಯಗೊಂಡ ರಕ್ತ ಸುರಿಯುವ ಅವರ ವಿಕೃತ ದೇಹದಿಂದ ದೇಹದ ದರ್ಶನದಿಂದ ನನಗೆ ಕಣ್ಣಲ್ಲಿ ನೀರು ಬರುತ್ತೆ ಅಳು ಬರುತ್ತೆ ಕೃಷ್ಣ. ಹೀಗೆ ಅವರ ದೇಹದಲ್ಲಾಗುವ ಗಾಯದಿಂದ ತೊಂದರೆಯಿಂದ ನನಗೆ ದುಃಖ ಅವರ ಸಂಪರ್ಕ ಕಡಿದು ಹೋಗುವುದರಿಂದ ಸುಖದ ಹಾನಿ. ಇದಕ್ಕಾಗಿ ನಾನು ಅಳುತ್ತೇನೆ ಶೋಕ. ಇದಕ್ಕೆ ಕೃಷ್ಣನ ಉತ್ತರ ಈ ಶ್ಲೋಕ. ಪ್ರಾಯಃ ಭಗವದ್ಗೀತೆಯಲ್ಲಿ ಶಬ್ದಗಳು ಬಹಳ ಸರಳವಾಗಿ ಇರುತ್ತದೆ, ಆಡು ಭಾಷೆಯ ಶಬ್ದಗಳು. ಅದಕ್ಕೆ ಅಪವಾದ ಎಂಬಂತೆ ಇಲ್ಲೊಂದು ಶಬ್ದ ಇದೆ ಮಾತ್ರಾಸ್ಪರ್ಶಾಃ. ಇದು ಸರಳವಾದ ಶಬ್ದ ಅಲ್ಲ ಶಾಸ್ತ್ರೀಯವಾದ ಶಬ್ದ.",794,1497,,,104
kn_gita-6th_video_0002,gita-6th_video,kn,Dvaita,2,"ಇಲ್ಲಿ ಮಾತ್ರ ಶಬ್ದಕ್ಕೆ ಆಡು ಭಾಷೆಯಲ್ಲಿ ಸಂಸ್ಕೃತದ ಭಾಷೆಯಲ್ಲಿ ಏನು ಅರ್ಥ ಇದೆಯೋ ಆ ಅರ್ಥ ಅಲ್ಲ. ಮೀಯಂತೆ ಇತಿ ಮಾತ್ರಾಹ. ಅಂದ್ರೆ ನಾವು ಯಾವುದನ್ನು ತಿಳಿದುಕೊಳ್ಳುತ್ತೇವೋ ವಿಷಯ ಪದಾರ್ಥಗಳು ಅಂತ ಅದಕ್ಕೆ ಶಾಸ್ತ್ರದಲ್ಲಿ ಹೆಸರು. ಕಣ್ಣು ಬಣ್ಣವನ್ನು ನೋಡುತ್ತದೆ, ವಸ್ತುಗಳನ್ನು ಗ್ರಹಿಸುತ್ತದೆ. ಕಿವಿ ಸಂಗೀತವನ್ನು ಕೇಳುತ್ತದೆ ಅಂದ್ರೆ ಇಂಪಾದ ಶಬ್ದವನ್ನು ಕೇಳುತ್ತದೆ. ಮೂಗು ಪರಿಮಳವನ್ನು ತಿಳಿದುಕೊಳ್ಳುತ್ತದೆ, ನಾಲಿಗೆ ರುಚಿಯನ್ನ. ನಮ್ಮ ದೇಹದ ತ್ವಗೇಂದ್ರಿಯ ಬಿಸಿ ತಣ್ಣಗೆ ಇವುಗಳ ಸಂವೇದನೆಯನ್ನ ನಮಗೆ ಕೊಡುತ್ತವೆ. ಈ ಇಂದ್ರಿಯಗಳು ಗ್ರಹಿಸುವ ವಸ್ತುಗಳೇನಿದೆಯೋ ಅದನ್ನ ಮಾತ್ರ ಅನ್ನೋ ಶಬ್ದದಿಂದ ಭಗವದ್ಗೀತೆ ಇಲ್ಲಿ ಕರೆದಿವೆ. ನಮ್ಮ ಪಂಚೇಂದ್ರಿಯಗಳು ಗ್ರಹಿಸುವ ವಿಷಯಗಳು, ವಸ್ತುಗಳು, ರೂಪ, ರಸ, ಗಂಧ, ಶಬ್ದ, ರುಚಿ, ಬಿಸಿ ತಂಡಿ ಇವೆಲ್ಲ ಮಾತ್ರ. ಸ್ಪರ್ಶ ಅಂದ್ರೆ ಅದರ ಸಂಬಂಧ. ಟಚ್ ಅಂತ ಅರ್ಥ ಸ್ಪರ್ಶ ಶಬ್ದಕ್ಕೆ. ಕಣ್ಣಿಗೆ ಕೆಂಪಾದ ಒಂದು ರೂಪದ ಸಂಬಂಧ ಅದನ್ನ ನೋಡಿದೆವು ಅಂತ ಅರ್ಥ. ಕಿವಿಗೆ ಇಂಪಾದ ಶಬ್ದ ಸೋಂಕು ಅದರ ಸಂಬಂಧ ಆಗೋದು.",1498,2257,,,102
kn_gita-6th_video_0003,gita-6th_video,kn,Dvaita,3,"ಇದನ್ನ ಮಾತ್ರ ಸ್ಪರ್ಶ. ನಮ್ಮ ಇಂದ್ರಿಯಗಳಿಗೆ ಅವುಗಳಿಗೆ ಸಂಬಂಧಪಟ್ಟ ವಿಷಯದೊಂದಿಗೆ ಆಗುವ ಏರ್ಪಡುವ ಸಂಬಂಧ ಏನಿದೆಯೋ ಅದನ್ನ ಮಾತ್ರ ಸ್ಪರ್ಶ ಅಂತಾರೆ. ಭಗವದ್ಗೀತೆಯಲ್ಲಿ ಕರೆದಿದ್ದಾರೆ. ಕಣ್ಣು ಬಣ್ಣವನ್ನು ನೋಡೋದು, ಕಿವಿ ಶಬ್ದವನ್ನು ಕೇಳೋದು, ಮೂಗು ಪರಿಮಳವನ್ನು ಗ್ರಹಿಸೋದು. ಈ ಆಯಾಯ ಇಂದ್ರಿಯಗಳಿಗೆ ಅವುಗಳಿಗೆ ಸಂಬಂಧಪಟ್ಟ ವಸ್ತುಗಳೊಂದಿಗೆ ಆಗುವ ಸಂಪರ್ಕ ಏನಿದೆಯೋ ಅದು ಮಾತ್ರ ಸ್ಪರ್ಶಾಹ. ಕೌಂತೇಯ ಕುಂತಿಯ ಮಗನೇ ಅಂತ ಅರ್ಜುನನಿಗೆ ಸಂಬೋಧನೆ ಕೃಷ್ಣನದು. ಶೀತ, ಉಷ್ಣ, ಸುಖ, ದುಃಖದ. ಉದಾಹರಣೆಗೆ ತ್ವಗಿಂದ್ರಿಯಕ್ಕೆ ನಮ್ಮ ಮೈಗೆ. ಚಳಿಗಾಲದಲ್ಲಿ ಬಿಸಿಯ ಸಂಪರ್ಕವಾದರೆ ಆವಾಗ ಚಳಿಗಾಲದಲ್ಲಾದರೆ ಸುಖ. ಬೇಸಿಗೆಗಾಲದಲ್ಲಿ ಅದೇ ಬಿಸಿಯ ಸಂಪರ್ಕವಾದರೆ ದುಃಖ. ಅದರಂತೆ ತ್ವಗೇಂದ್ರಿಯಕ್ಕೆ ಚಳಿಗಾಲದಲ್ಲಿ ತಣ್ಣಗಿನ ವಸ್ತುವಿನ ಸಂಪರ್ಕವಾದರೆ ದುಃಖ. ಸೆಕೆಗಾಲದಲ್ಲಿ ಅದೇ ಶೀತ ವಸ್ತುವಿನ ಸಂಪರ್ಕವಾದರೆ ಸುಖ. ಅಲ್ಲಿಗೆ ಒಂದು ಇಂದ್ರಿಯವನ್ನು ತಗೊಂಡಿದ್ದಾನೆ ಶ್ರೀಕೃಷ್ಣ ಇಲ್ಲಿ. ನಮ್ಮ ತ್ವಗಿಂದ್ರಿಯಕ್ಕೆ ಶೀತ, ಉಷ್ಣ ಇವುಗಳ ಸಂಪರ್ಕವಾದಾಗ ಆ ಬಿಸಿ ಮತ್ತು ತಂಡಿಯ ಅನುಭವ ನಮಗಾಗುತ್ತೆ. ವಿಷಯ ಅನುಭವದಿಂದ ಕೆಲವು ಕಾಲದಲ್ಲಿ ಸುಖ, ಕೆಲವು ಕಾಲದಲ್ಲಿ ದುಃಖ.",2258,3100,,,104
kn_gita-6th_video_0004,gita-6th_video,kn,Dvaita,4,"ತಣ್ಣಗೆ ವಸ್ತುವಿನ ಅನುಭವದಿಂದ, ತಂಡಿಯ ಅನುಭವದಿಂದ ಒಂದು ಕಾಲದಲ್ಲಿ ಸುಖ, ಒಂದು ಕಾಲದಲ್ಲಿ ದುಃಖ. ಹೀಗೆ. ಇಂದ್ರಿಯಗಳಿಗೆ ವಿಷಯದ ಸಂಪರ್ಕವು ಆ ವಿಷಯ ವಸ್ತುವಿನ ಜ್ಞಾನವನ್ನು ತಿಳುವಳಿಕೆಯನ್ನು ನಮಗೆ ಉಂಟುಮಾಡಿ ಆ ಮೂಲಕ ನಮಗೆ ಸುಖವನ್ನು ದುಃಖವನ್ನು ಉಂಟುಮಾಡುತ್ತವೆ. ಇದು ವಸ್ತುಸ್ಥಿತಿ. ಕಣ್ಣಿಗೆ ಇಲ್ಲಿ ಚರ್ಮಕ್ಕೆ ತ್ವಗೇಂದ್ರಿಯಕ್ಕೆ ಹೇಳಿದ್ದಾನೆ ಶ್ರೀಕೃಷ್ಣ. ಇದನ್ನ ಕಣ್ಣಿಗೆ. ಅಪ್ಲೈ ಮಾಡಿದ್ರೆ ಅಂದ್ರೆ ಅನ್ವಯಿಸಿದ್ರೆ ಕಣ್ಣಿಗೆ ಒಂದು ದೃಶ್ಯ ಒಂದು ಘಟನೆಯನ್ನ ಕಣ್ಣು ನೋಡ್ತು. ಕಣ್ಣಿಗೂ ಆ ಘಟನೆಗೂ ಸಂಪರ್ಕ ಬಂತು. ಅದು ಒಳ್ಳೆಯ ಘಟನೆಯಾದರೆ, ಆ ಘಟನೆಯ ಅನುಭವ ನಮಗೆ ಬಂದು ಸಮ್ಮೇದನೆ ಬಂದು, ಅದು ಒಳ್ಳೆಯ ಘಟನೆ ಆದ್ರಿಂದ ಸುಖ ಆಗುತ್ತೆ. ದುರ್ಘಟನೆಯಾದರೆ ಅದನ್ನ ಕಣ್ಣಿಂದ ನೋಡಿದ್ರೆ ಅದರ ಅನುಭವ ನಮಗೆ ಬಂದು ಅದರಿಂದ ದುಃಖ ಆಗ್ತದೆ. ಹೀಗೆ ಎಲ್ಲ ಇಂದ್ರಿಯಕ್ಕೂ ಕಿವಿಗೂ ನಾಲಿಗೆಗೂ. ನಾಲಿಗೆಗೆ ಸಿಹಿಯಾದ ಪದಾರ್ಥದ ಸಂಬಂಧ ಬಂದ್ರೆ, ಬೆಲ್ಲ ಹಾಕೊಂಡ್ರೆ ಸಿಹಿಯ ಅನುಭವ ಆಗ್ತದೆ. ಅದರಿಂದ ಸುಖ ಆಗುತ್ತೆ. ಖಾರವಾದ ಮೆಣಸಿನ ಸಂಪರ್ಕವಾದರೆ ಆ ಖಾರದ ಅನುಭವ ಬರ್ತದೆ.",3101,3879,,,106
kn_gita-6th_video_0005,gita-6th_video,kn,Dvaita,5,"ಅನುಭವ ಅಂದ್ರೆ ಜ್ಞಾನ ಬರ್ತದೆ. ಅದರಿಂದ ದುಃಖ ಆಗ್ತದೆ. ಹೀಗೆ ಆಯಾಯ ಇಂದ್ರಿಯಗಳಿಗೆ ಅವುಗಳಿಗೆ ಸಂಬಂಧಪಟ್ಟ ವಸ್ತುಗಳ ವಿಷಯಗಳ ಪದಾರ್ಥಗಳ ಸಂಬಂಧ ಬಂದಾಗ ಆತ್ಮನಿಗೆ ಸಂಬಂಧ ಬಂದಿದ್ದು ಇಂದ್ರಿಯಗಳಿಗೆ ಆದ್ದರಿಂದ ಆತ್ಮನಲ್ಲಿ ಅವುಗಳ ಜ್ಞಾನ ಬಂದು ಆ ಮೂಲಕ ಆ ಜ್ಞಾನವು ನಮಗೆ ಬೇಕಾದ ವಸ್ತುವಿನದ್ದಾದರೆ ಸುಖ. ಬೇಡವಾದ ವಸ್ತುವಿನದ್ದಾದರೆ ದುಃಖ. ಹೀಗೆ ಇಂದ್ರಿಯದ ಸಂಪರ್ಕವು ವಿಷಯ ವಸ್ತುಗಳ ಜ್ಞಾನವನ್ನು ಉಂಟುಮಾಡುತ್ತದೆ. ಮಾಡುವ ಮೂಲಕ ಆತ್ಮನ ಸುಖಕ್ಕೋ ದುಃಖಕ್ಕೋ ಕಾರಣವಾಗ್ತವೆ. ಇದು ಪೂರ್ವಾರ್ಥದ ಅರ್ಥ. ಇಷ್ಟೇ ಅರ್ಥವನ್ನು ನಾವು ಹೇಳಿದರೆ ಅರ್ಜುನನ ಆಶಂಕೆಗೆ ಸಂದೇಹಕ್ಕೆ ಅವನ ಪ್ರಶ್ನೆಗೆ ಇಲ್ಲಿ ಉತ್ತರ ಇಲ್ಲ. ಎಲ್ಲ ಭಾಷ್ಯಕಾರರು. ವಿಷಯ ಸಂಬಂಧವು ಜ್ಞಾನದ ಮೂಲಕ ಆತ್ಮನ ಸುಖ ದುಃಖಗಳಿಗೆ ಕಾರಣ ಅಂತ ಈ ಪೂರ್ವಾರ್ಧಕ್ಕೆ ಅರ್ಥ ಮಾಡಿದ್ದಾರೆ. ಆದರೆ, ಆಚಾರ್ಯರ ಮಾಧ್ವ ಭಾಷ್ಯದಲ್ಲಿ ಮಾತ್ರಾಸ್ಪರ್ಶಾಸ್ತು ತು ಅನ್ನೋದಕ್ಕೆ ಏವ ಅಂತ ಅರ್ಥ. ಅದನ್ನ ಕಾಕು ಸ್ವರದಲ್ಲಿ ಹೇಳಬೇಕು. ಅರ್ಜುನ, ವಿಷಯ ಸಂಬಂಧವೇ ಸುಖ ದುಃಖಗಳಿಗೆ ಕಾರಣ.",3880,4623,,,100
kn_gita-6th_video_0006,gita-6th_video,kn,Dvaita,6,"ಆ ಕಾರಣ ಅಂತ ನಿಲ್ಲಿಸೋದಕ್ಕೂ ಕಾರಣ ಅಂತ ಆ ಕಾಕು ಸ್ವರ ಹಿಡಿಯೋದಕ್ಕೂ ವ್ಯತ್ಯಾಸ ಇದೆ. ವಿಷಯ ಸಂಪರ್ಕವು ಸುಖ ದುಃಖಗಳಿಗೆ ಕಾರಣವಾಗಿದೆ. ಇದೊಂದು ಸ್ಟೇಟ್ಮೆಂಟ್ ಇದು. ವಸ್ತುಸ್ಥಿತಿ ಕಥನ. ವಿಷಯ ಸಂಬಂಧ ಅಷ್ಟೇ ಸುಖ ದುಃಖಗಳಿಗೆ ಕಾರಣ ಅಲ್ಲ. ಈ ಕಾಕುವಿನ ಅಭಿಪ್ರಾಯ ನೆಗೇಶನ್. ಅಂದ್ರೆ, ವಿಷಯದ ಸಂಪರ್ಕವಷ್ಟೇ ಸುಖ ದುಃಖಗಳಿಗೆ ಕಾರಣವೋ ಅರ್ಜುನ? ಅಲ್ಲ ಇನ್ನೇನೋ ಬೇರೆ ಇದೆ. ಅದು ಆಚಾರ್ಯರು ತಮ್ಮ ಭಾಷ್ಯದಲ್ಲಿ ಈ ಅರ್ಥವನ್ನು ಹೇಳುವ ಮೂಲಕ ಈ ಶ್ಲೋಕಕ್ಕೆ ಒಂದು ಅಪೂರ್ವವಾದ ಗೀತೆಯ ಭಾವವನ್ನು ಹೊರತೆಗೆಯುವುದಕ್ಕೆ ದೊಡ್ಡ ಕಾಣಿಕೆಯನ್ನು ಕೊಟ್ಟಿದ್ದಾರೆ. ಅಲ್ಲಿಗೆ ಇಂದ್ರಿಯ ಮತ್ತು ಅವುಗಳ ಸಂಬಂಧವಷ್ಟೇ. ಜ್ಞಾನದ ಮೂಲಕ ನಮಗೆ ಸುಖ ದುಃಖಗಳಿಗೆ ಕಾರಣವಾಗುತ್ತೆ ಅನ್ನೋದು ತಪ್ಪು. ಅದರ ಜೊತೆ ಇನ್ನೊಂದೇನೋ ಸೇರಿದೆ. ಇವಿಷ್ಟು ಪೂರ್ವಾರ್ಥದ ಅರ್ಥ. ಏನದು ಸೇರಿದೆ? ನೋಡಿ. ಒಂದು ಸೇಬು ಹಣ್ಣು. ನನ್ನ ಎದುರುಗಡೆ ಹಣ್ಣಿದೆ. ಆ ಹಣ್ಣನ್ನ ನಾನು ಕಣ್ಣಿಂದ ನೋಡ್ದೆ. ನನಗೆ ಆ ಸೇಬು ಹಣ್ಣಿನ ರುಚಿ ಹಿಡಿಸಲ್ಲ.",4624,5343,,,102
kn_gita-6th_video_0007,gita-6th_video,kn,Dvaita,7,"ಅಂದಮೇಲೆ ಆ ಹಣ್ಣಿನ ಅನುಭವ ನನಗಾಯಿತು. ಆದರೆ ಅದನ್ನು ತಗೊಳ್ಳಬೇಕು ಅಂತ ನನಗೆ ಅನಿಸಿಲ್ಲ. ಅದರ ಮೇಲೆ ಆಸೆ ಹುಟ್ಟಿಲ್ಲ. ನನಗೆ ಅದು ಸುಖವನ್ನು ಕೊಡುವುದಿಲ್ಲ. ಅದೇ ಸೇಬು ಹಣ್ಣನ್ನ ತುಂಬಾ ಇಷ್ಟಪಡುವ ಅದರ ರುಚಿಯನ್ನು ಇಷ್ಟಪಡುವ ಒಬ್ಬ ವ್ಯಕ್ತಿಗೆ ಆ ಸೇಬು ಹಣ್ಣಿನ ಜ್ಞಾನ. ಅದನ್ನ ತಗೊಳೋಣ ಅಂತ ಮನಸ್ಸು ಕೊಡುತ್ತದೆ, ತಿಂತಾನೆ ಸುಖ ಬರುತ್ತದೆ. ನಾನು ತಿನ್ನುತ್ತೇನೆ ಥೂ ಅಂತ ಉಗುಳುತ್ತೇನೆ, ನನಗೆ ದುಃಖಕ್ಕೆ ಕಾರಣವಾಗುತ್ತದೆ. ಅದೇ ಹಣ್ಣು ಮತ್ತೊಬ್ಬನ ಸುಖಕ್ಕೆ ಕಾರಣವಾಗುತ್ತದೆ. ಹಾಗಾದರೆ ವಿಷಯದ ಸಂಪರ್ಕವಷ್ಟೇ ಸುಖ ದುಃಖಗಳಿಗೆ ಕಾರಣ ಆಗೋದಾದ್ರೆ, ನಾನು ಸೇಬು ಹಣ್ಣನ್ನ ಸವಿದೆ, ಅವನು ಸೇಬು ಹಣ್ಣನ್ನ ಸವಿದ, ಒಬ್ಬನಿಗೆ ಸುಖ ಆಯ್ತು ಒಬ್ಬನಿಗೆ ದುಃಖ ಆಯ್ತು ಯಾಕೆ? ಆದ್ದರಿಂದ ಸೇಬು ಹಣ್ಣನ್ನ ತಿನ್ನೋದೇ ಸುಖ ದುಃಖಗಳಿಗೆ ಕಾರಣವೋ ಅರ್ಜುನ? ಅಲ್ಲ. ಯಾಕೆಂದರೆ ಇಬ್ಬರು ತಿಂದಿದ್ದಾರೆ. ಒಬ್ಬನಿಗೆ ಸುಖ ಆಯ್ತು, ಒಬ್ಬನಿಗೆ ದುಃಖ ಆಯ್ತು. ಯಾಕಿದು? ಆದ್ದರಿಂದ. ಸೇಬು ಹಣ್ಣಿನ ಸವಿಯ ಆಸ್ವಾದನೆ ಅಷ್ಟೇ ಸುಖ ದುಃಖಗಳಿಗೆ ಕಾರಣ ಅಲ್ಲ, ಮತ್ತೆ ಅದರ ಮೇಲೆ ನನಗೆ ಬೇಕು ಅನ್ನೋ ಆತ್ಮನ ಆಸೆ ಇರಬೇಕು ಅದನ್ನ ಅಭಿಮಾನ ಅಂತ ಹೇಳ್ತಾರೆ.",5344,6167,,,118
kn_gita-6th_video_0008,gita-6th_video,kn,Dvaita,8,"ವಿಷಯಾಭಿಮಾನ ಅಂತ ಹೇಳ್ತಾರೆ. ಅದು ನನಗೆ ಬೇಕು, ನನಗೆ ಇಷ್ಟವಾದದ್ದು. ಸೇಬು ಹಣ್ಣು ನನಗೆ ಇಷ್ಟ ಅಂತ ಆದಾಗ ತಿಂದಾಗ ಸುಖ ಆಗುತ್ತೆ. ಸೇಬು ಹಣ್ಣು ಅನಿಷ್ಟ ಅಂತ ಆದಾಗ ತಿಂದಾಗ ದುಃಖ ಆಗುತ್ತೆ. ಹಾಗಾದರೆ ಸೇಬು ಹಣ್ಣು ತಿನ್ನೋದೇ ಸುಖ ದುಃಖಕ್ಕೆ ಕಾರಣ ಅಲ್ಲ. ಆ ಹಣ್ಣಿನ ಮೇಲೆ ಇಷ್ಟ ಇದ್ರೆ ಅದು ಸುಖಕ್ಕೆ ಕಾರಣ ಆಗುತ್ತೆ. ಅದು ಬೇಡ ಅಂತ ಇದ್ದವನಿಗೆ ದುಃಖಕ್ಕೆ ಕಾರಣವಾಗುತ್ತದೆ. ಅಲ್ಲಿಗೆ ವಿಷಯ ಸಂಪರ್ಕವೇ ಸುಖ ದುಃಖಗಳಿಗೆ ಕಾರಣ ಅಲ್ಲ. ಆ ವಿಷಯದ ಮೇಲೆ ಇರುವ ಅಭಿಮಾನ ಅದು ವಿಷಯ ಸಂಪರ್ಕದ ಜೊತೆ ಸೇರಿದಾಗ ಸುಖ ದುಃಖಗಳಿಗೆ ಕಾರಣವಾಗುತ್ತದೆ ಅರ್ಜುನ. ಅಲ್ಲಿಗೆ ನಮ್ಮ ಸುಖ ದುಃಖಗಳಿಗೆ ಮೂಲ ಕಾರಣ ಒಂದು ಘಟನೆಯನ್ನು ನೋಡೋದಷ್ಟೇ ಅಲ್ಲ. ಮತ್ತೆ ಆ ಯಾರ ಕುರಿತಾದ ಆ ಘಟನೆ ಆ ವ್ಯಕ್ತಿಯ ಮೇಲೆ ನನ್ನವನು ಅಂತ ಅಭಿಮಾನ ಇದ್ರೆ ಅದು ಒಳ್ಳೆ ಘಟನೆ ಆದರೆ ಸುಖ ಆಗುತ್ತೆ, ಕೆಟ್ಟ ಘಟನೆ ಆದರೆ ದುಃಖ ಆಗುತ್ತೆ.",6168,6808,,,103
kn_gita-6th_video_0009,gita-6th_video,kn,Dvaita,9,"ನನ್ನವನು ಅನ್ನೋ ಅಭಿಮಾನ ಇಲ್ಲವೋ, ಒಳ್ಳೆಯದಾದರೂ ಸುಖ ಇಲ್ಲ, ಕೆಟ್ಟದಾದರೂ ದುಃಖ ಇಲ್ಲ. ನೋಡಿ, ಸರಳವಾದ ಒಂದು ಉದಾಹರಣೆ. ನಾನು ರಸ್ತೆಯಲ್ಲಿ ದಾರಿಯಲ್ಲಿ ಹೋಗ್ತಾ ಇರುವಾಗ ಒಂದು ಮಗು ಬಿತ್ತು ಗಾಯವಾಯಿತು. ನಾನು ಎತ್ತಿದೆ, ನೋಡಿ ನಿಮ್ಮ ಮಗು ಬಿದ್ದಿದೆ ಅಂತ ಅವರ ಮನೆಗೆ ಒಪ್ಪಿಸಿಬಿಟ್ಟೆ. ಅದು ಮನಸ್ಸಿನಿಂದ ಮರೆತು ಹೋಯಿತು ನನಗೆ. ಆದರೆ ಆ ಬಿತ್ತ ಮಗು ನನ್ನ ಮಗು ಆಗಿದ್ರೆ ನಾನು ಅಲ್ಲೇ ಮುಗಿಸೋದಿಲ್ಲ. ಅದರ ಗಾಯಕ್ಕೆ ವೈದ್ಯರ ಬಳಿಗೆ ಕರ್ಕೊಂಡು ಹೋಗಿ ಚಿಕಿತ್ಸೆ ಕೊಡ್ಸಿ ಅದಕ್ಕೆ ಗಾಯ ಆಳವಾದ್ದಾಗಿದ್ರೆ ಅದರ ಅಡುವಿನ ಜೊತೆ ನಾನು ಅಳ್ತೇನೆ. ಅಲ್ಲಿಗೆ ಮಗು ಬಿದ್ದಿದ್ದು ಎರಡು ಕಡೆಯಲ್ಲೂ ಒಂದೇ. ಮತ್ತೊಬ್ಬರ ಮಗು ಬಿದ್ದಿದ್ದೆ, ನನ್ನ ಮಗು ಬಿದ್ದಿದ್ದೆ. ಒಂದು ಮಗು ಬಿದ್ದಾಗ ಅದರ ಅಳುವಿಗೆ ನಾನು ಅತ್ತೆ. ಇನ್ನೊಂದು ಮಗು ಬಿದ್ದಾಗ ಅದು ಅಳ್ತು ನಾನು. ಉದಾಸೀನನಾಗಿದ್ದೆ ಆ ಮಗುವಿನ ತಂದೆ ತಾಯಿಗೆ ಒಪ್ಪಿಸಿದೆ. ಹಾಗಾದರೆ ಮಗು ಬಿದ್ದದ್ದನ್ನ ನೋಡಿದ್ದಷ್ಟೇ ನನ್ನ ಸುಖ ದುಃಖಗಳಿಗೆ ಕಾರಣ ಅಲ್ಲ, ಆ ಮಗು ನನ್ನದು ಅನ್ನೋ ಅಭಿಮಾನ ಇದ್ದಾಗ ಸುಖವೋ ದುಃಖವೋ ಆಗ್ತದೆ.",6809,7580,,,113
kn_gita-6th_video_0010,gita-6th_video,kn,Dvaita,10,"ನನ್ನದು ಅನ್ನೋ ಅಭಿಮಾನ ಬಿಟ್ಟಾಗ ಸುಖವೂ ಇಲ್ಲ ದುಃಖವೂ ಇಲ್ಲ. ನಾವು ಬಾಡಿಗೆ ಮನೆಯಲ್ಲಿ ವಾಸ ಮಾಡುತ್ತೇವೆ. ನನ್ನದಲ್ಲ ಅಂತಲೇ ಇವತ್ತಲ್ಲ ನಾಳೆ ಇದನ್ನು ಬಿಟ್ಟು ಹೋಗಬೇಕು ಅಂತಲೇ. ನಮ್ಮ ಅನುಕೂಲತೆಗಾಗಿ ದೊಡ್ಡ ಒಂದು ಮೊಳೆ ಹಿಡಿದು ಪಟಾಪಟ ಅಂತ ಗೋಡೆಗೆ ಬಡಿಯುತ್ತೇವೆ ನಾವು. ಯಾವ ಮುಲಾಜು ಇಲ್ಲ. ಅದೇ ನಾವು ಸ್ವಂತ ಮನೆಯನ್ನ ನಿರ್ಮಿಸಿ ಅಲ್ಲಿ ನಮ್ಮ ಅಗತ್ಯಕ್ಕೆ ದೊಡ್ಡ ಮೊಳೆಯನ್ನ ಹೊಡೆದರೆ ಗೋಡೆಗೆ ಮೊಳೆ ಹೊಡೆದ ಏಟು ನಮ್ಮ ಎದೆಗೆ ಹೊಡೆದಷ್ಟು ದುಃಖ ಆಗುತ್ತೆ. ಯಾಕೆ ಅದು ನನ್ನ ಮನೆ. ಹಾಗಾದರೆ ಮನೆಗೆ ಮೊಳೆ ಹೊಡೆಯುವುದೇ ದುಃಖಕ್ಕೆ ಕಾರಣವಲ್ಲ. ಅದು ಬೇರೆಯವರ ಮನೆ ಆದರೆ ನನಗೆ ದುಃಖ ಇಲ್ಲ. ನನ್ನ ಮನೆ ಅಂತ ಆ ಮನೆಯ ಮೇಲೆ ಅಭಿಮಾನ ನನಗೆ ಇದ್ದರೆ ಆವಾಗ ಅದು ನನಗೆ ನೋವು ಕೊಡುತ್ತದೆ. ಅರ್ಜುನ. ವಿಷಯದ ಅನುಭವ ಅಷ್ಟೇ ನಮ್ಮ ಸುಖ ದುಃಖಗಳಿಗೆ ಕಾರಣ ಅಲ್ಲ, ವಿಷಯದ ಮೇಲೆ ನಮಗೆ ಇರುವ ನನ್ನದು ಅನ್ನೋ ಅಭಿಮಾನ ಏನಿದೆಯೋ ಇದು ಸುಖ ದುಃಖಕ್ಕೆ ಕಾರಣ.",7581,8260,,,107
kn_gita-6th_video_0011,gita-6th_video,kn,Dvaita,11,"ಇವಾಗ ಇದನ್ನ ಅರ್ಜುನನ ಪ್ರಶ್ನೆಗೆ ಅನ್ವಯಿಸೋಣ. ಬಂಧುಗಳು, ಗುರುಹಿರಿಯರು ಅವರ ದೇಹಕ್ಕೆ ನೋವಾದಾಗ ನನ್ನ ಕಣ್ಣಲ್ಲಿ ನೀರು ಬರುತ್ತದೆ. ಅವರ ಜೊತೆ ಸಂಪರ್ಕದಿಂದ ಸಂಭಾಷಣೆಯಿಂದ ನನಗೆ ಸುಖ ಆಗುತ್ತೆ ಅಂತೆ. ನೋಡು, ನಿನ್ನ ಗುರುಗಳಿಗೆ ಹೊಡೆದಾಗ ನಿನಗೆ ನೋವಾಗುತ್ತೆ. ಅವರ ದೇಹಕ್ಕೆ ಛೇದವಾದರೂ ನಿನ್ನ ಕಣ್ಣಲ್ಲಿ ನೀರು ಬರುತ್ತೆ. ಯಾಕೆ? ನನ್ನ ಗುರು, ನನ್ನ ತಾತ. ಅದೇ ಅವರ ಪಕ್ಕದಲ್ಲಿರುವ ಒಬ್ಬ ಯೋಧನನ್ನ ಗುರಿಯಿಟ್ಟು ಹೊಡೆದು ಬಾಣವನ್ನ ಚುಚ್ಚಿ ವಿಲವಿಲಾ ಅಂತ ಅವನು ನಿನ್ನ ಎದುರುಗಡೆ ಒದ್ದಾಡ್ತಾ ಇದ್ರು, ನಿನ್ನ ಕಣ್ಣಲ್ಲಿ ನೀರು ಬರಲ್ಲ ಅರ್ಜುನ. ಯಾಕೆ? ನನ್ನ ಅನ್ನೋ ಅಭಿಮಾನ ಇಲ್ಲ. ಹಾಗಾದರೆ ಗಾಯ ಆಗೋದೇ ದುಃಖಕ್ಕೆ ಕಾರಣ ಅಲ್ಲ, ಗಾಯ ಆದ ವ್ಯಕ್ತಿ ನನ್ನವನು ಅನ್ನೋ ಅಭಿಮಾನ ದುಃಖಕ್ಕೆ ಕಾರಣ. ನಿನ್ನ ತಾತನಿಗೆ, ನಿನ್ನ ಗುರುಗಳಿಗೆ, ನಿನ್ನ ಬಾಣ ಚುಚ್ಚಿ ನೋವಾದಾಗ ನನ್ನ ಗುರು ನನ್ನ ಬಾಣ ನನ್ನ ತಾತ ಅಂತ ಅಭಿಮಾನವನ್ನು ಬಿಟ್ಟುಬಿಡು. ಅವಾಗ ನಿನ್ನ ಕಣ್ಣಲ್ಲಿ ನೀರು ಬರೋದಿಲ್ಲ.",8261,8967,,,102
kn_gita-6th_video_0012,gita-6th_video,kn,Dvaita,12,"ಅರ್ಜುನ, ನಿನ್ನ ಎದುರುಗಡೆ ನಿನ್ನ ತಾತ ಇಲ್ಲ, ನಿನ್ನ ಗುರುಗಳು ಇಲ್ಲ, ನಿನ್ನ ಹಿರಿಯರಿಲ್ಲ, ನಿನ್ನ ಬಂಧುಗಳು ಇಲ್ಲ, ಭಗವದ್ಬಿಟ್ಟದನುಬಂಧಿಗಳು. ಧರ್ಮವನ್ನ ದ್ವೇಷಿಸುವ ಮತ್ತು ಅದನ್ನ ದ್ವೇಷಿಸುವವರಿಗೆ ಬೆಂಗಾವಲಾಗಿ ನಿಂತವರು. ನಿನ್ನ ತಾತ ಅಲ್ಲ, ನಿನ್ನ ಗುರುಗಳು ಅಲ್ಲ, ಧರ್ಮ ದ್ವೇಷಿಗಳು ಅವರಿಗೆ ಸಹಾಯಕರಾಗಿ ನಿಂತವರು. ಇಷ್ಟು. ಇಷ್ಟೇ ಯೋಚನೆ ಮಾಡು, ನನ್ನ ಅನ್ನೋ ಸಂಪರ್ಕವನ್ನು ಕಳೆದುಕೋ. ಅವರನ್ನ ಹೊಡಿ ನಿನ್ನ ಕಣ್ಣಲ್ಲಿ ನೀರು ಬರೋದಿಲ್ಲ. ಅಲ್ಲಿಗೆ. ದೇಹದ ಸಂಪರ್ಕದಿಂದ ಆಗುವ ದುಃಖಕ್ಕೆ ಕಾರಣ ನನ್ನವರು ಅನ್ನೋ ಅಭಿಮಾನ. ಸುಖಕ್ಕೆ ಕಾರಣ ನನ್ನವರು ಅನ್ನೋ ಅಭಿಮಾನ. ಆ ಅಭಿಮಾನವನ್ನು ತ್ಯಜಿಸು, ರಣದಂಗದಲ್ಲಿ ನಿನ್ನ ಕರ್ತವ್ಯವನ್ನು ನಿರ್ವಹಿಸು, ನೀಗೆ ಯಾವ ತೊಂದರೆಯೂ ಆಗೋದಿಲ್ಲ. ಇದು ಪೂರ್ವಾರ್ಧದ ಅಭಿಪ್ರಾಯ. ಇದು ನಿಜವಾಗಿ ಅರ್ಜುನನಿಗೆ ಶ್ರೀಕೃಷ್ಣ ಹೇಳಿದ ಒಂದು ನಿರ್ಲಿಪ್ತತೆಯ ಮನೋಭಾವದಿಂದ ನಿನ್ನ ಕರ್ತವ್ಯ ನಿರ್ವಹಿಸಬೇಕು ಅಂತ ಇದು ಗೀತೆಯ ಒಂದು ಪ್ರಧಾನವಾದ ಅಂಶ. ಉತ್ತರಾರ್ಥ. ಯಾಕೆ ವಿಷಯ ಸಂಪರ್ಕವೇ ದುಃಖಕ್ಕೆ ಕಾರಣ ಅಂತ ಯಾಕೆ ಹೇಳಬಾರದು?",8968,9738,,,101
kn_gita-6th_video_0013,gita-6th_video,kn,Dvaita,13,"ಆಗಮಾಪಾಯಿನಃ ವಿಷಯ ಸಂಪರ್ಕ. ಆಗಮ ಅಪಾಯ. ಆಗಮ ಅಂದ್ರೆ ಬರ್ತವೆ, ಅಪಾಯ ಅಂದ್ರೆ ಹೋಗ್ತವೆ. ವಿಷಯ ಸಂಪರ್ಕ ಬರುತ್ತದೆ, ಹೋಗ್ತದೆ. ಅಂದ್ರೆ ಉದಾಹರಣೆಗೆ ನೋಡ್ರಿ ನಿಮಗೆ ತಣ್ಣನೆಯ ನೆಲದಲ್ಲಿ ಕೂತ್ರೆ ಚಳಿಯಾಯಿತು. ಆದರೆ ಎರಡು ದಿವಸ ನಿದ್ದೆ ಬಿಟ್ಟಿದ್ರಿ. ತಣ್ಣನೆಯ ನೆಲದಲ್ಲಿದ್ದು ಘರ್ರ ಅಂತ ಘೋರಿಕೆ ಹೊಡೆದು ಮಲ್ಕೊಂಡಿದ್ರಿ ನೀವು. ನಿದ್ದೆ ಬಂದಮೇಲೆ ಚಳಿಯೂ ಇಲ್ಲ ಸೆಕೆನೂ ಇಲ್ಲ. ನಿದ್ದೆ ಬರುವವರೆಗೆ ಚಳಿ. ಆಗಮ ಅಪಾಯ. ಥಂಡಿ ಅನ್ನೋದು ಈ ಥಂಡಿ ನೆಲದಲ್ಲಿ ನಾನು ಮಲಗಿದ್ದೇನೆ ಅಂತ ಎಚ್ಚರ ಇರುವವರೆಗೆ. ಈ ದೇಹ ನನ್ನದು ಅನ್ನೋ ಎಚ್ಚರ ಇರುವವರೆಗೆ ಆ ತಂಡಿ ಚಳಿ ಮೂಲಕ ದುಃಖಕ್ಕೆ ಕಾರಣವಾಯಿತು. ಆಗಮ. ಆದರೆ ಇದು ನನ್ನ ದೇಹ, ಈ ದೇಹದಲ್ಲಿ ನಾನಿದ್ದೇನೆ, ನಾನು ತಂಡಿ ನೆಲದಲ್ಲಿ ಮಲಗಿದ್ದೇನೆ, ಈ ಪ್ರಜ್ಞೆಯನ್ನ ಯಾವಾಗ ನಾವು ಗಾಢ ನಿದ್ರೆಯಲ್ಲಿ ಕಳೆದುಕೊಂಡವೋ ಅವಾಗ ಚಳಿ ಇಲ್ಲ. ಆಗಮ ಅಪಾಯ. ಅದೇ ವಸ್ತುವಿನ ಸಂಪರ್ಕ ಇದ್ದಾಗಲೂ ಕೆಲವೊಮ್ಮೆ ಸುಖ ದುಃಖಗಳು ಆಗ್ತವೆ, ಕೆಲವೊಮ್ಮೆ ಆಗಲ್ಲ.",9739,10446,,,103
kn_gita-6th_video_0014,gita-6th_video,kn,Dvaita,14,"ನಮಗೆ ದೇಹದ ಮೇಲೆ ಎಚ್ಚರವಿರುವಾಗ, ಎಚ್ಚರ ಅಂದ್ರೆ ಅಭಿಮಾನ, ಇದು ನನ್ನ ದೇಹ ಅಂತ ಎಚ್ಚರ ಇರುವಾಗ. ನಾನು ತಂಡಿಯಲ್ಲಿ ಮಲ್ಕೊಂಡಿದ್ದೇನೆ ಅನ್ನೋ ಅರಿವು ನನಗಿದ್ದಾಗ ಅದೇ ನೆಲ, ಅದೇ ದೇಹ ನನ್ನ ದುಃಖಕ್ಕೆ ಕಾರಣವಾಯಿತು. ಆ ಅಭಿಮಾನವನ್ನು ಯಾವತ್ತು ಕಳೆದುಕೊಂಡುವೋ ಸುಖವು ಇಲ್ಲ ದುಃಖವು ಇಲ್ಲ. ಆಗಮ ಅಪಾಯಿನಃ ಆದ್ದರಿಂದಲೇನೆ ಅನಿತ್ಯ ಆಗಮ ಅಪಾಯಿ ಅಂದ್ರೆ ಎರಡು ರೀತಿ ಇದೆ ನೋಡ್ರಿ. ನಮ್ಮ ಮುಂದೆ ಗಂಗಾ ನದಿ ಹರಿತಾ ಇದೆ. ಇದು ಅನಾದಿ ಕಾಲದಿಂದ ದೀರ್ಘ ಕಾಲದವರೆಗೆ ಹರಿತಾನೇ ಇದೆ. ಆಗಮ ಅಪಾಯ ಒಂದೊಂದು ಬಿಂದುವನ್ನು ತೆಗೆದುಕೊಂಡರೆ ಆ ಬಿಂದು ಮುಂದೆ ಹೋಗುತ್ತೆ ಆ ಜಾಗದಲ್ಲಿ ಇನ್ನೊಂದು ಬಿಂದು ಬರುತ್ತೆ. ಆಗಮ ಅಪಾಯ. ಒಂದು ಬಿಂದು ಹೋಗ್ತದೆ ಇನ್ನೊಂದು ಬಿಂದು ಬರುತ್ತದೆ. ಇನ್ನು ಮಾವಿನ ಹಣ್ಣು. ಅದು ಆಗಮ ಅಪಾಯ. ಆ ಸೀಸನ್ ಅಲ್ಲಿ ಅಂದ್ರೆ ಚಳಿಗಾಲ ಮುಗಿಯುವ ಸಂದರ್ಭದಲ್ಲಿ ಹೂ ಬಿಡುತ್ತದೆ, ಮಾವಿನ ಹಣ್ಣು ಆಗ್ತದೆ. ಮತ್ತೆ ನಿಮಗೆ ಮಾವಿನ ಹಣ್ಣು ಬೇಕಾದರೆ ಇನ್ನೊಂದು ವರ್ಷ ಕಾಯಬೇಕು.",10447,11153,,,106
kn_gita-6th_video_0015,gita-6th_video,kn,Dvaita,15,"ಈ ಮಾವಿನ ಮರದಲ್ಲಿ ಹಣ್ಣು ಆಗೋದು ಕೂಡ ಆಗಮ ಅಪಾಯ. ಬರ್ತದೆ ಹೋಗ್ತದೆ. ಆದರೆ ಈ ಮಾವಿನ ಮರದಲ್ಲಿ ಹಣ್ಣು ಆಗಮ ಅಪಾಯ ಆದರೂ ಟೈಮ್ ಗ್ಯಾಪ್ ಇದೆ. ಗಂಗಾ ನದಿ ಹರಿತಾ ಇದ್ದಾಗ ಒಂದೊಂದು ಬಿಂದುವಿನ ದೃಷ್ಟಿಯಿಂದ ಬರುತ್ತದೆ ಹೋಗುತ್ತದೆ ಆದರೂ ನಿರಂತರತೆ ಇದೆ. ಹಾಗೆ ನಮ್ಮ ದೇಹದಲ್ಲಿ ವಿಷಯ ಸಂಪರ್ಕಗಳು ಸುಖ ದುಃಖವನ್ನು ಉಂಟು ಮಾಡೋದು. ಮಾವಿನ ಮರದಂತೆಯೋ, ಮಾವಿನ ಹಣ್ಣು ಬಂದಂತೆಯೋ, ಗಂಗಾ ನೀರಿನಂತೆಯೋ ಅಂದ್ರೆ ಅನಿತ್ಯ. ಅದು ಮಾವಿನ ಮರದಂತೆ. ಒಂದು ಟೈಮಲ್ಲಿ ಇಲ್ವೇ ಇಲ್ಲ. ಇನ್ನೊಂದು ಟೈಮಲ್ಲಿ ಇರ್ತದೆ. ನಿರಂತರತೆ ಅದಕ್ಕಿಲ್ಲ. ರಾತ್ರಿ 9 ಗಂಟೆಗೆ ಮಲಗಿದ್ರೆ ಬೆಳಿಗ್ಗೆ ಆರು ಗಂಟೆಗೆ ಮಲಗುವವರೆಗೂ ನಮಗೆ ವಿಷಯ ಸಂಪರ್ಕ ಇದ್ದರೂ ಸುಖ ದುಃಖಗಳಿಲ್ಲ. ಅಂದ ಆಗಮ ಅಪಾಯ ಅಂದ್ರೆ ಅದು. ಪ್ರವಾಹದ ಛೇದವು ಅದಕ್ಕಿದೆ ಅನ್ನೋದನ್ನ ಅನಿತ್ಯಾಹ ಅನ್ನೋ ಪದದಿಂದ ಶ್ರೀಕೃಷ್ಣ ತಿಳಿಸಿದ. ಹೀಗೆ ವಿಷಯ ಸಂಪರ್ಕವು ನಮಗೆ ಸುಖ ದುಃಖವನ್ನು ಉಂಟು ಮಾಡುವುದು ತಾತ್ಕಾಲಿಕ.",11154,11833,,,100
kn_gita-6th_video_0016,gita-6th_video,kn,Dvaita,16,"ಆ ವಿಷಯ ಸಂಪರ್ಕ ಸುಖ ದುಃಖವನ್ನು ಕೆಲವೊಮ್ಮೆ ಉಂಟುಮಾಡುತ್ತದೆ, ಒಂದಷ್ಟು ಹೊತ್ತು ಇರೋದಿಲ್ಲ ದುಃಖವನ್ನು ಉಂಟುಮಾಡಲ್ಲ, ಮತ್ತೆ ಸುಖ ದುಃಖಗಳಿಗೆ ಕಾರಣವಾಗುತ್ತದೆ. ಆಗಮಾಪಾಯಿನೋ ಅನಿತ್ಯ. ಆದ್ದರಿಂದ ನೀನೇನು ಮಾಡಬೇಕು? ಸುಖ ದುಃಖ ಬರದೇ ಇರುವಂತೆ ಮಾಡೋದಾದ್ರೆ ತಾನ್ ತಿತಿಕ್ಷಸ್ವ ಭಾರತ. ತಾನ್ ಅಂದ್ರೆ ಆ ವಿಷಯ ಸಂಪರ್ಕಗಳನ್ನು ತಿತಿಕ್ಷಸ್ವ ಅನ್ನೋದಕ್ಕೆ ಆಚಾರ್ಯರಿಗೆ ಅಭಿಪ್ರೇತವಾದ ಅರ್ಥ ವಿಫಲೀಕುರು ಅಂತ. ಅವುಗಳನ್ನ ವಿಫಲ ಮಾಡು. ಅಂದ್ರೆ ನಿನ್ನ ತಾತನಿಗೆ ನೀನು ಬಾಣ ಹೊಡಿಬೇಕು. ಅವರ ಮೈಯಲ್ಲಿ ರಕ್ತ ಸುರಿಯಬೇಕು. ನಿನಗೆ ದುಃಖ ಆಗಬಾರದು. ಅವರ ಮೈಯಲ್ಲಿ ರಕ್ತ ಸುರಿದಾಗ ನಿನಗೆ ದುಃಖ ಆದರೆ ಅದು ಸಫಲ ಆಯಿತು. ನಿನ್ನ ಏಟು. ಅವರ ಮೈಯಲ್ಲಿ ರಕ್ತ ಸುರಿದರು ನಿನ್ನ ಕಣ್ಣಲ್ಲಿ ನೀರು ಬರಲಿಲ್ಲ ನಿನಗೆ ದುಃಖವಾಗಿಲ್ಲ ಅಂದ್ರೆ ಅದು ವಿಫಲ. ಆದ್ದರಿಂದ ಅವರ ಮೇಲಿನ ಅಭಿಮಾನವನ್ನ ಬಿಟ್ಟಾಗ ಅದು ವಿಫಲವಾಗುತ್ತದೆ. ಅಂದ್ರೆ ವಿಷಯ ಸಂಪರ್ಕವು ಸುಖ ದುಃಖವನ್ನು ಕೊಡುವ ಸ್ವಭಾವವಾದರೂ ಅಭಿಮಾನ ತ್ಯಾಗದ ಮೂಲಕ ಆ ವಿಷಯ ಸಂಪರ್ಕ ಸುಖ ದುಃಖಗಳನ್ನು ಕೊಡುವುದರಲ್ಲಿ ವಿಫಲವಾಗುವಂತೆ ಮಾಡು.",11834,12616,,,107
kn_gita-6th_video_0017,gita-6th_video,kn,Dvaita,17,"ಅರ್ಥಾತ್ ಭೀಷ್ಮಾದಿಗಳ ಮೇಲೆ ನನ್ನವರು ಅನ್ನೋ ಅಭಿಮಾನವನ್ನ ಬಿಟ್ಟುಬಿಡು. ಆವಾಗ ಅವರ ಮೈಯಲ್ಲಿ ರಕ್ತ ಸೋರಿದ್ದನ್ನು ನಿನ್ನ ಕಣ್ಣು ನೋಡಿದ್ರು ನಿನಗೆ ದುಃಖವಾಗುವುದಿಲ್ಲ. ತಾನ್ ತಿತಿಕ್ಷಸ್ವ ಅಂದ್ರೆ ಅವುಗಳನ್ನ ಸುಖ ದುಃಖ ಬರದೇ ಇರುವಂತೆ ಮಾಡುವ ಮೂಲಕ ವ್ಯರ್ಥ ಮಾಡು ಅಂತ ಅರ್ಥ. ಇದು ಅಪೂರ್ವವಾದ ಅರ್ಥ. ಉಳಿದ ಭಾಷ್ಯಕಾರರು ತಿತಿಕ್ಷಸ್ವ ಅಂದ್ರೆ ಸಹಸ್ವ ಅಂತ ಅರ್ಥ ಮಾಡಿದ. ನಿನಗೆ ಭೀಷ್ಮದ್ರೋಣಾದಿಗಳ ಮೈಯಲ್ಲಿ ಗಾಯವಾದಾಗ ನಿನ್ನ ಬಾಣದಿಂದ ಅವರು ವಿಲಿವಿಲಿ ವೇದನೆಯಿಂದ ಒದ್ದಾಡಿದಾಗ ನಿನಗೆ ದುಃಖವಾಗುತ್ತದೆ ಹೌದು. ಆದರೆ ತಿತಿಕ್ಷಸ್ವ ಅದನ್ನ ಸಹಿಸಿಕೋ. ಎಷ್ಟು ದಿವಸ ಆಳ್ತಿ ನಿನ್ನ ಬಂಧುಗಳು, ಹಿರಿಯರು, ಗುರುಗಳು, ಶತ್ರು ಅಂತ ಒಂದು ದಿವಸ, ಎರಡು ದಿವಸ, ಒಂದು ತಿಂಗಳು, ಒಂದು ವರ್ಷ ಆಮೇಲೆ ಮರೆತು ಹೋಗ್ತಾರೆ ಅವರು. ಆದ್ದರಿಂದ ಕೆಲವು ಕಾಲದವರೆಗೆ ಆ ದುಃಖ ಮುಂದುವರೆಯುತ್ತದೆ ಅದನ್ನ ಸಹಿಸಿಕೋ. ಇದು ಇತರ ಭಾಷ್ಯಕಾರರು ಮಾಡಿದ ಅರ್ಥ. ಆದರೆ ಅರ್ಜುನನಿಗೆ ಇದು ಎಷ್ಟು ಪರಿಣಾಮ ಕೊಡುತ್ತದೆ ಅಂತ ಹೇಳೋಕೆ ಬರೋದಿಲ್ಲ.",12617,13353,,,102
kn_gita-6th_video_0018,gita-6th_video,kn,Dvaita,18,"ಯಾಕೆಂದರೆ ನನಗೆ ಸಹಿಸಿಕೊಳ್ಳೋಕೆ ಆಗಲ್ಲ ಕೃಷ್ಣ ನಾನು ಯುದ್ಧ ಮಾಡಲ್ಲ ಅಂತ ಕೂತವನು ಅರ್ಜುನ. ಮತ್ತೆ ನೀನು ಸಹಿಸಿಕೋ ಅಂದ್ರೆ ಅರ್ಜುನನಿಗೆ ಏನು ಉತ್ತರ ಕೊಟ್ಟಂಗೆ ಆಯ್ತು ಶ್ರೀಕೃಷ್ಣ. ನಿಮಗೊಂದು ಉದಾಹರಣೆ ಕೊಡ್ತೇನೆ. ನಮಗೆ ದೇಹದಲ್ಲಿ ಜ್ವರ ಬಂದಿದೆ. ಒಂದು ದಿವಸ ನೋಡಿದೆವು, ಎರಡು ದಿವಸ ನೋಡಿದ್ರು. ತಾಳಲಾರದ ಮೈ ನಡುಗುತ್ತಾ ಇದೆ ಜ್ವರಕ್ಕೆ ನಾವು ಸೋತಿದ್ದೇವೆ. ವೈದ್ಯರ ಹತ್ತಿರ ಹೋದ್ರು. ಮೈ ಮುಟ್ಟಿ ನೋಡಿದ್ರೆ ಹೌದು, ನಿಮಗೆ ಎಷ್ಟು ಜ್ವರ ಇದೆ ಡಿಗ್ರಿ. ಆದರೆ ತಡ್ಕೊಳ್ಳಿ. ಒಂದು ವಾರದಲ್ಲಿ ಕಡಿಮೆ ಆಗುತ್ತೆ. ಇದನ್ನು ಕೇಳೋಕೋಸ್ಕರ ವೈದ್ಯರ ಹತ್ರ ಹೋಗೋದಾ ನಾವು? ತಡ್ಕೊಳ್ಳಿ ಅಂತ ತಡ್ಕೊಳ್ಳೋಕೆ ಆಗಲ್ಲ ಅಂತ ವೈದ್ಯರ ಹತ್ರ ಬಂದಾಗ ನಿಮಗೆ ಬಂದ ಜ್ವರವನ್ನ ನೀವು ತಡ್ಕೊಳ್ಳಿ ಅಂತ ವೈದ್ಯರು ಉತ್ತರ ಹೇಳಿದರೆ ಅವರು ವೈದ್ಯರಾ? ನಮ್ಮ ತರ ಆದರು ಅವರು. ಹಾಗೆ ಅರ್ಜುನ ಬಂಧುಗಳಿಗೆ ಪ್ರಹಾರ ಮಾಡಿದಾಗ ಅವರ ವೇದನೆಯನ್ನ ನೋಡಿ ನನಗೆ ಸಹಿಸಿಕೊಳ್ಳೋಕೆ ಸಾಧ್ಯವಿಲ್ಲ ಶ್ರೀಕೃಷ್ಣ ನಾನು ಯುದ್ಧ ಆಡಲ್ಲ ಅಂತ ಕೈಕಟ್ಟಿ ಕೂತಾಗ.",13354,14091,,,106
kn_gita-6th_video_0019,gita-6th_video,kn,Dvaita,19,ದುಃಖ ಆಗುತ್ತೆ ಸಹಜ ಸ್ವಲ್ಪ ದಿವಸ ಸಹಿಸಿಕೋ ಅಂತ ಶ್ರೀಕೃಷ್ಣ ಉತ್ತರ ಕೊಟ್ರೆ ಅರ್ಜುನನಿಗಿಂತ ಹೆಚ್ಚನ್ನು ಏನು ಹೇಳಿದಂಗೆ ಆಯ್ತು ಅವನು ಅರ್ಜುನನ ಸಮಸ್ಯೆಗೆ ಏನು ಉತ್ತರವನ್ನು ಕೊಟ್ಟಂಗೆ ಆಯ್ತು ಆದ್ದರಿಂದ ಸಹಸ್ವ ಅನ್ನೋ ಅರ್ಥಕ್ಕಿಂತಲೂ ಅದನ್ನು ಸಹಿಸಿಕೋ ಅಂತ ಕೃಷ್ಣನ ಉಪದೇಶಕ್ಕಿಂತಲೂ ಅವುಗಳನ್ನ ವಿಫಲ ಮಾಡು. ಅವರ ದೇಹಕ್ಕೆ ನೀನು ಹೊಡಿಬೇಕು. ಅವರು ನೋವಿನಿಂದ ತೊಂದರೆಗೊಂಡರು ನಿನಗೆ ದುಃಖ ಆಗಬಾರದು. ಹಾಗೆ ನಿರ್ಲಿಪ್ತನಾಗಿ ಬಂಧು ಸ್ನೇಹವನ್ನ ಬಿಟ್ಟು ಯುದ್ಧಕ್ಕೆ ಅಣಿಯಾಗು. ಇದು ಈ ಶ್ಲೋಕದ ತಾತ್ಪರ್ಯ ಅನ್ನೋದು. ಶ್ರೀ ಮಧ್ವಾಚಾರ್ಯರ ಭಾಷ್ಯದಿಂದ ತಿಳಿಯುವ ಒಂದು ಅಪೂರ್ವವಾದ ಅಂಶ. ಮತ್ತೊಮ್ಮೆ ಶ್ಲೋಕ. ಮಾತ್ರಾಸ್ಪರ್ಶಾಸ್ತು ಕೌಂತೇಯ ಶೀತೋಷ್ಣ ಸುಖ ದುಃಖ ದಾಹ. ಆಗಮಾಪಾಯಿನೋ ನಿತ್ಯಾಹ ತಾಂತಿತಿಕ್ಷಸ್ವ ಭಾರತಾ ಇಲ್ಲಿ ಈ ಉಪದೇಶವನ್ನ ಮಾಡಿ ಈ ಅಭಿಮಾನವನ್ನ ಬಿಟ್ಟು ಕರ್ತವ್ಯವನ್ನ ಮಾಡಿದ್ರೆ ನಿನಗೆ ದುಃಖ ಆಗಲ್ಲ ಅಂತ ಅಷ್ಟೇ ಅದರ ಫಲ ಅಲ್ಲ ಅದಕ್ಕೆ ಅನಂತವಾದ ಬೇರೆ ಫಲವೂ ಇದೆ ಅನ್ನೋದನ್ನ ಮುಂದೆ ಶ್ರೀಕೃಷ್ಣ ಹೇಳ್ತಾನೆ ಅದನ್ನ.,14092,14840,,,102
kn_gita-6th_video_0020,gita-6th_video,kn,Dvaita,20,ಮುಂದಿನ ಭಾಗದಲ್ಲಿ ನೋಡೋಣ. ಈ ಗೀತಾ ಪ್ರತಿಪದಾರ್ಥ ಚಿಂತನೆಯ ಪ್ರವಚನ ಸೇವೆಯನ್ನು ಶ್ರೀಯುತರಾದ ಮರಬೇಕೆರೆ ಮುರಳೀಧರ ರಾವ್. ಅವರು ಇದಕ್ಕೆ ಧನ ಸಹಾಯವನ್ನ ಮಾಡಿ ಪ್ರಾಯೋಜಕರಾಗಿ ಪುಣ್ಯಭಾಜನರಾಗಿದ್ದಾರೆ. ಶ್ರೀಕೃಷ್ಣನ ವಿಶೇಷ ಅನುಗ್ರಹ ಅವರಿಗೆ ಆಗಲಿ ಅಂತ ಪ್ರಾರ್ಥಿಸೋಣ. ಶ್ರೀಕೃಷ್ಣಾರ್ಪಣಮಸ್ತ್.,14841,15079,,,28
kn_kannada_07_0000,kannada_07,kn,Dvaita,0,"ಶ್ರೀ ಗುರುಭ್ಯೋ ನಮಃ ಹರಿಃ ಓಂ ಶ್ರೀಕೃಷ್ಣ
14ನೇ ಶ್ಲೋಕದಲ್ಲಿ
ಅರ್ಜುನನ ಮುಖ್ಯವಾದ ಆಕ್ಷೇಪಕ್ಕೊಂದು ಉತ್ತರವನ್ನು ಕೊಟ್ಟಿದ್ದಾನೆ.
ಗುರು ಹಿರಿಯರ ಸಂಪರ್ಕ ಕಡಿದು ಹೋಗುವುದರಿಂದ ಸುಖ ಹಾನಿ ಶಸ್ತ್ರಾಘಾತದಿಂದ
ಅವರ ವೇದನೆಯನ್ನು ನೋಡುವ ಮೂಲಕ ದುಃಖ ಪ್ರಾಪ್ತಿ.
ಇದಕ್ಕಾಗಿ ನಾನು ಯುದ್ಧದಿಂದ ಹಿಂಜರಿತಾ ಇದ್ದೇನೆ ಅಂದಾಗ
ಶ್ರೀಕೃಷ್ಣ ನೀನು ಶಸ್ತ್ರ ಪ್ರಹಾರ ಮಾಡಬೇಕು
ಅವರಿಗೆ ಆದ ವೇದನೆಯಿಂದ ನೀನು ದುಃಖ ಪಡಬಾರದು. ಹಾಗೆ ಯುದ್ಧದಲ್ಲಿ ಕರ್ತವ್ಯದಲ್ಲಿ ಪಾಲ್ಗೊಳ್ಳುವು. ಹೇಗೆ ಅವರಿಗೆ ತೊಂದರೆಯಾದಾಗ ನಾನು ವೇದನೆಯನ್ನ ದುಃಖವನ್ನು ಪಡೆದೇ ಇರೋದು ಹೇಗೆ ಅಂದ್ರೆ ಅಭಿಮಾನ ತ್ಯಾಗ ಮಾಡುವು. ಹೀಗೆ ಅಭಿಮಾನವೇ ಸುಖ ದುಃಖಗಳಿಗೆ ಮೂಲ. ಇದು ನನಗೆ ಬೇಕು ಇವನು ನನಗೆ ಆಗಲ್ಲ ಇವೆಲ್ಲವೂ ಅಭಿಮಾನ. ಅಭಿಮಾನದ ಪರಿಚಯದಲ್ಲಿ ಬರುವಂತದ್ದು.
ಬೇಕು ಬೇಡಗಡೆ ಅಭಿಮಾನ.
ಇವುಗಳನ್ನು ತ್ಯಾಗ ಮಾಡಿದಾಗ
ಪ್ರಪಂಚದಲ್ಲಿ ನಿರ್ಲಿಪ್ತನಾಗಿ
ಆವೇಗಕ್ಕೆ ಉದ್ವೇಗಕ್ಕೆ ಒಳಗಾಗದೆ ನಾವು ಬದುಕುವುದು ಸಾಧ್ಯ ಅಂತ
ಜೀವನದ ಪರಮುಖ್ಯವಾದ ಒಂದು ತತ್ವವನ್ನ ಶ್ರೀಕೃಷ್ಣ
ಇಲ್ಲಿ ಹೇಳಿದ್ದಾನೆ.
ಈ ರೀತಿ.",0,770,,,101
kn_kannada_07_0001,kannada_07,kn,Dvaita,1,"ಯುದ್ಧ ಎಂಬ ಕರ್ತವ್ಯದಲ್ಲಿ ನೀನು ತೊಡಗಿದರೆ,
ನಿನಗೆ ದುಃಖ ಬರೋದಿಲ್ಲ ಅಷ್ಟೇ ಅಲ್ಲ,
ಇದರಿಂದ ದೊಡ್ಡ ಲಾಭವು ನಿನಗಿದೆ ಅನ್ನೋದನ್ನ 15ನೇ ಶ್ಲೋಕದಲ್ಲಿ ಶ್ರೀಕೃಷ್ಣ ಹೇಳ್ತಾನೆ.
ರಾಘವೇಂದ್ರ ಸ್ವಾಮಿಗಳು ಇದಕ್ಕೆ ಅವತಾರಿಕೆಯನ್ನು ಕೊಟ್ಟಿದ್ದಾರೆ ದೇಹಾದಿ ಅಭಿಮಾನ ತ್ಯಾಗೇನ. ನ ಭವನ್ ದುಃಖಾ ಭಾವಹ
ದೇಹದ ಮೇಲೆ ವಿಷಯ ಪದಾರ್ಥಗಳ ಮೇಲೆ
ಅಭಿಮಾನವನ್ನ ಬಿಡೋದ್ರಿಂದ
ಏನಾಗುತ್ತೆ ದುಃಖ ಅಭಾವಹ
ದುಃಖದ ಅಭಾವ ದುಃಖ ಇಲ್ಲ ಅಂತ ಆಗ್ತದೆ
ಅಷ್ಟೇ ಅಲ್ಲ ಸ್ವಯಂ ಫಲರೂಪೋಪಿ ಅದೊಂದು ಫಲವಾಗಿದ್ರು ಪರಮ ಪುಮರ್ಥ ಸೇತುಶ್ಚ ಭವತಿ ಆ ದುಃಖ ಇಲ್ಲದೆ ಇರೋದಷ್ಟೇ ಅದರ ಫಲ ಅಲ್ಲ ಅದರಿಂದ ಪುರುಷಾರ್ಥವು ಇದೆ ಏನು ಪುರುಷಾರ್ಥ ಪರಮ ಪುರುಷಾರ್ಥ ಧರ್ಮ ಅರ್ಥ ಕಾಮ ಮೋಕ್ಷ ಈ ನಾಲ್ಕು ಪುರುಷಾರ್ಥಗಳಲ್ಲಿ ಪರಮ ಪುರುಷಾರ್ಥ ಮೋಕ್ಷ ಆ ಮೋಕ್ಷ ಎಂಬ ಪ್ರಯೋಜನವು ಇದರಿಂದ ಇದೆ. 
ಅಲ್ಲಿಗೆ ನೀನು ಇದ್ದ ಎಂಬ ಈ ಕರ್ತವ್ಯವನ್ನ ಅಭಿಮಾನ ಬಿಟ್ಟು ಕರ್ತವ್ಯದ ದೃಷ್ಟಿಯಿಂದ ಮಾಡಿದಾಗ ತಾತ್ಕಾಲಿಕವಾಗಿ ಬರುವ ದುಃಖವನ್ನ ಇಲ್ಲದೆ ಇರುವದಂತೆ ಮಾಡಿಕೊಳ್ಳುವುದರ ಜೊತೆ ಇದರಿಂದ ನಿನಗೆ ಮೋಕ್ಷ ಇರುವುದಿಲ್ಲ.",771,1539,,,109
kn_kannada_07_0002,kannada_07,kn,Dvaita,2,"ಎಂಬ ಪುರುಷಾರ್ಥವು ಸಿಗುತ್ತದೆ.
ಅನ್ನೋದನ್ನ ಈ ಶ್ಲೋಕದಲ್ಲಿ ಶ್ರೀಕೃಷ್ಣ ಹೇಳ್ತಾ ಇದ್ದಾನೆ.
ಶ್ಲೋಕ ಯಂ ಹಿನವ್ಯಥಯಂತ್ಯೇತೆ ಪುರುಷಂ ಪುರುಷರ್ಷಭ ಸಮದುಃಖ ಸುಖಂ ಧೀರಂ ಸೋಮೃತತ್ವಾಯ ಕಲ್ಪತೆ ಪದ ವಿಭಾಗ ಯಂ ಹಿ ನ ವ್ಯಥಯಂತಿ ಏತೆ ಪುರುಷಂ ಪುರುಷರ್ಷಭ ಸಮ ದುಃಖ ಸುಖಂ ಒಂದೇ ಪದ ಅದು ಧೀರಂ ಸಹ ಅಮೃತತ್ವಾಯ ಕಲ್ಪತೆ ಯಮ್ ಅಂದ್ರೆ ಯಾರನ್ನು ಯಾರನ್ನು ಪುರುಷಂ ಯಮ್ ಪುರುಷಂ ಯಾವ ವ್ಯಕ್ತಿಯನ್ನು ಏತೆ ಅಂದ್ರೆ ಹಿಂದೆ ಹೇಳಿದ ವಿಷಯ ಸಂಬಂಧಗಳು ನವ್ಯಥಯಂತಿ ದುಃಖಕ್ಕೀಡು ಮಾಡೋದಿಲ್ಲವೋ ಅಂದ್ರೆ ವಿಷಯದ ಸಂಪರ್ಕ ಇಂದ್ರಿಯಗಳಿಗೆ ಆಯಿತು. ಕೆಟ್ಟದೋ ಒಳ್ಳೆಯದೋ? ಒಳ್ಳೆ ವಿಷಯವನ್ನು ಘಟನೆಯನ್ನು ನಾವು ನೋಡಿದವು. ಕೆಟ್ಟ ಘಟನೆಯನ್ನು ನಾವು ನೋಡಿದವು. ಏತೆ ಈ ಕಣ್ಣಿಗೂ ಆ ಘಟನೆಗೂ ಆಗುವ ಸಂಬಂಧ ಇದು ಏನು? ಯಾರಿಗೆ ನವ್ಯಥಯಂತಿ
ಕೆಟ್ಟ ಘಟನೆಯಿಂದ
ದುಃಖವನ್ನು ಉಂಟು ಮಾಡುವುದಿಲ್ಲವೋ ವ್ಯಥಾ ಅಂದ್ರೆ ದುಃಖ
ಅದು ದುಃಖಕ್ಕೆ ಈಡು ಮಾಡುವುದಿಲ್ಲವೋ
ಒಳ್ಳೆ ಘಟನೆಯನ್ನು ನೋಡಿ
ಸುಖವನ್ನು ಆತ ಸುಖದ ಅತಿರೇಕವನ್ನು ಅನುಭವಿಸುವುದಿಲ್ಲವೋ
ಸಹ ಅವನು ಅಮೃತತ್ವ ಪಾಯ ಕಲ್ಪತೆ.",1540,2298,,,108
kn_kannada_07_0003,kannada_07,kn,Dvaita,3,"ಅವನು ಅಮೃತತ್ವ ಅಂದ್ರೆ ಮೃತಿ ಇಲ್ಲದ ಅಂದ್ರೆ ಮರಣವಿಲ್ಲದ ತಿರುಗಿ ಬಾರದ ಮೋಕ್ಷ ಎಂಬ ಪುರುಷಾರ್ಥಕ್ಕೆ ಆತ ಅರ್ಹನಾಗ್ತಾನೆ.
ಯಾರು ವಿಷಯದ ಬಗ್ಗೆ ಅಭಿಮಾನವನ್ನ ತೊರೆದು ತನ್ನ ಕರ್ತವ್ಯವನ್ನು ನಡೆಸ್ತಾನೋ ಅವನು ಮೋಕ್ಷಕ್ಕೆ ಅರ್ಹನಾದ ವ್ಯಕ್ತಿ ಅನಿಸಿಕೊಳ್ಳುತ್ತಾನೆ. ಯಾಕೆಂದರೆ ಸಮದುಃಖ ಸುಖಂ. ಸುಖ ದುಃಖದಲ್ಲಿ ಸಮಾನತೆ ಇರುವವನು. ಸುಖ ಆಯಿತು ಅಂತ ಆತ ಉಬ್ಬುವುದು ಇಲ್ಲ ದುಃಖ ಆಯಿತು ಅಂತ ವ್ಯಥಾ ತೇ ಪಡೋದು ಇಲ್ಲ.
ವಿಷಯದಿಂದ ಅಂದ್ರೆ ವಸ್ತುಗಳನ್ನು ನೋಡೋದು, ಕೇಳೋದು, ಸವಿಯೋದ್ರಿಂದ ಏನು ದುಃಖ ಬರ್ತದೋ ದುಃಖದಂತೆ ಸುಖ.
ದುಃಖವು ಹೇಗೆ ಬೇಡವೋ ವಿಷಯ ಪದಾರ್ಥಗಳ ಸೇವನೆಯಿಂದ ಬರುವ ಸುಖವು ನನಗೆ ಬೇಡ.
ಈ ಭಾವನೆ ಇರುವವನು ಸಮದುಃಖ ಸುಖ. ನನಗೆ ಕೆಟ್ಟ ಪದಾರ್ಥವನ್ನ ಬೇಡವಾದ ಖಾರವಾದ ಪದಾರ್ಥವನ್ನ ತಿನ್ನೋದ್ರಿಂದ ದುಃಖ ಆಗ್ತದೆ ಅದು ಬೇಡ ನನಗೆ. ನಿಷಿದ್ಧವಾದ ಪೇಯವನ್ನ ಕುಡಿಯೋದ್ರಿಂದ ಸುಖ ಆಗ್ತದೆ ಆ ಸುಖವು ದುಃಖಕ್ಕೆ ಸಮಾನ. ಅಲ್ಲಿಗೆ ನಿಷಿದ್ಧ ಪದಾರ್ಥಗಳ ಸೇವನೆಯಿಂದ ಬರುವ ಸುಖವನ್ನು
ಯಾರು ದುಃಖಕ್ಕೆ ಸಮಾನ ಅಂತ ಬಿಟ್ಟು ಸುಖ ದುಃಖಗಳಲ್ಲಿ ಏಕ ಭಾವದಿಂದ ಏರು ಪೇರುಗಳಿಲ್ಲದೆ ಸಮಭಾವದಿಂದ ಇರ್ತಾನೋ ಅವನು ಸಮದುಃಖ ಸುಖ.",2299,3118,,,116
kn_kannada_07_0004,kannada_07,kn,Dvaita,4,"ಇವರನ್ನೇ ಯೋಗಿಗಳು ಅಂತ ನಾವು ಕರೆಯೋದು.
ಅವರಿಗೆ ದುರ್ಘಟನೆಯನ್ನು ನೋಡಿದ್ದರಿಂದ ಅಳೋದು ಇಲ್ಲ. ಇಲ್ಲ
ಒಳ್ಳೆಯ ಸಂದರ್ಭಗಳು ಬಂತು ಪುಷ್ಕಳವಾದ ಭೋಜನ ಸಿಕ್ತು ಅನ್ಕೊಂಡು
ಸಂತೋಷದ ತುತ್ತ ತುದಿಯಿಂದ ಕುಣಿಯುವವರು ಅಲ್ಲ ಅವರು
ಸುಖ ದುಃಖಗಳಲ್ಲಿ ಸಮಭಾವವನ್ನು ಹೊಂದುರುವವರು
ಅದು ಯಾರಿಗೆ ಸಾಧ್ಯ ಶ್ರೀಕೃಷ್ಣ ಹೇಳಿದಂತೆ
ಪ್ರಾಪಂಚಿಕ ವಿಷಯ ಪದಾರ್ಥಗಳಲ್ಲಿ ದೇಹ ಗೇಹಗಳಲ್ಲಿ
ಅಭಿಮಾನವನ್ನ ತೊರೆದು
ವಿಷಯ ಪದಾರ್ಥಗಳನ್ನು ಈ ಪ್ರಪಂಚವನ್ನು ಯಾರು ಅನುಭವಿಸುತ್ತಾರೋ
ಅವರು ಸಮ ದುಃಖ ಸುಖರಾಗಿ ಅಮೃತತ್ವಾಯ ಕಲ್ಪತೆ
ಮೋಕ್ಷಕ್ಕೆ ಅರ್ಹನಾದ ವ್ಯಕ್ತಿ ಆಗ್ತಾನೆ ಇಷ್ಟು ದೊಡ್ಡ ಫಲ ಇದೆ
ನೀನು ನಿನ್ನ ದುಃಖಕ್ಕೆ ಕಾರಣವಾದ ಈ ಯುದ್ಧದಲ್ಲಿ
ಅಭಿಮಾನ ತೊರೆದು ಕರ್ತವ್ಯ ಅನ್ನೋ ದೃಷ್ಟಿಯಿಂದ ತೊಡಗಿ ಆ ಯುದ್ಧವನ್ನ ನಡೆಸಿದರೆ ಆವಾಗ ನೀನು ಮೋಕ್ಷಕ್ಕೆ ಅರ್ಹನಾದ ವ್ಯಕ್ತಿ ಆಗ್ತಿ.
ಅರ್ಜುನ ಇಂದ್ರ ಅವನು ಮೋಕ್ಷಕ್ಕೆ ಅರ್ಹನಾದ ವ್ಯಕ್ತಿಯ ಅದನ್ನೇನು ಹೇಳಬೇಕಾದ ಅಗತ್ಯ ಇಲ್ಲ.
ಇದು ನಮಗೆ ಕೊಡುವ ಸಂದೇಶ ಶ್ರೀಕೃಷ್ಣ. ನಮಗೆ ನಮ್ಮ ಕರ್ತವ್ಯವನ್ನು ಮಾಡುವಾಗ ಏಕಾದಶಿ ಉಪವಾಸನೋ ಧನುರ್ಮಾಸದಲ್ಲಿ ಬೆಳಿಗ್ಗೆ ಬೇಗ ಎದ್ದು ಚಳಿಗೆ ಮೈಯಡ್ಡಿ ನಮ್ಮ ನಿತ್ಯ ಕರ್ಮಗಳನ್ನು ಮಾಡುವಾಗ ಬರುವ ದುಃಖನೋ ಇವುಗಳನ್ನೆಲ್ಲ ಲೆಕ್ಕಿಸದೆ ನಮ್ಮ ಕರ್ತವ್ಯವನ್ನು ನಾವು ನಿಷ್ಠೆಯಿಂದ ಮಾಡಿದರೆ ದುಃಖ ಬರೋದಿಲ್ಲ ತಾತ್ಕಾಲಿಕವಾದ್ದು ಅಷ್ಟೇ ಅಲ್ಲ ಆದ್ದರಿಂದ ಭಗವಂತನ ಅನುಗ್ರಹವಾಗುವ ಮೂಲಕ ಅಮೃತತ್ವಾಯ ಕಲ್ಪತೆ.",3119,4125,,,132
kn_kannada_07_0005,kannada_07,kn,Dvaita,5,"ನಮಗೆ ಭಗವಂತ ವಿಶೇಷವಾದ ಮೋಕ್ಷವನ್ನು ಅನುಗ್ರಹಿಸುತ್ತಾನೆ. 
ಒಟ್ಟು ಶ್ರೀಕೃಷ್ಣನ ತಾತ್ಪರ್ಯ ನಮ್ಮ ಕರ್ತವ್ಯವನ್ನು ಮಾಡುವಾಗ ಆಕಸ್ಮಿಕವಾದ ತೊಂದರೆಗಳು ಬಂದರೆ ಅಭಿಮಾನ ತ್ಯಾಗ ಮಾಡಿ ದುಃಖವನ್ನು ಪಡದೆ ಸಮಸ್ಥಿತಿಯಲ್ಲಿದ್ದು ಕರ್ತವ್ಯದಲ್ಲಿ ಮುಂದುವರೆದರೆ ಅದು ನಮ್ಮ ಉದ್ದಾರಕ್ಕೆ ಆತ್ಮೋದ್ಧಾರಕ್ಕೆ ಕಾರಣವಾಗುತ್ತದೆ.
ಇವಿಷ್ಟು ಈ ಶ್ಲೋಕದ ತಾತ್ಪರ್ಯ.
ಇಲ್ಲಿ ಯಾರಿಗೆ ವಿಷಯ ಸಂಪರ್ಕದಿಂದ ದುಃಖ ಆಗುವುದಿಲ್ಲವೋ ಅಭಿಮಾನ ಬಿಡುವ ಕಾರಣದಿಂದ ಅವನು ಮೋಕ್ಷವನ್ನು ಪಡೀತಾನೆ.
ಇಷ್ಟೇ ಹೇಳದೆ ಪುರುಷಂ ಅನ್ನೋ ಶಬ್ದವನ್ನ ಕೃಷ್ಣ ಹೇಳಿದ್ದಾನೆ.
ಪುರುಷ ಶಬ್ದಕ್ಕೆ ಒಂದು ಅರ್ಥ ಗಂಡಸು ಅಂತ ಅರ್ಥ.
ಹಾಗಾದರೆ ಈ ಶ್ಲೋಕದ ಅಭಿಪ್ರಾಯ ಏನಾಯ್ತು ಯಾವ ಗಂಡಸು ಹೆಣ್ಣಲ್ಲ ಪುರುಷ ಗಂಡಸು ಅಭಿಮಾನ ತ್ಯಾಗದಲ್ಲಿ ದಿಂದ
ದುಃಖವನ್ನು ಗೆದ್ದು ಕರ್ತವ್ಯವನ್ನು ಮಾಡ್ತಾನೋ ಅವನು ಮೋಕ್ಷಕ್ಕೆ ಹೋಗ್ತಾನೆ.
ಇದರ ಅರ್ಥ ಏನಾಯ್ತು ಹೇಳಿ?
ಗಂಡಸಿಗೆ ಮಾತ್ರ ಈ ಚಾನ್ಸ್ ಹೆಂಗಸರಿಗೆ ಇಲ್ಲ.
ಪುರುಷ ಅನ್ನೋ ಶಬ್ದವನ್ನ ಆಡಿದ್ದಾನೆ ಕೃಷ್ಣ.
ಅಲ್ಲಿಗೆ ಹೆಂಗಸರಿಗೆ ತಮ್ಮ ಕರ್ತವ್ಯವನ್ನ ನಿಷ್ಠೆಯಿಂದ ಮಾಡಿದರೆ ಉದ್ದಾರ ಇಲ್ಲ ಅನ್ನುವ ಭಾವ.",4127,4925,,,102
kn_kannada_07_0006,kannada_07,kn,Dvaita,6,"ಈ ಪುರುಷ ಶಬ್ದದಿಂದ ಬರುವ ಸಂದರ್ಭ ಇದೆ.
ಅದಕ್ಕೆ ಆಚಾರ್ಯರು ಈ ಪುರುಷ ಶಬ್ದಕ್ಕೆ ಗಂಡಸು ಅಂತ ಅರ್ಥ ಮಾಡಲಿಲ್ಲ. 
ನೋಡಿ ರಾಘವೇಂದ್ರ ಸ್ವಾಮಿಗಳ ವ್ಯಾಖ್ಯಾನ ಪುರುಷಂ ಪುರಂ ದೇಹಂ ಸರತಿ ಗಚ್ಛತಿ ಇತಿ ಸೃಗತೌ ಪ್ರತ್ಯಕ್ಷತೋ ಓ ಜಾನಾತಿ. 
ಪುರುಷ ಅಂದ್ರೆ ಗಂಡಸು ಅಂತ ಅರ್ಥ ಅಲ್ಲ. 
ಮತ್ತೆ ಪುರ ಅಂದ್ರೆ ಈ ದೇಹ. 
ಸರತಿ ಅಂದ್ರೆ ಅದರ ಮೇಲೆ ಜ್ಞಾನ. 
ದೇಹದ ಮೇಲೆ ಎಚ್ಚರವಿರುವಾಗ ಯಾರು ಅಭಿಮಾನವನ್ನ ಬಿಟ್ಟು ದುಃಖವನ್ನ ಗೆಲ್ತಾರೋ ಅಲ್ಲಿಗೆ ಪುರುಷ ಶಬ್ದಕ್ಕೆ ಗಂಡಸು ಅಂತ ಅರ್ಥ. ಅರ್ಥ ಅಲ್ಲ, ದೇಹದ ಮೇಲೆ ಎಚ್ಚರ ಇರುವಾಗ ಅಭಿಮಾನ ಗೆದ್ದು ದುಃಖವನ್ನು ಕಳೆದುಕೊಳ್ಳಬೇಕು.
ಈ ಶಬ್ದವನ್ನು ಯಾಕೆ ಆಡಿದ್ದಾನೆ ಶ್ರೀಕೃಷ್ಣ ಅಂದ್ರೆ ರಾಯರು ಹೇಳ್ತಾರೆ ನೋಡ್ರಿ.
ಪಾಮರಾಣಾಮಪಿ ಅಭಿಮಾನಾ ಭಾವೇನ ಸುಪ್ತ್ಯಾದೌ ವ್ಯಥಾಭಾವ ಈ ಪುರುಷ ಶಬ್ದ ಇಲ್ಲದಿದ್ದರೆ ಯಾರು ಸುಖ ದುಃಖಗಳು ಆಗದ ಸ್ಥಿತಿಯನ್ನ ತಲುಪುತ್ತಾರೋ ಅವರು ಮೋಕ್ಷ ಯೋಗ್ಯರು. ಇಷ್ಟೇ ಹೇಳ್ಬಿಟ್ರೆ ಪಾಮರ ಜನರು ಕೂಡ ಸಾಮಾನ್ಯ ಮುಗ್ಧ ಜನರು ಕೂಡ ಅಜ್ಞರು ಕೂಡ ಅಭಿಮಾನವನ್ನ ಕಳೆದುಕೊಂಡು ಸುಖ ದುಃಖವನ್ನ ದಾಟಿರ್ತಾರೆ.",4926,5693,,,112
kn_kannada_07_0007,kannada_07,kn,Dvaita,7,"ಯಾವಾಗ ಗಡದ್ದಾಗಿ ಗೊರಕೆ ಹೊಡೆದು ಮಲಗಿದಾಗ. ಆವಾಗ ಯಾವ ವಸ್ತುವಿನ ಮೇಲು ಅಭಿಮಾನ ಇಲ್ಲ.
ಅಭಿಮಾನವನ್ನ ತ್ಯಾಗ ಮಾಡಿ ಅವರು ಸುಖ ದುಃಖಗಳನ್ನ ಗೆದ್ದಿದ್ದಾರೆ. ಅವರಿಗೆ ಮೋಕ್ಷ ಆಗುತ್ತಾ?
ಅದಕ್ಕೋಸ್ಕರ ಪುರುಷಂ ಅನ್ನೋ ಶಬ್ದವನ್ನ ಆಡಿದ್ದಾನೆ ಶ್ರೀಕೃಷ್ಣ.
ನಿದ್ದೆಯಲ್ಲಿ ಅಭಿಮಾನ ತ್ಯಾಗದಿಂದ ಸಮದುಃಖ ಸುಖರಾಗುವುದಲ್ಲ.
ಪುರುಷಂ ದೇಹದ ಮೇಲೆ ಎಚ್ಚರವಿರುವಾಗ ಹಗಲು ನಿದ್ದೆಯಲ್ಲಾಗುವಂತೆ
ಯಾರು ವಿಷಯ ಪದಾರ್ಥಗಳ ಸಂಬಂಧದಿಂದ ಸಂಬಂಧವಾದರೂ ಸುಖ ದುಃಖ ಆಗದ ಸ್ಥಿತಿಯನ್ನು ತಲುಪುತ್ತಾರೋ ಅವರು ಮೋಕ್ಷಕ್ಕೆ ಅರ್ಹರು.
ಅಲ್ಲಿಗೆ ನಿದ್ರಾಕಾರದಲ್ಲಿ ಅಲ್ಲ ದೇಹದ ಮೇಲೆ ಎಚ್ಚರ ಇರುವಾಗ ಅಭಿಮಾನ ತ್ಯಾಗ ಮಾಡಿ ದುಃಖದ ಸಂದರ್ಭ ಬಂದ್ರು ದುಃಖಕ್ಕೆ ಒಳಗಾಗದೆ ಸುಖದ ಸನ್ನಿವೇಶಗಳು ಬಂದ್ರು ಅತಿರೇಕದ ಸುಖದ
ಅನುಭವವನ್ನ ಮಾಡದೆ ಸಮದುಃಖ ಸುಖನಾಗಿರುತ್ತಾನೋ ಅವರು ಅಮೃತತ್ವಕ್ಕೆ ಯೋಗ್ಯರು. 
ಅಲ್ಲಿಗೆ ಹೆಂಗಸು ಆಗಬಹುದು ಗಂಡಸು ಆಗಬಹುದು. 
ಅನ್ನ ಮೋಕ್ಷ ಅನ್ನೋದು ಒಂದು ಲಿಂಗಕ್ಕೆ ಮೀಸಲಾಗಿ ಇಟ್ಟಿದ್ದಲ್ಲ. ಗಂಡಸರಿಗೆ ಮಾತ್ರ ಮೋಕ್ಷ, ಹೆಂಗಸರಿಗೆ ಇಲ್ಲ ಅನ್ನೋ ಭಾವ ಈ ಶ್ಲೋಕಕ್ಕಿಲ್ಲ. ಪುರುಷ ಶಬ್ದ ತೀರಾ ಅಗತ್ಯವಾದ ಶಬ್ದ.",5694,6497,,,104
kn_kannada_07_0008,kannada_07,kn,Dvaita,8,"ದೇಹದಲ್ಲಿ ಎಚ್ಚರ ಇರುವಾಗಲೇ ಸುಖ ದುಃಖದ ಆಗದ ಸ್ಥಿತಿಯನ್ನ ಪಡೆದುಕೊಂಡ್ರೆ ಅದು ಮೋಕ್ಷ ಯೋಗ್ಯತೆ. ಇದು ಶ್ರೀಕೃಷ್ಣನ ಭಾವ. ಹೆಂಗಸರಿಗೆ ಇಲ್ಲ ಮೋಕ್ಷ ಅನ್ನೋ ಭಾವ ಪುರುಷ ಶಬ್ದದ ಆಧಾರದಲ್ಲಿ ಮಾಡಿಕೊಳ್ಳಬಾರದು ಅಂತ ಆಚಾರ್ಯರು ತಮ್ಮ ಭಾಷ್ಯದಲ್ಲಿ ತಿಳಿಸಿದ್ದನ್ನ ರಾಯರು ಹಿತಾರ್ಥ ಸಂಗ್ರಹದಲ್ಲಿ ತಿಳಿಸಿದ್ದಾರೆ. ಮತ್ತೊಮ್ಮೆ ಶ್ಲೋಕ ಯಂ ಹಿನವ್ಯಥಯಂತೇತೆ ಪುರುಷಂ ಪುರುಷರ್ಷಭ ಸಮದುಃಖ ಸುಖಂ ಧೀರಂ ಸೋಮೃತತ್ವಾಯ ಕಲ್ಪತೆ
15ನೆಯ ಶ್ಲೋಕ ಇಲ್ಲಿಗೆ ಮುಗಿದಿದೆ.
16ನೆಯ ಶ್ಲೋಕ.
ಇಲ್ಲಿ ಅರ್ಜುನನ ಪ್ರಶ್ನೆ ಹೀಗಿದೆ.
ಹೌದು ನಮ್ಮ ಬಂಧುಗಳ ಆತ್ಮ ನಿತ್ಯ.
ಈ ದೇಹ ಹೋದರೆ ಇನ್ನೊಂದು ದೇಹ ಬರುತ್ತದೆ.
ಆದರೆ ಈಗ ಮನುಷ್ಯರಾಗಿದ್ದಾರೆ. ಒಳ್ಳೆಯ ದೇಹ ಮನುಷ್ಯ ದೇಹ.
ಬೇಕಾದಷ್ಟು ತಿನ್ನೋಕೆ ಕುಡಿಯೋದಕ್ಕೆ ಸುಖ ದುಃಖಗಳನ್ನ ಅನುಭವಿಸೋಕೆ ಅನುಕೂಲಕರವಾದ ದೇಹ.
ಸಾಧನಾನುಷ್ಠಾನವನ್ನು ಮಾಡಿ ಆತ್ಮೋದ್ಧಾರವನ್ನು ಮಾಡಿಕೊಳ್ಳಬಹುದಾದ ದೇಹ.
ಆದರೆ ಈ ದೇಹ ಹೋಯಿತು ಮುಂದಿನ ದೇಹ ಯಾವುದೋ ಪ್ರಾಣಿಯೋ ಯಾವುದೋ ಪಕ್ಷಿಯೋ ಮರವೋ ಗಿರವೋ ಗಿಡವೋ ಆಗ್ಬಿಟ್ರೆ
ಏನ್ ಅವಸ್ಥೆ?",6498,7251,,,100
kn_kannada_07_0009,kannada_07,kn,Dvaita,9,"ಇಷ್ಟು ಒಳ್ಳೆ ಕೆಲಸ ಮಾಡಿದ್ದಾರೆ.
ಕೆಟ್ಟ ದೇಹ ಬಂದುಬಿಟ್ರೆ, ಕಷ್ಟ ಜನ್ಮ ಬಂದುಬಿಟ್ರೆ
ಆದ್ದರಿಂದ
ನೀನು ಕೃಷ್ಣ
ಕೌಮಾರ ಹೋಗಿ ಯವ್ವನ ಬಂತು, ಯವ್ವನ ಹೋಗಿ ವೃದ್ಧಾಪ್ಯ ಬಂತು ಅಂದ್ರೆ ದೇಹ ಪೂರ್ಣ ನಾಶ ಆಗಿಲ್ಲ ಅಲ್ಲಿ.
ಬದಲಾವಣೆ ಆಯ್ತು ಅಷ್ಟೇ.
ಆದರೆ ಇಲ್ಲಿ
ಒಂದು ದೇಹವೇ ಭಸ್ಮ. ಆಗಿ ಇನ್ನೊಂದು ದೇಹವನ್ನ ಪಡೆಯುವ ಸಂದರ್ಭ. 
ಆ ಇನ್ನೊಂದು ದೇಹ ಇದರಂಥಾದ್ದೇ ಸಿಗ್ತದೆ ಅಂತ ಹೇಳೋಕೆ ಬರೋದಿಲ್ಲ. 
ನೀಚ ಜನ್ಮ ಬರಬಹುದು. 
ಕೆಟ್ಟ ಯೋನಿಯಲ್ಲಿ ಹುಟ್ಟಿದರೆ ದೊಡ್ಡ ನಷ್ಟ ಅಲ್ವಾ? 
ಇದಕ್ಕೋಸ್ಕರ ನಾನು ಬೇಸರ ಪಡುತ್ತೇನೆ. 
ಅಂದರೆ ಅದಕ್ಕೆ ಉತ್ತರ ಈ ಶ್ಲೋಕ. 
16ನೆಯ ಶ್ಲೋಕ. ನಾ ಸತೋ ವಿದ್ಯತೆ ಭಾವಃ
ನಾ ಭಾವೋ ವಿದ್ಯತೆ ಸತಃ
ಉಭಯೋರಪಿ ದೃಷ್ಟೋಂತಃ
ತ್ವನಯೋಸ್ತತ್ವದರ್ಶಿಭಿಃ
ಪದ ವಿಭಾಗ
ನ ಅಸತಃ ವಿದ್ಯತೆ ಭಾವಃ
ನ ಅಭಾವಹ ವಿದ್ಯತೆ ಸತಃ 
ಉಭಯೋಹೋ ಅಪಿ ದೃಷ್ಟಃ ಅಂತಃ ಅನಯೋಹೋ ತತ್ವದರ್ಶಿಭಿಃ 
ಇಲ್ಲಿ ಅಸತಃ ಅಂದ್ರೆ ಕೆಟ್ಟ ಕೆಲಸದಿಂದ ಅಂತ ಅರ್ಥ ಬಹಳ ಮುಖ್ಯವಾದ ಅಂಶ ಇದು ಶ್ಲೋಕ ಇದು.",7253,7956,,,108
kn_kannada_07_0010,kannada_07,kn,Dvaita,10,"ಅಸತಃ ಕೆಟ್ಟ ಕೆಲಸದಿಂದ ಭಾವಹ ಅಂದ್ರೆ ಸುಖ. 
ನ ವಿದ್ಯತೆ. 
ಕೆಟ್ಟ ಕೆಲಸವನ್ನ ಮಾಡಿ ಮಾಡಬಾರದನ್ನ ಮಾಡಿ ಅನ್ಯಾಯವನ್ನು ಮಾಡಿ ಸುಖದ ನಿರೀಕ್ಷೆಯನ್ನ ಮಾಡಬೇಡ. 
ಕೆಟ್ಟ ಕೆಲಸದಿಂದ ಯಾವತ್ತೂ ನಿನಗೆ ಒಳ್ಳೆಯದಾಗುವುದಿಲ್ಲ. 
ತಾತ್ಕಾಲಿಕವಾಗಿ ಆಗಿ ಮತ್ತೊಬ್ಬರಿಗೆ ತೊಂದರೆಪಟ್ಟು ಅವರ ದ್ರವ್ಯವನ್ನು ನಾವು ಕಸಿದುಕೊಂಡರೆ ಐಹಿಕವಾದ ಸುಖ ಇರಬಹುದು. 
ಅದು ಪೂರ್ವಜನ್ಮದ ಸುಕೃತ. 
ಈ ಕೆಟ್ಟ ಕೆಲಸ ಮಾಡಿದ್ದೀಯಲ್ಲ ಇದರ ಫಲ ನಿನಗೆ ಸುಖ ಅಲ್ಲ ಜನ್ಮ ಜನ್ಮಾಂತರಗಳಲ್ಲಿ ಆದ್ದರಿಂದ ದುಃಖವನ್ನೇ ಅನುಭವಿಸುತ್ತೇವೆ. 
ಅಲ್ಲಿಗೆ ಕೆಟ್ಟ ಕೆಲಸದಿಂದ ಸುಖದ ನಿರೀಕ್ಷೆ ಬೇಡ. ದುಃಖವೇ ಆಗೋದು. ನಾ ಭಾವೋ ವಿದ್ಯತೆ ಸತಃ ಸತಃ ಅಂದ್ರೆ ಒಳ್ಳೆ ಕೆಲಸ. ಸತ್ಕರ್ಮ. ಸತ್ಕರ್ಮದಿಂದ ಅಭಾವಃ ಭಾವ ಅಂದ್ರೆ ಸುಖ ಅಭಾವ ಅಂದ್ರೆ ದುಃಖ. ಸತ್ಕರ್ಮದಿಂದ ದುಃಖವು ಇಲ್ಲ. ಒಳ್ಳೆ ಕೆಲಸವನ್ನ ಮಾಡಿದ್ದೇನೆ ಆದರೂ ದೇವರು ಇಷ್ಟು ಕೊಡಲಿಲ್ಲ. ಕಷ್ಟ ಕೊಟ್ಟಾ
ಶ್ರೀಕೃಷ್ಣ ಭರವಸೆ ಕೊಡುತ್ತಾನೆ ಸತ್ಕರ್ಮದಿಂದ ಎಂದು ದುಃಖ ಇಲ್ಲ ಆ ಸತ್ಕರ್ಮಕ್ಕೆ ನಾನು ಸುಖವನ್ನು ಕೊಟ್ಟೇ ಕೊಡುತ್ತೇನೆ ಅಲ್ಲಿಗೆ ಪೂರ್ವಾರ್ಥದ ಒಟ್ಟು ಅರ್ಥ ಕೆಟ್ಟ ಕೆಲಸದಿಂದ ಎಂದು ಸುಖವಿಲ್ಲ ಒಳ್ಳೆ ಕರ್ಮದಿಂದ ಸುಖ ಆಗದೇ ಇರೋದಿಲ್ಲ ಸುಖ ನಿಶ್ಚಿತ ಹೇಗ ಗೊತ್ತು ಉಭಯೋರಪಿ ಅಂತಹ ತತ್ವದರ್ಶಿಭಿಹಿ ದೃಷ್ಟಃ ಉಭಯೋಹೋ ಈ ಎರಡು ವಿಷಯ ನಾವು ಏನು ಹೇಳಿದ್ದೇವೋ ಕೆಟ್ಟದರಿಂದ ಒಳ್ಳೆಯದಾಗುವುದಿಲ್ಲ ಒಳ್ಳೆಯದಿಂದ ಕೆಟ್ಟದಾಗಲ್ಲ ಇವೆರಡಕ್ಕೂ ಅಂತಹ ನಿರ್ಣಯವು ತತ್ವದರ್ಶಿಭಿಹಿ ಜ್ಞಾನಿ ಗಳಿಂದ ದೃಷ್ಟಃ
ತಿಳಿಯಲ್ಪಟ್ಟಿದೆ.",7958,9024,,,141
kn_kannada_07_0011,kannada_07,kn,Dvaita,11,"ಇವೆರಡೂ ನಿರ್ಣಯವನ್ನ ಮಾಡಿದವರು ನಾನು ನೀನಲ್ಲ ತಿಳಿದವರು ಬಲ್ಲವರು ಶಾಸ್ತ್ರವೇತ್ತರು ಹೀಗೆ ನಿರ್ಣಯ ಮಾಡಿದ್ದಾರೆ. 
ತತ್ವದರ್ಶಿಬಿಹಿ ಉಭಯೋಹೋ ಈ ಎರಡು ವಿಷಯಗಳ ಬಗ್ಗೆ ಅಂತಹ ಅಂದ್ರೆ ನಿರ್ಣಯವು ದೃಷ್ಟಃ ಕೊಡಲ್ಪಟ್ಟಿದೆ. ಅಲ್ಲಿಗೆ ಒಳ್ಳೆ ಕೆಲಸ ಮಾಡಿದವನಿಗೆ ಎಂದು ದುಃಖ ಇಲ್ಲ ಸುಖ ಬಂದೇ ತೀರುತ್ತದೆ. ಕೆಟ್ಟ ಕೆಲಸ ಮಾಡಿದವನಿಗೆ ದುಃಖ ಬರದೇ ಬಿಡೋದಿಲ್ಲ. ಅಲ್ಲಿಗೆ ಅರ್ಜುನನ ಪ್ರಶ್ನೆಗೆ ಏನು ಉತ್ತರ ಬಂತು? ನಿನ್ನ ತಾತಂದಿರು ಗುರು ಹಿರಿಯರು ಈ ದೇಹವನ್ನು ಬಿಟ್ಟ ಮೇಲೆ ಮುಂದಿನ ದೇಹ ಎಂಥದ್ದು ಅಂತ ನಿನಗೆ ಹೇಳಿ. ಸಂಶಯ.
ನಿನ್ನ ಗುರು ಹಿರಿಯರು ಜೀವನದಲ್ಲಿ ಸತ್ಕರ್ಮವನ್ನೇ ಮಾಡಿದ್ದಾರೆ ಅಂತಾದರೆ ಅವರಿಗೆ ಖಂಡಿತ ಮುಂದಿನ ಜನ್ಮದಲ್ಲಿ ದುಃಖ ಆಗಲ್ಲ.
ಅವಳಿಗೆ ಒಳ್ಳೆ ದೇಹವೇ ಬರುತ್ತದೆ.
ಕೆಟ್ಟ ಕೆಲಸ ಮಾಡಿದ್ದಾರೆ ಕೃಷ್ಣನಿಗೆ ವಿರೋಧವಾಗಿ ನಿಂತಿದ್ದಾರೆ ಅಂದ್ರೆ ಖಂಡಿತ ಅದರಿಂದ ಒಳ್ಳೆಯದಾಗುವುದಿಲ್ಲ.
ಅವರಿಗೆ ತೊಂದರೆಯೇ ಆಗುತ್ತೆ. ಅಲ್ಲಿಗೆ ನಿನ್ನ ಬಂಧುಗಳು ಸತ್ಕರ್ಮವನ್ನ ಮಾಡಿದ್ರೆ ಅವರಿಗೆ ದುಃಖ ಬರುತ್ತದೋ ನೀಚ ಯೋನಿ ಬರುತ್ತದೋ ಯಾಕೆ ಯೋಚನೆ ಮಾಡ್ತಿ ಬರೋದಿಲ್ಲ ನಾನು ಗ್ಯಾರಂಟಿ ಕೊಡ್ತೇನೆ.",9026,9828,,,107
kn_kannada_07_0012,kannada_07,kn,Dvaita,12,"ದುಷ್ಕರ್ಮವನ್ನು ಮಾಡಿದ್ದಾರೆ ಅಯ್ಯೋ ಕೆಟ್ಟ ದೇಹ ಬಂದ್ರೆ ಕಳ್ಳ ಜೈಲಿಗೆ ಹೋಗ್ತಾನೆ ಅಂತ ಅಳ್ತಿಯಾ ನೀನು. ಆ ಕೆಲಸವನ್ನ ಮಾಡಿದ್ದಾನೆ ಹೋಗ್ತಾನೆ ಅವನು. ಅಲ್ಲಿಗೆ ಕೆಟ್ಟ ಕೆಲಸ. ಕೆಲಸವನ್ನ ಮಾಡಿದರೆ ಅವರಿಗೆ ನೀಚ ಯೋನಿಗೆ ಹೋಗ್ತಾರೆ ಹೋಗಬೇಕಾದ್ದು ಅನಿವಾರ್ಯ ಅದು.
ಒಳ್ಳೆ ಕೆಲಸ ಮಾಡಿದರೆ ಯಾವತ್ತೂ ದುರ್ಗತಿ ಅವರಿಗೆ ಆಗುವುದಿಲ್ಲ.
ಆದ್ದರಿಂದ ನಿನ್ನ ತಾತಂದಿರು ಮಾಡಿದ್ದು ನೋ ಮಹಾರಾಯ ಅವರ ಸತ್ಕರ್ಮವನ್ನ ಮಾಡಿದರೆ ಉತ್ತಮ ಲೋಕವನ್ನ ಪಡೀತಾರೆ. 
ದುಷ್ಕರ್ಮವನ್ನ ಮಾಡಿದರೆ ಅದಕ್ಕೆ ಸರಿಯಾದ ಯೋನಿ ಜನ್ಮ ಅವರಿಗೆ ಮುಂದಿನ ಜನ್ಮದಲ್ಲಿ ಆಗುತ್ತೆ. ಆದ್ದರಿಂದ ಅದಕ್ಕೆ ನೀನು ಅಳಬೇಕಾದ ಅಗತ್ಯ ಇಲ್ಲ. ಆದ್ದರಿಂದ ಇದರಲ್ಲಿ ಮುಖ್ಯವಾಗಿ ಶ್ರೀಕೃಷ್ಣ ನಮಗೆ ಕೊಡುವ ಸಂದೇಶ ಜೀವನದಲ್ಲಿ ಸತ್ಕರ್ಮಗಳನ್ನೇ ಮಾಡ್ತಾ ಇದ್ದೇವೆ ನಾವು. ಆದರೆ ಅದಕ್ಕೆ ಸರಿಯಾದ ಪ್ರತಿಫಲ ಸಿಕ್ಲಿಲ್ಲ ದುಃಖದಲ್ಲಿದ್ದೇವೆ ಇಷ್ಟು ಒಳ್ಳೆ ಕೆಲಸ ಮಾಡಿಯೂ ಕೂಡ ದೇವರು ಹೀಗೆ ಮಾಡಿದನಲ್ಲ ಅಂತ ನಾವು ವ್ಯಥೆ ಪಡಬಾರದು. ಕೃಷ್ಣ ಇಲ್ಲಿ ಆಶ್ವಾಸನೆ ಕೊಟ್ಟಿದ್ದಾನೆ. 
ಸತ್ಕರ್ಮ ಮಾಡಿದವನಿಗೆ ದುಃಖ ಇಲ್ಲ.",9829,10597,,,102
kn_kannada_07_0013,kannada_07,kn,Dvaita,13,"ಈ ಜನ್ಮದಲ್ಲಿ ನಾವೇನು ಅನುಭವಿಸುತ್ತಾ ಇದ್ದೇವೋ ಅದು ಈ ಜನ್ಮದಲ್ಲಿ ಮಾಡಿದ ಸತ್ಕರ್ಮದ ಫಲ ಅಲ್ಲ. 
ಜನ್ಮಾಂತರದಲ್ಲಿ ಮಾಡಿದ ದುಷ್ಕರ್ಮದ ಫಲಗಳು. 
ಈ ಜನ್ಮದಲ್ಲಿ ಏನು ಮಾಡಿದ್ದೇವೋ ಅದಕ್ಕೆ ಸುಖ ಎಂಬ ಫಲವನ್ನು ಕೃಷ್ಣ ಜನ್ಮಾಂತರದಲ್ಲಿ ಕೊಟ್ಟಿದ್ದಾನೆ. ಕೊಡ್ತಾನೆ. 
ಆದ್ದರಿಂದ ನಾವು ಮರಣಕ್ಕೆ ಅಂಜಬಾರದು. 
ನಾವು ಕೆಟ್ಟ ಕೆಲಸ ಮಾಡಿದರೆ ಮಾತ್ರ ಮರಣಕ್ಕೆ ಹೆದರಬೇಕು. 
ಯಾಕೆ ಅಂದ್ರೆ ಕೆಟ್ಟ ಕೆಲಸ ಮಾಡಿದವನಿಗೆ ಒಳ್ಳೆಯದಾಗಲ್ಲ ಅಂತ ಶ್ರೀಕೃಷ್ಣ ಹೇಳಿದ್ದಾನೆ. 
ಮುಂದಿನ ದೇಹ ಏನು ಬರುತ್ತೋ ಏನೋ ಅದಕ್ಕೆ ಅಂಜಬೇಕಾಗುತ್ತದೆ. 
ಜೀವನದ ಉದ್ದಕ್ಕೂ ಮತ್ತೊಬ್ಬರಿಗೆ ಮತ್ತೊಬ್ಬರಿಗೆ ಅವರಿಗೆ ಕೇಡು ಬಯಸದೆ ಸತ್ಕರ್ಮಗಳನ್ನೇ ಮಾಡ್ತಾ ಬಂದವನಿಗೆ ಮರಣ ಅದೊಂದು ಅವಭೃತ ಅದಕ್ಕೆ ಅವನು ಹೆದರೋದಿಲ್ಲ. 
ನಾನು ಒಳ್ಳೆ ಕೆಲಸ ಮಾಡಿದ್ದೇನೆ ಶ್ರೀಕೃಷ್ಣ ಆಶ್ವಾಸನೆ ಕೊಟ್ಟಿದ್ದಾನೆ ಒಳ್ಳೆ ಕೆಲಸ ಮಾಡಿದವರಿಗೆ ಯಾವತ್ತೂ ದುರ್ಗತಿ ಇಲ್ಲ ಅಂತ ಆದ್ದರಿಂದ ನನಗೆ ಮುಂದಿನ ದೇಹ ಸದ್ದೇಹವೇ ಸಾಧನ ದೇಹವೇ ಬರುತ್ತದೆ ಅಂತ ಧೈರ್ಯ ಆತ್ಮವಿಶ್ವಾಸ ಅವನಿಗೆ ಇರುತ್ತದೆ. 
ಆದ್ದರಿಂದ ಇಂದ ನಾವು ಕೊನೆಯ ಜೀವನದ ಕೊನೆಯ ಹಂತವನ್ನು
ವ್ಯಥೆಯಿಲ್ಲದೆ ಕಡಿಬೇಕು ಅಂತಾದರೆ ಜೀವನದ ಉದ್ದಕ್ಕೂ ಒಳ್ಳೆ ಕೆಲಸಗಳನ್ನು ಮಾಡುತ್ತಾ ಬರಬೇಕು.",10599,11473,,,114
kn_kannada_07_0014,kannada_07,kn,Dvaita,14,"ಆವಾಗ ಜೀವನದ ಅಂತ್ಯಕ್ಕೆ ನಾವು ಹೆದರಬೇಕಾದ ಅಗತ್ಯ ಇಲ್ಲ. 
ಇದು ಶ್ರೀಕೃಷ್ಣ ಈ ಶ್ಲೋಕದ ಮೂಲಕ ನಮಗೆ ಕೊಡುವ ದಿವ್ಯವಾದ ಸಂದೇಶ ಇದು. ಮತ್ತೊಮ್ಮೆ ಶ್ಲೋಕ
ನಾ ಸತೋ ವಿದ್ಯತೆ ಭಾವಃ
ನಾ ಭಾವೋ ವಿದ್ಯತೆ ಸತಃ
ಉಭಯೋರಪಿ ದೃಷ್ಟೋಂತಃ ತ್ವನಯೋಸ್ತತ್ವದರ್ಶಿಭಿ
ದೃಷ್ಟೋಂತಸ್ತ್ವನಯೋಹು ಅಂತಿದೆ
ದೃಷ್ಟಃ ಅಂತಃ ತೂ ಅನಯೋಹು
ಹೀಗೆ ಪದಚ್ಛೇದವನ್ನ ನೆನೆಸಿ ಮಾಡಬೇಕು. ದೃಷ್ಟಹ ಅಂದ್ರೆ ತತ್ವದರ್ಶಿಗಳಿಂದ ಕಂಡಿದೆ. ಅಂತಹ ಅಂದ್ರೆ ನಿರ್ಣಯ. ತು ಅನಯೋಹು ಇವೆರಡರ ನಿರ್ಣಯ ತತ್ವದರ್ಶಿಗಳು ಮಾಡಿದ್ದಾರೆ ಅಂತ ಇದು ಶ್ರೀಕೃಷ್ಣನ ಭಾವ. ಇಲ್ಲಿಗೆ ಶ್ರೀಕೃಷ್ಣ ಆತ್ಮ ನಿತ್ಯ ದೇಹ ಅನಿತ್ಯ ಅವರ ಸಂಪರ್ಕ ಕಡಿತದೆ ಎಂದು ಅಂತ ನೀನು ದುಃಖ ಪಡಬೇಕಾದ ಅಗತ್ಯ ಇಲ್ಲ. 
ಆದ್ದರಿಂದ ನಿಷ್ಠೆಯಿಂದ ನಿನ್ನ ಕರ್ತವ್ಯವನ್ನು ನೀನು ನೆರವೇರಿಸು ಅನ್ನೋ ಸಂದೇಶವನ್ನ ಶ್ರೀಕೃಷ್ಣ ಅರ್ಜುನನಿಗೆ ನೀಡಿದ್ದಾನೆ. 
ಮುಂದೆ ಆತ್ಮನು ನಿತ್ಯ ಅನ್ನೋದನ್ನ ಅನೇಕ ಶ್ಲೋಕಗಳಿಂದ ಸಮರ್ಥನೆ ಮಾಡುತ್ತಾ ಹೋಗ್ತಾನೆ. 
ಮುಂದಿನ ಭಾಗವನ್ನ ಮುಂದೆ ನೋಡೋಣ. 
ಈ ಗೀತಾ ಪ್ರತಿಪದಾರ್ಥ ಚಿಂತನೆ ಅಯ್ಯ ಪ್ರವಚನ ಸೇವೆಯನ್ನು
ಶ್ರೀಯುತರಾದ ಮರವೇಕೆರೆ ಮುರಳೀಧರರಾವ್ ಅವರು ಪ್ರಾಯೋಜಕರಾಗಿ ಪುಣ್ಯಭಾಜನರಾಗಿದ್ದಾರೆ ಶ್ರೀಕೃಷ್ಣನ ವಿಶೇಷ ಅನುಗ್ರಹ ಅವರಿಗೆ ಆಗಲಿ ಅಂತ ಪ್ರಾರ್ಥಿಸೋಣ ಶ್ರೀಕೃಷ್ಣಾರ್ಪಣಮಸ್ತು",11475,12381,,,118
kn_kannada_08_0000,kannada_08,kn,Dvaita,0,"ಶ್ರೀ ಗುರುಭ್ಯೋ ನಮಃ ಹರಿಃ ಓಂ ಭಗವದ್ಗೀತೆಯ 14, 15 ಮತ್ತು 16ನೆಯ ಶ್ಲೋಕಗಳಲ್ಲಿ ಶ್ರೀಕೃಷ್ಣ ಬಹಳ ಮುಖ್ಯವಾದ ಒಂದು ಅಂಶವನ್ನು ಪ್ರಮೇಯವನ್ನು ನಿರೂಪಣೆ ಮಾಡಿದ್ದಾನೆ. ದೇಹ ನಾಶ ನಿಮಿತ್ತವಾಗಿಯೂ ದುಃಖ ಪಡಬೇಕಾದ ಅಗತ್ಯ ಇಲ್ಲ. ದೇಹ ನಶ್ವರ. ಇವತ್ತಲ್ಲ ನಾಳೆ ನಾಶವಾಗುವಂತದ್ದೆ. ಇನ್ನು ದೇಹದ ಒಳಗೆ ಇರುವ ಆತ್ಮ ಅವನು ನಿತ್ಯ. ಅವನನ್ನು ಎಂದು ಯಾರು ನಾಶ ಮಾಡಬಾರ್ದು.
ಇನ್ನು
ಬಂಧುಗಳ ದೈಹಿಕ ಸಂಪರ್ಕ
ಅವರ ಜೊತೆಯಲ್ಲಿ ಮಾತನಾಡುವುದು, ಬೆರೆಯುವುದು ಇದರಿಂದ ನಮಗೆ ಸುಖವಾಗುತ್ತದೆ.
ಆ ದೇಹದ ಸಂಪರ್ಕ ನಮಗೆ ಹೋದ ಕೂಡಲೇ ಸಾವಿನ ನಂತರ
ಈ ಸುಖ ಇಲ್ಲದಾಗುತ್ತದೆ ಅದಕ್ಕಾಗಿ. ಆಗಿ ಶೋಕ ಅಂದ್ರೆ
ಅಭಿಮಾನವನ್ನ ತ್ಯಜಿಸಿ
ಕರ್ತವ್ಯದಲ್ಲಿ ತೊಡಗು
ಅನ್ನುವ ಮುಖ್ಯವಾದ ಸಂದೇಶವನ್ನು ಮಾತ್ರಾಸ್ಪರ್ಶಾಸ್ತು
ಎಂಬ ಶ್ಲೋಕದಲ್ಲಿ ನೀಡಿ
ಅದರ ಮೇಲೆ ಯುದ್ಧ ಮಾಡಿ
ಬಂದ ದುಃಖವನ್ನು ಅಭಿಮಾನ ತ್ಯಾಗ ಆಗದಿಂದ ಪರಿಹಾರ ಮಾಡುವುದಕ್ಕಿಂತ
ಯುದ್ಧ ಮಾಡದೆ
ದುಃಖಕ್ಕೆ ಆಸ್ಪದವೇ ಇಲ್ಲದಂತೆ ಮಾಡಿಕೊಳ್ಳುವುದು ಲೇಸು.
ಕೆಸರು ಮುಟ್ಟಿ ಕೈ ತೊಳೆಯುವುದಕ್ಕಿಂತ
ಕೆಸರಿನಿಂದ ದೂರ ಉಳಿಯುವುದು ಒಳ್ಳೆಯದು.",0,773,,,106
kn_kannada_08_0001,kannada_08,kn,Dvaita,1,"ಅನ್ನುವ ಪ್ರಶ್ನೆಗೆ
ಶ್ರೀಕೃಷ್ಣ ಉತ್ತರ ಹೇಳಿ. ಎಂಹಿನೌ ಯಥಾಯಂತ್ಯೇತೆ ಎಂಬ 15ನೇ ಶ್ಲೋಕದಲ್ಲಿ
 ನೀನು ನಿನ್ನ ಕರ್ತವ್ಯವಾದ ಯುದ್ಧವನ್ನು ಮಾಡಲೇಬೇಕು
 ಅದರಿಂದ ದುಃಖದ ಸಂದರ್ಭ ಬಂದಾಗ ಅಭಿಮಾನ ತ್ಯಾಗ ಮಾಡಿ ಅದನ್ನು ಜಯಿಸಲೇಬೇಕು
 ಹಾಗಿದ್ದಾಗ ಮಾತ್ರ ನಿನ್ನ ಕರ್ತವ್ಯ ತವ್ಯವನ್ನು ನೀನು ಮಾಡಿ ಭಗವಂತನ ಆರಾಧನೆಯನ್ನು ನೆರವೇರಿಸಿದಂತಾಗಿ ಅಮೃತತ್ವಾಯ ಕಲ್ಪತೆ ಭಗವಂತನ ಅನುಗ್ರಹದಿಂದ ನೀನು ಶ್ರೇಯಸ್ಸನ್ನು ಪಡೆಯುವುದು ಸಾಧ್ಯ. ಹೌದು ಭೀಷ್ಮಾದಿಗಳ ಆತ್ಮ ನಿತ್ಯ ದೇಹ ನಶ್ವರ ಈ ದೇಹ ಹೋದರೆ
ಇನ್ಯಾವ ದೇಹ ಬರುತ್ತದೋ ಏನೋ
ಅಥವಾ
ಹಿಂದೆ ಹೇಳಿದಂತೆ
ಬಂಧುಗಳ ಮರಣಕ್ಕೆ ಕಾರಣನಾಗಿ ನಾನು
ಅನರ್ಥಕ್ಕೆ ನರಕಾದಿ
ಅನರ್ಥಕ್ಕೆ ಈಡಾಗಬೇಕಾಗುತ್ತದೆ ಅನ್ನೋ ಪ್ರಶ್ನೆಗೆ ಕೃಷ್ಣನ ಉತ್ತರ ನಾಸತೋ ವಿದ್ಯತೆ ಭಾವಃ
16ನೆಯ ಶ್ಲೋಕ
ಅದರ ಒಟ್ಟು ತಾತ್ಪರ್ಯ ಕೆಟ್ಟ ಕರ್ಮದಿಂದ ಕೆಲಸದಿಂದ ಸುಖ ಇಲ್ಲ
ಸತ್ಕರ್ಮದಿಂದ ದುಃಖ ಇಲ್ಲ
ನಿನ್ನ ಬಂಧುಗಳು ಭೀಷ್ಮಾದಿಗಳು ಸತ್ಕರ್ಮವನ್ನು ಮಾಡಿದ್ದಾರೆ ಅಂದ್ರೆ
ಮುಂದಿನ ಜನ್ಮ ಅವರಿಗೆ ಈ ಉತ್ತಮ ಜನ್ಮ ಸಿಕ್ಕೇ ಸಿಗ್ತದೆ.",774,1519,,,100
kn_kannada_08_0002,kannada_08,kn,Dvaita,2,"ದುಷ್ಕರ್ಮವನ್ನು ಮಾಡಿದ್ದಾರೆ ಅಂತಾದರೆ
ತಪ್ಪು ಮಾಡಿದವರಿಗೆ ಕೆಟ್ಟ ದೇಹ ಬಂದರೆ ನೀನ್ಯಾಕೆ ಹೇಳ್ತೀಯಾ?
ಅಷ್ಟೇ ಅಲ್ಲದೆ ದುಃಖದಿಂದ ನಾನು ನರಕಕ್ಕೆ ಈಡಾಗಬೇಕಾಗುತ್ತೆ ಬಂಧು ಬದಿಯಿಂದ ಅಂತ ಹೇಳ್ತಿ ಒಳ್ಳೆ ಕೆಲಸದಿಂದ
ನರಕದ
ಸಂಭವ ಇಲ್ಲ.
ಭೀಷ್ಮಾದಿಗಳು ಸಜ್ಜನರಾಗಿದ್ದರೂ ಕೂಡ
ಕೆಟ್ಟ ಸ್ವಭಾವದ ದುರ್ಯೋಧನನ ಸಹಾಯಕ್ಕೆ ನಿಂತು
ಕೃಷ್ಣ ಪಕ್ಷಕ್ಕೆ ವಿರುದ್ಧವಾಗಿ
ಹೋರಾಡಿದ ಕಾರಣದಿಂದ
ತಪ್ಪು ಮಾಡಿದ್ದಾರೆ. ಅವರ ಸಂಹಾರ ಕ್ಷತ್ರಿಯನಾಗಿ ನಿನ್ನ ಕರ್ತವ್ಯ. ಈ ಸತ್ಕರ್ಮದಿಂದ ಕೆಟ್ಟದಾಗುವುದಿಲ್ಲ, ನರಕ ಆಗುವುದಿಲ್ಲ, ಹೆದರಬೇಡ. ಹೀಗೆ ಅರ್ಜುನನ ಪ್ರಶ್ನೆಗಳಿಗೆಲ್ಲ ಶ್ರೀಕೃಷ್ಣ ಉತ್ತರವನ್ನ ನೀಡಿ ಶ್ರೀಕೃಷ್ಣ ಆತ್ಮ ನಿತ್ಯ. ಅಂತ ಹೇಳಿದ್ದಾನೆ.
ನಿತ್ಯವಾದ ವಸ್ತು ಯಾವುದು?
ಯಾವುದರಂತೆ ಆತ ನಿತ್ಯ?
ಅನ್ನೋ ಪ್ರಶ್ನೆಗೆ ಉದಾಹರಣೆಯಾಗಿ ಮುಂದಿನ 17ನೆಯ ಶ್ಲೋಕ ಇದೆ.
ಅವಿನಾಶಿತು ತದ್ವಿದ್ದಿ ಏನ ಸರ್ವ ಅವಿದಂ ತತಂ ವಿನಾಶಮವ್ಯಯಸ್ಯಾಸ್ಯ ನಕಶ್ಚಿತ್ ಕರ್ತುಮರ್ಹತಿ ಪದವಿಭಾಗ ಅವಿನಾಶಿ ತು ತತ್ ವಿದ್ದಿ ಯೇನ ಸರ್ವಂ ಇದಂ ತಥಂ ವಿನಾಶಂ
ಅವ್ಯಯಸ್ಯ
ಅಸ್ಯ
ನ
ಕಶ್ಚಿತ್
ಕರ್ತುಂ
ಅರ್ಹತಿ.",1520,2294,,,100
kn_kannada_08_0003,kannada_08,kn,Dvaita,3,"ವಿದ್ದಿ ಅಂದ್ರೆ ತಿಳಿ ಅಂತ ಅರ್ಜುನನಿಗೆ ಹೇಳ್ತಾ ಇದ್ದಾನೆ.
ಏನ ಇದಂ ಸರ್ವಂ ತತಂ
ತತ್ ಅವಿನಾಶಿ ವಿದ್ದಿ. ಯಾವುದು ಇವೆಲ್ಲವನ್ನು ವ್ಯಾಪಿಸಿಕೊಂಡಿದೆಯೋ ಅದಕ್ಕೆಂದು ನಾಶ ಇಲ್ಲ. ಕೆಲವು ವಸ್ತುಗಳಿಗೆ ದೇಶದ ಪರಿಮಿತಿ ಇದೆ. ನಮ್ಮ ಎದುರುಗಡೆ ಇರುವ ಪುಸ್ತಕ ಪದಾರ್ಥಗಳು. ಅವುಗಳು ಇಷ್ಟೇ ಜಾಗವನ್ನು ಆಕ್ರಮಿಸಿಕೊಂಡಿರುತ್ತವೆ ಮುಂದೆ
 ಅವುಗಳ ವ್ಯಾಪ್ತಿ ಇಲ್ಲ.
ನಮ್ಮ ಮನೆ
ವಿಶಾಲವಾದ ಜಾಗದಲ್ಲಿ 40 60 ಅಡಿ ಪರಿಮಿತವಾದ ಜಾಗದಲ್ಲಿ ಇರುತ್ತದೆ.
ಹೀಗೆ ಹೆಚ್ಚಿನ ವಸ್ತುಗಳನ್ನು ನಾವು ದೇಶದ ಪರಿಮಿತಿ ಇರುವುದನ್ನಾಗಿ ಕಾಣುತ್ತೇವೆ. ಮಾಡ್ತೀವಿ.
ಕೆಲವು ವಸ್ತುಗಳಿಗೆ
ದೇಶದ ಪರಿಮಿತಿ ಇಲ್ಲ.
ಉದಾಹರಣೆಗೆ ಆಕಾಶ.
ಎಲ್ಲಿವರೆಗೆ ಇದೆ?
ಎಲ್ಲಿವರೆಗೆ ಅಂದ್ರೆ ಅದಕ್ಕೊಂದು ಮಿತಿ ಇಲ್ಲ.
ಇಲ್ಲಿವರೆಗೆ ಮಾತ್ರ ಆಕಾಶ ಆಮೇಲೆ ಇಲ್ಲ ಅಂತ ನಾವು ಹೇಳೋದಕ್ಕೆ ಸಾಧ್ಯವಿಲ್ಲ. ದೇವರು ಎಲ್ಲಿವರೆಗೆ ಇದ್ದಾನೆ? ಎಲ್ಲಿವರೆಗೆ ಆಕಾಶ ಇದೆಯೋ ಅಲ್ಲಿವರೆಗೆ ಇದ್ದಾನೆ. ಹೀಗೆ ಕೆಲವು ವಸ್ತುಗಳು ಸರ್ವತ್ರ ವ್ಯಾಪಿಸಿಕೊಂಡಿವೆ. ಏನ ಸರ್ವಮಿದಂ ತತಂ ಯಾವ ವಸ್ತುವಿನಿಂದ ಈ ಈ ಜಗತ್ತೆಲ್ಲವೂ ತುಂಬಿದೆಯೋ
ತತ್ ಅಂತಹ ವಸ್ತು ಅವಿನಾಶಿ ವಿದ್ಯೆ
ಅದಕ್ಕೆ ನಾಶ ಇಲ್ಲ
ಆಕಾಶಕ್ಕೆ
ದೇವರಿಗೆ ನಾಶ ಇಲ್ಲ ಯಾಕೆ ಅಂದ್ರೆ ಎಲ್ಲ ಕಡೆ ತುಂಬಿಕೊಂಡಿದೆ ಅದು
ಹೀಗೆ ಒಂದು ಇದು ಸಾಮಾನ್ಯ ನಿಯಮ
ಎಲ್ಲ ಕಡೆ ತುಂಬಿರುವ ವಸ್ತು ವಸ್ತುವಿಗೆ ಎಂದು ನಾಶ ಇಲ್ಲ.",2295,3253,,,133
kn_kannada_08_0004,kannada_08,kn,Dvaita,4,"ಹೇಗೋ
ಅದರಂತೆ ವಿನಾಶಂ ಅವ್ಯಯಸ್ಯ ಅಸ್ಯ ನಕಶ್ಚಿತ್ ಕರ್ತುಮರ್ಹತಿ.
ಅವ್ಯಯಸ್ಯ ಅಸ್ಯ ವ್ಯಯ ಅಂದ್ರೆ ನಾಶ.
ಅವ್ಯಯ ಅಂದ್ರೆ ನಾಶವಿಲ್ಲ ಅದು.
ನಾಶವಿಲ್ಲದ ಈ ವಸ್ತು ವಸ್ತುವಿಗೆ ಆಕಾಶ ದೇವರಿಗೆ
ವಿನಾಶಂ ನಾಶವನ್ನು
ನ ಕಶ್ಚಿತ್ ಕರ್ತುಂ ಅರ್ಹತಿ
ಯಾರು ಮಾಡಲಾರರು
ಎಲ್ಲೆಡೆ ವ್ಯಾಪಿಸಿರುವ ವಸ್ತು ನಿತ್ಯ ಅದರ ನಾಶವನ್ನು ಯಾರು ಮಾಡೋದಕ್ಕೆ ಸಾಧ್ಯವಿಲ್ಲ
ಮತ್ತು ಮರವನ್ನು
ನಾವು ಕತ್ತಿಯಿಂದ ಕಡಿಬಹುದು.
ಆದರೆ ಆಕಾಶವನ್ನು
ಯಾವ ಆಯುಧಗಳಿಂದಲೂ
ಕಡಿದು ತುಂಡರಿಸಿ ನಾಶ ಮಾಡೋದಕ್ಕೆ ಸಾಧ್ಯವಿಲ್ಲ.
ಹೀಗೆ
ಯಾವುದು ಜಗತ್ತಿನ ಎಲ್ಲೆಡೆ ವ್ಯಾಪಿಸಿದೆಯೋ
ಅದನ್ನು ಯಾರೂ ನಾಶ ಮಾಡಲಾರರು.
ಆಕಾಶವನ್ನು ನಾಶ ಮಾಡೋದಕ್ಕೆ ಯಾರಿಗೂ ಸಾಧ್ಯವಿಲ್ಲ.
ಅದು ಹೇಗೆ ಸಾರ್ವಕಾಲಿಕವೋ, ನಿತ್ಯವೋ, ನಾಶವಿಲ್ಲದ ವಸ್ತುವೋ,
ಅದರಂತೆ ನೀನು, ನಾನು, ಈ ರಾಜ ಮಹಾರಾಜರು ನಾಶವಿಲ್ಲದ ವಸ್ತುಗಳು.
ಒಂದು ವ್ಯತ್ಯಾಸ ನಿನಗೆ ಈ ನಿನ್ನ ಎದುರುಗಡೆ ಇರುವ ಯೋಧರಿಗೆ ನಿನ್ನ ಬಂಧುಗಳಿಗೆ ದೇಶದ ಪರಿಮಿತಿ ಇದೆ. 
ಆದರೂ ನಾಶ ಇಲ್ಲ. 
ನನಗೆ ಕೃಷ್ಣ ಹೇಳುತ್ತಾನೆ ನನಗೆ ದೇಶದ ಎಲ್ಲೇ ಪರಿಮಿತಿ ಇಲ್ಲ.",3254,4011,,,105
kn_kannada_08_0005,kannada_08,kn,Dvaita,5,"ನನಗೂ ನಾಶ ಇಲ್ಲ. 
ದೇಶದ ಪರಿಮಿತಿ ಇಲ್ಲದ ವಸ್ತು ಹೇಗೆ ನಾಶವಾಗುವುದಿಲ್ಲವೋ ದೇಶದ ಪರಿಮಿತಿ ಇರುವ
ಅಣುವಾದ ಜೀವನಿಗೂ ನಾಶ ಇಲ್ಲ.
ವಿನಾಶಂ ಅವ್ಯಯಸ್ಯ ಅಸ್ಯ
ನಕಶ್ಚಿತ್ ಕರ್ತುಮರ್ಹತಿ.
ಅಸ್ಯ ವಿನಾಶಂ ನಕಶ್ಚಿತ್ ಕರ್ತುಮರ್ಹತಿ.
ವ್ಯಾಪಿಸಿರುವ ಈ ವಸ್ತುವಿಗೆ ನಾಶವನ್ನು ಯಾರೂ ಮಾಡೋದಕ್ಕೆ ಸಾಧ್ಯವಿಲ್ಲ.
ಹೇಗೋ ಜೀವ ಜೀವನಿಗೂ ನಾಶವಿಲ್ಲ. ಆದ್ದರಿಂದ ಆತ್ಮನು ಅಮರವಾದ ವಸ್ತು ಅದರ ನಾಶಕ್ಕಾಗಿ ನೀನು ಅಳುವ ಅಗತ್ಯ ಇಲ್ಲ. ಮತ್ತೊಮ್ಮೆ ಶ್ಲೋಕ ಅವಿನಾಶಿತು ತದ್ವಿದ್ದಿ ಏನ ಸರ್ವಮಿದಂ ತತಂ ವಿನಾಶಮವ್ಯಯಸ್ಯಾಸ್ಯ ನ ಕಶ್ಚಿತ್ ಕರ್ತುಮರ್ಹತಿ ಇದರ ಮೇಲೆ ಬರುವ ಒಂದು ಸಂದೇಹ ನಾವು ನೀವು ಎಲ್ಲ ಜೀವರು ಕೂಡ ಪರಮಾತ್ಮನ ಪ್ರತಿಬಿಂಬದಂತೆ ಇದ್ದೇವೆ. ಉಪನಿಷತ್ತು ರೂಪಂ ರೂಪಂ ಪ್ರತಿರೂಪ ಪೋಬಭೂವಾ
ಸೃಷ್ಟಿಯ ಆರಂಭದಲ್ಲಿ ಭಗವಂತ ಎಲ್ಲ ಜೀವರಿಗೆ ಬಿಂಬ ರೂಪವಾಗಿ ತನ್ನನ್ನ ಅನೇಕ ರೂಪನನ್ನಾಗಿ ಮಾಡಿಸಿಕೊಂಡ.
ಅಲ್ಲಿಗೆ ದೇವರು ಬಿಂಬ ನಾವು ಪ್ರತಿಬಿಂಬರು.
ಬಿಂಬೋಸಿ ಪ್ರತಿಬಿಂಬೋಸ್ಮಿ ತವ ಯದ್ಯಪಿ ಚಾಂತರಂ
ಭಗವಂತ ನೀನು ಬಿಂಬ ನಾನು ಪ್ರತಿಬಿಂಬ
ಈ ಅನುಸಂಧಾನ ಬಹಳ ಮುಖ್ಯವಾದದ್ದು
ಕನ್ನಡಿಯ ಮುಂದೆ ನಾವು ನಿಂತರೆ ನಾವು ಬಿಂಬ ಕನ್ನಡಿಯಲ್ಲಿ ಕಾಣುವುದು ಪ್ರತಿಬಿಂಬ
ಬಿಂಬದಲ್ಲಿ ಚಲನೆಯಲ್ಲಿ ಆದರೆ
ಪ್ರತಿಬಿಂಬದಲ್ಲಿ ಚಲನೆ.",4013,4893,,,119
kn_kannada_08_0006,kannada_08,kn,Dvaita,6,"ನಾವು ನಮ್ಮ ಕೈಯನ್ನ ಅಲುಗಾಡಿಸಿದರೆ ಪ್ರತಿಬಿಂಬದಲ್ಲಿ ಚಲನೆ ಕಾಣಿಸುತ್ತದೆ.
ನಾವು ನಕ್ಕರೆ ಪ್ರತಿಬಿಂಬದಲ್ಲಿ ನಗು ಕಾಣಿಸುತ್ತದೆ.
ಅದರಂತೆ ಬಿಂಬದಂತಿರುವವನು ಪರಮಾತ್ಮ ನಾವು ಪ್ರತಿಬಿಂಬರು. ಅವನಲ್ಲಿ ಚಲನೆ, ಉಣ್ಣೋದು, ತಿನ್ನೋದು, ನೋಡೋದು ಈ ಕ್ರಿಯೆಗಳು ನಡೆದರೆ
ನಮ್ಮ ದೇಹದ ಕಣ್ಣು, ಕಿವಿ, ಮೂಗುಗಳಲ್ಲಿ ಪ್ರತಿಕ್ರಿಯೆ ನಡೆಯುತ್ತದೆ.
ಹೀಗಾಗಿ ದೇವರು ಬಿಂಬ ನಾನು ಪ್ರತಿಬಿಂಬ ಅನ್ನೋ ಅನುಸಂಧಾನದಲ್ಲಿ ಅವನ ಅಧೀನರು ನಾವು ಎಂಬ ಮುಖ್ಯವಾದ ತತ್ವ ಅಡಗಿದೆ. ಅವನಲ್ಲಿ ಚಲನೆಯಾಗದ ಹೊರತು ಅವನು ತನ್ನ ಕಣ್ಣಿನಿಂದ ನಮ್ಮ ಕಣ್ಣಲ್ಲಿದ್ದು ನೋಡದ ಹೊರತು ನಮ್ಮ ಕಣ್ಣು ನೋಡಲಾರದು. ಹೀಗೆ ದೇವರಿಗೂ ನಮಗೂ ಇರುವ ಸಂಬಂಧ ಬಿಂಬ ಪ್ರತಿಬಿಂಬ ಭಾವ. ಈ ಪ್ರತಿಬಿಂಬ ಹೇಗೆ ನಾಶ ಆಗುತ್ತೆ? ಕನ್ನಡಿಯ ಎದುರಿನಿಂದ ನಾವು ಆಚೆಗೆ ಹೋದರು ಕನ್ನಡಿಯಲ್ಲಿ ಪ್ರತಿಬಿಂಬ ಮೂಡೋದಿಲ್ಲ. ಕನ್ನಡಿ ಒಡೆದು ಹೋದರು ನಮ್ಮ ಪ್ರತಿಬಿಂಬ ಕನ್ನಡಿಯಲ್ಲಿ ಮೂಡೋದಕ್ಕೆ ಸಾಧ್ಯವಿಲ್ಲ. ದೇವರು ಬಿಂಬ ನಾವು ಪ್ರತಿಬಿಂಬರಾದರೆ ನಮ್ಮಿಬ್ಬರ ಮಧ್ಯದಲ್ಲಿ ಕನ್ನಡಿ ಆಗುತ್ತದೆ. ಯಾವುದು ಅದನ್ನು ಉಪಾಜಿ ಅಂತ ಕರೆಯುತ್ತಾರೆ.",4894,5673,,,101
kn_kannada_08_0007,kannada_08,kn,Dvaita,7,"ಕನ್ನಡಿಯಂತೆ ಉಪಾಜಿ ಯಾವುದು ಪ್ರತಿಬಿಂಬಕ್ಕೆ.
ನಮ್ಮ ಈ ದೇಹ.
ಹಾಗಾದರೆ ದೇಹ ಉಪಾದಿ ಕನ್ನಡಿ ಅದರ ಒಳಗಡೆ ಇರುವ ನಾವು ಪ್ರತಿಬಿಂಬರು ನಮ್ಮ ಎದುರುಗಡೆ ಇರುವ ದೇವರು ಬಿಂಬ.
ಈ ಕನ್ನಡಿ ಹೊಡೆಯುತ್ತದೆ ದೇಹ ನಾಶ ಆಗುತ್ತೆ. ಕನ್ನಡಿ ಒಡೆದಾಗ ಪ್ರತಿಬಿಂಬ ಹೇಗೆ ಇಲ್ಲ ಅಂತ ಆಗುತ್ತೋ, ದೇಹ ನಾಶವಾದಾಗ ಪ್ರತಿಬಿಂಬರಾದ ಆತ್ಮನು ನಾಶವಾಗಲೇಬೇಕಲ್ಲ. ಆದ್ದರಿಂದ ಆತ್ಮನಾಶ ಇಲ್ಲ ಅಂತ ಹೇಳೋದು ಹೇಗೆ? ಈ ಪ್ರಶ್ನೆಗೆ ಉತ್ತರ ಮುಂದಿನ ಶ್ಲೋಕ. ಅಂತವಂತ ಇಮೇ ದೇಹಾಃ
ನಿತ್ಯಸ್ಯೋಕ್ತಾ ಶರೀರಿಣಃ
ಅನಾಶಿನೋ ಪ್ರಮೇಯಸ್ಯ
ತಸ್ಮಾದ್ ಯುಧ್ಯಸ್ವ ಭಾರತ
ಪದವಿಭಾಗ
ಅಂತವಂತಃ
ಇಮೇ
ದೇಹಾಃ
ನಿತ್ಯ ಯುದ್ಧಸ್ಯ ಉಕ್ತಾಹ ಶರೀರಿಣಃ ಅನಾಶಿನಃ ಅಪ್ರಮೇಯಸ್ಯ ತಸ್ವಾತ್ ಯುದ್ಧ್ಯಸ್ವ ಭಾರತ ಭಾರತ ಅಂತ ಶ್ರೀಕೃಷ್ಣ ಅರ್ಜುನನಿಗೆ ಮಾಡಿದ ಸಂಬೋಧನೆ ಅರ್ಜುನನೇ ಭರತ ವಂಶ ಪ್ರಸೂತನೇ
ಇಮೇ ದೇಹಾಃ
ನಾವೆಲ್ಲರೂ ಕಾಣುವ ಈ ದೇಹವು ಕೈ ಕಾಲು ಕಣ್ಣು ಮೂಗು
ಇದನ್ನು ಹೊತ್ತ
ದೇಹಗಳು ಅಂತವಂತಹ
ಅಂತ ಅಂದ್ರೆ ನಾಶ ಅಂತವಂತಹ ಅಂದ್ರೆ ನಾಶ ಇರುವವುಗಳು
ನಾವು ಕಾಣುವ ಈ ಈ ದೇಹ
ಅಂತವಂತಹ ನಾಶವಾಗ್ತದೆ.",5674,6429,,,111
kn_kannada_08_0008,kannada_08,kn,Dvaita,8,"ಇದು ಯಾರ ದೇಹ?
ಶರೀರಿನ ನಿತ್ಯಸ್ಯ ಶರೀರಿನಃ
ನಿತ್ಯನಾದ ಶರೀರಿ ಶರೀರ ಉಳ್ಳವನು ಶರೀರಿ
ಗೃಹವುಳ್ಳವನು ಗೃಹಿ
ಧನವುಳ್ಳವನು ಧನಿ
ಶರೀರವುಳ್ಳವನು ಶರೀರಿ ಶರೀರಿನಃ
ನಿತ್ಯಸ್ಯ ಇಮೇ ದೇಹಾಃ ಅಂತವಂತಃ
ಶರೀರಿ ಅನಿಸಿರುವ ನಿತ್ಯನಾದ ಈ ಜೀವನ ಅಂದರೆ ನಮ್ಮ ನಿಮ್ಮೆಲ್ಲರ ಈ ದೇಹಗಳು ನಾವು ಕಾಣುವ ದೇಹಗಳಿಗೆ ಮಾತ್ರ ನಾಶ ಇದೆ
ಇಮೇ ದೇಹಾಃ ಅಂತವಂತಃ ಅಂತ ಹೇಳಿದ್ರಿಂದ ಈ ದೇಹಕ್ಕೆ ಅಂತ ಇದೆ ಆದರೆ ಅಂತ ಇಲ್ಲದ ಇನ್ನೊಂದು ದೇಹ ಇದೆ ಜೀವನಿಗೆ.
ಯಾವುದದನ್ನ ಸ್ವರೂಪ ದೇಹ ಅಂತ ಕರೀತಾರೆ.
ಜೀವನಿಗೂ ಒಂದು ಆಕೃತಿ ಇದೆ.
ಅವನ ಮೂಲಭೂತವಾದ ಸ್ವರೂಪ ಅದು ಪಶು ಪಕ್ಷಿ ಮನುಷ್ಯ ದೇವ ಗಂಧರ್ವ ಆದಿರು. ರೂಪವಾಗಿರಬಹುದು.
ಹೀಗೆ
ಹೊರ ಆಕೃತಿ ಈ ದೇಹ.
ಇದು ನಾಶವಾದರೂ
ಜೀವನಿಗೆ ತನ್ನದೇ ಆದ ಒಂದು ಆಕಾರ ಇದೆ ಅದನ್ನ ಸ್ವರೂಪ ದೇಹ ಅಂತ ನಾವು ಕರೀತೀವಿ.
ಆ ದೇಹಕ್ಕೆ ಎಂದು ನಾಶ ಇಲ್ಲ.
ಅದು ಉಪಾಜಿ ಕನ್ನಡಿಯಂತೆ.",6430,7056,,,101
kn_kannada_08_0009,kannada_08,kn,Dvaita,9,"ಹಾಗಾದರೆ ದೇವರು ಬಿಂಬ ನಾವು ಪ್ರತಿಬಿಂಬರು ನಮಗೂ ಅವನಿಗೂ ಮಧ್ಯದಲ್ಲಿರುವ ಕನ್ನಡಿ ಎಂಬ ಉಪಾಧಿ ಜೀವನ ಸ್ವರೂಪಭೂತವಾದ ದೇಹ ಅದು ಎಂದು ನಾಶ ಆಗಲ್ಲ ಆ ಕನ್ನಡಿ ಒಡೆಯಲ್ಲ ಆದ್ದರಿಂದ ದೇವರು ನಿತ್ಯ ಉಪಾಧಿಯು ನಾಶವಿಲ್ಲದ್ದು ಹೀಗಾಗಿ ಪ್ರತಿಬಿಂಬರಾದ ನಮಗೂ ನಾಶ ಇಲ್ಲ.
ಜೀವನಿಗೆ ನಾಶವಿಲ್ಲ ಅನ್ನೋದನ್ನ
ಯುಕ್ತಿಯಿಂದ ಇಲ್ಲಿ ಶ್ರೀಕೃಷ್ಣ ಸಮರ್ಥನೆ ಮಾಡಿದ್ದಾರೆ.
ಅಲ್ಲಾ
ಬಿಂಬನಾದ ದೇವರಿಗೆ ನಾಶ ಇಲ್ಲ.
ಉಪಾದಿ ಜೀವ ಸ್ವರೂಪ ಅದಕ್ಕೂ ನಾಶ ಇಲ್ಲ.
ಆದರೆ ದೇ ದೇವರು ಆ ಕಡೆ ಸರಿದರೆ
ಈ ಕನ್ನಡಿಯಿಂದ ಆಚೆ ಕಡೆ ಹೋದರೆ
ಪ್ರತಿಬಿಂಬ ನಾಶ ಆಗಬಹುದಲ್ಲ?
ದೇಹ ಇದೆ ಕನ್ನಡಿಯು ಇದೆ
ಕನ್ನಡಿಯ ಮುಂದೆ ದೇಹ ಇಲ್ಲ ಆ ಕಡೆ ಹೋಗಿದೆ ಪ್ರತಿಬಿಂಬ ಇಲ್ಲ
ಅದರಂತೆ ಜೀವನ ಸ್ವರೂಪಭೂತವಾದ ಉಪಾಧಿ ಇದೆ ದೇವರು ನಿತ್ಯ ಆದರೆ ದೇವರು ಆ ಕಡೆ ಸರಿದಾಗ ಜೀವ ಎಂಬ ಪ್ರತಿಬಿಂಬ ನಾಶವಾಗಬಹುದೇ ಅನ್ನೋ ಪ್ರಶ್ನೆಗೆ ಉತ್ತರ ಉತ್ತರಾರ್ಥ ಅನಾಶಿನಃ ಅಪ್ರಮೇಯಸ್ಯ ತಸ್ಮಾತ್ ಯುದ್ಧ್ಯಸ್ವ ಭಾರತ ನಮಗೆ ಬಿಂಬನಾದ ದೇವರು ಅನಾಶಿನಃ ಅವನಿಗೆ ನಾಶ ಇಲ್ಲ.",7057,7780,,,109
kn_kannada_08_0010,kannada_08,kn,Dvaita,10,"ಅಪ್ರಮೇಯ ಅಂದ್ರೆ ಮಾ ಅಂದ್ರೆ ಮಿತಿ ಅಂತ ಅರ್ಥ. ಅಪ್ರಮೇಯ ಮಿತಿ ಇಲ್ಲದವನು. ಅಲ್ಲಿಗೆ ದೇವರು ನಮ್ಮ ನಿಮ್ಮಂತೆ ಒಂದು ಚಿಕ್ಕ ಅಣುಗಾತ್ರದ ವಸ್ತು ಅಲ್ಲ. ದೇಶ ಕಾಲಗಳ ಪರಿಮಿತಿ ಇಲ್ಲದ
ಆಕಾಶದಂತೆ ಸರ್ವತ್ರ ವ್ಯಾಪ್ತನಾದವನು
ಆದ್ದರಿಂದಲೇ ಅವನ ಅಪ್ರಮೇಯ
ಅಪ್ರಮೇಯನಾದ ನಾಶವಿಲ್ಲದ ಪರಮಾತ್ಮನ ಪ್ರತಿಬಿಂಬರು ನಾವು
ಹೀಗಾಗಿ ನಮ್ಮ ಎದುರುಗಡೆಯಿಂದ ದೇವರು ಆಚೆ ಹೋಗುವ ಸಂದರ್ಭವೇ ಇಲ್ಲ
ಯಾಕೆ? ಅವನು ಎಲ್ಲಾ ಕಡೆಯಲ್ಲಿ ಇದ್ದಾನೆ ಏಚಿ ಹೋಗೋದು ಅವನು. ಆದ್ದರಿಂದ ಬಿಂಬನಾದ ಶ್ರೀಹರಿ ಎಲ್ಲೆಡೆಯೂ ಇದ್ದಾನೆ. ಜೀವನ ಪ್ರತಿಬಿಂಬಕ್ಕೆ ಕಾರಣವಾದ ಕನ್ನಡಿಯಂತಿರುವ ಸ್ವರೂಪ ದೇಹ ಅದು ಎಂದೂ ಇದೆ ನಿತ್ಯ. ಅಲ್ಲಿಗೆ ಬಿಂಬನಾದ ಭಗವಂತನಿಗೆ ನಾಶವೂ ಇಲ್ಲ ನಮ್ಮ ನಮ್ಮ ಎದುರುಗಡೆಯಿಂದ ಆಚೆ ಸರಿಯುವ ಪ್ರಶ್ನೆಯೂ ಇಲ್ಲ.
ಪ್ರತಿಬಿಂಬ ಕನ್ನಡಿಯಂತಿರುವ ಜೀವನ ಸ್ವರೂಪಭೂತವಾದ ದೇಹ ಅದು ನಿತ್ಯ.
ಅಂದಮೇಲೆ ಪ್ರತಿಬಿಂಬನಾದ ಜೀವ ಎಂದು ನಾಶವಾಗದ ನಿತ್ಯವಾದ ವಸ್ತು.
ಹಾಗಾಗಿ ಆತ್ಮನಿಗೆ ನಾಶ ಇಲ್ಲ. ತಸ್ಮಾತ್ ಆದ್ದರಿಂದ ಭಾರತ ಭರತ ಕುಲ ಪ್ರಸೂತನೇ ಯುದ್ಧಸ್ವ.",7781,8524,,,102
kn_kannada_08_0011,kannada_08,kn,Dvaita,11,"ಯುದ್ಧ ಮಾಡು.
ಆತ್ಮನಾಶೆ ಕಾಗಿ ಆತ್ಮನು ನಾಶವಾಗ್ತಾನೆ ಅನ್ನೋ ಕಾರಣಕ್ಕಾಗಿ ನೀನು ಈ ಯುದ್ಧದಿಂದ ಹಿಂದೆ ಸರಿಯಬೇಕಾದ ಅಗತ್ಯ ಇಲ್ಲ.
ಮತ್ತೊಮ್ಮೆ ಶ್ಲೋಕ ಅಂತ ತವಂತೈಮೇ ದೇಹಾಃ
ನಿತ್ಯಸ್ಯೋಕ್ತಾ ಶರೀರಿಣಃ
ಅನಾಶಿನೋಪ್ರಮೇಯಸ್ಯ
ತಸ್ಮಾತ್ ಯುಧ್ಯಸ್ವ ಭಾರತ
ಇಲ್ಲಿ ಅನಾಶಿನಃ
ಅಪ್ರಮೇಯಸ್ಯ
ಈ ಎರಡು ಶಬ್ದಗಳಿಗೆ
ಅನಾಶಿಯಾದ ಪರಮಾತ್ಮನ ಪ್ರತಿಬಿಂಬ ಅಪ್ರಮೇಯನಾದ ಪರಮಾತ್ಮನ ಪ್ರತಿಬಿಂಬ ಎಂಬ ಅರ್ಥವನ್ನು ಮಾಡಬೇಕು ಯಾಕೆ ಅಂದ್ರೆ ಜೀವನು ನಿತ್ಯ ಅನ್ನೋದನ್ನ ನಿತ್ಯಸ್ಯ ಶರೀರಿಣಹ ಎಂಬಲ್ಲಿ ಹೇಳಲಾಗಿದೆ. ಅಪ್ರಮೇಯನಂತು ಅಂದ್ರೆ ಎಲ್ಲ ಕಡೆ ವ್ಯಾಪಿಸಿರುವವನು ಜೀವ ಅಲ್ಲ. ಆದ್ದರಿಂದ ಅನಾಶಿಯಾದ ಪರಮಾತ್ಮನ ಪ್ರತಿಬಿಂಬ ಅಪ್ರಮೇಯನಾದ ಪರಮಾತ್ಮನ ಪ್ರತಿಬಿಂಬ ಅನ್ನುವ ಅರ್ಥವನ್ನು ಆಚಾರ್ಯರು ಈ ಎರಡು ಶಬ್ದಗಳಿಗೆ ಮಾಡಿದ್ದಾರೆ.
ಮುಂದಿನ ಭಾಗವನ್ನು ಮುಂದೆ ನೋಡೋಣ.
ಈ ಪ್ರವಚನದ ಸೇವೆಯನ್ನು ದೀರ್ಘವಾಗಿ ಶ್ರೀಯುತ ಮರವೇಕರೆ ಮುರಳೀಧರರಾವ್ ಅವರು ನಡೆಸಿಕೊಡ್ತಾ ಇದ್ದಾರೆ. ಅವರಿಗೆ ಶ್ರೀಕೃಷ್ಣ ಸಕಲ ವಿಧದ ಅಭಿಷ್ಟಗಳನ್ನು ಪೂರೈಸಲಿ ಅಂತ ಪ್ರಾರ್ಥನೆ ಮಾಡೋಣ. ಶ್ರೀ ಕೃಷ್ಣಾರ್ಪಣಮಸ್ತು.",8525,9296,,,96
kn_kannada_09_0000,kannada_09,kn,Dvaita,0,"ಶ್ರೀ ಗುರುಭ್ಯೋ ನಮಃ ಹರಿಃ ಓಂ ಹಿಂದಿನ ಶ್ಲೋಕದಲ್ಲಿ
ಜೀವನು ಪರಮಾತ್ಮನ ಪ್ರತಿಬಿಂಬ
ಅನ್ನುವ ಅಂಶ ಪ್ರಸ್ತುತವಾಗಿತ್ತು.
ಇದರಿಂದ
ಜೀವನ ಬಗ್ಗೆ ನಾವು ತಿಳಿದುಕೊಳ್ಳುವ ಎರಡು ಅಂಶಗಳಿವೆ.
ಈ ಈಶ್ವರನು ನಿತ್ಯ ಸರ್ವಗತನಾದ್ದರಿಂದ
ಅವನ ಪ್ರತಿಬಿಂಬನಾದ ಜೀವನಿಗೆ ನಾಶ ಇಲ್ಲ.
ಪರಮಾತ್ಮ ಬಿಂಬ ನಾವು ಪ್ರತಿಬಿಂಬರಾದ್ದರಿಂದ
ನಮಗೆ ಸ್ವಾತಂತ್ರ್ಯ ಇಲ್ಲ. ಪ್ರತಿಬಿಂಬವು
ಬಿಂಬದ ಅಧೀನ.
ಹೀಗೆ ಜೀವ ನಿತ್ಯ ಜೀವ ಅಸ್ವತಂತ್ರ
ಈ ಎರಡು ಅಂಶಗಳನ್ನ ಶ್ರೀಕೃಷ್ಣ ಇಲ್ಲಿ ವಿವರಿಸುತ್ತಾ ಇದ್ದಾನೆ ಮುಂದಿನ 19ನೆಯ ಶ್ಲೋಕದಲ್ಲಿ.
ಶ್ಲೋಕ ಯ ಏನಂ ವೇತ್ತಿ ಹಂತಾರಂ ಯಶ್ಚೈನಂ ಮನ್ಯತೆ ಹತಂ ಉಭೌತೌ ನವಿಜಾನೀತಃ ನಾಯಂ ಹಂತಿ ನಹನ್ಯತೇ ಪದ ವಿಭಾಗ ಯಹ ಯೇನಂ ವೇತ್ತಿ ಹಂತಾರಂ ಯಹ ಚ ಯೇನಂ ಮನ್ಯತೆ ಹತಂ
ಭುಭೌ ತೌ ನವಿಜಾನೀತಃ
ನಾ ಅಯಂ ಹಂತಿ ನ ಹನ್ಯತೆ
ಇಬ್ಬರು ಮೂರ್ಖರು ಅಂತ ಹೇಳ್ತಿದ್ದಾನೆ ಶ್ರೀಕೃಷ್ಣ
ನವಿಜಾನೀತಃ ಯಾರು?
ಯಹ ಏನಂ ಹಂತಾರಂ ವೇತ್ತಿ.
ಯಾರು ಏನಂ ಈ ಜೀವನನ್ನು ಹಂತಾರಂ ನಾನು ಕೊಲ್ಲುವವನು ನಾನು ಹಂತಕ ಅಂತ ತಿಳಿತಾನೋ ಅವನೊಬ್ಬ.",0,731,,,109
kn_kannada_09_0001,kannada_09,kn,Dvaita,1,"ಎರಡನೆಯವನು ಯಶ್ಚ ಏನಂ ಹತಂ ಮನ್ಯತೆ. ಯಾರು ಈ ಜೀವನನ್ನು ಸತ್ತ ಅಂತ ತಿಳಿತಾರೋ ತೌ ಉಭೌ ಈ ಇಬ್ಬರು ನವಿಜಾನೀತಃ ಸರಿಯಾದ ತತ್ವವನ್ನು ತಿಳಿದಿಲ್ಲ. ವಿಜಾನಾತಿ ಅಂದ್ರೆ ತಿಳಿತಾನೆ ಅಂತ ಅರ್ಥ. ನವಿಜಾನೀತಃ ತಿಳಿಯಲಾರರು. ಇವರಿಬ್ಬರಿಗೆ ಆತ್ಮನ ಬಗ್ಗೆ ಸರಿಯಾದ ತಿಳುವಳಿಕೆ ಇಲ್ಲ.
ಯಾಕೆ?
ಒಬ್ಬ ನಾನು ಕೊಂದೆ ಅಂದಿದ್ದಾನೆ.
ಇನ್ನೊಬ್ಬ ನನ್ನಿಂದ ಅವನು ಸತ್ತ ಅಂತ ತಿಳಿದಿದ್ದಾನೆ.
ಇವರಿಬ್ಬರಿಗೂ ಬುದ್ಧಿ ಇಲ್ಲ.
ಯಾಕೆ? 
ನ ಅಯಂ ಹಂತಿ ನ ಹನ್ಯತೆ. ಇವನು ಕೊಂದಿದ್ದು ಅಲ್ಲ, ಅವನು ಸಾಯೋಕೂ ಸಾಧ್ಯವಿಲ್ಲ. ಯಯೇನಂ ವೇತ್ತಿ ಹಂತಾರಂ ನಾನು ಕೊಲ್ತೇನೆ ಅಂತ ತಿಳಿದವನು ಮೂರ್ಖ. ಯಾಕೆ ನೀವು ಕೊಂದಿದ್ದಲ್ಲ. ನಾನು ಉಂಡೆ, ನಾನು ಗೆದ್ದೆ, ಈ ನಾನು ಅಲ್ಲ. ನನ್ನ ಒಳಗಡೆ ನನ್ನ ಪೂರ್ವ ಕರ್ಮಕ್ಕೆ ಅನುಗುಣವಾಗಿ ದೇವರ ಪ್ರೇರಣೆಯಿಂದ ನಾನು ಗೆದ್ದೆ.
ಗೆಲ್ಲೋದಕ್ಕಾಗಲಿ ಸೋಲೋದಕ್ಕಾಗಲಿ ಸ್ವಾತಂತ್ರ್ಯ ನಮಗಿಲ್ಲ.
ಹೇಗೋ ಮತ್ತೊಬ್ಬರನ್ನು ಕೊಲ್ಲೋದಕ್ಕೂ ನಮಗೆ ಸ್ವಾತಂತ್ರ್ಯ ಇಲ್ಲ.
ಹಾಗಾಗಿ ನಾನು ಕೊಂದೆ. ಅಂದ್ರೆ
ತಪ್ಪು ತಿಳಿ ಬಳಕೆ ನನ್ನಿಂದ ಅವನನ್ನು ಕೊಲ್ಲುವಂತೆ ನನ್ನ ಒಳಗಡೆ ಇದ್ದು ಭಗವಂತ ಶಕ್ತಿ ನೀಡಿದ.",732,1525,,,112
kn_kannada_09_0002,kannada_09,kn,Dvaita,2,"ಹೀಗಾಗಿ ನಾನು ಕೊಂದೆ ಅಂತ ತಿಳಿದರೆ ಅದು ಸ್ವಾತಂತ್ರ್ಯದ ಅಭಿಮಾನ.
ಇಲ್ಲಿ ಕೊಲ್ಲುವ ಪ್ರಸಕ್ತಿ ಇರೋದ್ರಿಂದ
ಹಂತಿ ಅನ್ನೋ ಶಬ್ದವನ್ನು ತಂದಿದ್ದಾನೆ ಶ್ರೀಕೃಷ್ಣ
ನಾನು ಈ ದೊಡ್ಡ ಕೆಲಸವನ್ನ ಮಾಡಿದೆ. ನಿಮಗೆ ಬುದ್ಧಿ ಇಲ್ಲ, ನೀವು ಮಾಡಿದ್ದಲ್ಲ. 
ನಿಮ್ಮ ಒಳಗಡೆ ಇದ್ದು ಭಗವಂತ ಆ ಕೆಲಸವನ್ನ ಮಾಡಿದ. 
ಅಲ್ಲಿಗೆ ಮಾಡೋದಕ್ಕೆ ಬಿಡೋದಕ್ಕೆ ನಿಮಗೆ ಸ್ವಾತಂತ್ರ್ಯ ಇಲ್ಲ. 
ಅವನು ಮಾಡಿಸಿದ್ರೆ ನೀವು ಮಾಡಿರಿ. 
ನಾನು ಮಾಡಿದೆ ಅನ್ನೋದು ಸ್ವಾತಂತ್ರ್ಯದ ಭ್ರಾಂತಿ. 
ಆದ್ದರಿಂದ ಹೀಗೆ ತಿಳಿಯುವವನು ಅಜ್ಞ. 
ಎಷ್ಟು ಇಷ್ಟೈನಂ ಮನ್ಯತೆ ಹತಂ
ಅವನು ಸತ್ತ ಅಂತ ತಿಳಿದರೆ ಇದು ತಪ್ಪು ಯಾಕೆ ಅವನು ಅಂದ್ರೆ ಆತ್ಮ
ಆತ್ಮನಿಗೆ ಸಾವಿಲ್ಲ
ಹೀಗೆ ಒಬ್ಬ ಆತ್ಮನಿಗೆ ಸಾವನ್ನು ತಿಳಿದವ ಇನ್ನೊಬ್ಬ ತನಗೆ ಸ್ವಾತಂತ್ರ್ಯವನ್ನ ತಿಳಿದವ
ಉಭೌತೌ ಈ ಇಬ್ಬರು ನಭಿಜಾನೀತಃ ಸರಿಯಾದ ತತ್ವದ ತಿಳುವಳಿಕೆ ಇಲ್ಲದವರು.
ಯಾಕೆ?
ನ ಅಯಂ ಹಂತಿ.
ಇವನು ಕೊಲ್ಲುವವನಲ್ಲ, ಕೊಲ್ಲುವವನು ಒಳಗಡೆ ಇದ್ದ ಸರ್ವ ಕರ್ತೃವಾದ ಪ್ರೇರಕನಾದ ಭಗವಂತ.
ನ ಅಯಂ ಹನ್ಯತೆ.",1526,2252,,,102
kn_kannada_09_0003,kannada_09,kn,Dvaita,3,"ಜೀವನು ಸಾಯೋದಿಲ್ಲ, ಅವನು ನಿತ್ಯ.
ಹೀಗೆ ನಾನು ಅಂತ ಅಹಂಭಾವ ಪಡುವವನು ಅಜ್ಞ
ಜೀವನು ಸತ್ತ ಅಂತ ತಿಳಿಯುವವನು ಅಜ್ಞ
ಜೀವನಿಗೆ ಸಾವಿಲ್ಲ
ಜೀವನಿಗೆ ಸ್ವಾತಂತ್ರ್ಯವು ಇಲ್ಲ
ಸ್ವಾತಂತ್ರ್ಯವನ್ನು ತಿಳಿದರೆ ಸಾವನ್ನ ತಿಳಿದರೆ ಅದು ಅಜ್ಞಾನ
ಆದ್ದರಿಂದ ಜೀವ ನಿತ್ಯ ಅಸ್ವತಂತ್ರ
ಈ ಎರಡು ತತ್ವಗಳನ್ನ ಶ್ರೀ ಶ್ರೀಕೃಷ್ಣ ಹಿಂದಿನ ಶ್ಲೋಕದಿಂದ ಮುಂದುವರಿಸುತ್ತಾ ಇದ್ದಾನೆ. 
ಮತ್ತೊಮ್ಮೆ ಶ್ಲೋಕ 
ಯ ಏನಂ ವೇತ್ತಿ ಹಂತಾರಂ 
ಯಶ್ಚೈನಂ ಮನ್ಯತೆ ಹತಂ 
ಉಭೌ ತೌ ನ ವಿಜಾದೀತಃ 
ನಾಯಂ ಹಂತಿ ನ ಹನ್ಯತೆ ಮುಂದಿನ ಪದ್ಯ ಅದು ಭಗವದ್ಗೀತೆಯ ಶ್ಲೋಕ ಅಲ್ಲ. ಅದು ಕಾಠಕ ಉಪನಿಷತ್ತಿನಲ್ಲಿ ಬರುವ ಮಂತ್ರ. ಶ್ರೀಕೃಷ್ಣ ಅಥವಾ ವ್ಯಾಸರು ಭಗವದ್ಗೀತೆಯಲ್ಲಿ ಆತ್ಮನು ನಿತ್ಯ ಅಸ್ವತಂತ್ರ ಅನ್ನೋದನ್ನ ಹೇಳಿ ಅದಕ್ಕೆ ಆಧಾರವಾಗಿ ಉಪನಿಷತ್ತಿನ ಉಲ್ಲೇಖ ಮಾಡ್ತಾ ಇದ್ದಾರೆ. 
ಆದ್ದರಿಂದ ನಜಾಯತೆ ಮ್ರಿಯತೆ ಅನ್ನೋ ಶ್ಲೋಕ ಏನಿದೆಯೋ ಅದರು ವ್ಯಾಸರು ಬರೆದ ಶ್ಲೋಕವಲ್ಲ ಉಪನಿಷತ್ತಿನಲ್ಲಿ ಉಲ್ಲಿಖಿತವಾದ ಶ್ಲೋಕವನ್ನು ವ್ಯಾಸರು ಇಲ್ಲಿ ಆಧಾರವನ್ನಾಗಿ ಕೊಟ್ಟಿದ್ದಾರೆ. 
ಶ್ಲೋಕ ಕಶಿಗಿದೆ ನಜಾಯತೆ ಮ್ರಿಯತೆ ವಾ ಕದಾಚಿತ್ ನಾಯಂ ಭೂತ್ವಾ ಭವಿತಾವಾ ನಭೂಯಃ ಅಜೋ ನಿತ್ಯ ಶಾಶ್ವತೋಯಂ ಪುರಾಣೋ ಮಹನ್ಯತೆ ಹನ್ಯಮಾನೇ ಶರೀರೇ ಪದವಿಭಾಗ ನ ಜಾ ಮಯತೆ
ಮ್ರಿಯತೆ
ವಾ ಕದಾಚಿತ್ ನ ಅಯಂ ಭೂತ್ವಾ ಭವಿತಾ ವಾ ನ ಭೂಯಃ
ಅಜಃ ನಿತ್ಯಃ ಶಾಶ್ವತಃ ಅಯಂ ಪುರಾಣಃ ನ ಹನ್ಯತೆ ಹನ್ಯಮಾನೆ ಶರೀರೆ.",2253,3229,,,139
kn_kannada_09_0004,kannada_09,kn,Dvaita,4,"ಅಯಂ ಅಂದ್ರೆ ಈ ಜೀವನು.
ನಜಾಯತೆ ಹುಟ್ಟಲ್ಲ.
ಅವನಿಗೆ ಉತ್ಪತ್ತಿ ಹುಟ್ಟು ಇಲ್ಲ.
ನಮ್ರಿಯತೆ ಮರಣ ಇಲ್ಲ.
ಜೀವನಿಗೆ ಹುಟ್ಟು ಹುಟ್ಟು ಇಲ್ಲ
ಸಾವು ಇಲ್ಲ
ನ ಅಯಂ ಭೂತ್ವಾ ಭೂಯಃ ಭವಿತಾ ನ
ಇದು ಸ್ವಲ್ಪ ಕ್ಲಿಷ್ಟವಾದ ಭಾಗ
ಭೂತ್ವಾ ಭವಿತಾ
ಇದು ಪರಮಾತ್ಮನಿಗೆ ಮಾತ್ರ ಅನ್ವಯಿಸುವುದು
ಭೂತ್ವಾ ಅಂದ್ರೆ ಹಿಂದೆ ಇರಲಿ ಇದ್ದೇ ಭವಿತಾ ಮತ್ತಿರುವವನು.
ದೇವರು ನಿನ್ನೆ ಒಂದು ರೀತಿ ಇವತ್ತು ಒಂದು ರೀತಿ ಅಲ್ಲ.
ಅವನು ಅನಾದಿ ಕಾಲದಿಂದ ಒಂದೇ ರೀತಿ.
ಅವನು ಭೂತ್ವ ಭವಿತ ಹಿಂದೆ ಹೇಗಿದ್ದನೋ ಹಾಗೆ ಇವತ್ತು ಇದ್ದಾನೆ.
ಇವತ್ತು ಹೇಗಿದ್ದಾನೋ ಮುಂದೆಯೂ ಹಾಗಿರ್ತಾನೆ.
ಯಾವ ವ್ಯತ್ಯಾಸವು ಅವನಲ್ಲಿ ಇಲ್ಲ.
ಅವನು ಸೃಷ್ಟಿ ಕಾಲದಲ್ಲಿ ನಾನು ಸೃಷ್ಟಿ ಮಾಡಬೇಕು ಅಂತ ಇಚ್ಛೆ ಪಡುತ್ತಾನೆ ಅಂತ.
ಶ್ರುತಿ ಹೇಳುತ್ತದೆ ಹಾಗೆ.
ಆ ಇಚ್ಛೆ ಮೊದಲು ಇರಲಿಲ್ಲ ಆಮೇಲೆ ಅದು ಬಂತು ಅಲ್ಲ.
ಆ ಇಚ್ಛೆ ಸರ್ವದಾ ಇದೆ. ಈ ಕಾಲದಲ್ಲಿ ನಾನು ಸೃಷ್ಟಿ ಮಾಡಬೇಕು ಅನ್ನೋ ಸಂಕಲ್ಪ ಸರ್ವದಾ ಇದೆ ಅವನಿಗೆ.",3230,3912,,,106
kn_kannada_09_0005,kannada_09,kn,Dvaita,5,"ಅದು ಆ ಕಾಲದಲ್ಲಿ ವ್ಯಕ್ತವಾಯಿತು. 
ಅಲ್ಲಿಗೆ ಭಗವಂತನ ಗುಣಧರ್ಮಗಳು ಅವನು ಹಿಂದೆ ಇದ್ದಂತೆ ಮುಂದೆ ಇವೆ ಭೂತ್ವ ಭವಿತ.
ಆದರೆ ಜೀವ ನಿತ್ಯ ಹೌದು ಅವನಿಗೆ ಹುಟ್ಟು ಸಾವುಗಳಿಲ್ಲ ಸತ್ಯ. ಆದರೆ ಅವನು ಹಿಂದೆ ಇದ್ದಂತೆಯೇ ಮುಂದೆ ಇರೋದಲ್ಲ.
ಅವನು ಹಿಂದೆ ಯಾವುದೋ ಒಂದು ಪ್ರಾಣಿಯ ದೇಹವನ್ನು ಪಡೆದಿರಬಹುದು.
ಇವತ್ತು ಮನುಷ್ಯನ ದೇಹವನ್ನು ಪಡೆದಿರಬಹುದು.
ನಾಳೆ ಮರವಾಗಿ ಇನ್ನೊಂದು ಕಡೆ ಹುಟ್ಟಬಹುದು.
ಅಲ್ಲಿಗೆ ಪರಮಾತ್ಮನಂತೆ ದೇವರಂತೆ ಜೀವನು ಹಿಂದೆ ಇದ್ದೇ ಮುಂದೆಂದು ಇರುವವನಲ್ಲ. 
ಹಿಂದೆ ಒಂದು ರೀತಿಯಿಂದ ದೇಹದ ಸಂಬಂಧ ಪಡೆದಿದ್ದ, ಮುಂದೆ ಮತ್ತೊಂದು ವಿಧದ ದೇಹದ ಸಂಬಂಧವನ್ನ ಪಡೀತಾನೆ. 
ಆದ್ದರಿಂದ ಪರಮಾತ್ಮನಂತೆ ಅಯಂ ಭೂತ್ವ ಭೂಯಃ ಭವಿತಾನ. 
ಹಿಂದೆ ಇದ್ದಂತೆಯೇ ಮುಂದೆ ಇರುವವನಲ್ಲ ಅವನ ದೇಹಕ್ಕೆ ಬದಲಾಗುತ್ತಾನೆ. ಇದೆ. 
ಹಿಂದೊಂದು ದೇಹದ ಸಂಪರ್ಕವನ್ನ ಪಡೆದಿರಬಹುದು ಅದು ಹೋಗಿ ಮುಂದೆ ಮತ್ತೊಂದು ದೇಹದ ಸಂಬಂಧವನ್ನು ಪಡೆಯಬಹುದು. 
ಅಲ್ಲಿಗೆ ಇವನು ನಿತ್ಯ ಹುಟ್ಟಿಲ್ಲ ಸಾವಿಲ್ಲ ಅಂದ ಕೂಡಲೇ ಸರ್ವತಾ ದೇವರಂತೆ ಅಂತ ನೀವು ಭಾವಿಸಬೇಡಿ ದೇವರಿಗೂ ಇವನಿಗೂ ವ್ಯತ್ಯಾಸ ಇದೆ.",3913,4689,,,105
kn_kannada_09_0006,kannada_09,kn,Dvaita,6,"ದೇವರಿಗೆ ದೇಹಗಳು ವ್ಯತ್ಯಾಸ ಆಗಲ್ಲ. 
ಇವನಿಗೆ ಬೇರೆ ಬೇರೆ ಬೇರೆ ದೇಹದ ಸಂಪರ್ಕಗಳು ಬರುತ್ತವೆ. 
ಆದ್ದರಿಂದ ಇವನು ನಿತ್ಯ ಇವನಿಗೂ ಉತ್ಪತ್ತಿ ಇಲ್ಲ. 
ಆದರೆ ದೇವರಂತೆ ಅಲ್ಲ ಇವನಲ್ಲಿ ಬೇರೆ ಬೇರೆ ದೇಹಗಳ ಸಂಪರ್ಕ ಆಗ್ತದೆ ಭಗವಂತನಿಗೆ ಅಂತದ್ದು ಆಗೋದಿಲ್ಲ. 
ಅಯಂ ಭೂತ್ವಾ ಭೂಯಃ ಭವಿತಾನ ಅವನು ಹಿಂದೆ ಇದ್ದಂತೆನೆ ಮುಂದೆ ಮತ್ತೆ ಇಲ್ಲಿ ಇರುತ್ತಾನೆ ಅಂತ ಹೇಳೋಕೆ ಬರೋದಿಲ್ಲ.
ಬೇರೆ ದೇಹದ ಸಂಪರ್ಕ ಬರಬಹುದು.
ಅಜಹ ಅಂದ್ರೆ ಅವನಿಗೆ ಉತ್ಪತ್ತಿ ಇಲ್ಲ ಅಂತ ಹೇಳಿದ ಮೇಲೆ ಮತ್ತೆ ಆ ಜಹ ಜ ಅಂದ್ರೆ ಹುಟ್ಟುವನು ಅಜ ಅಂದ್ರೆ ಹುಟ್ಟಿಲ್ಲದವನು ಮತ್ತೆ ಹೇಳಬೇಕಾದಾಗ ಅಷ್ಟೇ ಇಲ್ಲ.
ಅಜಹ ಅಂದ್ರೆ ಹುಟ್ಟಿಲ್ಲದ ಪರಮಾತ್ಮನ ಪ್ರತಿಬಿಂಬ.
ನಿತ್ಯಹ ನಿತ್ಯನಾದ ಪರಮಾತ್ಮ ಪರಮಾತ್ಮನ ಪ್ರತಿಬಿಂಬ
ಶಾಶ್ವತಃ
ಯಾವ ವ್ಯತ್ಯಾಸವೂ ಇಲ್ಲದ ಪರಮಾತ್ಮನ ಪ್ರತಿಬಿಂಬ ಅವನಿಗೆ ಯಾವ ಚಲನೆಯೂ ಇಲ್ಲ ಯಾವ ವ್ಯತ್ಯಾಸವೂ ಇಲ್ಲದ ಶಾಶ್ವತನಾದ ಪರಮಾತ್ಮನ ಪ್ರತಿಬಿಂಬ ಅಯಂ ಇವನು
ಆದರೆ ಹಿಂದೆ ಹೇಳಿದಂತೆ ಪುರಾಣ
ಪುರಾಣ ಅಂದ್ರೆ ನಮಗೆ ಒಂದೇ ಅರ್ಥ ಗೊತ್ತಿರಬೇಕು ಇರೋದು.",4691,5435,,,107
kn_kannada_09_0007,kannada_09,kn,Dvaita,7,"ಅಷ್ಟಾದಶ ಪುರಾಣಗಳು.
ಆದರೆ ಜೀವನನ್ನ ಇಲ್ಲಿ ಪುರಾಣ ಅಂತ ಕರೆದಿದ್ದಾರೆ.
ಪುರಾಣ ಶಬ್ದದ ಅರ್ಥ ಪುರಾಣಿ ಅಣತಿ ಗಚ್ಛತಿ ಇತಿ ಪುರಾಣಃ.
ಪುರ ಅಂದ್ರೆ ಜೀವನ ಪಟ್ಟಣ ಈ ದೇಹ.
ಪುರ ಅಣ ಅಂದ್ರೆ ದೇಹದಿಂದ ದೇಹಕ್ಕೆ ಅಲಿತಾ ಇರುತ್ತಾನೆ. ಪುಣ್ಯ ಪಾಪಗಳಿಗೆ ಅನುಗುಣವಾಗಿ ಇವತ್ತು ಒಂದು ದೇಹ, ನಾಳೆ ಒಂದು ದೇಹ, ನಾಳೆದು ಮತ್ತೊಂದು ದೇಹ. ಹೀಗೆ ಪುರದಿಂದ ಪುರಕ್ಕೆ ಅಣಹ ಗಚ್ಛತಿ ಆದ್ದರಿಂದ ಪುರಾಣಃ. ಅವನು ನಿತ್ಯನಾದ ಈಶ್ವರನ ಪ್ರತಿಬಿಂಬ. ಆಜಾನಾದ ಹುಟ್ಟಿಲ್ಲದ ಭಗವಂತನ ಪ್ರತಿಬಿಂಬ ಆದರೆ. ದೇವರು ಪುರಾಣ ಅಲ್ಲ, ಜೀವ ಪುರಾಣ.
ದೇಹದಿಂದ ದೇಹಕ್ಕೆ ಬೇರೆ ಬೇರೆ ದೇಹಗಳಿಗೆ ಪುಣ್ಯ ಕರ್ಮದ ವಶದಿಂದ ಸಂಚಾರ ಮಾಡುವವನು ಜೀವ. 
ಭಗವಂತ ಒಂದೇ ವಿಧದ ನಿತ್ಯವಾದ ದೇಹದ ಸಂಪರ್ಕ ಇರುವವನು. 
ಅಜೋ ನಿತ್ಯ ಶಾಶ್ವತೋಯಂ ಪುರಾಣಃ. 
ಯಾಕೆ ಪುರಾಣ? ನಹನ್ಯತೆ ಹನ್ಯಮಾನೇಪಿ ದೇಹೇ
ನೀವು ದೇಹವನ್ನು ನಾಶ ಮಾಡಬಹುದು.
ಕತ್ತಿಯಿಂದ ಕಡಿಬಹುದು.
ಬೆಂಕಿಯಿಂದ ಸುಟ್ಟು ಬೂದಿ ಮಾಡಬಹುದು.
ಆದರೆ ನಹನ್ಯತೆ ಅದರ ಒಳಗಡೆ ಇರುವ ಜೀವ ಅವನು ಸಾಯೋದಿಲ್ಲ.",5436,6164,,,107
kn_kannada_09_0008,kannada_09,kn,Dvaita,8,"ಹನ್ಯಮಾನೇಪಿ ದೇಹೇ ಅವನ ದೇಹವು ಸಾವಿಗೆ ಒಳಗಾದರು ನಹನ್ಯತೆ. 
ಅವನು ಸಾಯಲ್ಲ. 
ಅಲ್ಲಿಗೆ ದಾರದಲ್ಲಿ ಬೇರೆ ಬೇರೆ ಹೂವನ್ನ ಕಟ್ಟುತ್ತೇವೆ ನಾವು. 
ಹೂವು ಒಣಗುತ್ತದೆ, ಬಾಡುತ್ತದೆ, ಹೊಳೆತು ಹೋಗುತ್ತದೆ. 
ಆದರೆ ಕಟ್ಟಿದ ನಾರು ಹಗ್ಗ ಅದು ಏನು ಆಗುವುದಿಲ್ಲ. ಹಾಗೆ ಜೀವ ಹಗ್ಗದಂತೆ ಅವನು ಅನುಶ್ಯೂತನಾಗಿ ದೀರ್ಘಕಾಲದ ಒಳಗೆ ಉಳಿಯುತ್ತಾನೆ ಅವನಿಗೆ ಬಂದು ಹೋಗುವ ಸಂಪರ್ಕ ದೇಹದ್ದು ದೇಹವು ನಾಶ ಆಗ್ತದೆ ಆತ್ಮ ಜೀವ ಅನೇಕ ದೇಹಗಳಲ್ಲಿ ಅಲಿತಾ ಇರ್ತಾನೆ ಆದ್ದರಿಂದ ದೇಹ ನಾಶ ಆಯಿತು ಅಂತ ಅಳುವ ಅಗತ್ಯ ಇಲ್ಲ. 
ದೇಹ ನಾಶವಾದರೂ ಅದರ ಒಳಗಡೆ ಜೀವ ನಾಶ ಆಗುವುದಿಲ್ಲ. 
ಇದು ಉಪನಿಷತ್ತು ಜೀವನ ಬಗ್ಗೆ ಹೇಳಿದ ಏಕರೂಪತಿ. 
ಮತ್ತೊಮ್ಮೆ ಶ್ಲೋಕ ನಜಾಯತೆ ಮ್ರಿಯತೆ ವಾ ಕದಾಚಿನಿ ನಾಯಂ ಭೂತ್ವಾ ಭವಿತಾವಾನ ಭೂಯಃ
ಅಜೋ ನಿತ್ಯ ಶಾಶ್ವತೋಯಂ ಪುರಾಣೋ ನಹನ್ಯತೆ ಹನ್ಯಮಾನೇ ಶರೀರೇ
ವೇದಾ ವಿನಾಶಿನಂ ನಿತ್ಯಂ ಯೇ ಏರಮಜಮವ್ಯಯಂ ಕಥಂ ಸಪುರುಷ ಪಾರ್ಥ ಕಂಘಾತಯತಿ ಹಂತಿಕಂ ಇಲ್ಲಿಗೆ ಜೀವ ನಿತ್ಯ ಅಸ್ವತಂತ್ರ ಭಗವದಧೀನ ಅನ್ನೋದನ್ನ ಶ್ರೀಕೃಷ್ಣ ಮತ್ತೆ ಇಲ್ಲಿ ಜ್ಞಾಪಿಸುತ್ತಾನೆ.",6165,6921,,,108
kn_kannada_09_0009,kannada_09,kn,Dvaita,9,"ಪದ ವಿಭಾಗ ವೇದ ಅವಿನಾಶಿನಂ ನಿತ್ಯಂ ಯಹ ಏನಂ ಅಜಂ ಅವ್ಯಯಂ ಕಥಂ ಸಹ ಪುರುಷಃ ಪಾರ್ಥ ಕಂ ಘಾತಯತಿ ಹಂತಿ ಕಂ ಯಹ ಯಾರು ಏನಂ ಈ ಜೀವನನ್ನು ಅವಿನಾಶಿನಂ ವೇ ಭೇದ
ನಿತ್ಯಂ ಭೇದ
ಯಾರು ಈ ಜೀವನನ್ನು ನಾಶವಿಲ್ಲದವನು
ನಿತ್ಯ ಎಂಬುದಾಗಿ ತಿಳಿಯುತ್ತಾನೋ
ಅದರಂತೆ ಅಜಂ ಹುಟ್ಟಿಲ್ಲ
ಅವ್ಯಯಂ ವ್ಯತ್ಯಾಸವಿಲ್ಲ
ಅವನಿಗೆ ಯಾವ ವ್ಯತ್ಯಾಸವೂ ಇಲ್ಲ ಹುಟ್ಟು ಇಲ್ಲ ನಾಶವು ಇಲ್ಲ ಅವನು ನಿತ್ಯ ಹೀಗೆ ಏನಂ ಯಹ ವೇದ ತಿಳಿತಾನ ಸಹ ಪುರುಷಃ ಅಂತಹ ವ್ಯಕ್ತಿಯು ಕಂ ಘಾತಯತಿ ಪಾರ್ಥ ಕಂ ಘಾತಯತಿ ಹೀಗೆ ತಿಳಿತಾನ ಇದವನು ಮತ್ತೊಬ್ಬನನ್ನು ಕೊಲ್ಲೋ ಸಾಧ್ಯನಾ? ಯಾಕೆ ಮತ್ತೊಬ್ಬ ಅಂದ್ರೆ ಅವನ ಆತ್ಮ. ಅವನಿಗೆ ಸಾವಿಲ್ಲ. ಅಂದಮೇಲೆ ನಾನು ಅವನನ್ನು ಕೊಂದೆ ಅಂದ್ರೆ ಕೊಲ್ಲೋಕೆ ಸಾಧ್ಯವಿಲ್ಲ. ನಿನ್ನ ಕತ್ತಿಗೆ ಸಿಗಲ್ಲ ಅವನು. ಕಂ ಘಾತಯತಿ ಯಾರನ್ನು ತಾನೇ ಕೊಲ್ಲೋದಕ್ಕೆ ಸಾಧ್ಯ? ಕಂ ಹಂತಿ ಘಾತಯತಿ ಅಂದ್ರೆ ಅಂದ್ರೆ ಮತ್ತೊಬ್ಬರಿಂದ ಕೊಲ್ಲಿಸುವುದು.",6922,7569,,,100
kn_kannada_09_0010,kannada_09,kn,Dvaita,10,"ಕಮ್ ಹಂತಿ ಅಂದ್ರೆ ಮತ್ತೊಬ್ಬರನ್ನು ತಾನೇ ಕೊಲ್ಲೋದು. 
ಯಾರು ಜೀವನನ್ನು ಅಜರ ಅಮರ ಹುಟ್ಟಿಲ್ಲ ಸಾವಿಲ್ಲ ಅಂತ ತಿಳಿದಿರುತ್ತಾನೋ ಅಂತಹ ವ್ಯಕ್ತಿಯು ಆ ಜೀವನನ್ನ ಮತ್ತೊಬ್ಬರಿಂದ ಹೇಗೆ ತಾನೇ ಕೊಲ್ಲಿಸಿಯಾನು ಅಥವಾ ತಾನೇ ಆ ಜೀವನನ್ನು ಹೇಗೆ ಕೊಂದಾನು? 
ಅರ್ಥಾತ್ ಜೀವನು ನಿತ್ಯನಾದ್ದರಿಂದ ನಾವು ಮತ್ತೊಬ್ಬರನ್ನು ಕೊಲ್ಲಿಸುವುದಕ್ಕೂ ಸಾಧ್ಯವಿಲ್ಲ. 
ನಾವೇ ಮತ್ತೊಬ್ಬರನ್ನು ಕೊಲ್ಲುವುದಕ್ಕೂ ಸಾಧ್ಯವಿಲ್ಲ. 
ಆದ್ದರಿಂದ ಅರ್ಜುನ ನಾನು ನನ್ನ ಬಂಧುಗಳನ್ನು ಕೊಲ್ಲುತ್ತೇನೆ ಅಂತ ನೀನು ಅಂದುಕೊಳ್ಳಬೇಡ ಅಥವಾ ನನ್ನ ಸಹಾಯಕ್ಕೆ ನಿಂತ ಯೋಧರು ನಾನು ಹೇಳಿ ಶತ್ರುಗಳನ್ನ ಬಂಧುಗಳನ್ನ ಕೊಲ್ತಾರೆ ಅಂತ ನಾನು ಕೊಲ್ಲಿಸ್ತಾ ಇದ್ದೇನೆ ಅಂತ ಪಾಪ ಪ್ರಜ್ಞನಿಗೆ ಬೇಡ. 
ನೀನು ಕೊಲ್ಲಿಸೋಕು ಆಗೋದಿಲ್ಲ ಅಸ್ವತಂತ್ರ. 
ಜೀವನು ನಿತ್ಯ. 
ನೀನು ಕೊಲ್ಲೋದಕ್ಕೂ ಆಗಲ್ಲ ಜೀವ ನಿನ್ನ ಕತ್ತಿಗೆ ಸಿಗುವ ವ್ಯಕ್ತಿ ಅಲ್ಲ. 
ಆದ್ದರಿಂದ ನಿತ್ಯ ಜೀವ ಅವನನ್ನು ನೀನು ಕೊಲ್ಲಿಸೋದಕ್ಕಾಗಲಿ ಸ್ವತಃ ಕೊಲ್ಲೋದಕ್ಕಾಗಲಿ ಆಗಲಿ ಸಾಧ್ಯವಿಲ್ಲ. 
ನೀನು ಅಸ್ವತಂತ್ರ ಜೀವ ನಿತ್ಯ. 
ಮತ್ತೊಮ್ಮೆ ಶ್ಲೋಕ ವೇದಾ ವಿನಾಶಿನಂ ನಿತ್ಯಂ ಏ ಏನ ಮಜಮವ್ಯಯಂ ಕಥಂ ಸಪುರುಷ ಪಾರ್ಥ ಕಂ ಘಾತಯತಿ ಹಂತಿಕಂ ಶ್ರೀಕೃಷ್ಣ
ಜೀವನು ನಿತ್ಯ
ಅವನು ಪುರಾಣಃ
ದೇಹದಿಂದ ದೇಹಕ್ಕೆ ಅಲಿತಾನೆ
ಇದಕ್ಕೊಂದು ಉದಾಹರಣೆ ಕೊಟ್ಟು ಇದು ಸಹಜ ಅಂತ ತಿಳಿಸುವ ಮೂಲಕ ಮರಣಕ್ಕೆ ನಾವು ವ್ಯಥೆ ಪಡಬಾರದು
ಒಳ್ಳೆ ಉದಾಹರಣೆ ಉದಾಹರಣೆಯನ್ನ ನೀಡ್ತಾ ಇದ್ದೇನೆ ಮುಂದಿನ ಶ್ಲೋಕದಲ್ಲಿ.",7571,8598,,,136
kn_kannada_09_0011,kannada_09,kn,Dvaita,11,"ವಾಸಾಂಸಿ ಜೀರ್ಣಾನಿ ಯಥಾ ವಿಹಾಯ ನವಾನಿ ಗ್ರಹ್ಣಾತಿ ನರೋಪರಾಣಿ ತಥಾ ಶರೀರಾಣಿ ವಿಹಾಯ ಜೀರ್ಣಾ ನ್ಯನ್ಯಾನಿ ಸಂಯಾತಿ ನವಾನಿ ದೇಹಿ. ಪದಾಭಿಭಾಗ ವಾಸಾಂಸಿ ಜೀರ್ಣಾನಿ ಯಥಾ ವಿಹಾಯ ನವಾನಿ ಗೃಹ್ಣಾತಿ ನರಹ ಅಪರಾಣಿ ತಥಾ ಶರೀರಾಣಿ ವಿಹಾಯ ಜೀರ್ಣಾ ಅನ್ಯಾನಿ ಸನ್ಯಾತಿ ನವಾನಿ ದೇಹಿ
ಸಾವು ಅಂದ್ರೆ ಒಂದು ದೇಹದಿಂದ ಮತ್ತೊಂದು ದೇಹಕ್ಕೆ ಪಯಣ
ಅದಕ್ಕೆ ಅಳಬೇಕಾದ ಅಗತ್ಯ ಇಲ್ಲ
ಅದಕ್ಕೆ ಶ್ರೀಕೃಷ್ಣ ಕೊಡುವ ಉದಾಹರಣೆ ವಾಸಾಂಸಿ ವಾಸಹ ಅಂದ್ರೆ ಬಟ್ಟೆ. ವಾಸಾಂಸಿ ಬಹುವಚನ ಬಟ್ಟೆಗಳನ್ನು. ಜೀರ್ಣಾನಿ ವಾಸಾಂಸಿ. ಜೀರ್ಣ ಅಂದ್ರೆ ಹಳೆದ. ಹಳೆಯದಾದ ಹರಿದ. ಹರಿದ ಬಟ್ಟೆಗಳನ್ನು ವಿಹಾಯ ಬಿಟ್ಟು ನರಹ ಮನುಷ್ಯನು. ಅಪರಾಣಿ ನವಾನಿ ಗ್ರಹ್ಣಾತಿ
ಹರಿದ ಬಟ್ಟೆಯನ್ನ ಆಕಡೆ ಹಾಕಿ ಮನುಷ್ಯ ಮತ್ತೊಂದು ಹೊಸ ಬಟ್ಟೆಯನ್ನ ಉಡುತಾನೆ.
ಹಬ್ಬ ಹರಿದಿನಗಳು ಬಂತು ದೀಪಾವಳಿ ಬಂತು
ಹರಿದ ಹಳೆಯ ಬಟ್ಟೆಗಳನ್ನ ಆಚೆ ಹಾಕ್ತಿವಿ ಹೊಸ ಬಟ್ಟೆಗಳನ್ನ ತೊಟ್ಟು ಕುಣಿತಿವಿ.
ಹೇಗೋ ಹಾಗೆ ತಥಾ ದೇಹಿ ಅನ್ನೋದು ಕರ್ತೃಪದ ಕೊನೆನಲ್ಲಿದೆ.",8599,9305,,,100
kn_kannada_09_0012,kannada_09,kn,Dvaita,12,"ತಥಾ ದೇಹಿ ಜೀರ್ಣಾನಿ ಶರೀರಾಣಿ ವಿಹಾಯ ಮುದಿಯಾದ ಈ ದೇಹಗಳನ್ನ ಬಿಟ್ಟು ಅನ್ಯಾನಿ ನವಾನಿ ಸಯ್ಯಾತಿ ಬೇರೊಂದು ಹೊಸ ದೇಹಗಳಿಗೆ ಹೋಗ್ತಾನೆ. ಹೇಗೆ ಹಳೆ ಬಟ್ಟೆಗಳನ್ನ ಕಳಚಿ ಹೊಸ ಬಟ್ಟೆ ಉಟ್ಟಾಗ ಹಳೆ ಬಟ್ಟೆ ಹೋಯಿತು ಅಂತ ನಾವು ದುಃಖ ಪಡೋದಿಲ್ಲ ಹೊಸ ಬಟ್ಟೆಯ ಆನಂದದಲ್ಲಿ ಮುಳುಗುತ್ತೇವೋ ಹಾಗೆ ಮರಣ ಅಂದ್ರೆ ಹಳೆ ದೇಹಗಳನ್ನ ಬಿಟ್ಟು ಹೊಸ ದೇಹಗಳನ್ನ ಪಡೆಯೋದು ಇದಕ್ಕೆ ಯಾಕೆ ಅಳಬೇಕು ನಾವು ನಗಬೇಕು ಮುದಿಯಾದ
ಅಶಕ್ತವಾದ
ಕೆಲಸಕ್ಕೆ ಬಾರದ ಈ ದೇಹಗಳನ್ನ ತೊಡೆದು ನಮ್ಮ ಹಿರಿಯರು ಮತ್ತೊಂದು ಸದೃಢವಾದ ದೇಹವನ್ನ ಪ್ರವೇಶಿಸುತ್ತಾರೆ ಆ ಸಂದರ್ಭ ಸಾವು.
ಇದಕ್ಕೆ ಯಾಕೆ ಕಳೆಯಬೇಕು ನಾವು
ನವಾನಿ ಗೃಹ್ಣಾತಿ ನರೋಪರಾಣಿ
ಶರೀರಕ್ಕೆ ಬೇರೆ ಬೇರೆ ಬಟ್ಟೆಗಳು ಬಂದಂತೆ
ಆತ್ಮನಿಗೆ ಬಟ್ಟೆಯಂತೆ ಬೇರೆ ಬೇರೆ ದೇಹಗಳು ಬರುತ್ತವೆ.
ಅದಕ್ಕಾಗಿ ಅಳುವ ಅಗತ್ಯ ಇಲ್ಲ.
ಆದ್ದರಿಂದ ದೇಹ ನಾಶವೇ ಮರಣ.
ದೇಹ ನಾಶ ಅಂದ್ರೆ ಬಟ್ಟೆ ಬದಲಾಯಿಸಿದಂತೆ.
ಹಳೆ ಬಟ್ಟೆ ಬಿಟ್ಟು ಹೊಸ ಬಟ್ಟೆ ಹಳೆಯ ದೇಹ ಬಿಟ್ಟು ಹೊಸ ದೇಹ.",9306,10006,,,105
kn_kannada_09_0013,kannada_09,kn,Dvaita,13,"ಆದ್ದರಿಂದ ಜೀರ್ಣವಾದ ಬಟ್ಟೆ ಹೋದಾಗ ಹೇಗೆ ವ್ಯಥೆ ಪಡುವುದಿಲ್ಲವೋ ಜೀರ್ಣವಾದ ದೇಹ ಹೋದಾಗ ದುಃಖಿಸುವ ಅಗತ್ಯ ಇಲ್ಲ. 
ಈ ಅರ್ಥದಲ್ಲಿ ಸಾವು ಅಂದ್ರೆ ಹುಟ್ಟು. 
ಹುಟ್ಟು ಅಂದ್ರೆ ಸಾವು. 
ಸಾವು ಅಂದ್ರೆ ಹುಟ್ಟು ಹೇಗೆ ಈ ದೇಹ ಬಿಡುತ್ತೇವೆ ಹೊಸ ದೇಹಕ್ಕೆ ಬರ್ತೇವೆ. ಅಲ್ಲಿಗೆ ಸಾವಿನ ಮತ್ತೊಂದು ಮಗ್ಗುಲೇ
ಹುಟ್ಟು.
ಹುಟ್ಟು ಸಾವು ಹೇಗೆ ಒಂದು ಹೊಸ ದೇಹದ ಸಂಪರ್ಕ ಪಡಿಬೇಕಾದರೆ ಹಳೆದನ್ನ ಬಿಡಲೇಬೇಕು.
ಅಲ್ಲಿಗೆ ಹುಟ್ಟಿನ ಮತ್ತೊಂದು ಮಗ್ಗುಲು ಸಾವು.
ಅಂದ ಸಾವು ಅಂದ್ರೆ ಹುಟ್ಟು ಹುಟ್ಟು ಅಂದ್ರೆ ಸಾವು.
ಹುಟ್ಟುವಾಗ ಹೇಗೆ ನಾವು ದುಃಖ ಪಡೋದಿಲ್ಲವೋ ಸಾವಿಗೂ ಅಳಬೇಕಾದ ಅಗತ್ಯ ಇಲ್ಲ. ಬಹಳ ಸುಲಲಿತವಾದ ಮನಸ್ಸಿಗೆ ಒಪ್ಪುವ ದೃಷ್ಟಾಂತವನ್ನು ಶ್ರೀಕೃಷ್ಣ ಹೇಳಿ
ಹಿರಿಯರ ಸಾವಿಗೆ ಅಡಬೇಡ ಅಂತ ಅರ್ಜುನನಿಗೆ ಸಮಾಧಾನ ಹೇಳಿದ್ದಾರೆ.
ಮತ್ತೊಮ್ಮೆ ಶ್ಲೋಕ
ವಾಸಾಂಸಿ ಜೀರ್ಣಾನಿ ಯಥಾ ವಿಹಾಯ ನವಾನಿ ಗ್ರಹ್ಣಾತಿ ನರೋಪರಾಣಿ ತಥಾ ಶರೀರಾಣಿ ವಿಹಾಯ ಜೀರ್ಣಾನ್ಯನ್ಯಾನಿ ಸಂಯಾತಿ ನವಾನಿ ದೇಹಿ
ಹಿಂದೆ ಹೇಳಿದ ಪುರಾಣ ಅಂದ್ರೆ ಪುರದಿಂದ ಪುರಕ್ಕೆ ಚಲಿಸುವವನು ಅನ್ನೋದನ್ನ ಶ್ರೀಕೃಷ್ಣ ಈ ಶ್ಲೋಕದಿಂದ ವಿವರಿಸಿದ್ದಾನೆ ಬಹಳ ಸುಂದರವಾದ ದೃಷ್ಟಾಂತವನ್ನು ಕೊಟ್ಟು ಯಾರೇ ನಮ್ಮಿಂದ ಅಗಲಿದಾಗ ಈ ರೀತಿಯ ಸಮಾಧಾನವನ್ನು ಪಟ್ಟಿಕೊಳ್ಳಬೇಕು ಅನ್ನೋ ನಿರ್ದೇಶನವನ್ನ ವ್ಯಾಸರು ಈ ಮೂಲಕ ನಮಗೆ ಇಟ್ಟಿದ್ದಾರೆ.",10008,10942,,,127
kn_kannada_09_0014,kannada_09,kn,Dvaita,14,ಮುಂದಿನ ಶ್ಲೋಕವನ್ನ ಮುಂದಿನ ಭಾಗದಲ್ಲಿ ನೋಡೋಣ. ಈ ಪ್ರವಚನದ ಸೇವೆಯನ್ನು ದೀರ್ಘವಾಗಿ ಶ್ರೀಯುತ ಮರವೀಕರಿ ಮುರಳೀಧರರಾವ್ ಅವರು ನಡೆಸಿಕೊಡ್ತಾ ಇದ್ದಾರೆ. ಅವರಿಗೆ ಶ್ರೀಕೃಷ್ಣ ಸಕಲ ವಿಧದ ಅಭಿಷ್ಟಗಳನ್ನು ಪೂರೈಸಲಿ ಅಂತ ಪ್ರಾರ್ಥನೆ ಮಾಡೋಣ. ಶ್ರೀಕೃಷ್ಣಾರ್ಪಣಮಸ್ತು.,10943,11155,,,25
kn_kannada_10_0000,kannada_10,kn,Dvaita,0,"ಶ್ರೀ ಗುರುಭ್ಯೋ ನಮಃ ಹರಿಃ ಓಂ ಶ್ರೀಕೃಷ್ಣ
ಹಿಂದಿನ ಶ್ಲೋಕದಲ್ಲಿ
ಬಟ್ಟೆಯ ಉದಾಹರಣೆಯನ್ನು ಕೊಟ್ಟು
ದೇಹವು ಬಟ್ಟೆಯಂತೆ
ಹಳೆ ಬಟ್ಟೆಯನ್ನು ಬಿಟ್ಟು ಹೊಸ ಬಟ್ಟೆಯನ್ನು ಉಟ್ಟಾಗ
ಹೇಗೆ ವ್ಯಥೆ ಇಲ್ಲವೋ
ಹಳೆ ದೇಹವನ್ನು ಬಿಟ್ಟು ಹೊಸ ದೇಹವನ್ನು ಪಡೆಯೋದೇ ಮರಣ.
ಆದ್ದರಿಂದ
ಮರಣದ ಸಂದರ್ಭದಲ್ಲೂ
ದುಃಖವನ್ನು ಪಡಬೇಕಾದ ಅಗತ್ಯ ಇಲ್ಲ ಅಂತ ಹೇಳಿದ.
ಒಟ್ಟಿನಲ್ಲಿ ಜೀವನು ನಿತ್ಯ ಅನ್ನೋದು ಕೃಷ್ಣನ ಅಭಿಪ್ರಾಯ.
ಅವನು ನಿತ್ಯ ಆಗಿರಬಹುದು
ಯಾವುದೋ ಒಂದು ಆಯುಧ ವಿಶೇಷದಿಂದ ಅವನಿಗೆ ಸಾವು ಬರಬಹುದೇ ಅನ್ನೋ ಪ್ರಶ್ನೆಗೆ ಉತ್ತರವನ್ನ 23ನೇ ಶ್ಲೋಕದಲ್ಲಿ ಶ್ರೀಕೃಷ್ಣ ಕೊಡ್ತಾ ಇದ್ದಾನೆ. ನೈನಂ ಚಿಂದಂತಿ ಶಸ್ತ್ರಾಣಿ ನೈನಂ ದಹತಿ ಪಾವಕಃ ನಚೈನಂ ಕ್ಲೇದಯಂತ್ಯಾಪಃ ನಶೋ ಉಷಾಯತಿ ಮಾರುತಃ
ಪದ ವಿಭಾಗ
ನೈನಂ ತಿದೆ ಅದು ಒಂದು ಪದ ಅಲ್ಲ
ನ ಏನಂ
ಚಿಂದಂತಿ ಶಸ್ತ್ರಾಣಿ
ನ ಏನಂ ದಹತಿ ಪಾವಕಃ
ನ ಚ ಏನಂ ಕ್ಲೇದಯಂತಿ ಆಪಹ ನ ಶೋಷಯತಿ ಮಾರುತಃ ಈ ಜೀವನನ್ನು ಏನಂ ಈ ಜೀವನನ್ನು ಶಸ್ತ್ರಾಣಿ ನಚ್ಚಿಂದಂತಿ ಯಾವುದೇ ಶಸ್ತ್ರಗಳು ಇವನನ್ನು ಘಾಸಿಗೊಳಿಸಲಾರವು.",0,734,,,108
kn_kannada_10_0001,kannada_10,kn,Dvaita,1,"ಜೀವನನ್ನು ಕೊಲ್ಲುವ ಯಾವುದೇ ಶಸ್ತ್ರವು ಇಲ್ಲ.
ಎಂಥಾ ಹರಿತವಾದ ಚೂಪಾದ ಮನಜಾದ ಯಾವ ಆಯುಧದ ಆಘಾತಕ್ಕೂ ಆತ ಒಳಗಾಗುವುದಿಲ್ಲ.
ನೈನಂ ದಃ ಅತಿ ಪಾವಕಃ. 
ಪಾವಕ ಅಂದ್ರೆ ಬೆಂಕಿ. 
ನೀವು ಬೆಂಕಿಯಲ್ಲಿ ಹಾಕಿ ಗಂಟೆಗಟ್ಟಲೆ ಸುಟ್ಟರು ಅವನು ಸುಟ್ಟು ಬೂದಿಯಾಗುವುದಿಲ್ಲ. 
ಏನಂ ಪಾವಕಃ ನದಹತಿ. 
ಇವನನ್ನು ಬೆಂಕಿಯು ಸುಡಲಾರದು. 
ನಚೈನಂ ಕ್ಲೇದಯಂತಿ ಆಪಃ ಪ್ರಕೃತಿಯಲ್ಲಿ ನೀರು, ಬೆಂಕಿ, ಗಾಳಿ, ಪೃಥ್ವಿ ಈ ನಾಲ್ಕು ಪ್ರಾಕೃತ ವಸ್ತುಗಳನ್ನು ನಾಶ ಮಾಡುವ ಸಾಧನಗಳು. ಪೃಥ್ವಿ ಅಂದ್ರೆ ಶಸ್ತ್ರಾಸ್ತ್ರಗಳು. ಅದಕ್ಕೆ ಸಿಗೋದಿಲ್ಲ ಜೀವ. ಬೆಂಕಿಯ ದಾಹಕ್ಕೆ ಸುಟ್ಟು ಬೂಗ್ದಿ. ಆಗೋದಕ್ಕೆ ಜೀವ ಸಾಧ್ಯವಿಲ್ಲ.
ನೀರು ನೀರು ತನ್ನಲ್ಲಿ ಬಿದ್ದ ವಸ್ತುವನ್ನ ಮೃದು ಮಾಡಿ ಮಾಡಿ ಮಾಡಿ ಒಂದು ದಿವಸ ನಾಶ ಮಾಡಬಹುದು.
ಆದರೆ ಏನಂ ಆಪಹ ನಕ್ಲೇದಯಂತಿ ಜೀವನನ್ನು ಆಪಹ ಅಂದ್ರೆ ನೀರುಗಳು ನಕ್ಲೇದಯಂತಿ ಒದ್ದೆ ಮಾಡಲಾರವು.
ವರ್ಷಗಟ್ಟಲೆ ನೀರಿನಲ್ಲಿ ಇದ್ದರೂ ಜೀವ ತೋಯೋದಿಲ್ಲ.
ನೀರಿನಿಂದ ಒದ್ದೆ ಆಗೋದಿಲ್ಲ ಜೀವ.
ನಶೋಷಯತಿ ಮಾರುತಃ.
ಗಾಳಿಯ ಸ್ವಭಾವ ಒದ್ದೆಯಾದ್ದನ್ನ ಒಣಗಿಸೋದು.",735,1488,,,102
kn_kannada_10_0002,kannada_10,kn,Dvaita,2,"ನೀರು ಒಣಗಿಸೋದು. ಒಣಗಿದ್ದನ್ನ ಒದ್ದೆ ಮಾಡುತ್ತದೆ. 
ಗಾಳಿ ಒದ್ದೆಯನ್ನ ಒಣಗಿಸುತ್ತದೆ. ಪ್ರಕೃತಿಯಲ್ಲೇ ಎಲ್ಲಾ ಸಾಧನವು ಇದೆ. 
ಆದರೆ ಜೀವನನ್ನು ನಶೋಷಯತಿ ಒಣಗಿಸಲಾರದು. 
ಗಾಳಿಗೆ ಒಣಗದ ನೀರಿಗೆ ತೋಯದ ಬೆಂಕಿಗೆ ಸುಡದ ಶಸ್ತ್ರಗಳಿಗೆ ಸಿಗದ ಅಚ್ಛೇದ್ಯವಾದ ವಸ್ತು. ಮತ್ತು ಜೀವ
ಪ್ರಾಕೃತಿಕವಾದ ಯಾವುದೇ ಸಾಧನಗಳು ಅವನ ಸಾವನ್ನು ಮಾಡುವುದಕ್ಕೆ ಶಕ್ತಗಳಲ್ಲ. 
ಆದ್ದರಿಂದ ಜೀವ ಸಾಯುತ್ತಾನೆ ಅಂತ ನಿಮಗೆ ಸಂಶಯದ ಲೇಶವೂ ಬೇಡ ಅಂತ ಕೃಷ್ಣ ಅವನನ್ನು ಕೊಲ್ಲುವ ಸಾಧನವೇ ಇಲ್ಲ ಅಂತ ಹೇಳುವ ಮೂಲಕ ಇಲ್ಲಿ ಸ್ಪಷ್ಟಪಡಿಸಿದ್ದಾರೆ. ಮತ್ತೊಮ್ಮೆ ಶ್ಲೋಕ ನೈನಂ ಛಿಂದಂತಿ ಶಸ್ತ್ರಾಣಿ ನೈನಂ ದಹತಿ ಪಾವಕಃ ನಚೈನಂ ಕ್ಲೇದಯಂತ್ಯಾಪಃ ನಶೋಷಯತಿ ಮಾರುತಃ ಹೌದು ಇವತ್ತು ನಿನ್ನೆ ಅವನು ಸತ್ತಿಲ್ಲ 
ಎಂದಾದರೊಮ್ಮೆ ಸಾಯಬಹುದಲ್ಲ 
ಅನ್ನುವ ಪ್ರಶ್ನೆಯೇ ಬೇಡ ಅಂತಾನೆ ಶ್ರೀಕೃಷ್ಣ ಮುಂದಿನ ಶ್ಲೋಕದಲ್ಲಿ 
24ನೆಯ ಶ್ಲೋಕ 
ಅಚ್ಛೇದ್ಯೋಯಂ 
ಅದಾಹ್ಯೋಯಂ 
ಅಕ್ಲೇದ್ಯೋಶೋಷ್ಯ ಏವಚ 
ನಿತ್ಯ ಸರ್ವಗತ ಸ್ಥಾಣು ಅಚಲೋಯಂ ಸನಾತನಃ
ಪದ ವಿಭಾಗ
ಅಚ್ಛೇದ್ಯಃ ಅಯಂ
ಅದಾಹ್ಯಃ ಅಯಂ
ಅಕ್ಲೀದ್ಯಃ ಅಯಂ
ಅಶೋಷ್ಯಃ ಏವ ಚ ನಿತ್ಯಃ ಸರ್ವಗತ ಸ್ಥಾನುಹು ಅಚಲಃ ಅಯಂ ಸನಾತನಃ ಹಿಂದೆ ಶಸ್ತ್ರಗಳಿಂದ ಅವನನ್ನು ತುಂಡಲಿಸಲಾಗದು ಬೆಂಕಿಯಿಂದ ಅವನನ್ನು ಸುಡಲಾಗದು ನೀರಿನಿಂದ ತೋಯಿಸಲಾಗದು ಗಾಳಿಯಿಂದ ಒಣಗಿಸಲಾಗದವು.",1489,2407,,,119
kn_kannada_10_0003,kannada_10,kn,Dvaita,3,"ಇದನ್ನೇ ಶ್ರೀಕೃಷ್ಣ ಹೇಳ್ತಾ ಇದ್ದಾನೆ. ಅಯಂ ಅಚ್ಛೇದ್ಯಃ ಇವನು ಛೇದ ಯೋಗ್ಯನಲ್ಲ. ಛೇದ ಅಂದ್ರೆ ತುಂಡು ಮಾಡೋದು. ಯಾವುದೇ ಆಯುಧಗಳಿಂದ ಇವನನ್ನ ತುಂಡರಿಸುವುದಕ್ಕೆ ಸಾಧ್ಯವಿಲ್ಲ. ಆದ್ದರಿಂದ ಇವನು ಅಚ್ಛೇದ್ಯ. ಛೇದ್ಯ. ಛೇದ್ಯ ಅಂದ್ರೆ ತುಂಡು ಮಾಡೋದಕ್ಕೆ, ಗಾಯ ಮಾಡೋದಕ್ಕೆ ಯೋಗ್ಯವಾದ ವಸ್ತು. ಇವನ ಅಂಥವನಲ್ಲ ಅಚ್ಛೇದ್ಯ. ದಾಶ್ಯ ಅಂದ್ರೆ ದಹನಕ್ಕೆ ಯೋಗ್ಯವಾದದ್ದು. ಸುಡುವಂತಹ ವಸ್ತು. ಕಟ್ಟಿಗೆ, ಕಾಗದ, ಇವೆಲ್ಲಾ ದಾಹ್ಯಗಳು.
ಬೆಂಕಿಯ ಆಘಾತಕ್ಕೆ ಒಳಗಾಗಿ ಬೂದಿಯಾಗಬಲ್ಲವು.
ಆದರೆ ಜೀವ ಅದಾಹ್ಯಃ.
ಅವನು ಬೆಂಕಿಯ ದಾಹಕ್ಕೆ ನಾಶವಾಗುವುದಿಲ್ಲ.
ಅಕ್ಲೇದ್ಯಃ ನೀರು ಬಟ್ಟೆಯನ್ನು ತೋಯಿಸುತ್ತದೆ. ಧೂಳನ್ನ
ಕೆಸರು ಮಾಡುತ್ತೆ.
ಅದು ಕ್ಲೇದ್ಯ ಬಟ್ಟೆಯು ಕ್ಲೇದ್ಯ ಅಂದ್ರೆ ನೀರಿಗೆ ತೋಯ್ತದೆ.
ಆದರೆ ಜೀವ ಅಕ್ಲೇದ್ಯ ಅಂದ್ರೆ ನೀರಿನಿಂದ ತೋಯೋದಿಲ್ಲ.
ಅಕ್ಲೇದ್ಯಃ
ಗಾಳಿಗೆ ಒಣಗುತ್ತೆ. ನೆಲವು ಬಟ್ಟೆಯು. ಅದು ಶೋಷ್ಯ ಗಾಳಿಗೆ ಒಣಗುವಂತದ್ದು ಶೋಷ್ಯ. ಜೀವ ಗಾಳಿಗೆ ಒಣಗಲ್ಲ ಆದ್ದರಿಂದ ಅಶೋಷ್ಯಃ ಅವನನ್ನು ಶೋಷಣೆ ಮಾಡುವುದು ಒಣಗಿಸುವುದು ಸಾಧ್ಯವಿಲ್ಲ. ಅಲ್ಲಿಗೆ ಇವನು ಅಚ್ಛೇದ್ಯ ಇವನು ಅದಾಹ್ಯ. ಇವನು ಅಕ್ಲೇದ್ಯ ಇವನು ಅಶೋಷ್ಯ.",2408,3220,,,103
kn_kannada_10_0004,kannada_10,kn,Dvaita,4,"ಪೃಥ್ವಿ ಬೆಂಕಿ ನೀರು ಗಾಳಿಗಳ ಆಘಾತಕ್ಕೆ ಒಳಗಾಗದವ.
ನಿತ್ಯಹ ಆದ್ದರಿಂದ ಅವನಿಗೆ ಸಾವಿಲ್ಲ.
ಸರ್ವಗತ ಸ್ಥಾನುಹು ಒಂದು ಪದ ಅಂತ ಪರಿಗಣಿಸಬೇಕು ಇದನ್ನ.
ಸರ್ವಗತ ಅಂದ್ರೆ ಎಲ್ಲೆಡೆ ಇರುವವನು ದೇವರು.
ಸ್ಥ ಆ ದೇವರಲ್ಲಿ ಇರುವ ಅಣುಹು ಪುಟ್ಟ ಗಾತ್ರದ ಸ್ವರೂಪ ಜೀವನದು.
ದೇವರನ್ನು ಆಶ್ರಯಿಸಿಕೊಂಡಿರುವ ಅಣು ವಸ್ತು ಜೀವ.
ದೇ ಇವರಿಗೆ ಇದು ಯಾವುದು ಇಲ್ಲ.
ಅವನ ಅಚ್ಛೇದ್ಯ ಅಭೇದ್ಯ.
ಅವನನ್ನು ಆಶ್ರಯಿಸಿಕೊಂಡಿರುವ ಅವನ ರಕ್ಷಣೆಯಲ್ಲಿರುವ ಜೀವನಿಗೂ ಈ ಯಾವುದು ಯಾವ ತೊಂದರೆಯನ್ನು ಮಾಡಲಾರವು.
ನಿತ್ಯ ಸರ್ವಗತ ಯಾವಾಗಲೂ ಎಲ್ಲೆಡೆ ಇರುವವನು ಪರಮಾತ್ಮ. ಅವನಲ್ಲಿ ಸ್ಥ ಅಂದ್ರೆ ಇರುವ ಅಣುಹು ಅಣು ವಸ್ತು ಜೀವ. ಇದಕ್ಕೆ ಭಾಷ್ಯದಲ್ಲಿ ಮಧ್ವಾಚಾರ್ಯರು ಈ ಅರ್ಥ ಮಾಡಲಿಕ್ಕೆ ಆಧಾರವನ್ನು ಕೊಡುತ್ತಾರೆ. ನಿತ್ಯಂ ಸರ್ವಗತೇ ವಿಷ್ಣು ಅಣುರ್ಜೀವೋ ವ್ಯವಸ್ಥಿತಃ ವಿಷ್ಣು ಪುರಾಣ. ನೋಡಿ ಇಲ್ಲಿದ್ದೆ ಈ ಅರ್ಥವನ್ನ ಪುರಾಣ ಬಿಡಿಸ್ತಾ ಇದೆ. ನಿತ್ಯಂ ಸರ್ವಗತೇ ವಿಷ್ಣು ಸದಾ ಎಲ್ಲೆಡೆ ಇರುವ ದೇವರಲ್ಲಿ ಅಣುಹು ಜೀವಹ ವ್ಯವಸ್ಥಿತಹ ಅಣುವಾದ ಜೀವನು ಇದ್ದಾನೆ.",3221,3965,,,103
kn_kannada_10_0005,kannada_10,kn,Dvaita,5,"ಹೀಗೆ ಈ ಜೀವ ಸರ್ವಗತನಾದ ಪರಮಾತ್ಮನನ್ನು ಆಶ್ರಯಿಸಿಕೊಂಡಿರುವುದರಿಂದ ಅವನ ಅಚ್ಛೇದ್ಯಹ, ಅದಾಹ್ಯಹ, ಅಕ್ಲೇದ್ಯಹ, ಅಶೋಷ್ಯಹ.
ಸನಾತನಹ.
ಸನಾತನ ಧರ್ಮ ಅಂತ ನಾವು ಹೇಳ್ತೀವಿ.
ಸನಾತನ ಅಂದ್ರೆ ಸದಾತನ ಅಂತ ಅರ್ಥ.
ಯಾವತ್ತೂ ಇರುವಂತದ್ದು ಅಂತ.
ಅದನ್ನ ಈಗಾಗಲೇ ಹೇಳಿ ಆಗಿದೆ ನಾವು ನಿತ್ಯಹ ಅಂತ ಹೇಳೋದ್ರಿಂದ
ಅವನು ಯಾವಾಗಲೂ ಇರ್ತಾನೆ ಅಂತ ಹೇಳಿದಾಗಿದೆ. ಇಲ್ಲಿ ಸನಾತನ ಅನ್ನೋ ಶಬ್ದಕ್ಕೆ ರಾಘವೇಂದ್ರ ಸ್ವಾಮಿಗಳು
ಸನಾ ದಾನಃ ತಕಾರ ದಕಾರಗಳಿಗೆ ಅಭೇದ.
ಅಂದ ಸನಾತನ ಬಿಟ್ಟು ಸನಾ ದಾನ ಅಂತ ಇಟ್ಕೊಳ್ಳಿ.
ನಾದನ ಅಂದ್ರೆ ನಾದ ಅಂದ್ರೆ ಶಬ್ದ.
ನಾದನ ಅಂದ್ರೆ ಶಬ್ದ ಇರುವವನು ಶಬ್ದದಿಂದ ಸ ಕೂಡಿದವನು. ಅಂದ್ರೆ ಶಬ್ದ ಅಂದ್ರೆ ವೇದ.
ವೇದದ ವಿಧಿ ನಿಷೇಧಗಳಿಗೆ ಪಾತ್ರನು ಅಂತ ಅರ್ಥ.
ಇಂಥದ್ದನ್ನ ಮಾಡಬೇಡ, ಹಿಂಸೆ ಮಾಡಬೇಡ.
ಸತ್ಕರ್ಮಗಳನ್ನು ಮಾಡು.
ವೇದದಲ್ಲಿ ಕೆಲವುದನ್ನು ಮಾಡು, ಕೆಲವುದನ್ನು ಮಾಡಬೇಡ ಅಂತ ವಿಧಿ ನಿಷೇಧಗಳಿದೆ.
ಇದು ಯಾರಿಗೆ? ಈ ಪ್ರಪಂಚದಲ್ಲಿ ಮೂರು ವಿಧದ ಚೇತನರಿದ್ದಾರೆ. ಒಂದು ಸ್ವತಂತ್ರನಾದ ಪರಮಾತ್ಮ.",3966,4693,,,102
kn_kannada_10_0006,kannada_10,kn,Dvaita,6,"ಇನ್ನೊಂದು ಜೀವ. ಮತ್ತೊಂದು ವಸ್ತು ಚೇತನವಲ್ಲದ ಜಡ. ಕಲ್ಲು, ಮಣ್ಣು, ಗಾಳಿ. ಈ ಜಡವಾದ ವಸ್ತುಗಳಿಗೂ ವಿಧಿ ನಿಷೇಧಗಳ ಅಗತ್ಯ ಇಲ್ಲ. ಅವುಗಳಿಗೆ ಅಪ್ಲಿಕೇಬಲ್ ಅಲ್ಲ ಈ ವಿಧಿ ನಿಷೇಧಗಳು. ಕಣ್ಣಿಗೆ, ಕಲ್ಲಿಗೆ, ನೀರಿಗೆ ಇದನ್ನು ಮಾಡು ಮಾಡಬೇಡ ಅಂತ ಹೇಳುವ ಅಗತ್ಯ ಇಲ್ಲ.
ಇನ್ನು ದೇವರು ವಿಧಿ ನಿಷೇಧಗಳನ್ನ ಮೀರಿದವ.
ಹಾಗಾದರೆ ಇನ್ನು ಉಳಿದಿರೋದು ಜೀವ.
ಮಾಡು ಮಾಡಬೇಡ ಅನ್ನೋ ವಿಧಿ ನಿಷೇಧ ಅದು ಜೀವನಿಗೆ ಹಾಕಿದ ನಿರ್ಬಂಧ.
ಆದ್ದರಿಂದ ಈ ಜೀವ ಸನಾದಾನಃ ವಿಧಿ ನಿಷೇಧ ಬದ್ಧಾ
ಅವನು ಭಗವಂತನ ಅನುಗ್ರಹಕ್ಕೆ ಪಾತ್ರನಾಗಬೇಕಾದರೆ ಕೆಲವು ಕರ್ಮಗಳನ್ನ ಮಾಡಲೇಬೇಕು.
ಕೆಲವು ಕೆಲಸಗಳನ್ನ ಮಾಡಲೇಬಾರದು.
ಹೀಗೆ ಸನಾದಾನ ಅಂದ್ರೆ ವಿಧಿಬದ್ಧ ನಿಷೇಧಬದ್ಧ ವಿಧಿಗೆ ಒಳಗಾದವ ನಿಷೇಧ ಏ ಧಕ್ಕೆ ಒಳಗಾದವ ಕೆಲವು ಮಾಡತಕ್ಕ ಕೆಲವು ಬಿಡತಕ್ಕ ವಿಷಯಗಳಿಗೆ ಬದ್ಧನಾದವನು ಜೀವ. ಇದು ಸನಾತನ ಶಬ್ದದ ಅರ್ಥ. ಹೀಗೆ ಜೀವ ಯಾವುದೇ ಪ್ರಾಕೃತಿಕ ವಸ್ತುಗಳಿಂದ ವಿಕಾರಕ್ಕೆ ಯೋಗ್ಯನಲ್ಲ ಅವನು ಸರ್ವಗತನಾದ ಪರಮಾತ್ಮನ ರಕ್ಷಣೆಯಲ್ಲಿದ್ದಾನೆ.",4694,5413,,,100
kn_kannada_10_0007,kannada_10,kn,Dvaita,7,"ಆದರೆ ಪರಮಾತ್ಮ ವಿಧಿ ನಿಷೇಧಗಳಿಂದ ಅತೀತನಾದರೂ ಇವನಿಗೆ ವಿಧಿ ನಿಷೇಧಗಳಿವೆ. ಇಂಥವನು ಜೀವ ಅವನನ್ನು ನೀನು ಕೊಲ್ಲಲಾರೆ ತಸ್ಮಾತ್ ಯುದ್ಧಸ್ವ ಭಾರತ. ಮತ್ತೊಮ್ಮೆ ಶ್ಲೋಕ ಅಚ್ಛೇದ್ಯೋ ಯಮದಾಹ್ಯೋಯಂ ಅಕ್ಲೇದ್ಯೋ ಶೋಷ್ ಕ್ಷ ಏವಚ ನಿತ್ಯ ಸರ್ವಗತ ಸ್ಥಾನುಹು ಅಚಲೋಯಂ ಸನಾತನಃ 24ನೆಯ ಶ್ಲೋಕ ಮುಗೀತು 25ನೆಯ ಶ್ಲೋಕ ದೇವರು ಎಲ್ಲೆಡೆ ಇದ್ದಾನೆ ಅವನ ಪ್ರತಿಬಿಂಬ ಜೀವ ಅವನಲ್ಲಿ ರಕ್ಷಣೆ ಪಡೆದಿದ್ದಾನೆ ಈ ಜೀವ ಅಂತ ಹೇಳ್ತಾ ಇದ್ದೀರಿ.
ಹಾಗಾದರೆ ಯಾಕೆ ಕಾಣಿಸುವುದಿಲ್ಲ?
ಅವನ ಬಿಂಬ.
ನಾವು ಪ್ರತಿಬಿಂಬರು.
ಅವನು ಎಲ್ಲೆಡೆ ಇದ್ದಾನೆ.
ಅವನನ್ನ ಅವಲಂಬಿಸಿಕೊಂಡು ಅವನಲ್ಲಿ ನಾವಿದ್ದೇವೆ.
ಹಾಗಾದರೆ ಅವನು ಯಾಕೆ ಕಾಣಿಸುವುದಿಲ್ಲ?
ನನ್ನ ಪ್ರಶ್ನೆಗೆ ಉತ್ತರ ಅವ್ಯಕ್ತೋಯಮಚಿಂಚೋಯಂ ಅವಿಕಾರ್ಯೋಯ ಮುಚ್ಚತೆ
ತಸ್ಮಾತ್ ಏನಂ ವಿಧಿತ್ವೈವಂ ನಾನುಶೋಚಿತುಮರ್ಹಸಿ
ಪದ ವಿಭಾಗ
ಅವ್ಯಕ್ತಃ
ಅಯಂ
ಅಚಿಂತ್ಯಃ
ಅಯಂ
ಅವಿಕಾರ್ಯಃ
ಅಯಂ
ಉಚ್ಚತೆ ತಸ್ಮಾತ್ ಏನಂ ವಿದಿತ್ವಾ ಏನಂ ಅನ್ನೋದು ಬೇರೆ ಪದ ವಿದಿತ್ವಾ ಏವಂ ನ ಅನುಶೋಚಿತುಂ ಅರ್ಹಸಿ. 
ಅಯಂ ಅವ್ಯಕ್ತಃ ಎಲ್ಲೆಡೆ ಇದ್ದ ಅನ್ನೋ ಮಾತ್ರಕ್ಕೆ ಅವನು ಕಾಣಿಸಬೇಕು ಅಂತ ಏನಿಲ್ಲ.",5414,6204,,,107
kn_kannada_10_0008,kannada_10,kn,Dvaita,8,"ಆಕಾಶ ಎಲ್ಲ ಕಡೆ ತುಂಬಿದೆ.
ಗಾಳಿ ನಮ್ಮ ಸುತ್ತಮುತ್ತಲೂ ಇದೆ.
ಆಕಾಶ ಗಾಳಿ ಕಾಣಿಸುತ್ತಾ?
ಅದರಂತೆ ದೇವರು ಎಲ್ಲೆಡೆ ಇದ್ದರೂ ಅಯಂ ಅವ್ಯಕ್ತಃ.
ಅವನು ನಮ್ಮ ಭೌತಿಕ ಕಣ್ಣಿಗೆ ಕಾಣಿಸುವುದಿಲ್ಲ.
ಅಲ್ಲ ಎಲ್ಲೆಡೆ ಇದ್ದಮೇಲೆ ಕಾಣಿಸುತ್ತಾ? ಕಾಣಿಸಬೇಕಲ್ಲ ಅವನಿಗೆ ದೇಹ ಇದೆಯಲ್ಲ
ಅಂದ್ರೆ ಆಕಾಶ ಕಾಣಿಸಲ್ಲ
ಗಾಳಿ ಕಾಣಿಸಿಲ್ಲ
ಅದಕ್ಕೆ ಆಕೃತಿ ಇಲ್ಲ ಆಕಾರ ಇಲ್ಲ ದೇಹ ಇಲ್ಲ
ಆದರೆ ದೇವರಿಗೆ ದೇಹ ಇದೆ ಮಾತನಾಡುತ್ತಾನೆ ನೋಡ್ತಾನೆ ಕೇಳುತ್ತಾನೆ
ಅಂದಮೇಲೆ ಅವನು ಕಾಣಿಸಬೇಕಲ್ಲ ಅಂದ್ರೆ ಅಚಿಂತ್ಯೋಯಂ
ದೇಹ ಇದ್ದರೂ ಕಾಣಿಸದ ಅಚಿಂತ್ಯ ಶಕ್ತಿ
ನಮ್ ಅಮ್ಮ ಮನಸ್ಸಿಗೆ ಯೋಚನೆಗೆ ಬರದ ಒಂದು ಅದಮ್ಯವಾದ ಶಕ್ತಿ ದೇವರಿಗಿದೆ. 
ಆದ್ದರಿಂದ ದೇಹ ಇದ್ದು ಎಲ್ಲೆಡೆ ವ್ಯಾಪಿಸಿಕೊಂಡಿದ್ದರು ಅವ್ಯಕ್ತೋಯಂ ಕಣ್ಣಿಗೆ ಕಾಣಿಸಲ್ಲ. 
ಅವಿಕಾರಿಯೋಯಂ ಅವನಿಗೆ ಯಾವುದೇ ವಿಧದ ವಿಕಾರಗಳು ವ್ಯತ್ಯಾಸಗಳು ಇಲ್ಲ. 
ಉಚ್ಚತೆ ಹೀಗೆ ವೇದದಲ್ಲಿ ಹೇಳಲ್ಪಟ್ಟಿವೆ. ತಸ್ಮಾತ್ ಆದ್ದರಿಂದ ಏನಂ ವಿದಿತ್ವಾ ಇಂತಹ ಪರಮಾತ್ಮನ ಅಧೀನ ನಾನು ಅಂತ ನೀನು ಪರಮಾತ್ಮನ ಮಹಿಮೆಯನ್ನು ತಿಳಿದು ಏವಂ ಶೋಚಿತಂ ನ ಅನುಶೋಚಿತಂ ನ ಅರ್ಹಸಿ.",6205,6981,,,106
kn_kannada_10_0009,kannada_10,kn,Dvaita,9,"ಅಯ್ಯೋ ನಾನು ಕೊಲ್ತೇನೆ ಇವರು ಸಾಯ್ತಾರೆ. ಎಂತ ನೀನು ವ್ಯಥೆ ಪಡುವ ಅಗತ್ಯ ಇಲ್ಲ, ನೀನು ಕೊಲ್ಲೋನು ಅಲ್ಲ, ನೀನು ಸಾಯಿಸುವವನು ಅಲ್ಲ, ಅವರು ಸಾಯುವುದು ಇಲ್ಲ. 
ಭಗವಂತನ ಸಂಕಲ್ಪದಂತೆ ಇದು ನಡೀತದೆ, ಅವನ ಬಿಂಬ ನೀನು ಪ್ರತಿಬಿಂಬ. 
ಒಳಗಡೆ ಇದ್ದು ಕೊಲ್ಲು ಅಂತ ನಿನಗೆ ಪ್ರೇರಣೆ ಮಾಡಿದ ಅಂದ್ರೆ ಅದರ ಹೊಣೆಯನ್ನ ಅವನು ಹೊರುತ್ತಾನೆ. 
ಅವನು ಕೊಲ್ಲಬೇಡ ಅಂತ ನಿನ್ನಲ್ಲಿ ಪ್ರೇರಣೆ ಮಾಡ್ತಾ ಇದ್ರೆ, ನೀನು ಕೊಂದ್ರೆ ನಿನ್ನನ್ನು ಬಿಡೋದಿಲ್ಲ. 
ಆದ್ದರಿಂದ ನ ಅನುಶೋಚಿತುಂ ಅರ್ಹಸಿ. 
ದುಃಖ ಪಡೋದಕ್ಕೆ ನೀನು ಅರ್ಹನಲ್ಲ. 
ಭಗವಂತನ ಸಂಕಲ್ಪದಂತೆ ಈ ಯುದ್ಧ ನಡೀತಾ ಇದೆ. 
ನೀನು ಯುದ್ಧ ಮಾಡಿ ಬಂಧುಗಳನ್ನು ಕೊಂದರು ಅವರು ಸಾಯಲ್ಲ, ನೀನು ಅವರ ದೇಹದ ವಿಯೋಗವನ್ನ ಮಾಡಿದ ಮಾತ್ರಕ್ಕೆ ನಿನಗೆ ತೊಂದರೆ ಬರೋದಿಲ್ಲ. ಅದು ಆದದ್ದು ಭಗವಂತನ ಸಂಕಲ್ಪ ನೀನು ಅಸ್ವತಂತ್ರ ಅಂತ ತಿಳಿದು ನಿನ್ನ ಈ ಕರ್ತವ್ಯದಲ್ಲಿ ತೊಡಗು. 
ಮತ್ತೊಮ್ಮೆ ಶ್ಲೋಕ ಅವ್ಯಕ್ತೋಯಮಚಿಂತ್ಯೋಯಂ ಅವಿಕಾರಿಯೋಯಮುಚ್ಚತೆ ತಸ್ಮಾದೇನಂ ವಿದಿತ್ವೈ ಜೀವಂ ನಾನು ಶೋಚಿತುಮರ್ಹಸಿ ಅನುಶೋಚಿತುಂ ದುಃಖಿಸಲು ನ ಅರ್ಹಸಿ ನೀನು ಅರ್ಹನಾಗಲಾರೆ ಅಂತ ಶ್ರೀಕೃಷ್ಣ ದೇಹ ಅನಿತ್ಯ ಆತ್ಮ ನಿತ್ಯ ಅಂತ ಇದುವರೆಗೆ ಹೇಳಿ ಮುಂದೆ ಬೇಕಾದರೆ ಜೀವನಿಗೆ ಸಾವಿದೆ ಅಂತಲೇ ಅನ್ಕೋ.",6982,7860,,,123
kn_kannada_10_0010,kannada_10,kn,Dvaita,10,"ಆದರೂ ನೀನು ಅಳುವ ಅಗತ್ಯ ಇಲ್ಲ ಅಂತ ಒಂದು ಇದು ವಾಸ್ತವ ಅಲ್ಲ ಯಾಕೆಂದರೆ ಜೀವನಿಗೆ ನಾಶ ಇಲ್ಲ ಅನ್ನೋದು ವಾಸ್ತವ. ಒಂದು ವೇಳೆ ನಾಶ ಇದೆ ಅಂತಲೇ ಇಟ್ಕೋ ಆದರೂ ನೀನು ದುಃಖ ಪಡುವ ಅಗತ್ಯ ಇಲ್ಲ ಅಂತ ಮುಂದಿನ 26ನೆಯ ಶ್ಲೋಕದಲ್ಲಿ ಶ್ರೀಕೃಷ್ಣ. ಕೃಷ್ಣ ನಿರೂಪಣೆ ಮಾಡುವವನಿದ್ದಾನೆ. ಒಟ್ಟಿನಲ್ಲಿ ಇದುವರೆಗೆ ಶ್ರೀಕೃಷ್ಣನ ಭಾವ ಜೀವ ಅಸ್ವತಂತ್ರ ಅವನಿಗೆ ನಾಶ ಇಲ್ಲ. ಆದ್ದರಿಂದ ಕೊಲ್ಲುವವನು ನೀನು ಅಲ್ಲ ಸಾಯುವವರು ಅವರಲ್ಲ ಆತ್ಮನಾಶಕ್ಕೋಸ್ಕರ ಅಳುವ ಅಗತ್ಯ ಇಲ್ಲ ದೇಹ ಇವತ್ತಲ್ಲ ನಾಳೆ ಬಿದ್ದು ಹೋಗುವಂತದ್ದೆ. ಆದ್ದರಿಂದ ನೀನು ಭಗವಂತನ ಆರಾಧನೆಯನ್ನು ದೃಷ್ಟಿಯಿಂದ ಈ ಕರ್ತವ್ಯದಲ್ಲಿ ನಿಶ್ಚಿಂತೆಯಿಂದ ತೊಡಗು.
ಮುಂದಿನ ಶ್ಲೋಕವನ್ನು ಮುಂದಿನ ಭಾಗದಲ್ಲಿ ನೋಡೋಣ.
ಈ ಪ್ರವಚನದ ಸೇವೆಯನ್ನು ದೀರ್ಘವಾಗಿ ಶ್ರೀಯುತ ಮರವೇಕರೆ ಮುರಳೀಧರರಾವ್ ಅವರು ನಡೆಸಿಕೊಡ್ತಾ ಇದ್ದಾರೆ. ಅವರಿಗೆ ಶ್ರೀಕೃಷ್ಣ ಸಕಲ ವಿಧದ ಅಭಿಷ್ಟಗಳನ್ನು ಪೂರೈಸಲಿ ಅಂತ ಪ್ರಾರ್ಥನೆ ಮಾಡೋಣ. ಶ್ರೀಕೃಷ್ಣಾರ್ಪಣಂ ಅಮೃತಂ.",7861,8561,,,95
kn_kannada_11_0000,kannada_11,kn,Dvaita,0,"ಶ್ರೀ ಗುರುಭ್ಯೋ ನಮಃ ಹರಿಃ ಓಂ 
ಧರ್ಮಕ್ಷೇತ್ರೇ ಕುರುಕ್ಷೇತ್ರೇ ಸಮವೇತಾಯುತ್ಸವಃ 
ಮಾಮಕಾ ಪಾಂಡವಾಶ್ಚೈವ 
ಕಿಮ ಕುರುವತ ಸಂಜಯಾ 
ಶ್ರೀಕೃಷ್ಣ 
25ನೆಯ ಶ್ಲೋಕದವರೆಗೆ ಎರಡು ಅಂಶಗಳನ್ನ
ಸ್ಪಷ್ಟಪಡಿಸಿದ್ದಾನೆ.
ಆತ್ಮ ನಿತ್ಯ
ದೇಹ ಅನಿತ್ಯ.
ದೇಹದ ಸಂಬಂಧ ನಮಗೆ ತಪ್ಪಿ ಹೋಗುತ್ತೆ ಅನ್ನುವ ಕಾರಣಕ್ಕೆ
ದುಃಖ ಪಡೋದಾದರೆ ಅದನ್ನ ತಡೆಯುವ ಕ್ರಮ ಬಂಧುಗಳಲ್ಲಿ ಅಭಿಮಾನ ಅತಿರೇಕವನ್ನು ಬಿಟ್ಟು ಸಾಮಾನ್ಯವಾದ ಭಾವವನ್ನು ತಾಡು. ಆತ್ಮ ಅವನಿಗಂತೂ ನಾಶವಿಲ್ಲ. ಈ ಪ್ರಪಂಚದಲ್ಲಿ ಸ್ವತಂತ್ರವಾದ ಒಂದು ವಸ್ತು ಇರೋದಾದರೆ ಅದು ಪರಮಾತ್ಮ ಮಾತ್ರ. ಅವನ ಸಂಕಲ್ಪದಂತೆ ಎಲ್ಲವೂ ನಡೆಯಬೇಕು. ನಾನು ಕೊಲ್ಲುತ್ತೇನೆ, ಅವನು ಸಾಯುತ್ತಾನೆ ಅಂತ ನಾವು ತಿಳ್ಕೊಂಡ್ರೆ ನಾವು ಕೊಲ್ಲುವವರು ಅಲ್ಲ. ಅವರು ಸಾಯೋದಕ್ಕೆ ಸ್ವತಂತ್ರರು ಅಲ್ಲ. ಭಗವಂತ ಜೀವಿಗಳ ಪೂರ್ವ ಕರ್ಮಕ್ಕೆ ಅನುಗುಣವಾಗಿ ಹುಟ್ಟು ಸಾವುಗಳನ್ನು ನೀಡುವ ಸರ್ವತಂತ್ರ ಸ್ವತಂತ್ರ. ಆದ್ದರಿಂದ ಭಗವಂತ ಸ್ವತಂತ್ರ ಆತ್ಮ ಅಮರ. ದೇಹ ನಶ್ವರ. ಈ ಕಾರಣದಿಂದ ನನ್ನಿಂದ ಬಂಧುಗಳು ಸಾಯುತ್ತಾರೆ ಅನ್ನುವ ಪಾಪ ಪ್ರಜ್ಞೆ ನಿಮಗೆ ಬೇಕಾಗಿಲ್ಲ. ನೀನು ಕೊಲ್ಲುವವನು ಅಲ್ಲ, ಅವನು ಸಾಯುವವರು ಅಲ್ಲ.",0,806,,,105
kn_kannada_11_0001,kannada_11,kn,Dvaita,1,"ಆದ್ದರಿಂದ ಯುದ್ಧದ ಬಗ್ಗೆ ಪಾಪದ ಯೋಚನೆಯನ್ನು ಬಿಟ್ಟು ನೀನು ತೊಡಗು. 
ತಸ್ಮಾತ್ ಯುದ್ಧಸ್ವ ಭಾರತ. 
ಮುಂದಿನ 26ನೆಯ ಶ್ಲೋಕ 
ಅಥಚೈನಂ ನಿತ್ಯಜಾತಂ ನಿತ್ಯಂ ವಾ ಮನ್ಯಸೆ ಮೃತಂ ತಥಾಪಿತ್ ಸ್ವಂ ಮಹಾಬಾಹು
ನೈನಂ ಶೋಚಿತುಮರ್ಹಸಿ
ಪದ ವಿಭಾಗ
ಆಥ
ಚ
ಏನಂ
ನಿತ್ಯ ಜಾತಂ
ನಿತ್ಯಂ
ವಾ
ಮನ್ಯಸೆ
ಮೃತಂ ತಥಾಪಿ ತ್ವಂ ಮಹಾಬಾಹೋ ನ ಯೇನಂ ಶೋಚಿತುಂ ಅರ್ಹಸಿ. ಈ ಶ್ಲೋಕ ಯಾಕೆ ಬಂತು? ಅಥಾ ಅಂತ ಒಂದು ವಿಷಯಾಂತರವನ್ನು ಪ್ರಸ್ತಾಪ ಮಾಡುವ ಶೈಲಿಯಲ್ಲಿ ಈ ಶ್ಲೋಕದ
ಪ್ರಸಕ್ತಿಯನ್ನ ಶ್ರೀಕೃಷ್ಣ ವ್ಯಾಸರು ತೋರಿಸಿಕೊಟ್ಟಿದ್ದಾರೆ.
ರಾಘವೇಂದ್ರ ಸ್ವಾಮಿಗಳು
ಈ ಶ್ಲೋಕದ
ಪ್ರಸಕ್ತಿಯನ್ನು ತೋರಿಸ್ತಾ ಇದ್ದಾರೆ. ಅಸ್ತೇವಂ ಆತ್ಮನೋ ನಿತ್ಯತ್ವಂ
ಅಥಾಪಿ
ದೇಹ ಯೋಗ ವಿಯೋಗ ರೂಪ ಜನ್ಮ ಮೃತಿ ತಹ ಏವಾ
ಯುದ್ಧೇಚ ಮೃತಿಹಿ ನಿಯತಾ
ಅತಃ ತನ್ನಿಮಿತ್ತಂಚ ದುಃಖಂ ಮದೀಯಾನಾಂ ಭವಿಷ್ಯತಿ ಇತಿಮೇ ಶೋಕಃ
ಆತ್ಮ ನಿತ್ಯ
ದೇಹ ಅನಿತ್ಯ
ಆತ್ಮನಿಗೆ ದೇಹದ ವಿ ಯೋಗವೇ ಮರಣ. 
ದೇಹದ ಸಂಯೋಗವೇ ಉತ್ಪತ್ತಿ.",807,1484,,,101
kn_kannada_11_0002,kannada_11,kn,Dvaita,2,"ಯುದ್ಧದಲ್ಲಿ ದೇಹದ ವಿಯೋಗವಾಗ್ತದೆ ಮರಣ ಆಗ್ತದೆ ಅನ್ನೋದು ನಿಶ್ಚಿತ. 
ಹೀಗಾಗಿ ಯುದ್ಧದಲ್ಲಿ ಶಸ್ತ್ರಗಳಿಂದ ನೋಯಿಸಿಕೊಂಡು ವೇದನೆ ಪಟ್ಟು ಈ ದೇಹವನ್ನು ಬಿಡುವಂತಹ ದುರಂತ ಸುಖ. ಸನ್ನಿವೇಶ ಗುರು ಹಿರಿಯರಿಗೆ ಉಂಟಾಗ್ತದೆ ಅಂತ ನಾನು ದುಃಖ ಪಡ್ತೇನೆ.
ಇದು ಅರ್ಜುನನ ಪ್ರಶ್ನೆ ಆದರೆ ಅದಕ್ಕೆ ಶ್ರೀಕೃಷ್ಣ ಅವನ ಪ್ರಶ್ನೆಯನ್ನು ಅನುವಾದ ಮಾಡಿ ಈ ಶ್ಲೋಕದಲ್ಲಿ ಮುಂದಿನ ಶ್ಲೋಕದಲ್ಲಿ ಉತ್ತರವನ್ನು ಕೊಡ್ತಾನೆ.
ಇಲ್ಲಿ ನಿತ್ಯ ಜಾತಂ ನಿತ್ಯ ಅನ್ನೋ ಪದ ಇದೆ. ನಿತ್ಯ ಅನ್ನೋ ಪದಕ್ಕೆ ಸಾವಿಲ್ಲದವ ಅಂತ ಅರ್ಥ. ನಿತ್ಯ ಅಂದ್ರೆ ನಾಶವಿಲ್ಲದ್ದು. ನಿತ್ಯಜಾತಂ ಅನ್ನೋ ಶಬ್ದಕ್ಕೆ ಯಾವತ್ತೂ ಸರ್ವದಾ ಹುಟ್ಟುವವನು. ನಿತ್ಯ. ವಾ ಮೃತಂ ಮನ್ಯಸೆ ಯಾವತ್ತೂ ಸಾಯುವವನು ಈ ಅರ್ಥ ಮಾಡಿದರೆ ಅಸಂಬದ್ಧ ಈ ಶ್ಲೋಕ ಯಾರು ಯಾವತ್ತೂ ಹುಟ್ಟಲ್ಲ ಯಾವತ್ತೂ ಸಾಯೋದಿಲ್ಲ ಜೀವನದಲ್ಲಿ ಒಮ್ಮೆ ಹುಟ್ಟು ಒಬ್ಬನಿಗೆ ಒಮ್ಮೆ ಸಾವು ಆಮೇಲೆ ಮರುಜನ್ಮ ಅಂದ ನಿಲುವು ನಿತ್ಯ ಜಾತ ಯಾವಾಗಲೂ ಹುಟ್ಟುವವನು ಒಬ್ಬ ಯಾವಾಗಲೂ ಹುಟ್ಟೋಕು ಸಾಧ್ಯವಿಲ್ಲ. ಆದ್ದರಿಂದ ನಿತ್ಯ ಶಬ್ದಕ್ಕೆ ಯಾವಾಗಲೂ ಅಂತ ಸಾಮಾನ್ಯದ ತಿಳುವಳಿಕೆಯಲ್ಲಿ ಇರುವ ಅರ್ಥವನ್ನು ಇಲ್ಲಿ ಮಾಡಬಾರದು.",1486,2295,,,110
kn_kannada_11_0003,kannada_11,kn,Dvaita,3,"ರಾಘವೇಂದ್ರ ಸ್ವಾಮಿಗಳು ಹೇಳ್ತಾ ಇದ್ದಾರೆ ನಿತ್ಯ ಶಬ್ದವು ಅವಧಾರಣೆ. ನಿತ್ಯ ಅಂದ್ರೆ ಯಾವಾಗಲೂ ಅಂತ ಅರ್ಥ ಅಲ್ಲ. ಅವಧಾರಣ ನಿರ್ಧಾರ ಅಂತ ಅರ್ಥ. ನಿತ್ಯ ಜಾತಂ ಅಂದ್ರೆ ಹುಟ್ಟುವವನೇ. ನಿತ್ಯಂ ಮೃತಂ ಅಂದ್ರೆ ಯಾವಾಗಲೂ ಸಾಯುವವನು ಅಂತ ಅರ್ಥ ಅಲ್ಲ, ಸಾಯುವವನೇ. ಅಲ್ಲಿಗೆ ಈ ಶ್ಲೋಕದ ಅರ್ಥ ಏನಂ ಈ ಜಯ. ಇವನನ್ನು
ನಿತ್ಯ ಜಾತಂ
ಅವನಿಗೆ ಹುಟ್ಟು ಅನಿವಾರ್ಯ ಹುಟ್ಟು ಇದ್ದೇ ಇದೆ
ನಿತ್ಯಂ ಮೃತಂ ಮನ್ಯಸೆ
ಸತ್ತೇ ಸಾಯ್ತಾನೆ ಈ ಯುದ್ಧದಲ್ಲಿ ಇಂತ ನೀನು ತಿಳಿದುಕೊಳ್ಳುವುದಾದರೆ ತಥಾಪಿ ಆದರೂ ತ್ವಂ ಮಹಾಬಾಹೋ ಮಹಾಶಕ್ತಿಶಾಲಿಯೇ ತ್ವಂ ನೀನು ಏನಂ ಶೋಚಿತುಂ ನಾರ್ಹಸಿ. 
ಈ ಜೀವನದ ಬಗ್ಗೆ ಈ ಯುದ್ಧದಲ್ಲಿ ಭಾಗವಹಿಸಿರುವ ಯೋಧರ ಬಗ್ಗೆ ನಿಮ್ಮ ಗುರು ಹಿರಿಯರ ಬಗ್ಗೆ ನೀನು ಶೋಕ ಮಾಡುವುದು ದುಃಖ ಪಡುವುದು ಸರಿಯಲ್ಲ ಶೋಚಿತುಂ ನ ಅರ್ಹಸಿ.
ಶೋಕಕ್ಕೆ ಒಳಗಾಗಲು ನೀನು ಅರ್ಹನಲ್ಲ.
ಒಟ್ಟಿನ ತಾತ್ಪರ್ಯ ಜೀವನಿಗೆ ಹುಟ್ಟು ಇದೆ ಆಗಲೇ ಬೇಕದು.
ಮರಣವು ಇದೆ ಅದು ಅನಿವಾರ್ಯ.",2296,2975,,,102
kn_kannada_11_0004,kannada_11,kn,Dvaita,4,"ಹೀಗೆ ನೀನು ತಿಳಿವಿಯಾದರೂ ಈ ಯುದ್ಧದಲ್ಲಿ
ನಿನ್ನ ಮುಂದೆ ಇರುವ ಗುರು ಹಿರಿಯರ ಬಗ್ಗೆ ನೀನು ಶೋಕ ಮಾಡೋದು ಉಚಿತ ಅಲ್ಲ.
ಪೂರ್ವಾರ್ಥದಲ್ಲಿ ಅರ್ಜುನನ ಮನಸ್ಸಿನಲ್ಲಿ ಬರುವ ಪ್ರಶ್ನೆಯನ್ನು ಕೃಷ್ಣ ಅನುವಾದ ಮಾಡಿ ಉತ್ತರಾರ್ಥದಲ್ಲಿ ಆ ಶೋಕವು ದುಃಖವು ಉಚಿತವಲ್ಲ. ಅಂತ ನಿರಾಕರಣೆ ಮಾಡಿದ್ದಾರೆ ಯಾಕಲ್ಲ ಅಂತ ಮುಂದೆ ಮುಂದಿನ ಶ್ಲೋಕದಲ್ಲಿ ಅದನ್ನ ಸ್ಪಷ್ಟಗೊಳಿಸುತ್ತಾನೆ.
ಅಂತೂ ಜೀವರಿಗೆ ಜನ್ಮ ಮರಣಗಳು ಅಂದ್ರೆ ದೇಹ ಸಂಬಂಧ ದೇಹ ವಿಯೋಗ ಇಂತಹ ಜನ್ಮ ಮರಣಗಳು ಅನಿವಾರ್ಯ ಅಂತ ನೀನು ತಿಳಿದುಕೊಳ್ಳುವುದಾದರೂ ಕೂಡ ಆ ಬಗ್ಗೆ ಶೋಕ ಪಡುವ. ಅಗತ್ಯ ಇಲ್ಲ. 
ಇದು ಕೃಷ್ಣನ ಅಭಿಪ್ರಾಯ. 
ಮತ್ತೊಮ್ಮೆ ಶ್ಲೋಕ ಆಥಚೈನಂ ನಿತ್ಯಜಾತಂ ನಿತ್ಯಂ ವಾ ಮನ್ಯಸೇ ಮೃತಂ ತಥಾಪಿತ್ವಂ ಮಹಾಬಾಹೋ ನೈನಂ ಶೋಚಿತು ಮರ್ಹಸಿ ಯಾಕೆ? ಮುಂದಿನ ಶ್ಲೋಕ ಜಾತಸ್ಯಹಿ ಧ್ರುವೋ ಮೃತ್ಯುಹು ಧ್ರುವಂ ಜನ್ಮ ಮೃತಸ್ಯಚ ತಸ್ಮಾತ್ ಅಪರಿಹಾರ್ಯೇರ್ಥೇ ನತ್ವಂ ಶೋಚಿತುಮರ್ಹಸಿ ಪದವಿಭಾಗ ಜಾತಸ್ಯ ಹಿ ಧ್ರುವಃ ಮೃತ್ಯುಹು ಧ್ರುವಂ ಜನ್ಮ ಮೃತಸ್ಯ ಚ ತಸ್ಮಾತ್ ಅಪರಿಹಾರೀಯೇ ಅರ್ಥೇ ನ ತ್ವಂ ಶೋಚಿತುಂ ಅರ್ಹಸಿ.",2976,3733,,,107
kn_kannada_11_0005,kannada_11,kn,Dvaita,5,"ಜಾತಸ್ಯ ಹುಟ್ಟಿದವನಿಗೆ ಮೃತ್ಯುಹು ಧ್ರುವಃ ಸಾವು ಖಂಡಿತ.
ಮೃತಸ್ಯ ಸತ್ತವನಿಗೆ ಜನ್ಮ ಮತ್ತೆ ಹುಟ್ಟು ಮರುಹುಟ್ಟು ಧ್ರುವಂ. ಖಂಡಿತಾ. ತಸ್ಮಾತ್ ಅಪರಿಹಾರ್ಯೇ ಅರ್ಥೇ ಅನಿವಾರ್ಯವಾದ ಈ ವಿಷಯದಲ್ಲಿ ತ್ವಂ ನೀನು ಶೋಚಿತುಂ ದುಃಖಿಸಲು ನ ಅರ್ಹಸಿ ಯೋಗ್ಯನಲ್ಲ. ಹುಟ್ಟಿದ ಯಾರು ಕೂಡ ಸಾವಿಲ್ಲದೆ ಬದುಕಿಲ್ಲ. ಚಿರಜೀವಿಗಳು ಅಂತ ಅನಿಸಿಕೊಂಡ ಅಶ್ವತ್ಥಾಮಾದಿಗಳು ಕೂಡ ದೇಹ ವಿಯೋಗ ರೂಪವಾದ ಮರಣವನ್ನು ಒಂದಲ್ಲ ಒಂದು ದಿವಸ ಹೊಂದಲೇಬೇಕು. ಅಲ್ಲಿಗೆ ಹುಟ್ಟಿದವನಿಗೆ ಸಾವು ಖಂಡಿತ. ಹುಟ್ಟುವಾಗಲೇ
ಪ್ರತಿಯೊಬ್ಬನು ತನ್ನ ಬೆನ್ನಲ್ಲಿ ಸಾವನ್ನು ಕಟ್ಟಿಕೊಂಡೆ ಹುಟ್ಟುತ್ತಾನೆ.
ದಿನ ಅನಿಶ್ಚಿತ.
ಒಬ್ಬ ನೂರು ವರ್ಷ ಬಾಳಬಹುದು.
ನಮ್ಮ ಹಿಂದಿನ ಮಹಾತ್ಮರು ನೂರಾರು ವರ್ಷ ಬಾಳಿರಬಹುದು.
ಆದರೆ ಯಾರು ಯಾರು ಶಾಶ್ವತರಲ್ಲ.
ಭಗವಂತನು ಕೂಡ ಅವತಾರ ಮಾಡಿದಾಗ ಶಾಶ್ವತವಾಗಿ ಈ ಭೂಮಿಯಲ್ಲಿ ದೃಶ್ಯನಾಗಿ ಉಳಿಯುವುದಿಲ್ಲ. ಅವನು ಒಂದು ದಿವಸ ಅವತಾರವನ್ನು ಸಮಾಪ್ತಿ ಮಾಡುವವನೇ.
ಆದ್ದರಿಂದ ಹುಟ್ಟುವ ಪ್ರತಿಯೊಬ್ಬರು ಸಾವನ್ನು ಕಟ್ಟಿಕೊಂಡೇ ಹುಟ್ಟುತ್ತಾರೆ. ಅವರಿಗೆ ಒಂದಲ್ಲ ಒಂದು ದಿವಸ
ಸಾವು ನಿಶ್ಚಿತ.
ಅಯ್ಯೋ ಸತ್ತನಲ್ಲ ಅಂತ ಅವನು ವೇದೆ ಪಡೋದು ಅಗತ್ಯ ಇಲ್ಲ.",3734,4557,,,107
kn_kannada_11_0006,kannada_11,kn,Dvaita,6,"ಅವನಿಗೆ ಮತ್ತೆ ಮರುಜನ್ಮವು ಅಷ್ಟೇ ನಿರ್ಧಾರಿತ.
ಅಲ್ಲಿಗೆ ಸಾವು ಹುಟ್ಟುಗಳು ಒಂದು ನಾಣ್ಯದ ಎರಡು ಮಗ್ಗುಲುಗಳು ಇದ್ದಂತೆ.
ಸತ್ಯ ಮತ್ತೆ ಎಂತ ದುಃಖ ಪಡುವಾಗ
ಇನ್ನೊಂದು ಜನ್ಮ ಸಿದ್ಧ.
ಹುಟ್ಟಿದೆ ಅಂತ ಸಂತಸ ಪಡುವಾಗ
ಮತ್ತೆ ಸಾವಿನ ಭಯಾನಕ ಮುಖ ಅದು ಸಿದ್ಧವೇ.
ತಸ್ಮಾತ್ ಅಪರಿಹಾರ್ಯೇರ್ಥೆ
ಈ ಹುಟ್ಟು ಸಾವುಗಳನ್ನ ಯಾರು ದಾಟೋಕೆ ಸಾಧ್ಯವಿಲ್ಲ.
ಇದು ಜೀವನ ಅನಿವಾರ್ಯವಾದ ಒಂದು ಸಂಗತಿ.
ನತ್ವಂ ಶೋಚಿತು ಮರ್ಹಸಿ ಇದಕ್ಕಾಗಿ ಅಳೋದು ಯಾಕೆ?
ಇವತ್ತು ಊಟ ಮಾಡಿದರೆ ಮೂರು ನಾಲ್ಕು ಗಂಟೆ ಬಿಟ್ಟರೆ ಮತ್ತೆ ಹಸಿವಾಗುತ್ತೆ.
ಮತ್ತೆ ಊಟ ಹೊಟ್ಟೆ ತುಂಬಿತು ಅಂತ ತೃಪ್ತಿ ಪಡುವಲ್ಲಿ ಮತ್ತೆ ಹಸಿವು.
ಈ ಹಸಿವು ಆಗ್ತಾನೆ ಹೋಗುತ್ತೆ. ಇರ್ತದೆ ನಾನು ಊಟ ಮಾಡೋದೇ ಇಲ್ಲ ಅಂತ ಯಾರಾದ್ರೂ ಕೊಡ್ತಾರಾ?
ಚಳಿಗಾಲ ಬಂತು.
ಅಯ್ಯೋ ಚಳಿ ಅನ್ನುವಷ್ಟರಲ್ಲಿ ಚಳಿ ಹೋಯಿತು ಸೆಕೆ ಬಂತು.
ಈ ಸೆಕೆ ಬೇಗ ತಡೆಯಲಾರೆ ಅಂತ ಅಂದಾಗ ಮಳೆಗಾಲ ಬಂತು.
ಮಳೆ ಬಂತು ಅಂತ ಸಂತಸ ಪಡುವಾಗ ಮತ್ತೆ ಚಳಿ.",4558,5239,,,104
kn_kannada_11_0007,kannada_11,kn,Dvaita,7,"ಹೇಗೆ ಒಂದು ರುಚಿ ಮೃತಿವಿನಿಂದ ಮತ್ತೊಂದು ಋತು.
ಒಂದು ಸೀಸನ್ ನಿಂದ ಮತ್ತೊಂದು ಸೀಸನ್.
ಇದು ಪ್ರಕೃತಿಯ ಸಹಜ ಗುಣ.
ಇದಕ್ಕೆ ಹೇಗೆ ನಾವು ಒಗ್ಗಿಕೊಳ್ಳುವುದು ಬಿಟ್ಟು ಬೇರೆ ಮಾರ್ಗ ಇಲ್ಲವೋ.
ಇದನ್ನು ಎಷ್ಟು ಬೈದರು ಎಷ್ಟು ಬೇಡ ಅಂದ್ರು ಇದು ಆವೃತ್ತಿ ಆಗ್ತಾನೇ ಇರ್ತದೋ.
ಅದರಂತೆ ಹಸಿವು ಊಟ.
ಚಳಿ ಸೆಕೆ ಇವುಗಳಂತೆ ಹುಟ್ಟು ಸಾವು ಒಂದರ ನಂತರ ಒಂದು ಸರಮಾಲೆಯಂತೆ ಬರೋದು ಅದು ಸಹಜವಾದ ಪ್ರಕೃತಿಯ ಧರ್ಮ.
ನೀವು ಎಷ್ಟು ಅತ್ತರು ಸಾಯಬಾರದು ಅಂತ ಜಾಗೃತೆ ಮಾಡಿದರು ಸಾವು ನಿಶ್ಚಿತ. ಸತ್ತು ಹೋಯಿತು ಇನ್ನು ಮುಗಿದೆ ಬಿಡ್ತೀವಿ ಏನು ಇಲ್ಲ ಜೀವನ ಅಂದಾಗ ಮತ್ತೆ ಹುಟ್ಟು ಸಿದ್ಧವಾಗಿರುತ್ತದೆ. ಆದ್ದರಿಂದ ಇದು ಒಂದು ಅನಿವಾರ್ಯವಾದ ನಮ್ಮ ಕೈ ಮೀರಿದ ಅಪರಿಹಾರೀಯವಾದ ಒಂದು ಸಂಗತಿ. ಇದಕ್ಕೆ ದುಃಖಪಟ್ಟು ಯಾವ ಪ್ರಯೋಜನವೂ ಇಲ್ಲ. ದುಃಖಪಟ್ಟರೆ ಸಾಯುವವನು ಉಳಿಯುವುದು ಇಲ್ಲ. ಸತ್ತವನು ಮರುಹುಟ್ಟದೆ ಬರೋದು ಇಲ್ಲ. 
ಆದ್ದರಿಂದ ಅನಿವಾರ್ಯವಾದ ಸಂಗತಿಗಳಿಗೆ ತಲೆ ಕೆಡಿಸಿಕೊಳ್ಳಬಾರದು. 
ಜೀವನದಲ್ಲಿ ಅದಕ್ಕೆ ನಾವು ಸಿದ್ಧರಾಗಿರಬೇಕು.",5240,5974,,,103
kn_kannada_11_0008,kannada_11,kn,Dvaita,8,"ಆದ್ದರಿಂದ ಈ ಹುಟ್ಟು ಸಾವುಗಳ ಬಗ್ಗೆ ನನ್ನ ಬಂಧುಗಳು ಸಾಯುತ್ತಾರೆ ಅಂತ ನೀನು ವ್ಯಥೆ ಪಡಬೇಡ ಸತ್ತರೆ ಹುಟ್ಟುತ್ತಾರೆ ಅವರು. ಈ ಸಮಾಧಾನದ ಹೊರತಾಗಿ ಇದಕ್ಕೆ ಮತ್ತೊಂದು ಪರಿಹಾರ ಇಲ್ಲ. ಆದ್ದರಿಂದ ಇದಕ್ಕಾಗಿ ನೀನು ನಿನ್ನ ಧರ್ಮವನ್ನು ಬಿಟ್ಟು ಯುದ್ಧವನ್ನು ಆಡೋದಿಲ್ಲ ಅಂತ ಹಠ ಹಿಡಿಯುವುದು ಸರಿಯಲ್ಲ ಅರ್ಜುನ. ಇದು ಶ್ರೀಕೃಷ್ಣ ಮಾರ್ಮಿಕವಾಗಿ ನಮ್ಮ ನಿಮ್ಮೆಲ್ಲರ ಮನೆಗಳಲ್ಲಿ ನಡೆಯುವ ಕೆಲವು ಸಂದರ್ಭ. ಗತಿಗಳಿಗೆ ಶ್ರೀಕೃಷ್ಣನ ಈ ಮಾತು ಭರವಸೆಯಾಗಿ ನಿಲ್ಲಬಲ್ಲ ಒಂದು ಸಿದ್ಧಾಂತ. ಮತ್ತೊಮ್ಮೆ ಶ್ಲೋಕ ಜಾತಸ್ಯಹಿ ಧ್ರುವೋ ಮೃತ್ಯುಹು ಧ್ರುವಂ ಜನ್ಮ ಮೃತಸ್ಯಚ ತಸ್ಮಾದ ಪರಿಹಾರ್ಯೇರ್ಥೇ ನತ್ವಂ ಶೋಚಿ ತುಮರ್ಖಸಿ
ಹುಟ್ಟು ಸಾವುಗಳಿಗೆ
ಅಳುಕುಬಾರದು ಅಂತ ಕೃಷ್ಣ ಹೇಳಿದ
ಹುಟ್ಟು ಅಂದ್ರೆ ಏನು ಸಾವು ಅಂದ್ರೆ ಏನು ಅನ್ನೋದನ್ನ
ಮುಂದಿನ 28ನೆಯ ಶ್ಲೋಕದಲ್ಲಿ ಶ್ರೀಕೃಷ್ಣ ಸ್ಪಷ್ಟಪಡಿಸಿದ್ದಾರೆ
ಅವ್ಯಕ್ತಾದಿನಿ ಭೂತಾನಿ
ವ್ಯಕ್ತ ಮಧ್ಯಾನಿ ಭಾರತ
ಅವ್ಯಕ್ತ ನಿಧನಾನ್ ದೇವ
ತತ್ರಕಾ ಪರಿವೇದನಾ
ಶ್ಲೋಕದ ಪದ ವಿಭಾಗ
ಅವ್ಯಕ್ತಾದಿನಿ
ಭೂತಾನಿ
ವ್ಯಕ್ತ ಮಧ್ಯಾನಿ
ಭಾರತ ಅವ್ಯಕ್ತ ನಿಧನಾನಿ ಏವ ತತ್ರ ಕಾ ಪರಿವೇದನ ಭೂತಾನಿ ಅನ್ನೋ ಶಬ್ದ ಇದೆ ಇಲ್ಲಿ.",5976,6797,,,112
kn_kannada_11_0009,kannada_11,kn,Dvaita,9,"ನಮ್ಮ ಆಡು ಭಾಷೆಯಲ್ಲಿ ಇದು ಭಯಾನಕವಾದ ಶಬ್ದ. ಆದರೆ ಸಂಸ್ಕೃತದಲ್ಲಿ ಭೂತ ಅಂದ್ರೆ ಏನು? ಜೀವಿಗಳು ಅಂತ ಅರ್ಥ.
ಭೂತಾನಿ ಜೀವಿಗಳು ಅವ್ಯಕ್ತಾದಿನಿ.
ಅವ್ಯಕ್ತ ಅನ್ನೋ ಶಬ್ದಕ್ಕೆ ಎರಡು ಅರ್ಥ ಇದೆ.
ಒಂದು ವ್ಯಕ್ತ ಅನ್ನೋದಕ್ಕೆ ವಿರುದ್ಧವಾದದ್ದು ಅವ್ಯಕ್ತ.
ವ್ಯಕ್ತ ಅಂದ್ರೆ ಎಲ್ಲರ ಕಣ್ಣಿಗೆ. ಕಣ್ಣಿಗೆ ಕಾಣಿಸುವಂತದ್ದು ಅಂತ ಅರ್ಥ.
ಪರಮಾತ್ಮನು ವ್ಯಕ್ತನಾದ ಕಣ್ಣಿಗೆ ಕಾಣಿಸದ ದೇವರು ಕಾಣಿಸಿಕೊಂಡ.
ಅವ್ಯಕ್ತ ಅಂದ್ರೆ ಮರೆಯಾದ ಅಂತ ಅರ್ಥ.
ಭೂತಾನಿ ಅವ್ಯಕ್ತ ಆದಿನಿ.
ತಾಯಿಯ ಗರ್ಭದಲ್ಲಿ ಒಂದು ದೇಹ ಬೆಳಿತಾ ಇದೆ.
ಅದರಲ್ಲೊಬ್ಬ ಜೀವಿ ಬಂದು ಸೇರಿಕೊಂಡಿದ್ದಾನೆ.
ಅವನು ಅದುವರೆಗೆ ಎಲ್ಲಿದ್ದನೋ ನಮಗೆ ಗೊತ್ತಿಲ್ಲ.
ಆ ಜೀವ ತುಂಬಿದ ದೇಹ ತಾಯಿಯ ಗರ್ಭದಿಂದ ಹೊರ ಬಂದ ಮೇಲೆ ನಮ್ಮ ಮಗು ಅದು.
ಅದುವರೆಗೆ ಆ ಜೀವಿಯ ಆಗ್ಲಿ ಆ ದೇಹ ಆಗ್ಲಿ ಅದು ಎಲ್ಲಿತ್ತು ಅನ್ನೋದು ನಮಗೆ ಗೊತ್ತಿಲ್ಲ.
ಅಲ್ಲಿಗೆ ನಮ್ಮ ಸಂಪರ್ಕಕ್ಕೆ ಬರುವ ಒಬ್ಬ ವ್ಯಕ್ತಿಯ ಆದಿ ಮೊದಲು ಅದು ಅವ್ಯಕ್ತ.
ನಮಗೆ ಗೊತ್ತಿಲ್ಲ.",6798,7499,,,101
kn_kannada_11_0010,kannada_11,kn,Dvaita,10,"ಹೊರ ಬಂತು ನಮ್ಮ ಮಗು ಅದರ ಆಟ ಪಾಠ ಅದರ ಬೆಳವಣಿಗೆ ಇದನ್ನು ನೋಡಿ ನಮ್ಮ ಮಗು ಅಂತ ನಾವು ಸಂತಸದಿಂದ ಕುಣಿತೀವಿ. ಎಷ್ಟು ವರ್ಷ? ಅದಕ್ಕೊಂದು ಆಯುಷ್ಯನ ನಿಯತಿ ಇದೆ. 60, 70, 100 ವ್ಯಕ್ತ ಮಧ್ಯಾಹ್ನಿ. ಕಾಣದೆ ಇದ್ದ ಒಬ್ಬ ಜೀವಿ ಹುಟ್ಟಿನಿಂದ ಒಂದಷ್ಟು ಸಮ ಸಮಯದವರೆಗೆ
ನಮ್ಮ ಜೊತೆಯಲ್ಲಿ ಬಡಿತಾನೆ ವ್ಯಕ್ತ ಮಧ್ಯಾಹ್ನಿ.
ಆಮೇಲೆ
ಎಲ್ಲಿಂದ ಬಂದನೋ ಆ ದೇಹ ಎಲ್ಲಿಂದ ಬಂತೋ ಅಲ್ಲೇ ಸೇರಿಕೊಳ್ಳುತ್ತೆ.
ಪಂಚ ಭೌತಿಕ ಈ ದೇಹ.
ಪೃಥ್ವಿಯ ಭಾಗ ಬೂದಿಯಾಗಿ ಪೃಥ್ವಿಯಲ್ಲಿ ಸೇರಿಕೊಳ್ಳುತ್ತದೆ.
ವಾಯುವಿನ ಭಾಗ ಗಾಳಿ. ಆಳಿಯೊಡನೆ ಸೇರುತ್ತದೆ. 
ಆಕಾಶದ ಭಾಗ ಆಕಾಶದಲ್ಲಿ ಲೀನವಾಗುತ್ತದೆ. 
ತೇಜೋ ಭಾಗ ಪ್ರಕೃತಿಯಲ್ಲಿ ಸೇರಿಕೊಳ್ಳುತ್ತದೆ. 
ಅವ್ಯಕ್ತ ನಿಧನಾನಿ. 
ನಿಧನ ಅಂದ್ರೆ ಸಾವು. 
ಸಾವು ಅಂದ್ರೆ ಏನು? 
ಮತ್ತೆ ನಮ್ಮಿಂದ ಕಣ್ಮರೆಯಾಗುವುದು. 
ಮೊದಲು ಅವ್ಯಕ್ತ ಕೊನೆಗೆ ಅವ್ಯಕ್ತ. 
ಈ ಅವ್ಯಕ್ತಗಳೆರಡ ಮಧ್ಯದಲ್ಲಿ ಒಂದಿಷ್ಟು ಕಾಲ ವ್ಯಕ್ತ ಅದನ್ನ ಜೀವನ ಅಂತ ನಾವು ಕರೀತೀವಿ. 
ಅಲ್ಲಿಗೆ ಒಬ್ಬ ವ್ಯಕ್ತಿ ಸರ್ವತಾ ಇಲ್ಲ ಅಂತ ಆಗೋದೇ ಇಲ್ಲ.",7500,8238,,,106
kn_kannada_11_0011,kannada_11,kn,Dvaita,11,"ಅಥವಾ ಅವನ ದೇಹ ಜೀರೋ ಅಂತ ಆಗೋದೇ ಇಲ್ಲ. 
ನಮಗೆ ಕಣ್ಣಿಗೆ ಕಾಣಲಿಲ್ಲ ಮಧ್ಯದಲ್ಲಿ ನೋಡಿ. ಒಂದಿಷ್ಟು ಕಣ್ಣಿಗೆ ಕಾಣಿಸ್ತು. 
ಮತ್ತೆ ಕಣ್ಣಿಗೆ ಕಾಣಿಸೋದಿಲ್ಲ. 
ಹುಟ್ಟು ಸಾವುಗಳು ಅಂದ್ರೆ ನಮ್ಮ ಭೌತಿಕ ದೃಷ್ಟಿಯಿಂದ ದೇಹವೋ ಆತ್ಮನೋ ಮರೆಯಾಗೋದು ಅಷ್ಟೇ. 
ಅದು ಬಿಗ್ ಜೀರೋ ಆಗೋದಿಲ್ಲ ಯಾವತ್ತೂ ಕೂಡ. 
ಹುಟ್ಟಿನ ಸಾವಿನ ಈ ಸ್ವರೂಪವನ್ನ ತಿಳಿದಾಗ ಇದಕ್ಕೆ ಯಾರು ಯಾಕೆ ನಾವು ಕರಗು ಬಿಗಿಬೇಕು?
ಆತ್ಮನು ನಾಶ ಆಗಿಲ್ಲ.
ದೇಹವು ಸರ್ವತಾ ಇಲ್ಲ ಅಂತ ಆಗ್ಲಿಲ್ಲ.
ಪಂಚಭೂತಗಳು ಆಗಲೇ ಇತ್ತು.
ಅವೆಲ್ಲ ಜೋಡಿತು ಒಂದು ಶರೀರವಾಗಿ ಅವನಿಗೊಂದು ಅಂಗಿಯಾಗಿ ಸೇರಿಕೊಂತು.
ಮತ್ತೆ ಆ ಪಂಚಭೂತಗಳು ಮೊದಲಿನಂತೆ ತಾವು ತಾವು ತಮ್ಮ ಮೂಲ ದ್ರವ್ಯದಲ್ಲಿ ಸೇರಿಕೊಂಡವು. ಹೀಗೆ ಅವ್ಯಕ್ತ, ವ್ಯಕ್ತ ಮತ್ತೆ ಅವ್ಯಕ್ತ ಸ್ಥಿತಿ. ಇದು ಹುಟ್ಟು, ಜೀವನ, ಸಾವು. ಇದೊಂದು ಅರ್ಥ ಇದಕ್ಕೆ. ಶಾಸ್ತ್ರದಲ್ಲಿ ಅವ್ಯಕ್ತ ಶಬ್ದಕ್ಕೆ ಇನ್ನೊಂದು ಅರ್ಥ ಇದೆ. ಅವ್ಯಕ್ತ ಅಂದ್ರೆ
ಈ ಪ್ರಪಂಚದ ಸೂಕ್ಷ್ಮ ರೂಪ.
ಈ ದೊಡ್ಡ ವಿಶಾಲವಾದ ಪ್ರಪಂಚ
ಸೇರಿ ಸೇರಿ ಸೇರಿ ಸಂಕುಚಿತಗೊಂಡು
ಅತ್ಯಂತ ಅಣುರೂಪದಿಂದ ಮೂಲರೂಪಕ್ಕೆ ತೆರಳುತ್ತದೆ ಅದನ್ನ ಅವ್ಯಕ್ತ ಅಂತ ಕರೀತೀವಿ.",8240,9047,,,114
kn_kannada_11_0012,kannada_11,kn,Dvaita,12,"ನಾವು ಇವತ್ತು ಇರೋದು ವ್ಯಕ್ತ ಪ್ರಪಂಚದಲ್ಲಿ.
ಇದು ಒಂದು ಸಮಯದಲ್ಲಿ
ಅಣುವಾಗಿ ಇತ್ತು.
ಹೀಗೆ ಅಣುವಾಗಿ ಇದ್ದ ಈ ಪ್ರಪಂಚ ಈ ದೇಹ ಅವ್ಯಕ್ತಾದಿನಿ.
ಅವ್ಯಕ್ತ ತತ್ವವೇ ಆದಿ ಅಂದ್ರೆ ಮೂಲ ಕಾರಣವಾಗಿ ಉಳ್ಳದ್ದು ಈ ದೇಹ. ದೇಹ.
ನಮ್ಮ ದೇಹಕ್ಕೆ ಕಾರಣವಾದ್ದು ಪಂಚಭೂತಗಳು.
ಆ ಪಂಚಭೂತಗಳಿಗೂ ಮೂಲರೂಪ ಅವ್ಯಕ್ತ ತತ್ವ ಅದಕ್ಕೆ ಪ್ರಕೃತಿ ಅಂತ ಹೆಸರು.
ಅದು ಮೂಲ ರೂಪದ್ದಾದ್ರಿಂದ ಪ್ರಕೃತಿ ಅಂತ ಹೆಸರು.
ಕಣ್ಣಿಗೆ ಕಾಣದೇ ಇರುವ ತತ್ವವಾದ್ದರಿಂದ ಅವ್ಯಕ್ತ ಅಂತ ಹೆಸರು.
ಹೀಗೆ ನಮ್ಮ
ಬರೆ ಮನುಷ್ಯರು ಮಾತ್ರ ಅಲ್ಲ, ಪ್ರಾಣಿಗಳು, ಪಶುಗಳು, ಪಕ್ಷಿಗಳು, ಕ್ರಿಮಿಗಳು, ಕೀಟಗಳು.
ಈ ಎಲ್ಲ ಜಡ ದೇಹದ ಮೂಲ ಆ ಅವ್ಯಕ್ತ ತತ್ವ.
ಪ್ರಕೃತಿ ತತ್ವ.
ಅವ್ಯಕ್ತದಿಂದ ಹುಟ್ಟಿ ಬಂದದ್ದು ಈ ದೇಹ.
ವ್ಯಕ್ತ ಮಧ್ಯಾಹ್ನ ಸ್ಥೂಲ ರೂಪವನ್ನು ಪಡೆದುಕೊಂಡಿತು.
ಮತ್ತೆ ಇಲ್ಲಿ ಇದು ಸೇರಿಕೊಳ್ಳೋದು ಎಲ್ಲಿ ಅಂದ್ರೆ ಎಲ್ಲಿಂದ ಬಂತೋ ಅಲ್ಲೇ.
ಅವ್ಯಕ್ತ ನಿಧನಾನಿ.
ಅವ್ಯಕ್ತವೇ ನಿಧನ ಸಾವಾಗಿ ಉಳ್ಳದ್ದು ಮತ್ತೆ ಅವ್ಯಕ್ತದಲ್ಲಿ ಸೇರಿಕೊಳ್ಳುವುದೇ ಈ ದೇಹಗಳು ಅದನ್ನೇ ಭೂತಗಳ ನಿಧನ ಅಂತ ನಾವು ಕರೀತೀವಿ.",9048,9813,,,111
kn_kannada_11_0013,kannada_11,kn,Dvaita,13,"ಜೀವಿಯನ್ನ ಇಟ್ಟುಕೊಂಡ್ರೆ ಕಾಣುವುದಿಲ್ಲ. ಶಿಲ್ಲಾ
ದೇಹದ ಮೂಲಕ ಕಾಣಿಸಿಕೊಂಡ ಮತ್ತೆ ದೇಹವನ್ನ ಕಳೆದುಕೊಂಡು ಕಾಣಿಸದ ಸ್ಥಿತಿಗೆ ಹೋದ.
ದೇಹವನ್ನಿಟ್ಟುಕೊಂಡ್ರೆ ದೇಹ ಪ್ರಕೃತಿ ತತ್ವದಿಂದ ಮೂಡಿ ಬಂದಿದೆ ಸ್ಥೂಲ ರೂಪವಾಗಿ ಒಂದಷ್ಟು ಕಾಲ ಪ್ರಪಂಚದಲ್ಲಿ ನಮಗೆ ಕಾಣುವ ಸ್ಥಿತಿಯಲ್ಲಿ ಇರುತ್ತದೆ ಮತ್ತೆ ಬೂದಿಯಾಗಿಯೂ ಮಣ್ಣಾಗಿಯೂ ಪಂಚ ಪಂಚಭೂತಗಳಲ್ಲಿ ಸೇರಿ ತನ್ನ ಮೂಲ ರೂಪವಾದ ಪ್ರಕೃತಿ ತತ್ವದೊಂದಿಗೆ ಲೀನವಾಗುತ್ತದೆ. ಇದು ಎಲ್ಲ ವಸ್ತುಗಳಂತೆ ಒಬ್ಬ ಚೇತನನಿಗೂ ಜೀವಕ್ಕೂ ಅಪ್ಲೈ ಆಗುವ ಅನ್ವಯಿಸುವ ಒಂದು ಪ್ರಾಕೃತಿಕ ನಿಯಮ. ಹುಟ್ಟು ಸಾವುಗಳನ್ನು ಈ ಸಹಜ ಸ್ಥಿತಿಯಲ್ಲಿ ನೋಡು. ಇದು ನಿನಗೆ ಮಾತ್ರ ಅಲ್ಲ, ಇಡೀ ಪ್ರಪಂಚದ ಪ್ರತಿಯೊಂದು ವಸ್ತುಗಳಿಗೂ ಜಡ ಚೇತನಗಳಿಗೂ
ನಿಯತವಾದ ಒಂದು ಸ್ಥಿತಿ.
ಅವ್ಯಕ್ತ, ವ್ಯಕ್ತ ಮತ್ತೆ ಅವ್ಯಕ್ತ.
ತತ್ರಕಾ ಪರಿವೇದನ
ಇದಕ್ಕಾ ಕಳ್ತಿಯೋ ನೀನು?
ಹೊಸ ಮನೆ ಕಟ್ಟಿದವು, ಅದುವರೆಗೆ ಬರೆ ಜಾಗ ಇತ್ತು, ಹೊಸ ಮನೆ ಮನೆ ಬಂತು, ಕುಣಿದವು. 
ಬಂದಿದ್ದು ಹೋಗಲೇಬೇಕಲ್ಲ. 
ಒಂದು ದಿವಸ ಮನೆ ಬಿತ್ತು. 
ಇದು ಪ್ರಕೃತಿಯ ನಿಯಮ ಇದು.",9814,10566,,,102
kn_kannada_11_0014,kannada_11,kn,Dvaita,14,"ದೊಡ್ಡ ಮರ ಇತ್ತು. 
ಹತ್ತಿದವು, ಹಣ್ಣು ಕೊಯ್ದವು, ತಿಂದವು. 
ಗಾಳಿಗೆ ಧಬ್ಬ ಬಿತ್ತು. 
ಇದು ಪ್ರಕೃತಿಯಲ್ಲಿ ಪ್ರತಿಯೊಂದು ಪದಾರ್ಥಗಳಿಗೂ ಇರುವ ಸ್ಥಿತಿ ಅವ್ಯಕ್ತ, ವ್ಯಕ್ತ ಮತ್ತೆ ಅವ್ಯಕ್ತ. ತತ್ರಕಾ ಪರಿವೇದನಾ ವೇದನಾ ಅಂದ್ರೆ ದುಃಖ ಪರಿವೇದನಾ ಅಂದ್ರೆ ದುಃಖ. 
ಈ ವಿಷಯದಲ್ಲಿ ಯಾಕೋ ಅಳ್ತಿಯ ಅರ್ಜುನ. 
ಇದು ನಿನ್ನ ಬಂಧುಗಳಿಗೆ ಮಾತ್ರ ಅಲ್ಲ ಪ್ರಪಂಚದ ಪ್ರತಿಯೊಂದು ವಸ್ತುಗಳಿಗೂ ಮೀಸಲಾಗಿಟ್ಟ ಸ್ಥಿತಿ. 
ಆದ್ದರಿಂದ ಜನ್ಮ ಮರಣಗಳ ಸ್ವಭಾವವನ್ನು ನೀನು ಅರ್ಥೈಸಿಕೊಂಡ್ರೆ ಅಳೋದೇ ಇಲ್ಲ. ಅದಕ್ಕೆ ಆಸ್ಪದವೇ ಇಲ್ಲ.
ಮತ್ತೊಮ್ಮೆ ಶ್ಲೋಕ ಅವ್ಯಕ್ತಾದಿನಿ ಭೂತಾನಿ ವ್ಯಕ್ತ ಮಧ್ಯಾನಿ ಭಾರತ ಅವ್ಯಕ್ತ ನಿಧನಾನ್ ದೇವ ತತ್ರಕಾ ಪರಿವೇದನಾ ಹೀಗೆ ಹುಟ್ಟು ಸಾವುಗಳ ಸ್ವರೂಪವನ್ನ ಅರ್ಜುನನ ಮುಂದೆ ನಮಗೆ ಶ್ರೀಕೃಷ್ಣ ಮುಂದಿಟ್ಟು ಬಂಧುಗಳ ಆತ್ಮೀಯರ ಕಣ್ಮರೆಗೆ ನಾವು ಅತಿರೇಕವಾದ ದುಃಖಕ್ಕೆ ಒಳಗಾಗಿ ನಮ್ಮನ್ನು ನಾವು ಮುಡುಗಿಸಿಕೊಳ್ಳುವ ಸ್ಥಿತಿಗೆ ಹೋಗಬಾರದು ಅಂತ ಸಮಾಧಾನವನ್ನು ಕೊಟ್ಟಿದ್ದಾನೆ. ಜೀವನದಲ್ಲಿ ದೊಡ್ಡ ಸಮಾಧಾನವನ್ನು ತಂದುಕೊಡುವ ಪ್ರಸಂಗ ಇದು. ಇದಕ್ಕಾಗಿ ಗೀತೆ ನಮಗೆ ಬೇಕು.",10568,11347,,,100
kn_kannada_11_0015,kannada_11,kn,Dvaita,15,"ಮುಂದಿನ ಭಾಗವನ್ನು ಮುಂದಿನ ಪ್ರಕರಣದಲ್ಲಿ ನೋಡೋಣ. ಶ್ರೀ ಕೃಷ್ಣಾರ್ಪಣಮಸ್ತು.
ಈ ಪ್ರವಚನ ಸೇವೆಯನ್ನ ಮರವೇಕೆರೆ ಶ್ರೀ ಮುರಳೀಧರರಾವ್ ಅವರು ಪ್ರಾಯೋಜಿಸಿದ್ದಾರೆ. ಶ್ರೀ ಕೃಷ್ಣ ಅವರಿಗೆ ಸಕಲ ಸೌಭಾಗ್ಯಗಳನ್ನು ಕೊಡಲಿ ಅಂತ ಪ್ರೇಕ್ಷಕರ ಹಾಗೂ ನನ್ನ ವೈಯಕ್ತಿಕ ಪ್ರೀತಿಕ ವತಿಯಿಂದ ಪ್ರಾರ್ಥನೆ ಮಾಡ್ತೀನಿ ಶ್ರೀಕೃಷ್ಣಾರ್ಪಣ.",11348,11604,,,31
kn_kannada_12_0000,kannada_12,kn,Dvaita,0,"ಶ್ರೀ ಗುರುಭ್ಯೋ ನಮಃ ಹರಿಃ ಓಂ 
ಇಪ್ಪತ್ತ ಎಂಟನೆಯ ಶ್ಲೋಕದವರೆಗೆ ಮೂರು ಶ್ಲೋಕಗಳಲ್ಲಿ ಶ್ರೀಕೃಷ್ಣ ಹುಟ್ಟು ಸಾವುಗಳ ಬಗ್ಗೆ ಸುಂದರವಾದ ವಿಶ್ಲೇಷಣೆಯನ್ನ ನೀಡಿ ಹುಟ್ಟಿಗೆ ಅತಿರೇಕದ ಭಾವ
ಸಾವಿಗೆ
ದುಃಖದಲ್ಲಿ ಮುಳುಗಿ ಹೋಗುವ ಸ್ಥಿತಿ ನಾವು ತಂದುಕೊಳ್ಳಬಾರದು ಅಂತ
ಅರ್ಜುನನನ್ನ ಮುಂದಿಟ್ಟುಕೊಂಡು ನಮಗೆ ಉಪದೇಶ ಮಾಡಿದ್ದಾನೆ ಶ್ರೀಕೃಷ್ಣ.
29ನೆಯ ಶ್ಲೋಕ ಆಶ್ಚರ್ಯವಧ ಪಶ್ಯತಿ ಕಶ್ಚಿತೇದಂ
ಆಶ್ಚರ್ಯವದ್ವದತಿ ತಥೈವ ಚಾನ್ಯಃ
ಆಶ್ಚರ್ಯವಚ್ಚೈನಮನ್ಯಶ್ರುಣೋತಿ
ಶುತ್ವಾಪ್ಯೇನಂ ವೇದನಚೈವ ಕಶ್ಚಿತ್
ಪದ ವಿಭಾಗ
ಆಶ್ಚರ್ಯವತ್ ಪಶ್ಯತಿ ಕಶ್ಚಿತ್ ಏನಂ ಆಶ್ಚರ್ಯವತ್ ವದತಿ ತಥಾ ಏವ ಚ ಅನ್ಯಃ ಆಶ್ಚರ್ಯವತ್ ಚ ಏನಂ ಅನ್ಯಃ ಶೃಣೋತಿ ಶೃತ್ವಾಪಿ ಏನಂ ವೇದ ನ ಚ ಏವ ಕಶ್ಚಿತ್ ಇಲ್ಲಿ ಆಶ್ಚರ್ಯವತು ಅಂತ ಶಬ್ದ ಇದೆ ಆಶ್ಚರ್ಯ ಅಂದ್ರೆ ನಮ್ಮ
ಭಾಷೆಯಲ್ಲಿ
ಅಚ್ಚರಿ.
ನಾವು ನೆನೆಸದ ಒಂದು ಘಟನೆ ನಡೆಯಿತು ಅಂದ್ರೆ ತುಂಬಾ ಆಶ್ಚರ್ಯ ಆಯ್ತು.
ನಾವು ನಿರೀಕ್ಷಿಸದ ವ್ಯಕ್ತಿ ನಮ್ಮ ಮನೆಗೆ ಬಂದ್ರೆ ಬಹಳ ಆಶ್ಚರ್ಯ ಅಂತ ಹೇಳ್ತೀವಿ. ಅಪರೂಪದ ಘಟನೆ ಅನ್ನೋ ಅರ್ಥದಲ್ಲಿ.",0,745,,,103
kn_kannada_12_0001,kannada_12,kn,Dvaita,1,"ಆದರೆ ಭಗವದ್ಗೀತೆ ಈ ಶ್ಲೋಕದಲ್ಲಿ ಆಶ್ಚರ್ಯವತು ಅಂದರೆ ದುರ್ಲಭ ಅಂತ ಅರ್ಥ. ನೋಡಿ ಕಶ್ಚಿತ್ ಏನಂ ಆಶ್ಚರ್ಯವತ್ ಪಶ್ಯತಿ ಪಶ್ಯತಿ ಆಶ್ಚರ್ಯವತ್. ಏನಾದರೊಬ್ಬ ಯಾರಾದರೊಬ್ಬ ಕಶ್ಚಿತ್ ಏನಂ ಈ ಜೀವನನ್ನು ಪಶ್ಯತಿ ನೋಡಿದ್ದರೆ ಅದು ಆಶ್ಚರ್ಯವದು ದುರ್ಲಭ. ಅಂದ್ರೆ ಈ ದೇಹದ ಒಳಗಡೆ ಕಣ್ಣಿಗೆ ಕಾಣದ ಜೀವನನ್ನು ನಾನು ಕಂಡಿದ್ದೇನೆ ಅಂತ ಯಾರಾದರೂ ಹೇಳಿದ್ರೆ. ಹೇಳೋದಾದರೆ
ಅದು ಆಶ್ಚರ್ಯ ಅವತ್ತು.
ಅದು ದುರ್ಲಭ ಅದು ಅಂತವರು ಬಹಳ ಅಪರೂಪ ಅಂತ.
ಅಲ್ಲಿಗೆ ನಾನು ನಾನು ನಾನು ಕುಡಿತೇನೆ ನಾನು ಬಿದ್ದೆ ಅಂತ ನಾವು ನಾನು ಅಂತ ಉಲ್ಲೇಖ ಮಾಡುತ್ತೇವೆ.
ಆದರೆ ದೇಹದ ಒಳಗಡೆ ದೇಹ ಬಿಟ್ಟು ನಾನು ಅಂತ ಒಂದು ಇದೆಯೋ ಅಂತನೋ ನೂರಕ್ಕೆ ನೂರು ಪಾಲು ನಂಬಿಕೆ
ನಿಶ್ಚಯ ದಾರ್ಢ್ಯ ನಮಗೆ ಇಲ್ಲ.
ಆದ್ದರಿಂದ ದೇಹ ಬಿಟ್ಟು ಒಬ್ಬ ಜೀವ ಇದ್ದಾನೆ ಅಂತ ನೋಡಿದವ ಆಶ್ಚರ್ಯವತ್ ದುರ್ಲಭ.
ಇನ್ನು ಆಶ್ಚರ್ಯವತ್ ವದತಿ ತಥೈವ ಅಚಾನ್ಯಃ
ಈ ಜೀವನನ್ನು ನಾವು ನಾವೇ ನೋಡೋದು ಬಹಳ ಕಷ್ಟ ದುರ್ಲಭ.",746,1424,,,104
kn_kannada_12_0002,kannada_12,kn,Dvaita,2,"ಅನ್ಯಃ ಮತ್ತೊಬ್ಬ ಅವನು ವೇದ ವೇದಾಂತಗಳಲ್ಲೆಲ್ಲಾ ಪಾರಂಗತ.
ಆ ಜೀವನ ಬಗ್ಗೆ ನಿರೂಪಣೆ ಮಾಡುತ್ತಾನೆ ಅವನು ಈ ದೇಹವೇ ಆತ್ಮ ಅಲ್ಲ ದೇಹದ ಒಳಗೆ ಒಳಗಡೆ ಒಬ್ಬ ಆತ್ಮನಿದ್ದಾನೆ.
ಅವನ ಅಣುಗಾತ್ರದವ ದೇಹದಲ್ಲಿ ಯಾವುದೋ ಒಂದು ಭಾಗದಲ್ಲಿ ನೆಲೆಸಿದ್ದಾನೆ.
ದೇಹ ಸುಟ್ಟು ಬೂದಿಯಾದರೂ ಅವನು ನಾಶ ಆಗಲ್ಲ.
ಒಳ್ಳೆಯ ಭಗವಂತನ ಸೇವೆಯನ್ನು ಸತ್ಕರ್ಮಗಳನ್ನು ಮಾಡಿದರೆ ಆತ ಮೋಕ್ಷ ಕ್ಷವನ್ನು ಪಡೆಯಬಲ್ಲ ಅಂತ ಅನ್ಯಹ ಮತ್ತೊಬ್ಬರು ನಮಗೆ ಓದತಿ ಉಪದೇಶ ಮಾಡುತ್ತಾರೆ ಆಶ್ಚರ್ಯವತ್ ಅಂತವರು ತುಂಬಾ ದುರ್ಲಭ.
ಅವನನ್ನ ಸರಿಯಾದ ರೂಪದಲ್ಲಿ ತಿಳಿಯುವವರು ಪ್ರಪಂಚದಲ್ಲಿ ದುರ್ಲಭ.
ಅವನನ್ನ ಸರಿಯಾಗಿ ಅನುಭವಕ್ಕೆ ಬಂದು ಹೇಳುವವರು ಅವರು ದುರ್ಲಾಭ
ಭಗವದ್ಗೀತೆ ಓದಿದವರು ದೇಹಾತಿರಿಕ್ತವಾದ ಆತ್ಮ ಇದ್ದಾನೆ ಅವನ ಹಾಗೆ ಹೀಗೆ ಅವನಿಗೆ ಅಂಗಿಯ ಕವಚ ವಾಸಾಂಸಿ ಜೀರ್ಣಾನಿ ಉಪದೇಶ ಬೇಕಾದಷ್ಟು ಮಾಡಬಹುದು
ಆದರೆ ಆ ಹೇಳಿಕೆಗಳು ಆ ಉಪದೇಶ ಗಂಟಲಿಂದ ಬರುತ್ತೆ ಹೊರತು ಹೃದಯದಿಂದ ಬರೋದಿಲ್ಲ
ಹೇಳುವ ಎಲ್ಲರಿಗೂ ಈ ವಿಷಯ ಖಾತ್ರಿ ಶ್ರೀನಾಂತ ಅವರ ಮನಸ್ಸನ್ನ ಕೆದಕಿದ್ರೆ ಈ ಗೀತೆಯಲ್ಲಿ ಹಾಗೆ ಹೇಳಿದ್ದಾನೆ ನನಗೆ ಇನ್ನು ಅನುಭವಕ್ಕೆ ಬರಬೇಕು ಅಂತ ಹೇಳಿ ಆನವರು.",1425,2235,,,113
kn_kannada_12_0003,kannada_12,kn,Dvaita,3,"ಹೀಗಾಗಿ
ಜೀವನ ಬಗ್ಗೆ ಅವನು ಹಾಗೆ ಹೀಗೆ ಅಂತ ಹೇಳುವ ವ್ಯಕ್ತಿ ಆಶ್ಚರ್ಯವತ್ ಅರ್ಥ ಮಾಡಿಕೊಂಡು ಹೇಳುವವನು ದುರ್ಲಭ.
ಆಶ್ಚರ್ಯವತ್ ಚೈನಮನ್ಯ ಶೃಣೋತಿ
ಇವತ್ತು ದೇಹ ಬಿಟ್ಟು ಒಬ್ಬ ಆತ್ಮ ಇದ್ದಾನೆ ಅಂತ ನೀವು
ಉಪನ್ಯಾಸಕ್ಕೆ ಕೊಡುದ್ರೆ
ಕೇಳೋ ಜನನು ಬಹಳ ಕಡಿಮೆ
ಅನ್ಯಹ ಶೃಣೋತಿ
ಇವನನ್ನ ದೇಹದಕ್ಕಿಂತ ಭಿನ್ನವಾದ ಒಬ್ಬ ಆತ್ಮನಿದ್ದಾನೆ ಅವನ ಗುಣ ಸ್ವಭಾವಗಳು ಹೀಗೆ ಅಂತ ಅಂತ ನೀನು ಅನುಭವಿಸಿಕೊಂಡು ಮತ್ತೊಬ್ಬರಿಗೆ ಹೇಳೋಕೆ ಹೋದ್ರೆ ಅದನ್ನ ಶೃಣೋತಿ ಕೇಳುವವನು ಕೂಡ ಆಶ್ಚರ್ಯವತ್ ದುರ್ಲಭ ಅಪರೂಪ ಅಂತವರು.
ಹೀಗೆ ಈ ದೇಹ ಅತಿರಿಕ್ತವಾದ ಆತ್ಮನನ್ನು ನೋಡಿದವರು ಅಪರೂಪ.
ಹೇಳುವವರು ಅಪರೂಪ.
ಕೇಳು ಅವರು ಅಪರೂಪ.
ಆಗ್ಲಿ ಒಬ್ಬ ನೋಡಿದ ಒಬ್ಬ ಹೇಳಿದ ಮತ್ತೊಬ್ಬ ಕೇಳಿದ ಅಂದ್ರು ಕೂಡ ಶುತ್ವಾ ಪೇನಂ ವೇದ ನಚೈವ ಕಶ್ಚಿತ್.
ಅವನನ್ನ ಕಿವಿ ತುಂಬಾ ಒಂದು ಗಂಟೆ ಜೀವ ಇದ್ದಾನೆ ಅಂತ ಖಾತ್ರಿ ನಿರ್ಧಾರಾತ್ಮಕವಾಗಿ ಹೇಳಿದ ಮಾತನ್ನು ಕೇಳಿಯೂ ಕೂಡ
ಮನೆಗೆ ಹೋದಮೇಲೆ ಮನೆಯಿಂದ ಹೊರಡುವಾಗ ಹೇಗಿದ್ದನೋ ಹಾಗೆ ಅವನು.",2236,2945,,,104
kn_kannada_12_0004,kannada_12,kn,Dvaita,4,"ನಾನು ದೇಹಕ್ಕಿಂತ ಬೇರೆ ಒಬ್ಬ ನಾನಿದ್ದೇನೋ ಅಂತ ಮತ್ತೆ ಆ ಸಂಶಯದಲ್ಲೇ ಮುಗಿತು.
ಶುತ್ವಾಪಿ ಏನಂ
ಏನಂ
ದೇಹದ ಒಳಗಡೆ ದೇಹಕ್ಕಿಂತ ಭಿನ್ನನಾಗಿ ಒಬ್ಬ ಜೀವ ಇದ್ದಾನೆ ಅಂತ ಅನ್ನೋದನ್ನ ಕೇಳಿದ್ರು ಶ್ರುತ್ವಾಪಿ ಕೇಳಿಯು ನಕಶ್ಚಿತ್ ವೇದ ಅದವನ್ನ ಮನವರಿಕೆ ಮಾಡಿಕೊಂಡವರು ನಕಶ್ಚಿತ್ ಬಹಳ ಅಪರೂಪ ಹೀಗೆ ಇದನ್ನು ಹೇಳುವವರು ಕೇಳುವವರು ಮತ್ತೆ ನೋಡುವವರು ಅಪರೂಪ ಹೇಳುವವರಿದ್ದರೂ ಕೇಳಿದವನು ನಾನಿದ್ದೇ ಇದ್ದೇನೆ ಅಮರ ಶಾಶ್ವತ ಅಂತ ಆತ್ಮನ ಬಗ್ಗೆ ನಿರ್ಧಾರಾತ್ಮಕವಾಗಿ ತಿಳಿದುಕೊಳ್ಳುವವರು ಮತ್ತಷ್ಟು ಅಪರೂಪ ಶುತ್ವಾಪಿ ಏನಂ ವೇದ ನಚೈವ ಕಶ್ಚಿತ್ ತುಂಬಾ ಮುಖ್ಯವಾದ ಮಾತು. ಭಗವದ್ಗೀತೆ ಮಹಾಭಾರತದ ಯುದ್ಧದ ಆರಂಭದಲ್ಲಿ ಆಗಿರೋದು. ಅರ್ಜುನ ಬಂಧು ಮರಣಕ್ಕಾಗಿ ದುಃಖಪಟ್ಟು ಕರ್ತವ್ಯ ವಿಮುಖನಾದ. ಕೃಷ್ಣ ಮರಣದ ಸ್ವಭಾವವನ್ನ ಬಿಚ್ಚಿಟ್ಟು ನೀನು ದುಃಖಿಸಬಾರದು ನಿನ್ನ ಕರ್ತವ್ಯ ಅಂತ ಅನ್ನೋ ದೃಷ್ಟಿಯಿಂದ ಭಗವತ್ ಪ್ರೀತಿಗಾಗಿ. ಆಗಿ ನಿನ್ನ ಕರ್ತವ್ಯದಲ್ಲಿ ನೀನು ತೊಡಗು ಅಂತ
ಅವನಿಗೆ ಉಪದೇಶ ಮಾಡಿದ.
ಅರ್ಜುನಕ್ಕೆ ಆವಾಗ ಖಾತ್ರಿಯಾಯಿತು. ಹೌದು ಇದು ಯುದ್ಧ ದೊಡ್ಡ ಧರ್ಮ ನಾನು ಮಾಡಲೇಬೇಕು ಅಂತ ಸ್ಥಿತೋಸ್ಮಿ ಗತ ಸಂದೇಹ ಕರಿಷ್ಯೆ ವಚನಂ ತವಾ
ನಿನ್ನ ಮಾತನ್ನು ನಡೆಸಿಕೊಡ್ತೇನೆ ಶ್ರೀಕೃಷ್ಣ ಅಂತ ಎದ್ದು ನಿಂತ.",2946,3816,,,118
kn_kannada_12_0005,kannada_12,kn,Dvaita,5,"ಆದರೆ ದ್ರೋಣ ಪರ್ವದಲ್ಲಿ ಅಭಿಮನ್ಯು ಸತ್ತಾಗ ಮತ್ತೆ ಅರ್ಜುನ ನಮ್ಮಂತೆ ಅತ್ತಿದ್ದೆ ಅತ್ತಿದ್ದು. ಗೀತೆಯನ್ನ ಕೃಷ್ಣನ ಬಾಯಿಯಿಂದ ಕೇಳಿಸಿಕೊಂಡವ ಆತ್ಮ ಅಮರ ದೇಹ ಹೋದರೆ ಮತ್ತೊಂದು ಬರುತ್ತೆ ಅಂತ. ಇಷ್ಟು ತತ್ವಜ್ಞಾನವನ್ನ ಗಣಿಸಿ ಸ್ಥಿತೋಸ್ಮಿ ಗತಸಂದೇಹಃ ಅಂತ ಭರವಸೆ ಕೊಟ್ಟ ಅರ್ಜುನ ತನ್ನ ಮಗ ಅಭಿಮನ್ಯು ಸತ್ತಾಗ ಓ ಅಂತ ದುಃಖಕ್ಕೆ ಒಳಗಾದ. ಇದು ಶುತ್ವಾಪ್ಯೇನಂ ವೇದ ನಚೈವ ಕಶ್ಚಿತ್ ಕೃಷ್ಣನಿಂದ ದೇಹಕ್ಕಿಂತ ಅತಿರಿಕ್ತ ನಾ ಆದ ಒಬ್ಬ ಆತ್ಮ ಇದ್ದಾನೆ ಅವನಿಗೆ ಹುಟ್ಟು ಸಾವುಗಳಿಲ್ಲ ದೇಹ ಬಂದು ಹೋಗುವಂತದ್ದು ಅದಕ್ಕೆ ವ್ಯಥೆ ಪಡಬೇಡ ಅಂತ ಕೃಷ್ಣನಿಂದ ಶುತ್ವಾಪಿ ಅರ್ಜುನ ಅತ್ತ ಅಲ್ಲಿಗೆ ಕೇಳಿದ ಅದು ದಾರ್ಢ್ಯಕ್ಕೆ ಮನಸ್ಸಿಗೆ ಅಂಟಿಲ್ಲ ಅರ್ಜುನನ ಸ್ಥಿತಿಯೇ ಹೀಗಾದ ಮೇಲೆ ಇನ್ ನಮ್ಮ ನಿಮ್ಮ ಸ್ಥಿತಿ ಹೇಗಾಗಿರಬಹುದು ಯೋಚನೆ ಮಾಡ್ರಿ. 
ಇದನ್ನ ಕೃಷ್ಣ ಇಲ್ಲಿ ಹೇಳಿದ. 
ನಾವು ಬಹಳಷ್ಟು ಅಧ್ಯಾತ್ಮದ ಬಗ್ಗೆ ದೇವರ ಬಗ್ಗೆ ಸತ್ಕರ್ಮಾಚರಣೆಗಳ ಬಗ್ಗೆ ಕೇಳುತ್ತೇವೆ. 
ಉಪನ್ಯಾಸಗಳನ್ನು ಮತ್ತೊಂದೋ ಇನ್ನೊಂದೋ ಮಾಧ್ಯಮಗಳ ಮೂಲಕವೋ ನೇರವಾಗಿಯೂ ಕೇಳುತ್ತೇವೆ.",3817,4570,,,102
kn_kannada_12_0006,kannada_12,kn,Dvaita,6,"ಆದರೆ ಮನಸ್ಸಿನ ಒಳಗಡೆ ಇಳಿಬೇಕು ಅದು. ಆವಾಗ ಶ್ರವಣವು ಸಾರ್ಥಕವಾಗುತ್ತದೆ.
ಶುತ್ವಾಪಿ ಏನಂ ವೇದ ನಚೈವ ಕಶ್ಚಿತ್ ಅಂತಾದರೆ ಆ ಶ್ರವಣ ಪೂರ್ಣ ಸಫಲವಾಗಿಲ್ಲ ಅಂತ ಅರ್ಥ.
ಆದರೆ ಅಷ್ಟು ಮಾತ್ರದಿಂದ ಆ ಶ್ರವಣವನ್ನು ಬಿಡಬಾರದು.
ಕೇಳಿ ಕೇಳಿ ಕೇಳಿ ಕೇಳಿ ಆ ಮನಸ್ಸಿನಲ್ಲಿ ಒಂದಲ್ಲ ಒಂದು ದಿವಸ ಸಂಸ್ಕಾರವು ದೃಢವಾಗುತ್ತದೆ ಕೇಳಿದಂತೆ ಮೆತ್ತಿಗೆ ಮೆತ್ತಿಗೆ ಮೆತ್ತಿಗೆ ಮೆತ್ತಿಗೆ ಸಂಸ್ಕಾರ ಮೂಡ್ತಾ ಇರುತ್ತೆ.
ಈ ಒಂದು ಘಟನೆ ಜ್ಞಾಪಿಸಿಕೊಳ್ಳಿ.
ಹಿಂದಿನ ಕಾಲದಲ್ಲಿ ಭಾವಿಗೆ ಈ ಸೇದುವ ರಾಟೆಯ ಬದಿಯಲ್ಲಿ ಎದುರುಗಡೆ ಒಂದು ಕಲ್ಲು ಹಚ್ಚುತ್ತಿದ್ದರು.
ನಾವು ಬಿಂದಿಗೆಯನ್ನ ಅದರ ಮೇಲೆ ಇಟ್ಟು ಅದಕ್ಕೆ ಹಗ್ಗ ಜೋಡಿಸಿ ಕೆಳಗಡೆ ಇಳಿಸೋದು.
ಗಟ್ಟಿಯಾದ ಕಲ್ಲು ಅದು. ಆದರೆ
ಬಿಂದಿಗೆ ಇಡುವ ಜಾಗದಲ್ಲಿ ಅಲ್ಲೊಂದು ಗುಳಿಯಾಗಿರುತ್ತದೆ.
ಯಾಕೆ?
ಬಿಂದಿಗೆ ಇಟ್ಟು ಇಟ್ಟು ಇಟ್ಟು ನೂರಿನಷ್ಟು ಜನ ಕಲ್ಲು ಸವಿಯುತ್ತದೆ.
ಗಟ್ಟಿಯಾದ ಕಲ್ಲು ಬಿಂದಿಗೆಯಿಂದ ಒಂದಲ್ಲ ಒಂದು ದಿವಸ ಹತ್ತಾರು ವರ್ಷಗಳಲ್ಲಿ ತಾನು ಸವೆದು ಅಲ್ಲೊಂದು ಹೊಂಡ ಆಗ್ತದೆ ಅಂದ್ರೆ ನಮ್ಮ ಮನಸ್ಸು ಇಂತಹ ಒಳ್ಳೆ ವಿಚಾರಗಳನ್ನ ಕೇಳಿ ಕೇಳಿ ಕೇಳಿ ಅದರಲ್ಲೂ ಒಂದು ಸಂಸ್ಕಾರ ಮೂಡುತ್ತದೆ.",4572,5389,,,114
kn_kannada_12_0007,kannada_12,kn,Dvaita,7,"ಒಂದು ದಿವಸ ಇದು ಹೌದು ಅಂತ ನಮ್ಮ ಮನಸ್ಸಿಗೆ ಖಾತ್ರಿಯಾಗುತ್ತದೆ. ಆದ್ದರಿಂದ ಶುತ್ವಾಪಿ ಏನಂ ವೇದ ನಚೈವ ಕಶ್ಚಿತ್. ಹೇಳಿದ್ರು ಮನವರಿಕೆ ಮಾಡಿಕೊಂಡು ಇದ ಮಿತ್ತಂತ ನಿರ್ಧಾರಕ್ಕೆ ಬರುವವರು ಬಹಳ ಅಪರೂಪ ಅಂದ. ಹೀಗಾಗಿ ಕೃಷ್ಣ ಆತ್ಮನ ಬಗ್ಗೆ ಏನು ತತ್ವವನ್ನು ಹೇಳಿದನೋ ಇದನ್ನ ಸಾಧ್ಯವಾದಷ್ಟು ದಿನಾ ಇದನ್ನ ಯೋಚನೆ ಮಾಡಿ ಮಾಡಿ ಮಾಡಿ ದೇಹವೇ ನಾನಲ್ಲ ದೇಹದ ಒಳಗೆ ನಾನು ನನಗೆ ಉಪ್ಪು ಸಾಗುತ್ತೆ. ಇಲ್ಲ ನಮ್ಮ ಕರ್ಮಕ್ಕೆ ಅನುಗುಣವಾಗಿ ಬೇರೆ ಬೇರೆ ದೇಹಕ್ಕೆ ಬರೋದು ಸಹಜ ಅನ್ನೋದನ್ನ ಮನವರಿಕೆ ಮಾಡಿಕೊಡಬೇಕು ಆವಾಗ ಪ್ರಪಂಚಕ್ಕೆ ನಾವು ತರೆ ಬಾಗೋದಿಲ್ಲ. ಮತ್ತೊಮ್ಮೆ ಸ್ಟೋಕ ಆಶ್ಚರ್ಯವತ್ಪಶ್ಯತಿ ಕಶ್ಚಿತೇನಂ ಆಶ್ಚರ್ಯವದ್ವದತಿ ತಥೈವಚಾನ್ಯಃ ಆಶ್ಚರ್ಯ ಯಾವಚ್ಚೈನವನ್ಯ ಶ್ರುಣೋತಿ
ಶುತ್ವಾಪ್ಯೇನಂ ವೇದನಚೈವ ಕಶ್ಚಿತ್
ಮೂವತ್ತನೆಯ ಶ್ಲೋಕ
ದೇಹಿ ನಿತ್ಯಮವದ್ಯೋಯಂ ದೇಹೇ ಸರ್ವಸ್ಯ ಭಾರತ
ತಸ್ಮಾತ್ ಸರ್ವಾಣಿ ಭೂತಾನಿ ನತ್ವಂ ಶೋಚಿತುಮರ್ಹಸಿ
ಪದ ವಿಭಾಗ ದೇಹಿ ನಿತ್ಯಂ ಅವಧ್ಯಃ ಅಯಂ ದೇಹೇ ಸರ್ವಸ್ಯ ಭಾರತ ತಸ್ಮಾತ್ ಸರ್ವ ವಾಣಿ
ಭೂತಾನಿ
ನ ತ್ವಂ ಶೋಚಿತುಂ ಅರ್ಹಸಿ.",5390,6148,,,105
kn_kannada_12_0008,kannada_12,kn,Dvaita,8,"ಮತ್ತೆ ಆತ್ಮನ ಅಮರತ್ವವನ್ನು ಶ್ರೀಕೃಷ್ಣ ಇಲ್ಲಿ ದೃಢ ಮಾಡುತ್ತಾನೆ.
ಕೇಳಿ ಕೇಳಿ ಸಂಸ್ಕಾರ ಹತ್ತಲಿ ಅಂತ ನಮಗೆ.
ಅಯಂ ದೇಹಿ
ಸರ್ವಸ್ಯ ದೇಹಿ ದೇಹಿ
ನಿತ್ಯಂ ಅವಧ್ಯಃ
ಅಯಂ ದೇಹಿ
ನಿನಗೇನು ನಾನು ನಾನು ನಾನು ಅಂತ ಸಂವೇದನೆಗೆ
ಈ ದೇಹದ ಒಳಗಡೆ ಇರುವ ಒಬ್ಬ ಆತ್ಮನ ಅನುಭೂತಿ ಬರ್ತಾ ಇದೆಯೋ
ಅಯಂ ದೇಹಿ
ಈ ದೇಹವನ್ನು ಮನೆ ಮಾಡಿರುವ ಒಬ್ಬ ಆತ್ಮ ಸರ್ವಸ್ಯ ದೇಹೇ
ನಾನು ನೀನು ಅಂತಲ್ಲ
ಎಲ್ಲರ ದೇಹದ ಒಳಗೂ ನಿತ್ಯಂ ಯಾವಾಗಲೂ ಅವಧ್ಯಃ
ಸಾವಿಲ್ಲದವ ವಧ್ಯ ಅಂದ್ರೆ ಸಾವಿರುವ ವಸ್ತು
ಅವಧ್ಯ ಅಂದ್ರೆ ಕೊಲ್ಲಲು ಅಸಾಧ್ಯವಾದದ್ದು ಅಂತ ಅರ್ಥ.
ಸಕಲ ದೇಹಗಳ ಹೊರಗೆ ಇರುವ ಒಬ್ಬ ದೇಹಿ ಆ ದೇಹದ ಯಜಮಾನ ಗೃಹಿ ಅಂದ್ರೆ ಮನೆಯ ಯಜಮಾನ.
ದೇಹಿ ಅಂದ್ರೆ ದೇಹದ ಒಡೆಯ.
ಈ ದೇಹವನ್ನ ಮನೆ ಮಾಡಿಕೊಂಡಿರುವ ಆ ಆತ್ಮ ಅವನು ನಿನ್ನು ಮಾತ್ರ ಅಲ್ಲ ಅವಧ್ಯಹ ಸರ್ವಸ್ಯ ದೇಹಿ ಎಲ್ಲರ ದೇಹದ ಒಳಗಡೆ ಇರುವ ಆ ಆತ್ಮ
ಅವನನ್ನು ಯಾರಿಗೂ ಕೊಲ್ಲಕ್ಕಾಗುವುದಿಲ್ಲ ಅವಧ್ಯಃ
ತಸ್ಮಾತ್ ಆದ್ದರಿಂದ
ಭಾರತ ಅರ್ಜುನನೇ ಸರ್ವಾಣಿ ಭೂತಾನಿ ತ್ವಂ ಶೋಚಿತುಂ ನರ್ಹಸಿ
ಯಾವ ಪ್ರಾಣಿಗಳ ಬಗ್ಗೆಯೂ ನೀನು ದುಃಖ ಪಡುವ ಅಗತ್ಯ ಇಲ್ಲ.",6149,6918,,,124
kn_kannada_12_0009,kannada_12,kn,Dvaita,9,"ಯಾಕೆ? ಮನುಷ್ಯ ಮಾತ್ರ ಅಲ್ಲ. ಪ್ರಾಣಿ, ಪಶು, ಪಕ್ಷಿಗಳ ಒಳಗಡೆ ಇರುವ ಆತ್ಮವು ಅಜರ ಅಮರ. ಆದ್ದರಿಂದ ಆತ್ಮನು ನಾಶವಾಗುತ್ತದೆ ಅನ್ನೋ ಕಾರಣಕ್ಕೋಸ್ಕರ ನೀನು ಯಾವುದೇ ವ್ಯಕ್ತಿಯ ಬಗ್ಗೆ ಬರೇ ಮನುಷ್ಯರಲ್ಲ ನಿನ್ನ ಬಂಧುಗಳಿಗೆ ಗಳಲ್ಲ ಪ್ರಾಣಿ, ಪಶಿ, ಪಕ್ಷಿ, ಕ್ರಿಮಿ, ಕೀಟಗಳ ಬಗ್ಗೆಯೂ ಕೂಡ ಅವುಗಳ ಒಳಗಡೆ ಇರುವ ಆತ್ಮನಿಗೆ ನಾಶವಾಗುತ್ತದೆ ಅವನು ವಧ್ಯ ಅನ್ನೋ ವಿಷಯದಲ್ಲಿ ನೀನು ದುಃಖ ಪಡುವ ಅಗತ್ಯ ಇಲ್ಲ. ದೇಹ ನಾಶವಾಗುತ್ತದೆ ಹೊರತು ಆತ್ಮನಿಗೆ ನಾಶ ಇಲ್ಲ. ಆದ್ದರಿಂದ ನಿನ್ನ ಎದುರುಗಡೆ ಇರುವ ಸೇರಿರುವ ಶತ್ರು ಶತ್ರುಗಳು
ನಾಶ ಆಗ್ತಾರೆ ಅಂತ ಸೀಮಿತ ಪ್ರಪಂಚಕ್ಕೆ ನಿನ್ನ ದುಃಖ. 
ನಾನು ಹೇಳ್ತೇನೆ ಅರ್ಜುನ ಈ ನಿನ್ನ ಎದುರುಗಡೆ ಇರುವ ಕೆಲವು ಅಕ್ಷೌಹಿಣಿಗಳು ಅಲ್ಲ ಇಡೀ ಈ ಪ್ರಪಂಚದಾದ್ಯಂತ ತುಂಬಿಕೊಂಡ ಯಾವುದೇ ಪ್ರಾಣಿಗಳು ಅದರ ಒಳಗಡೆ ಇರುವ ಜೀವಿ ಅದು ನಿನ್ನಿಂದ ಕೊಲ್ಲೋಕೆ ಸಾಧ್ಯವಿಲ್ಲ ಯಾರು ಅದನ್ನ ವಶಿಸಲಾರರು. ಆದ್ದರಿಂದ ನತ್ವಂ ಶೋಚಿತುಂ ಅರ್ಹಸಿ. 
ಆತ್ಮನಾಶದ ಬಗ್ಗೆ ನೀನು ದುಃಖ ಪಡುವ ಅಗತ್ಯ ಇಲ್ಲ.",6919,7644,,,105
kn_kannada_12_0010,kannada_12,kn,Dvaita,10,"ಇದನ್ನ ಸ್ವಭಾವ ಒಂದು ನಾಶ ಇಲ್ಲದೆ ಇರೋದು ಅವನ ಸ್ವಭಾವ ಅನ್ನೋದನ್ನ ಶ್ರೀಕೃಷ್ಣ ಇಲ್ಲಿ ಮತ್ತೆ ಹೇಳಿದ್ದಾನೆ. 
ಮತ್ತೊಮ್ಮೆ ಶ್ಲೋಕ ದೇಹಿ ನಿತ್ಯಮವದ್ಯೋಯಂ ದೇಹೇ ಸರ್ವಸ್ಯ ಭಾರತ ತಸ್ಮಾತ್ ಸರ್ವಾಣಿ ಭೂತಾನಿ ನತ್ವಂ ಶೋಚಿತುಮರ್ಹಸಿ
ಇದುವರೆಗೆ ಶ್ರೀಕೃಷ್ಣ ಅರ್ಜುನನ ದುಃಖಕ್ಕೆ ಪರಿಹಾರವಾಗಿ ಆತ್ಮ ನಿತ್ಯ ದೇಹ ಅದು ನಶ್ವರ. ಮರಣ ಪ್ರತಿಯೊಂದು ಜೀವಿಗೂ ಅನಿವಾರ್ಯ. ಅದಕ್ಕೆ ದುಃಖ ಪಡಬೇಡ ಅಂತ ಇಷ್ಟು ಹೇಳಿದ. ರಾಯರ ಮಾತು ಕೇಳಿ ಯದುಕ್ತಂ ಪ್ರಾಕ್ ವೇಪತುಶ್ಚ ಶರೀರೇಮೆ ರೋಮಹರ್ಷಶ್ಚ ಜಾಯತೆ ಇತಿ ತತ್ರಾಹ. ಶ್ರೀಕೃಷ್ಣನ ಮುಂದೆ ಅರ್ಜುನ ಹೇಳುವಾಗ ನನ್ನ ಶರೀರ ನಗುತಾ ಇದೆ. 
ರೋಮ ನನ್ನ ಮೈಯಲ್ಲಿರುವ ರೋಮಗಳು ಸೆಟೆದು ನಿಂತಿವೆ. 
ಗಾಂಡೀವಂ ಶ್ರಮ್ಸತೆ ಹಸ್ತಾತ್ ಅಂತ ಮೈಯಲ್ಲಿ ಒಂದು ರೀತಿಯ ನಡುಕವನ್ನು ಅಶಕ್ತಿಯನ್ನು ತೋಡಿಕೊಂಡಿದ್ದ. ಅದಕ್ಕೆ ಶ್ರೀಕೃಷ್ಣ ಮುಂದೆ ಪರಿಹಾರವನ್ನು ಹೇಳುತ್ತಾನೆ. 31ನೆಯ ಶ್ಲೋಕ ಸ್ವಧರ್ಮಮಪಿಚಾವೇಕ್ಷ್ಯ ನವಿಕಂಪಿತುಮರ್ಹಸಿ ಧರ್ಮ್ಯಾದ್ಧಿ ಯುದ್ಧಾತ್ಶೇಯೋನ್ಯತ್ ಕ್ಷತ್ರಿಯಸ್ಯ ನವಿದ್ಯತೆ. ಪದ ವಿಭಾಗ ಸ್ವಧರ್ಮಂ ಆಪಿ ಚ ಅವೇಕ್ಷ ನ ವಿಕಂಪಿತುಂ ಅರ್ಹಸಿ ಧರ್ಮ್ಯಾತ್ ಶಿ ಧರ್ಮ್ಯಾತ್ ಶಿ ಅನ್ನೋಲ್ಲಿ ಎರಡು ಪದ ಇದೆ ಧರ್ಮ್ಯಾತ್ ಶಿ ಯುದ್ಧಾತ್
ಕ್ಷೇಯಃ
ಅನ್ಯತ್
ಕ್ಷತ್ರಿಯಸ್ಯ
ನ ವಿದ್ಯತೆ
ಅರ್ಜುನ
ನಿನ್ನ ದೇಹದ ದೌರ್ಬಲ್ಯದ ಬಗ್ಗೆ ಹೇಳಿಕೊಂಡಿದ್ದಿ ನೀನು.",7646,8586,,,125
kn_kannada_12_0011,kannada_12,kn,Dvaita,11,"ಆದರೆ
ಈ ಯುದ್ಧವನ್ನು ಮಾಡು ಅಂತ ನಾನು ನಿನಗೆ ಹೇಳ್ತಿರೋದು ಆತ್ಮಾಮರ ದೇಹ ನಶ್ವರ ನೀನು ಯುದ್ಧದಲ್ಲಿ ತೊಡಗು ಅಂತ ಹೇಳ್ತಿರೋದು ನಿನ್ನ ಶತ್ರುಗಳನ್ನು ಕೊಲ್ಲು ಅಂತ ಆಗ್ಲಿ ಅಥವಾ ನನಗೆ ಆಗದವರು ತುಂಬಾ ಜನ ಇದ್ದಾರೆ ಅವರನ್ನೆಲ್ಲ ಒಂದು ಸತಿ ಮುಗಿಸಿಬಿಡು ಅಂತ ಆಗ್ಲಿ ನಿನ್ನ ನನ್ನ ಸ್ವಾರ್ಥಕ್ಕೋಸ್ಕರ ಹೇಳ್ತಾ ಇಲ್ಲ ನೀನೊಬ್ಬ ಕ್ಷತ್ರಿಯ ನಿನ್ನ ಧರ್ಮದ ಬಗ್ಗೆ ಯೋಚನೆ ಮಾಡು.
ಸ್ವಧರ್ಮಮಪಿಚ ಅಪೇಕ್ಷಾ.
ಕ್ಷತ್ರಿಯನಾದ ನಿನ್ನ ಕರ್ತವ್ಯದ ಬಗ್ಗೆ ಒಂದು ಸತಿ ಪರಿಯಾಲೋಚನೆ ಮಾಡು.
ಸ್ವಧರ್ಮಂ ಅಪೇಕ್ಷಾ.
ನ ವಿಕಂಪಿತು ಮರ್ಹಸಿ.
ನೀನು ದೇಹದಲ್ಲಿ ಏನು ವಿಕಾರಗಳು ಆಗ್ತಾ ಇದ್ದಾವೆ. ನಡುಗುತ್ತಾ ಇದೆ
ಬೆವರುತ್ತಾ ಇದೆ ಅಂತ ಹೇಳಿದ್ಯೋ ಈ ದೇಹದ ಕಂಪನೆ ವಿಕಾರಗಳಿಗೆ ನ ಅರ್ಹಸಿ
ನೀನು ಯಾರನ್ನೋ ಕೊಲೆ ಮಾಡೋಕ್ಕೋಸ್ಕರ ನಿಂತಿದ್ದೇನೆ ಅಂತ ಭಾವಿಸಿಕೊಂಡು
ಮೈ ಬೆವತು ನಡುಗುಬೇಡ ಇದು ನಿನ್ನ ಧರ್ಮ
ನಿನ್ನ ಧರ್ಮಾಚರಣೆಗೆ ನೀನು ತೊಡಗುವಾಗ ನೀನು ಹೆದರಿ ನಡಗಬೇಕು ಅರ್ಜುನ
ಮೈ ಬೆವರಬೇಕು
ಒಬ್ಬ ನಿಷ್ಠಾವಂತ ಬ್ರಾಹ್ಮಣನಿಗೆ
ಸ್ನಾನ ಮಾಡಿ ಜಪ ಪೂಜೆ ಸಂಧ್ಯಾವಂದನೆಗಳು ಅವನಿಗೆ ವಿಹಿತ ಕರ್ಮ
ಅದನ್ನು ಮಾಡುವಾಗ
ಅವನು ಮೈಯೆಲ್ಲಾ ಬೆವತು
ಹೆದರಬೇಕು
ಒಬ್ಬ ನಿ ನ್ಯಾಯಾಧೀಶನಿಗೆ
ಸಾಕ್ಷಿಗಳ ಆಧಾರದಿಂದ ಅವನ ಎದುರುಗಡೆ ಇರುವ ಅಪರಾಧಿಗೆ ಶಿಕ್ಷೆ ಕೊಡುವುದು ಅವನ ಧರ್ಮ.",8587,9498,,,131
kn_kannada_12_0012,kannada_12,kn,Dvaita,12,"ಅಯ್ಯೋ ಜೀವಾವಧಿ ಶಿಕ್ಷೆ ನೀಡಿದ್ದೇನೆ ಅಂತ ಅವನು ಮೈ ನಡಗಬೇಕು
ಅವನ ಧರ್ಮದ ಬಗ್ಗೆ ಅವನ ಕರ್ತವ್ಯದ ಬಗ್ಗೆ ಅವನು ಯೋಚಿಸಿ ತನ್ನ ದೇಹದ ದೌರ್ಬಲ್ಯವನ್ನು ಗೆಲ್ಲಬೇಕು.
ಅವರವರು ಅವರವರ ಕರ್ತವ್ಯವನ್ನ ನಿಷ್ಠೆಯಿಂದ ನೆರವೇರಿಸಿದಾಗ
ಅದರಿಂದ ಯಾವುದೇ ತೊಂದರೆಗೆ ಬಂದರೂ ಅದನ್ನ ಸಹಿಸಿಕೊಂಡು ಕರ್ತವ್ಯದಲ್ಲಿ ಮುನ್ನುಗ್ಗಬೇಕೆ ಹೊರತು ಅದಕ್ಕಾಗಿ ದೈಹಿಕ ವಿಕಾರಗಳನ್ನು ಹೊಂದಿ ಅದನ್ನು ನೆಪವಾಗಿ ಇಟ್ಟುಕೊಂಡು ಕರ್ತವ್ಯ ದಿಂದ ಹಿಂಜರಿಬಾರ್ದು. 
ಸ್ವಧರ್ಮಮಾಪಿಚ ಅವೇಕ್ಷಾ ನವಿಕಂಪಿತುಂ ಅರ್ಹಸಿ ಅರ್ಜುನ ನಿನ್ನ ಕರ್ತವ್ಯದ ಬಗ್ಗೆ ಒಂದು ಸತಿ ದೃಷ್ಟಿಯನ್ನಿಡು ನಿನ್ನ ದೇಹದ ದೌರ್ಬಲ್ಯಗಳನ್ನು ಗೆಲ್ಲು. 
ಏನು ನನ್ನ ಕರ್ತವ್ಯ ಧರ್ಮ್ಯಾಜ್ಜಿ ಯುದ್ಧಾತ್ ಕ್ಷೇಯಃ ಅನ್ಯತ್ ಕ್ಷತ್ರಿಯಸ್ಯ ನವಿದ್ಯತೆ
ಯುದ್ಧಕ್ಕಿಂತ ಶ್ರೇಯಸ್ಕರವಾದ ಒಂದು ಧರ್ಮ ಕ್ಷತ್ರಿಯನಿಗೆ ಮತ್ತೊಂದಿಲ್ಲ
ಕ್ಷತ್ರಿಯನಾದವನಿಗೆ ಯುದ್ಧವು ಧರ್ಮ್ಯ ಅಂದ್ರೆ ಅವನ ಧರ್ಮಕ್ಕೆ ಬೇಕಾದದ್ದು ಅವನು ಮಾಡಬೇಕಾದ ಅನಿವಾರ್ಯ ಕರ್ತವ್ಯ.
ನಮ್ಮ ಪ್ರಾಚೀನ ಭಾರತದಲ್ಲಿ
ಶತ್ರುಗಳ ಸಂಹಾರ ಯುದ್ಧ ಅದೊಂದು ದೊಡ್ಡ ಯಜ್ಞ ಅಂತ ಭಾವಿಸಿದ ಕ್ರಮವನ್ನು ನಾವು ನೋಡ್ತೇವೆ.
ಒಂದು ವೇಳೆ ಆ ವರ್ಷದಲ್ಲಿ ಯುದ್ಧ ಸಿಗಲಿಲ್ಲ ಅಂದ್ರೆ ವಿಜಯದಶಮಿ ಅವತ್ತು ರಾಜ ಊರಿನ ಹೊರಗಡೆ ಹೋಗಿ ಒಂದು ಶಮೀ ವೃಕ್ಷಕ್ಕೆ ಹೊಡೆದು ಒಂದು ಗೆಲ್ಲನ್ನಾದರೂ ತುಂಡರಿಸಬೇಕು ಅಂತ.",9499,10439,,,120
kn_kannada_12_0013,kannada_12,kn,Dvaita,13,"ಇದನ್ನ ತಪ್ಪು ಅರ್ಥ ಮಾಡಿಕೊಳ್ಳಬಾರದು. ಕಾಲು ಕೆರೆದು ಜಗಳಕ್ಕೆ ಹೋಗಿ ಯುದ್ಧ ಮಾಡಿ ಕೃಷ್ಣಾರ್ಪಣ ಅಂತ ಮಾಡಬೇಕು ಅಂತ ಕ್ಷತ್ರಿಯ ವೃತ್ತಿ ಅಲ್ಲ. ಕ್ಷತ್ರಿಯನ ವೃತ್ತಿ. ಯುದ್ಧ ಹೌದು. 
ಯಾರ ಜೊತೆ ಯುದ್ಧ? 
ಅಕ್ಕ ಪಕ್ಕದ ರಾಜ್ಯಗಳಿಗೆ ಸೇನೆಯನ್ನ ನುಗ್ಗಿಸೋದು ಅವರನ್ನು ಕೊಲ್ಲೋದು ಕೃಷ್ಣಾರ್ಪಣ. 
ಇದು ಯುದ್ಧ ಅಲ್ಲ ಧರ್ಮ್ಯ ಯುದ್ಧ. 
ಯಾರು ಅಧರ್ಮದ ಹಾದಿ ತುಳಿದಿದ್ದಾರೋ, ಯಾರು ಸಮಾಜಕ್ಕೆ ಘಾತುಕರಾಗಿ ಬೆಳಿತಾ ಇದ್ದಾರೋ ಅವರನ್ನ ನಿಗ್ರಹಿಸಿ ಸಮಾಜಕ್ಕೆ ಕ್ಷೇಮವನ್ನು ಚಿಂತನೆ ಮಾಡುವ ಯುದ್ಧ ಏನಿದೆಯೋ ಅದು ಧರ್ಮ್ಯ ಯುದ್ಧ.
ಆಚಾರ್ಯರು ಭಗವದ್ಗೀತೆಯ ತಾತ್ಪರ್ಯವನ್ನು ಹೇಳುವಾಗ ಭಗವದ್ ದ್ವಿತ್ ತದನುಬಂಧಿಗಳು ಇವತ್ತು ನಿನ್ನ ಮುಂದೆ ಇರುವವರು ತತ್ವದ್ವೇಷಿಗಳು.
ಭೀಷ್ಮ ದ್ರೋಣಾದಿಗಳು ದೈವದ ಬಗ್ಗೆ ಮಹಾ ಮಹಾನಂಬಿಕೆ ಇರುವ
ಸಾಧಕರು
ಆದರೂ
ದೈವದ ಬಗ್ಗೆ ನಂಬಿಕೆ ಇಲ್ಲದ ನಾಸ್ತಿಕ ಭಾವದ ದುರ್ಯೋಧನನಿಗೆ ಬಿಂಬವಾಗಿ ನಿಂತವರು.
ಅಂದ ಅರ್ಜುನನ ಮುಂದೆ ಇರುವಂತದ್ದು
ಧರ್ಮದ ಬಗ್ಗೆ ಶ್ರದ್ಧೆ ಇಲ್ಲದ ನಾಸ್ತಿಕ್ಯ ಪ್ರಪಂಚದಲ್ಲಿ ಆಸಕ್ತಿ ಇರುವ ಕೇವಲ ಈ ಮನುಷ್ಯ ಜೀವನ
ತಿಂದು ತೇಗಿ
ಸುಖ ಪಡೋದಕ್ಕೆ ಇರೋದು ಅಂತ ಭೌತಿಕ ಭಾವದ ಜನರು ಅವರಿಗೆ ಪ್ರೋತ್ಸಾಹವನ್ನು ಕೊಡುವವರು.",10440,11286,,,115
kn_kannada_12_0014,kannada_12,kn,Dvaita,14,"ಇಂಥವರಿಂದ ತುಂಬಿದೆ.
ಇಂಥವರನ್ನ
ಯುದ್ಧದಲ್ಲಿ ಕೊಲ್ಲೋದು ಧರ್ಮ್ಯ ಇದು ಧರ್ಮ ಯುದ್ಧ.
ಇಂಥ ಯುದ್ಧ ಕ್ಷತ್ರಿಯನಿಗೆ ನಿನಗೆ ಬಹಳ ಅಪರೂಪ ಅಪ್ಪ. ಇದಕ್ಕಿಂತ ದೊಡ್ಡ ಒಂದು ಶ್ರೇಯಸ್ಸು ಕ್ಷತ್ರಿಯನಿಗೆ ಬರೋದಿಲ್ಲ ಅರ್ಜುನ ನಿನಗೆ ಬಂದಿದೆ. ನಾನಿದ್ದೇನೆ. ದೇವ ದೇವ ನನ್ನ ಸಾರಥ್ಯದಲ್ಲಿ ನಿನಗೆ ದೈವ ಕೊಟ್ಟ ಈ ಅವಕಾಶದಿಂದ ವಂಚಿತನಾಗಬೇಡ ದೇಹದ ದೌರ್ಬಲ್ಯವನ್ನ ಮೆಟ್ಟಿ ನಿಲ್ಲು ಧರ್ಮಕ್ಕೆ ಸಿದ್ಧನಾಗು. ಇದು ಕೃಷ್ಣ ಕೊಟ್ಟ ಕರೆ. ಮತ್ತೊಮ್ಮೆ ಶ್ಲೋಕ ಸಧರ್ಮಮಪಿಚಾವೇಕ್ಷ ನವಿಕಂಪಿತುಮರ್ಹಸಿ ಧರ್ಮ್ಯಾಧಿ ಯುದ್ಧಾತ್ಷೇಯೋನ್ಯತ್ ಕ್ಷತ್ರಿಯಸ್ಯ ನವಿದ್ಯತೆ. ಶ್ರೀಕೃಷ್ಣ ಜೀವ ನಿತ್ಯಾನ ಅನ್ನೋದರ ಉಪದೇಶವನ್ನ ಮುಗಿಸಿ ಇದು ಧರ್ಮ ಆದ್ದರಿಂದ ನೀನು ಮಾಡಲೇ ಬೇಕಾದ್ದು ಅಂತ ಇನ್ನೊಂದು ಅಂಶವನ್ನ ಅರ್ಜುನನಿಗೆ ಮನವರಿಕೆ ಮಾಡಿಕೊಟ್ಟ. ಇದನ್ನು ಮಕ್ಕಳಿಗೆ ತಿಳಿ ಹೇಳುವಂತೆ ಶ್ರೀಕೃಷ್ಣ ಮುಂದುವರಿಸುತ್ತಾನೆ. ಮುಂದಿನ ಭಾಗವನ್ನು ಮುಂದೆ ನೋಡೋಣ. ಶ್ರೀಕೃಷ್ಣಾರ್ಪಣ ವಸ್ತು. ಈ ಪ್ರವಚನ ಸೇವೆಯನ್ನ ಮರವೇಕೆರೆ ಶ್ರೀ ಮುರಳೀಧರರಾವ್ ಅವರು ಪ್ರಾಯೋಜಿಸಿದ್ದಾರೆ. ಶ್ರೀಕೃಷ್ಣ ಅವರಿಗೆ ಸಕಲ ಸೌಭಾಗ್ಯಗಳನ್ನು ಕೊಡಲಿ ಅಂತ ಪ್ರಾರ್ಥನೆ ಮಾಡ್ತೀನಿ.",11287,12099,,,100
kn_kannada_12_0015,kannada_12,kn,Dvaita,15,ಶ್ರೀಕೃಷ್ಣಾರ್ಪಣ.,12100,12115,,,1
kn_kannada_13_0000,kannada_13,kn,Dvaita,0,"ಶ್ರೀ ಗುರುಭ್ಯೋ ನಮಃ ಹರಿಃ ಓಂ ಯುದ್ಧದಿಂದ
ಜೀವ ಹಾನಿ ಅನ್ನೋದಕ್ಕೆ ಉತ್ತರವನ್ನು ಕೊಟ್ಟ ಶ್ರೀಕೃಷ್ಣ
ಇದು ಕ್ಷತ್ರಿಯನಾದ ನಿನ್ನ ಧರ್ಮ ಆದ್ದರಿಂದ
ಇದರಲ್ಲಿ ನೀನು ಕರ್ತವ್ಯದ ದೃಷ್ಟಿಯಿಂದ ತೊಡಗಬೇಕು ಅಂತ ಮತ್ತೊಂದು ಅಂಶವನ್ನು ಹೇಳಿ ಅರ್ಜುನನ ನಿರುತ್ಸಾಹವನ್ನ ಕಡಿಮೆಗೊಳಿಸಿದ್ದಾನೆ. ಅದನ್ನ ಮುಂದುವರಿಸುತ್ತಾ ಇದ್ದಾನೆ 32ನೇ ಶ್ಲೋಕದಲ್ಲಿ. ಯದೃಚ್ಛಯಾಚೋಪಪನ್ನಂ ಸ್ವರ್ಗದ್ವಾರಮಪಾವೃತಂ ಸುಖಿನಃ ಕ್ಷತ್ರಿಯಾ ಪಾರ್ಥ ಲಭಂತೇ ಯುದ್ಧಮೀದೃಶಂ ಪದವಿಭಾಗ ಯದೃಚ್ಛಯಾ ಚ ಉಪಪನ್ನಂ ಸ್ವರ್ಗದ್ವಾರಂ ಅಪಾವೃತಂ ಸುಖಿನಃ
ಕ್ಷತ್ರಿಯಾಃ
ಪಾರ್ಥ
ಲಭಂತೇ
ಯುದ್ಧಂ
ಈ ದೃಶಂ
ಈ ಶ್ಲೋಕದಲ್ಲಿ ಕೃಷ್ಣ ಹೇಳುವ ಮುಖ್ಯವಾದ ಒಂದು ಅಂಶ
ಇದು ನಿನ್ನ ಅದೃಷ್ಟದಿಂದ ಬಂದು ಒದಗಿದ
ದಿವ್ಯವಾದ ಸಂದರ್ಭ ಇದನ್ನ ಬಿಟ್ಟುಕೊಡಬೇಡ ಅಂತ. ಯದೃಚ್ಛಯ ಇದಂ ಉಪಪನ್ನಂ. ಯದೃಚ್ಛ ಅನ್ನೋದಕ್ಕೆ ಅಕಸ್ಮಾತ್ ಅಂತ ಅರ್ಥ. ಆದರೆ ರಾಘವೇಂದ್ರ ಸ್ವಾಮಿಗಳು ಒಂದು ಒಳ್ಳೆಯ ಅರ್ಥವನ್ನ ಇದಕ್ಕೆ ಕೊಟ್ಟಿದ್ದಾರೆ. ಯದೃಚ್ಛಾತು ತದಿಚ್ಛಾಸ್ಯಾತ್ ಅಂತ.
ಆಚಾರ್ಯರ ವಿಡಿಯೋದ ಸಂದೇಶ ಇದು.
ಯದೃಚ್ಛೆ ಅಂದ್ರೆ ಆಕಸ್ಮಿಕ ಅಂತ ನಾವು ಹೇಳ್ತೇವೆ.",0,781,,,100
kn_kannada_13_0001,kannada_13,kn,Dvaita,1,"ಆದ್ರೆ ಪ್ರಪಂಚದಲ್ಲಿ ಯಾವುದೇ ಘಟನೆ ಆಕಸ್ಮಿಕ ಅಲ್ಲ.
ಗಾಳಿ ಬಂದಾಗ ಒಂದು ಹುಲ್ಲು ಕಡ್ಡಿ ಅಲ್ಲಾಡಿದ್ರು ಅದು ಆಕಸ್ಮಿಕ ಅಲ್ಲ. ತೇನ ವಿನಾ ತೃಣಮಪಿ ನಚಲತಿ. ಯದೃಚ್ಛ ಅಂದ್ರೆ ಹರೀಚ್ಛೆ ಅಂತ ಅರ್ಥ. ಅಲ್ಲಿಗೆ ಆಕಸ್ಮಿಕ ಅಂದ್ರೆ ನಮ್ಮ ಪ್ರಯತ್ನದಿಂದ ಆಗಿದ್ದಲ್ಲ ಭಗವಂತ ಮನಸ್ಸು ಮಾಡಿ ಈ ಅವಕಾಶವನ್ನು ಕೊಟ್ಟಿದ್ದು ಅಂತ ಅರ್ಥ. ಆಕಸ್ಮಿಕವಾಗಿ ನಾನಲ್ಲಿ ಹೋದೆ ಅವರು ಕಾಣೋಕೆ ಸಿಕ್ಕರು ಅಂತ ಹೇಳ್ತೀವಿ.
ನಿಮ್ಮ ದೃಷ್ಟಿಯಲ್ಲಿ ಆಕಸ್ಮಿಕ ಅಂದ್ರೆ ಅನಿರೀಕ್ಷಿತ ಆದರೆ ಅದು ಭಗವಂತನ ಸಂಕಲ್ಪ.
ಅಲ್ಲಿಗೆ ಯಾವುದೇ ಘಟನೆಗಳು ಪ್ರಪಂಚದಲ್ಲಿ ಕಾರಣ ಇಲ್ಲದೆ ಆಗೋದಿಲ್ಲ ನಿಮ್ಮ ನಿಮ್ಮ ಇಚ್ಛೆಯಿಂದ ಆಗಿಲ್ಲ ಅಂತ ಬೇಕಾದರೆ ಹೇಳಿ ಆದರೆ ಭಗವಂತನ ಇಚ್ಛೆಯಿಂದ ಆಗಿದ್ದಕ್ಕೆ ಆಕಸ್ಮಿತ ಅಂತ ಹೇಳ್ತಾರೆ.
ಅಲ್ಲಿಗೆ ಅರ್ಜುನ ಇದಂ ಯದೃಚ್ಛಯಾ ಉಪಪನ್ನಂ.
ಈ ಮಹಾಭಾರತ ಯುದ್ಧ ನಾವು ಹೇಳುತ್ತೇವೆ ವಿಶ್ವದ ಒಂದು ದೊಡ್ಡ ದುರಂತ ಅಂತ.
ಕೃಷ್ಣ ಹೇಳುತ್ತಾನೆ.
ಇದು ಭಗವಂತನ ಇಚ್ಛೆಯಿಂದ ನಿನಗೆ ಸಿಕ್ಕಿದ ಚಾನ್ಸ್ ಒಂದು ಅವಕಾಶ.",782,1495,,,101
kn_kannada_13_0002,kannada_13,kn,Dvaita,2,"ಯದೃಚ್ಛಯ ಇದಂ ಉಪಪನ್ನಂ ಯಾಕೆ ಸ್ವರ್ಗದ್ವಾರಂ ಅಪಾವೃತಂ.
ಆವೃತ ಅಂದ್ರೆ ಮುಚ್ಚಿದೆ ಅಂತ ಅರ್ಥ.
ಅಪಾವೃತ ಅಂದ್ರೆ ತಿರ್ಕೊಂಡಿದೆ ಅಂತ ಅರ್ಥ. ನಿನಗೆ ಸ್ವರ್ಗದ ಬಾಗಿಲು ತೆರೆದಿದೆ ಅರ್ಜುನ ಸ್ವರ್ಗ ದ್ವಾರಂ ಅಪಾವೃತಂ ಭಗವಂತನ ಇಚ್ಛೆಯಂತೆ ಈ ಕರ್ತವ್ಯವನ್ನ ಧೈರ್ಯದಿಂದ ನೆರವೇರಿಸುವ ಮೂಲಕ ತೆರೆದ ಸ್ವರ್ಗ ಬಾಗಿಲು ನಿನಗೆ ಬಂದಿದೆ ನಿನ್ನ ಪಾಲಿಗೆ ಈ ಕರ್ತವ್ಯ ವ್ಯವನ್ನು ನೀನು ನಿಷ್ಠೆಯಿಂದ ಕ್ಷತ್ರಿಯ ವೃತ್ತಿ ಅಂತ ಮಾಡಿದರೆ ಇದರ ಫಲವಾಗಿ ಸ್ವರ್ಗದ ಸುಖವನ್ನು ನೀನು ಪಡೆಯುವುದು ಸಾಧ್ಯ.
ಆದ್ದರಿಂದ ಖಂಡಿತ ಹಿಂಜರಿಬೇಡ ಜೀವನದಲ್ಲಿ ಮತ್ತೊಮ್ಮೆ ಈ ಅವಕಾಶ ಸಿಗುತ್ತದೆ ಅಂತ ನಿನಗೆ ಎಣಿಸಬೇಡ. 
ಇದು ನನ್ನ ಇಚ್ಛೆಯಿಂದ ನಾನು ನಿನಗೆ ಒದಗಿಸಿಕೊಟ್ಟ ಸಂದರ್ಭ.
ಎದುರು ರಿಚ್ಛಯಾ ಉಪಪನ್ನಂ ಅಪಾವೃತಂ ಸ್ವರ್ಗದ್ವಾರಂ ತೆರೆದ ಸ್ವರ್ಗದ ಬಾಗಿಲು ನಿನಗೆ ನನ್ನ ಇಚ್ಛೆಯಿಂದ ಬಂದು ಒದಗಿದೆ. ಅರ್ಜುನ ಸುಖಿನ ಕ್ಷತ್ರಿಯಾ ಪಾರ್ಥ ಪಾರ್ಥ ಸುಖಿನಃ ಕ್ಷತ್ರಿಯಾಃ ಈ ದೃಶಂ ಯುದ್ಧಂ ಲಭಂತಿ. ಸುಖಿನಹ ಅಂದ್ರೆ ಸುಖವಾಗಿ
ತಿಂಡು ಉಂಡು ಮಲಗಿ ಬೆಳೆದ ಕ್ಷತ್ರಿಯರು ಅಂತ ಅರ್ಥ ಅಲ್ಲ.",1496,2259,,,107
kn_kannada_13_0003,kannada_13,kn,Dvaita,3,"ಸುಖಿನಹ ಅಂದ್ರೆ ಸುಖ ಬರಬೇಕಾದರೆ ನಮಗೊಂದು ಪುಣ್ಯ ಬೇಕು. ದುಃಖ ಬರೋದು ಪಾಪದಿಂದ ಸುಖ ಬರೋದು ಪುಣ್ಯದಿಂದ.
ಅಲ್ಲಿಗೆ ಸುಖಿನಹ ಅಂದ್ರೆ ಪುಣ್ಯವಂತರಾದ ಕ್ಷತ್ರಿಯರು ಈ ದೃಶ್ಯಂ ಯುದ್ಧಂ ಲಭಂತೇ.
ಈ ರೀತಿಯ ಒಂದು ಯುದ್ಧ ಕ್ಷತ್ರಿಯರಿಗೆ ತಮ್ಮ ಜೀವನದಲ್ಲಿ ಬರಬೇಕಾದರೆ ಅವರು ತುಂಬಾ ಪುಣ್ಯ ಮಾಡಿರಬೇಕು.
ಪುಣ್ಯ ಮಾಡಿದ ಕ್ಷತ್ರಿಯರಿಗಷ್ಟೇ ಒದಗಿ ಬರುವ ಈ ಯುದ್ಧದ ಸಂದರ್ಭ ಅರ್ಜುನ ನಿನಗೆ ಬಂದು ಹೋಗಿದೆ ಆದ್ದರಿಂದ ಇದು ನನ್ನ ಇಚ್ಛೆಯಿಂದ ಬಂದಿದೆ. ಇದನ್ನು ಯಾವತ್ತೂ ಹಾಳು ಮಾಡಿಕೊಳ್ಳಬೇಡ, ಹಿಂಜರಿ ಬೇಡ. 
ದೊಡ್ಡ ಅವಕಾಶ ಜೀವನದಲ್ಲಿ ನಿನಗೆ ಬಂದಿದೆ ಇದು. 
ಕ್ಷತ್ರಿಯರಿಗೆ ಯುದ್ಧ ಆ ರಣರಂಗದಲ್ಲಿ ಅವರು ಶತ್ರುಗಳ ಜೊತೆಯಲ್ಲಿ ಹೋರಾಡಿ ವೀರ ಮರಣವನ್ನು ಸೇರುತ್ತಾರೆ ಅಂತ. 
ವೀರ ಮರಣ ಅಂದ್ರೆ
ಈ ಸೂರ್ಯ ಮಂಡಲ ಇದೆಯಲ್ಲ ಇದು ಸ್ವರ್ಗದ ದ್ವಾರ ಸ್ವರ್ಗಕ್ಕೆ ಹೋಗೋ ಒಂದು ಬಾಗಿಲು.
ಆದರೆ ಸೂರ್ಯನ ತಾಪ ಎಷ್ಟು ಅಂತ ನಮಗೆ ಗೊತ್ತು.
ನಾವು ಕೋಟಿಗಟ್ಟಲೆ ಮೈಲು ದೂರದಲ್ಲಿದ್ದರೂ ಬೇಸಿಗೆ ಬಿಸಿಲನ್ನು ನಮಗೆ ತಡ್ಕೊಳ್ಳೋಕೆ ಆಗೋದಿಲ್ಲ.",2260,2996,,,105
kn_kannada_13_0004,kannada_13,kn,Dvaita,4,"ಹೀಗಿರುವಾಗ ಸೂರ್ಯ ಮಂಡಲದ ಒಳಗಡೆ ಹೋಗೋದು ಅಂದ್ರೆ ದೊಡ್ಡ ಸಾಹಸ ಅದು. ಸಾಧ್ಯವೇ ಇಲ್ಲ. 
ನಮ್ಮ ಕಲ್ಪನೆಗೆ ಮೀರಿದ್ದು. 
ಅದು ಇಬ್ಬರಿಗೆ ಅವಕಾಶ ಸಿಗುತ್ತದೆ. 
ಅದರ ಮೂಲಕ ಉತ್ತಮ ಗತಿಯನ್ನು ಪಡೆಯುವುದು. 
ಒಂದು ಸನ್ಯಾಸಿಗಳಿಗೆ, ವಿರಕ್ತರಿಗೆ, ಮತ್ತೊಂದು ಕ್ಷತ್ರಿಯರಿಗೆ. 
ಯುದ್ಧದಲ್ಲಿ ಧರ್ಮಕ್ಕಾಗಿ ಹೋರಾಡಿ ಮಡಿದ ವೀರ ಕ್ಷತ್ರಿಯರು ಸೂರ್ಯನ ದ್ವಾರದಿಂದ ಸ್ವರ್ಗ ಸೇರುತ್ತಾರೆ, ಸದ್ಗತಿಗೆ ಹೋಗ್ತಾರೆ. 
ಆದ್ದರಿಂದ ಅಷ್ಟು ದೊಡ್ಡ ಜೀವನದ ಅವಕಾಶ ಇದು. 
ಒಬ್ಬ ಕ್ಷತ್ರಿಯ ಇಂತಹ ಒಂದು ಯುದ್ಧದ ಅವಕಾಶ ಸಿಗದೆ ರೋಗ ರುಜಿನಗಳಿಂದ ದೇಹಾಂತ್ಯವಾದರೆ ಅದು ದೊಡ್ಡ ದುರಂತ ಅದು. 
ಹೆಚ್ಚಿನ ಕ್ಷತ್ರಿಯರೆಲ್ಲ ಹಾಗೆ ಸಾಯುವವರು. ಅರ್ಜುನ, ನಿನಗೆ ಕ್ಷತ್ರಿಯರಿಗೆ ಹೇಳಿದ ಸಂದರ್ಭ ಬಂದಿದೆ, ಇದರಲ್ಲಿ ಗೆದ್ದರು ಸೋತ್ರು ನಿನಗೆ ಶ್ರೇಯಸ್ಸು ನಿಶ್ಚಿತ. ಆದ್ದರಿಂದ ಹಿಂಜರಿಯದೆ ಹೋರಾಡು. ಮತ್ತೊಮ್ಮೆ ಶ್ಲೋಕ ಯದೃಚ್ಛಯಾಚೋಪಪನ್ನಂ ಸ್ವರ್ಗದ್ವಾರಮಪಾವೃತಂ ಸುಖಿನ ಕ್ಷತ್ರಿಯಾ ಪಾರ್ಥ ಲಭಂತೇ ಯುದ್ಧಮೀ ದೃಶಂ ಈ ದೃಶಂ ಯುದ್ಧಂ ಈ ರೀತಿಯ ಯುದ್ಧ ತುಂಬಾ ಅರ್ಥವತ್ತಾದ ಮಾತು. ಅಯ್ಯೋ ಯುದ್ಧ ಮಾಡಿದ್ರೆ ಕ್ಷತ್ರಿಯರಿಗೆ ಸ್ವರ್ಗ ಸಿಗುತ್ತದೆ ಅನ್ಕೊಂಡು ಅಕ್ಕಪಕ್ಕದ ಊರಿನವರನ್ನೆಲ್ಲ ಯುದ್ಧಕ್ಕೆ ಕರೆದು ಸಂಹಾರ ಮಾಡಿದ್ರೆ ಅದರಿಂದ ಸ್ವರ್ಗ ಸಿಗೋದಿಲ್ಲ.",2997,3898,,,114
kn_kannada_13_0005,kannada_13,kn,Dvaita,5,"ಒಬ್ಬ ದೇಶದ್ರೋಹಿಗಳ ನಿಗ್ರಹ ಏನಿದೆಯೋ ಕ್ಷತ್ರಿಯನಿಗೆ ಸಿಗೋದು ಅದು ಅಪರೂಪ ಅದು ಅವನ ಧರ್ಮ. ಮುಂದಿನ ಶ್ಲೋಕ ಆತಚೇತ್ವಮಿಮಂ ಧರ್ಮ್ಯಂ ಸಂಗ್ರಾಮಂ ನಕರಿಶ್ಯಸಿ ತತಸ್ವಧರ್ಮಂ ಕೀರ್ತಿಂಚ ಹಿತ್ವಾ ಪಾಪ ಭವಾಪ್ಸಿಸಿ
ಅರ್ಜುನ ಈ ಯುದ್ಧದಲ್ಲಿ ತೊಡಗಿದರೆ ನಿನಗೆ ಲಾಭ ಮಾತ್ರ ಅಲ್ಲ ಬಿಟ್ಟರೆ ದೊಡ್ಡ ನಷ್ಟ ಇದೆ ಅಂತ ಹೇಳ್ತಿದ್ದಾನೆ ಶ್ರೀಕೃಷ್ಣ
ಪದವಿ ಭಾಗ ಆಥ ಚೇತ್ ತ್ವಂ ಇಮಂ ಧರ್ಮಿ ಸಂಗ್ರಾಮಂ ನ ಕರಿಶ್ಯಸಿ ತತಃ ಸ್ವಧರ್ಮಂ ಕೀರ್ತಿಂ ಚ ಹಿತ್ವಾ ಪಾಪಂ ಅವಾಪ್ಸ್ಯಸಿ. ಅರ್ಜುನ ಒಂದು ವೇಳೆ ಈ ಯುದ್ಧದಲ್ಲಿ ನೀನೇ ಅನರ್ಥಗಳನ್ನು ಊಹಿ ಮಾಡಿ ಶಂಕರೋ ನರಕಾಯೈವ
ಬೇಡದ
ನೆವಗಳನ್ನು ಹೇಳಿ ಈ ಯುದ್ಧದಿಂದ ಹಿಂಜರಿದರೆ ತ್ವಂ ಇಮಂ ಧರ್ಮಂ ಸಂಗ್ರಾಮಂ ನ ಕರಿಶ್ಯಸಿ ಚೇತ್
ನೀನು ನಿನ್ನ ಕ್ಷತ್ರಿಯ ಧರ್ಮಕ್ಕೆ ಯೋಗ್ಯವಾದ ಈ ಯುದ್ಧವನ್ನು ಸಂಗ್ರಾಮಂ ಯುದ್ಧವನ್ನು ನ ಕರಿಶ್ಯಸಿಚ್ಛೇತ್
ಮಾಡೋದಿಲ್ಲ ಅಂತಾದರೆ
ಎರಡನ್ನ ಕಳೆದುಕೊಳ್ಳುತ್ತಿ ನೀನು
ಹಿತ್ವಾ ಪಾಪಂ ಅವಾಪ್ಸ್ಯಸಿ
ಏನು ಸ್ವಧರ್ಮಂ ಕೀರ್ತಿಂಚ ಹಿತ್ವ
ನಿನಗೆ ಅವ ಅವಕಾಶಕ್ಕೆ ಬಂದು ಒದಗಿದ ಅಪರೂಪವಾದ
ಕ್ಷತ್ರಿಯ ಧರ್ಮವನ್ನ ಕಳೆಕೊಂಡಂತೆ
ಕೀರ್ತಿಂಚ
ನಿನ್ನ ಕೀರ್ತಿಗೂ ಮಸಿ ಬಳೆದುಕೊಳ್ಳುತ್ತೀಯ ನೀನು
ಕೀರ್ತಿಯೂ ನಾಶ ಆಗುತ್ತೆ
ನಿನ್ನ ಧರ್ಮವನ್ನು ನೀನು ಬಿಟ್ಟಂತಾಗುತ್ತೆ
ನಮ್ಮ ಗೃಹಸ್ಥರ ಮನೆಗಳಿಗೆ
ಒಬ್ಬ ಜ್ಞಾನಿ ಧರ್ಮಿಷ್ಠನಾದ ವ್ಯಕ್ತಿ ಬರೋದು
ಅದು ಭಗವತ್ ಸಂಕಲ್ಪ ಅದು.",3899,4860,,,135
kn_kannada_13_0006,kannada_13,kn,Dvaita,6,"ಅವರ  ಶಾಸ್ತ್ರವೇ ಹೇಳುತ್ತದೆ ಕಲಿಕಾಲದಲ್ಲಿ ದೇವರು ದೇವತೆಗಳು
ನಮ್ಮ ಅನುಷ್ಠಾನಕ್ಕೋ ಭಕ್ತಿಗೋ
ಸತ್ಕರ್ಮಕ್ಕೋ ಮೆಚ್ಚಿ ಅವರಾಗಿ ನಮ್ಮ ಮನೆ ಬಾಗಿಲಿಗೆ ಬರೋದಿಲ್ಲ. ನಮ್ಮನ್ನು ಅನುಗ್ರಹಿಸಬೇಕು ಅಂತಿದ್ರೆ ನಮ್ಮ ಸಮಕಾಲದಲ್ಲಿ ಇರುವ ದೊಡ್ಡ ವ್ಯಕ್ತಿಗಳ ಮನಸ್ಸಿಗೆ ಪ್ರೇರಣೆ ಮಾಡಿ ನೀನು ಇವತ್ತು ಅವರ ಮನೆಗೆ ಹೋಗು. ಅವರ ಸತ್ಕಾರವನ್ನ ಮಾಡಿ ಆ ಮೂಲಕ ದೇವತೆಗಳು ಅವನಿಗೆ ಅನುಗ್ರಹವನ್ನ ನೀಡುತ್ತಾರೆ. ಆ ವ್ಯಕ್ತಿಯ ಮೂಲಕ ಒಂದು ವೇಳೆ ಅಂತಹ ಮಹಾತ್ಮರು ನಾವು ಕರೆ ಅರಿಯದೆ ನಮ್ಮ ಮನೆ ಬಾಗಿಲಿಗೆ ಬಂದಾಗ ದಡಾರ ಅಂತ ಬಾಗಿಲು ಮುಚ್ಚಿದ್ರೆ
ತಥಸ್ವಧರ್ಮಂ ಕೀರ್ತಿಂಚ ತ್ಯಕ್ತ್ವ
ನಾವು ಮಾಡುವ ಕರ್ತವ್ಯವನ್ನ ಕಳೆದುಕೊಂಡು
ದೊಡ್ಡ ನಷ್ಟಕ್ಕೆ ಒಳಗಾಗ್ತೀವಿ
ಅಷ್ಟೇ ಅಲ್ಲ ಅಪಕೀರ್ತಿ
ಅರ್ಜುನ ದೊಡ್ಡ ವೀರಾಧಿವೀರ ಅಂತ ನಾವು ತಿಳ್ಕೊಂಡ್ವಿ ನೋಡಿದ್ವು ಮಹಾಭಾರತದಲ್ಲಿ ದುರ್ಯೋಧನನ 11 ಅಕ್ಷೌಹಿಣಿ ಸೈನ್ಯವನ್ನು ದ್ರೋಣ ಭೀಷ್ಮಾದಿಗಳಂತ ಮಹಾ ರಥಿಕರನ್ನು ನೋಡಿ ವ್ಯವತು ಓಡಿ ಹೋದ. ಸ್ವಧರ್ಮಂ ಕೀರ್ತಿಂಚ ತ್ಯಕ್ತ್ವ ಅಷ್ಟೇ ಅಲ್ಲ ನೋಡಿ ಬೇಕಾದ್ದನ್ನ ಎರಡು ಕಳೆದುಕೊಂಡಿ ಬೇಡವಾದ ಅದ್ಭುತ ಬಂತು ಪಾಪಂ ಅವಾಪ್ಸ್ಯಸಿ
ಅಂತ ಪುಣ್ಯ ಕೆಲಸವನ್ನ ಮಾಡೋದು ನಿನ್ನ ಕರ್ತವ್ಯವನ್ನ ಬಿಟ್ರೆ ನೀನು ಪಾಪಂ ಅವಾಪ್ಸ್ಯಸಿ
ಒಬ್ಬ ಧಾರ್ಮಿಕನಾದ ಕಟ್ಟುಪಾಡಿನ ವ್ಯಕ್ತಿ ಮುಂಜಾನೆ ಅರುಣೋದಯ ಸೂರ್ಯೋದಯದಲ್ಲಿ ಆ ಸಂದರ್ಭದಲ್ಲಿ
ತಾನು ಮಾಡಬೇಕಾದ ಧಾರ್ಮಿಕ ಅನುಷ್ಠಾನಗಳನ್ನ ಮಾಡದೆ ಬೆಚ್ಚಗೆ ಹೊತ್ತು ಮಲಗಿದರೆ ಸ್ವಧರ್ಮವನ್ನು ಬಿಟ್ಟಂತೆ ಅಷ್ಟೇ ಅಲ್ಲ ಪಾಪಕ್ಕೆ ಹಾಗೆ ಈಡಾಗ್ತಾನೋ ಹಾಗೆ ನಿನಗೆ ಒಂದು ಕ್ಷತ್ರಿಯರಿಗೆ ಯೋಗ್ಯವಾದ ಅವಕಾಶವನ್ನ ಕಳೆದುಕೊಳ್ಳುತ್ತಿ ಅಷ್ಟೇ ಅಲ್ಲ ಸ್ವಧರ್ಮವನ್ನ ಬಿಟ್ಟಿದ್ದರಿಂದ ನಿನಗೆ ಪಾಪದ ಮೂಟೆಯು ತುಂಬುತ್ತದೆ.",4861,6056,,,155
kn_kannada_13_0007,kannada_13,kn,Dvaita,7,ಅಲ್ಲಿಗೆ ಎರಡು ನಷ್ಟ ಪಾಪದ ಲಾಭ. ಈ ಮೂರು ಅನಾಹುತಗಳು ನಿನಗೆ ಸೇರುತ್ತವೆ ಅರ್ಜುನ. ಆದ್ದರಿಂದ ಈ ಯುದ್ಧವನ್ನು ಬಿಡಬೇಡ. ಮತ್ತೊಮ್ಮೆ ಶ್ಲೋಕ ಅಥಚೇತ್ ತ್ವಮಿಮಂ ಧರ್ಮ್ಯಂ ಸಂಗ್ರಾಮಂ ನಕರಿಶ್ಯಸಿ. ತತಸ್ವ ಧರ್ಮಂ ಕೀರ್ತಿಂಚ ಹಿತ್ವಾ ಪಾಪಮವಾಪ್ಸ್ಯಸಿ ಮುಂದಿನ ಶ್ಲೋಕ ಅಕೀರ್ತಿಂಚಾಪಿ ಭೂತಾನಿ ಕಥೈಶ್ಯಂತಿ ತೇವ್ಯಯಾಂ ಸಂಭಾವಿತಸ್ಯ ಚಾಕೀರ್ತಿಹಿ ಮರಣಾದತಿರಿಚ್ಯತೆ ಈ ಪದ ವಿಭಾಗ ಅಕೀರ್ತಿಂ ಚ ಅಪಿ ಭೂತಾನಿ ಕಥೈಶ್ಯಂತಿ ತೇ ಅವ್ಯಯಾಂ ಸಂಭಾವಿತಸ್ಯ ಚ ಅಕೀರ್ತಿಹಿ ಮರಣಾತ್ ಅತಿರಿಕ್ಷತೆ ನಮ್ಮ ಜೀವನಕ್ಕೆ ದೊಡ್ಡ ಪಾಠ ಈ ಶ್ಲೋಕಗಳು. ಅರ್ಜುನ ನಿನ್ನ ಪಾಲಿಗೆ ಬಂದ ಸ್ವಧರ್ಮವಾದ ಈ ಯುದ್ಧವನ್ನ ನೀನು ಮಾಡಲಿಲ್ಲ ಅಂದ್ರೆ ಅರ್ಜುನ ಶತ್ರು ಸೈನ್ಯಕ್ಕೆ ಹೆದರಿ ಓಡಿ ಹೋದ. ಅರ್ಜುನನು ಹೀಗೆ ಮಾಡುತ್ತಾನೆ ಅಂತ ನಾವು ಅಂದುಕೊಂಡಿಲ್ಲ. ಆದರೆ ಎಷ್ಟು ಪುಕ್ಕಲು. ಹೀಗೆ ಭೂತಾನಿ ನಿನ್ನ ಸಮಕಾಲದ ಎಲ್ಲ ವ್ಯಕ್ತಿಗಳು ಅಕೀರ್ತಿಂ ಅವ್ಯಯಾಂ ಕಥೈಶ್ಯಂತಿ. ಸಮಕಾಲೀನರು ಅಡಿಕೊಳ್ತಾರೆ ಅರ್ಜುನ ಯುದ್ಧ ಬಿಟ್ಟು ಹೆದರಿ ಓಡಿ. ಓಡಿ ಹೋದ.,6057,6781,,,100
kn_kannada_13_0008,kannada_13,kn,Dvaita,8,"ಆ ಕಾಲಕ್ಕೆ ಮುಗಿತೋ?
ವೇದವ್ಯಾಸರು ಮಹಾಭಾರತದಲ್ಲಿ ಬರೆದಿಡುತ್ತಾರೆ.
ಮಹಾಭಾರತ ಯುದ್ಧ ಬಂದಾಗ ಅರ್ಜುನ ಕರ್ತವ್ಯವನ್ನ ಬಿಟ್ಟು ವಿಮುಖನಾಗಿ ಹೆದರಿ ಓಡಿದ ಅಂತ.
ಅಲ್ಲಿಗೆ ನಿನ್ನ ಅಪಕೀರ್ತಿ ನಿನ್ನ ಕಾಲಕ್ಕೆ ಮಾತ್ರ ಸೀಮಿತ ಅಲ್ಲ ಅವ್ಯಯ ಅದು ಕಾಲ ಕಾಲಕ್ಕೆ ದೀರ್ಘವಾಗಿ ಹೆದರು ಪುಕ್ಕಲು ಅರ್ಜುನ ಅಂತ ಶಾಶ್ವತವಾಗಿ ಉಳಿಯುವ ಅಪಕೀರ್ತಿ ನಿನ್ನದಾಗುತ್ತೆ ಅರ್ಜುನ.
ನಡಗಬೇಕು ಅರ್ಜುನ ಈ ಮಾತನ್ನು ಕೇಳಿದರೆ.
ಇದುವರೆಗೆ ಅಪಯಶಸ್ಸು ಅಕೀರ್ತಿಯನ್ನು ಪಡೆದುಕೊಂಡವ ಅಲ್ಲ ಅರ್ಜುನ.
ಅರ್ಜುನ ನೀನು ಹೆದರಿ ಓಡಿದ್ದಿ ಅಂತ ಜನ ಆಡಿಕೊಳ್ಳುತ್ತಾರೆ, ನಿನ್ನ ಕಾಲದಲ್ಲಿ ಆಡಿಕೊಳ್ಳುವುದು ಮಾತ್ರ ಅಲ್ಲ ಅದು ಇತಿಹಾಸದಲ್ಲಿ ದಾಖಲೆಯಾಗಿ ಉಳಿಯುತ್ತದೆ.
ಉಳಿಲಿ ಅನ್ಕೊಂಡವರು ಅನ್ಕೋತಾರೆ ನಾನೇನು ಹೆದರಲಿಲ್ಲ ಕೃಷ್ಣ. 
ನಾನು ಧರ್ಮದ ದೃಷ್ಟಿಯಿಂದ ಬಿಟ್ಟು ಹೋದದ್ದವು ಅನುಕಂಪೆ.
ಅರ್ಜುನ ನಿನ್ನ ಸತ್ಯ ನಿನಗೆ ಮಾತ್ರ ಗೊತ್ತು. 
ಸಂಭವ. ಆ ವಿತಸ್ಯ ಚಾ ಕೀರ್ತಿಹಿ
ಮರಣಾದತಿರಿಚ್ಯತೆ
ಒಬ್ಬ ಸಂಭಾವಿತನಾದ ವ್ಯಕ್ತಿ
ನಮ್ಮ ಸಮಾಜದಲ್ಲಿ ಗೌರವದಿಂದ ಸನ್ಮಾರ್ಗದಲ್ಲಿ ನಡೆದು ಹತ್ತು ಜನಕ್ಕೆ ಯೋಗ್ಯ ಅಂತ ಕಂಡ ಹೊಗಳಿಸಿಕೊಂಡ ವ್ಯಕ್ತಿ.",6782,7583,,,104
kn_kannada_13_0009,kannada_13,kn,Dvaita,9,"ಅವನಿಗೆ ಒಂದು ಕಪ್ಪು ಚುಕ್ಕೆ ಅಕೀರ್ತಿ ಅವನ ಕೆಲಸದಿಂದಲೋ ಅವನ ಸುತ್ತಮುತ್ತಲು ಬಂಧು ಬಳಗದವರು ಮಾಡಿದ ಕೆಲಸದಿಂದಲೋ ಒಂದು ಅಪಕೀರ್ತಿ ಬಂತು ಅಂದ್ರೆ ಮರಣಾದ ತಿರಿಚ್ಛತೆ.
ಸಾವಾದರೂ ವಾಸಿ ಅದಕ್ಕಿಂತ ಹೆಚ್ಚಿನ ದೊಡ್ಡದು ವೇದನೆ. ಅದು
ಒಬ್ಬ ಸಂಭಾವಿತನಾದ ವ್ಯಕ್ತಿಗೆ ಸಮಾಜದಲ್ಲಿ
ಗಣ್ಯನಾಗಿರುವ ವ್ಯಕ್ತಿಗೆ ತನ್ನ ಜೀವನದಲ್ಲಿ ಅಪಕೀರ್ತಿ ಬಂತು ಅಂದ್ರೆ ಸಾವು ಲೇಸು ಈ ಅಪಕೀರ್ತಿ ಬೇಡ ಅಂತಾನೆ ಅವನು.
ನಮ್ಮಲ್ಲಿ
ಅಕ್ರಮವಾದ ದುಡ್ಡುಗಳನ್ನ ಹಣವನ್ನ ಐಶ್ವರ್ಯವನ್ನ ಗಳಿಸಿಕೊಂಡು
ಅವರು ಇವರು ನಮ್ಮ ಮನೆಗೆ ದಾಳಿ ಮಾಡಿ ಹಿಡಿದು ತಗೊಂಡು ಹೋದ್ರು ಇಷ್ಟು ಆಸ್ತಿ ಮಾಡಿದ್ರು
ಅವರ ಸಂಪಾದನೆಗೆ ಮೀರಿದ ಆಸ್ತಿ ಇದೆ ಅಂತ ಜಗಜ್ಜಾಹೀರವಾದರೂ ತಲೆಗೆ ಮುಸುಕು ಹಾಕೊಂಡು ಓಡಾಡುತ್ತೀವಿ ಅದು ಮರ್ಯಾದೆ ಇಲ್ಲದವರು
ಆದರೆ ಸಂಭಾವಿತಸ್ಯ ಒಬ್ಬ ಗೌರವಾನ್ವಿತ ವ್ಯಕ್ತಿಗೆ ಜೀವನದಲ್ಲಿ ಒಂದು ಚಿಕ್ಕ ಅಪಕೀರ್ತಿ ಬಂದ್ರು ಸಾಕು ಅದು ಸಾಧ್ಯ ಸಾವಿಗಿಂತ ದೊಡ್ಡದು. ಸಾವಿನಲ್ಲಿ ಸಾವು ಬಂದಾಗ ಸಾವಿನ ಸಮಯದಲ್ಲಿ ಒಮ್ಮೆ ವೇದನೆ. ಇದು ಪ್ರತಿನಿತ್ಯ ಕೊರಗಿ ಕೊರಗಿ ಕೊರಗಿ
ಚಿತೆ ಚಿಂತೆ ಇವೆರಡರಲ್ಲಿ ಒಂದು ಬಿಂದು ಮಾತ್ರ ವ್ಯತ್ಯಾಸ.",7584,8381,,,110
kn_kannada_13_0010,kannada_13,kn,Dvaita,10,"ಎರಡಕ್ಕೂ ಯಾವ ವ್ಯತ್ಯಾಸವೂ ಇಲ್ಲ. ಆದ್ದರಿಂದ ಸಂಭಾವಿತನಾದ ನಿನ್ನಂಥ ಒಬ್ಬ ವ್ಯಕ್ತಿಗೆ ಒಂದು ಅಪಕೀರ್ತಿ. ಬಂತು ಅಂದ್ರೆ
ಸಾವಿಗಿಂತ ದೊಡ್ಡದು ಅರ್ಜುನ ಯೋಚನೆ ಮಾಡು. 
ನೀನು ಹೇಗೆ ತಲೆ ಎತ್ತಿ ಓಡಾಡ್ತಿ?
ಮಕ್ಕಳಿಗೆ ಹೇಳಿದಂತೆ ಶ್ರೀಕೃಷ್ಣ ಅರ್ಜುನನಿಗೆ ಬುದ್ಧಿವಾದ ಹೇಳಿದ. 
ಮತ್ತೊಮ್ಮೆ ಶ್ಲೋಕ
ಅಕೀರ್ತಿಂ ಚಾಪಿ ಭೂತಾನಿ
ಕಥೈಶ್ಯಂತಿ ತೇವ್ಯಯಾಂ
ಸಂಭಾವಿತಸ್ಯ ಚಾಕೀರ್ತಿಹಿ ಮರಣಾದತಿರಿಚ್ಯತೆ
ಈ ಉಪದೇಶ ಮುಂದುವರೆಯುತ್ತದೆ
ಮತ್ತೆ ಕೃಷ್ಣ ಇದಕ್ಕೆ ಪೂರಕವಾದ ಕೆಲವು ಮಾತುಗಳನ್ನ ಆಡ್ತಾನೆ
ಅದನ್ನ ಮುಂದಿನ ಭಾಗದಲ್ಲಿ ನಾವು ನೋಡೋಣ
ಈ ಪ್ರವಚನ ಸೇವೆಯನ್ನ ಮರವೇಕೆರೆ ಶ್ರೀ ಮುರಳೀಧರರಾವ್ ಅವರು ಪ್ರಾಯೋಜಿಸಿದ್ದಾರೆ ಶ್ರೀ ಕೃಷ್ಣ ಅವರಿಗೆ ಸಕಲ ಸೌಭಾಗ್ಯಗಳನ್ನು ಕೊಡಲಿ ಅಂತ ಪ್ರಾರ್ಥನೆ ಮಾಡ್ತೀನಿ. ಶ್ರೀ ಕೃಷ್ಣಾರ್ಪಣ.",8382,8953,,,73
kn_kannada_14_0000,kannada_14,kn,Dvaita,0,"ಶ್ರೀ ಗುರುಭ್ಯೋ ನಮಃ ಹರಿಃ ಓಂ ಶ್ರೀಕೃಷ್ಣ ಅರ್ಜುನನಿಗೆ ಉಪದೇಶವನ್ನು ನೀಡುತ್ತಾ ಸಾವಿಗೆ ಅಂಜಬೇಕಾದ ಸಂದರ್ಭ ಇಲ್ಲ. ಅಷ್ಟೇ ಅಲ್ಲ. ಇದು ನಿನ್ನ ಸ್ವಧರ್ಮ. ಈ ಸ್ವಧರ್ಮವನ್ನು ನೀನು ಆಚರಣೆ ಮಾಡಿದರೆ ಅದರಿಂದ ನಿನಗೆ ಶ್ರೇಯಸ್ಸೇ ಆಗ್ತದೆ ಹೊರತು ಪಾಪ ಬರೋದಿಲ್ಲ. ಆದ್ದರಿಂದ ಈ ಯುದ್ಧವನ್ನು ಮಾಡುವುದರಿಂದ ನಿನಗೆ ಲಾಭ ಇದೆ ಸಧರ್ಮಾಚರಣೆಯಿಂದ ಸಿಗುವ
ಭಗವತ್ ಪ್ರೀತಿನೋ ಸದ್ಗತಿನೋ ನಿನಗೆ ಆಗುತ್ತೆ.
ಅಷ್ಟೇ ಅಲ್ಲ
ಇದನ್ನ ಬಿಟ್ಟರೆ ನಿನಗೆ ಅಕೀರ್ತಿ ಕೆಟ್ಟ ಅಪವಾದ ಬರುವುದಿಲ್ಲ. ಸಂದರ್ಭ ಇದೆ.
ಅಕೀರ್ತಿಂ ಚಾಪಿ ಭೂತಾನಿ ಬರಲಿ ಅಂದ್ರೆ
ಸಂಭಾವಿತನಾದವನಿಗೆ ಬಂದ ಅಪಕೀರ್ತಿ ಅದು ಮರಣಕ್ಕಿಂತಲೂ ದೊಡ್ಡದು.
ಹೀಗೆ ಸ್ವಧರ್ಮ ಅನ್ನುವ ಕಾರಣದಿಂದ ಹೋರಾಡು ಈ ಈ ಸಂದರ್ಭವನ್ನೇ ಬಿಟ್ಟರೆ ನಿನಗೆ ಅಯಶಸ್ಸು, ಅಪಕೀರ್ತಿ ಬರುವ ಸಂದರ್ಭ ಇದೆ ಅನ್ನೋದನ್ನ ಹೇಳಿ ಮುಂದೆ ಅರ್ಜುನ ಹೀಗೆ ಹೇಳಬಹುದು ನನಗೆ ಅಪಕೀರ್ತಿ ಯಾಕೆ ಬರುತ್ತದೆ ನನ್ನನ್ನು ಹೊಗಳುತ್ತಾರೆ ಜನ. ಅವರ ಹಕ್ಕಿನ ರಾಜ್ಯ ಆದರೂ ಹಕ್ಕು ಸ್ಥಾಪನೆಗಾಗಿ ರಾಜ್ಯದ ಅಭಿಲಾಷೆಗಾಗಿ ಅರ್ಜುನ ಭೀಕರವಾದ ಈ ರಣರಂಗವನ್ನ ಬಿಟ್ಟು ಕೃಪೆಯಿಂದ ಭೀಷ್ಮ ದ್ರೋಣರ ಮೇಲೆ ಶತ್ರುಗಳ ಮೇಲೆ ಕೃಪೆ ಹೊಂದಿ, ಕರುಣೆ ಹೊಂದಿ ಯುದ್ಧವನ್ನು ಬಿಟ್ಟ.",0,850,,,119
kn_kannada_14_0001,kannada_14,kn,Dvaita,1,"ಎಂಥಾ ಕರುಣಾಳು. ಹೀಗೆ ನೀನು ಅಯಶಸ್ಸು ಅಪಕೀರ್ತಿ ಬರುತ್ತದೆ ಅಂತ ಯೋಚನೆ ಮಾಡಿದರೆ ಕೃಷ್ಣ, ನಾನು ನನಗೆ ಕೀರ್ತಿ ಬರುತ್ತದೆ ಜನ ನನ್ನನ್ನು ಹೊಗಳುತ್ತಾರೆ ಕರುಣಾಶಾಲಿ ಅಂತ ಹೊಗಳಿ. ಈಗ ನಾನು ಪಾತ್ರನಾಗ್ತೇನೆ ಅಂತ ನಾನು ಯೋಚನೆ ಮಾಡ್ತೇನೆ.
ಅನ್ನುವ ಪ್ರಶ್ನೆ ಬಂದಾಗ ಶ್ರೀಕೃಷ್ಣ 35ನೇ ಶ್ಲೋಕದಲ್ಲಿ ಇದಕ್ಕೆ ಉತ್ತರವನ್ನು ಕೊಡುತ್ತಾರೆ.
35ನೇ ಶ್ಲೋಕ ಭಯಾದ್ರಣಾದುಪರತಂ ಮಂಸ್ಯಂತೇತ್ವಾಂ ಮಹಾರಥಾಃ ಏಶಾಂಚತ್ವಂ ಬಹುಮತೋ ಭೂತ್ವಾ ಯಾಸ್ಯಶಿಲಾಘವಂ ಪದವಿಭಾಗ ಭಯಾತ್ ರಣಾತ್ ಉಪರತಂ ಮಂಸ್ಯಂತೇ ತ್ವಾಂ ಮಹಾರಥಾಹ ಏಶಾಂ ಚ ತ್ವಂ ಬಹುಮತಃ ಭೂತ್ವಾ ಯಾಶ್ಯಸಿ ಲಾಘವಂ ಅರ್ಜುನ ನೀನು ತಪ್ಪು ತಿಳಿದಿದ್ದಿ ನಿನ್ನ ಶತ್ರು ಪಕ್ಷದ ಅಲ್ಲಿ
ನಿನಗೆ ಆಗದವರೇ ಹೆಚ್ಚು.
ಅವರು ನಿನ್ನ ಗುಣಗ್ರಾಹಿಗಳಲ್ಲ.
ನಿನ್ನಲ್ಲಿ ಗುಣ ಇದ್ದರೂ ದೋಷವನ್ನೇ ಎತ್ತಿ ಆಡುವವರು.
ನೀನಂತಿ ಗುರು ಹಿರಿಯರ ವಧೆಯಿಂದ ಸಂಹಾರದಿಂದ ಅರ್ಜುನ ಕರುಣಾಳು ಆಗಿ ಯುದ್ಧದಿಂದ ಹಿಂದೆ ಸರಿದಾತ್.
ಆದರೆ ಅವರು ಹೀಗೆ ಯೋಚನೆ ಮಾಡೋದಿಲ್ಲ.
ಅವರ ಕಣ್ಣ ಮುಂದೆ ನೀನು ಯುದ್ಧವನ್ನು ಬಿಟ್ಟು ಬೆನ್ನು ಹಾಕಿದ್ದಷ್ಟೇ ಕಾಣುತ್ತದೆ.",851,1621,,,105
kn_kannada_14_0002,kannada_14,kn,Dvaita,2,"ಅವರು ನಿನ್ನನ್ನ ಅರ್ಥ ಮಾಡೋದು 11 ಅಕ್ಷೌಶಿಣಿ ಬೃಹದಾಕಾರದ ಸೈನ್ಯ. ಭೀಷ್ಮ ದ್ರೋಣಾದಿಗಳಂತಹ
ಮಹಾರಥಿಕರು
ಇವರ ಮುಂದೆ
ಹೇದರಿ ಅರ್ಜುನ ಯುದ್ಧಕ್ಕೆ ಬೆನ್ನು ಹಾಕಿದ ಅಂತಾರೆ.
ಭಯಾತ್ ರಣಾತ್ ಉಪರತಂ
ತ್ವಾಂ ಮಹಾರಥಾಹ ಮನ್ಯಂತೆ
ಮಹಾರಥಿ ಯಾರು ಯಾರಿದ್ದಾರೋ ನಿನ್ನ ಶತ್ರು ಪಕ್ಷದಲ್ಲಿ ಅಥವಾ ನಿನ್ನ ಪಕ್ಷದಲ್ಲಿ
ಅವರು ರಣಾತ್ ರಣರಂಗದಿಂದ ಭಯಾತ್ ಭಯದಿಂದಾಗಿ ಉಪರತಂ ಈ ಯುದ್ಧದಿಂದ ನೀನು ಹಿಂಜರಿದಿದ್ದಿ ಉಪರತನಾಗಿದ್ದಿ ಅಂದ್ರೆ ಈ ಯುದ್ಧವನ್ನು ಮಾಡದೆ ಸುಮ್ಮನೆ ಇದ್ದಿ ಇತಿ ಮನ್ಯಂತೆ ಹೀಗೆ ತಿಳಿತಾರೆ.
ನೀನು ಕರುಣಾಶಾಲಿಯಾಗಿ ಯುದ್ಧವನ್ನು ಬಿಟ್ಟಿದ್ದಿ ಅಂತ ಅವರು ಹೇಳೋದಿಲ್ಲ.
ರಣರಂಗದಲ್ಲಿ ಭಯದಿಂದ ಹಿಂದೆ ಸರಿದಿದ್ದಿ ಅಂತ ಆಡಿಕೊಳ್ಳುತ್ತಾರೆ ಮಹಾರಥಿಕರು.
ಆಗ್ಲಿ ಅವರು ಅನ್ಕೊಂಡ್ರೆ ಅನ್ಕೊಳ್ರಿ ನಾನಂತೂ ಕರುಣೆಯಿಂದ ಬಿಟ್ಟಿದ್ದು. ಆದ್ದರಿಂದ ನನಗಂತೂ ಆತ್ಮತೃಪ್ತಿ ಇದೆ. ಅಂದ್ರೆ ಅದಕ್ಕೆ ಕೃಷ್ಣ ಅಂತಾನೆ ಏಶಾಂಚತ್ವಂ ಬಹುಮತಾ ಭೂತ್ವಾ ಯಾಸ್ಯಸಿ ಲಾಘವಂ. ಯಾವ ನಿನ್ನ ಬಂಧು ಬಾಂಧವರ ಮಧ್ಯದಲ್ಲಿ ಅಣ್ಣ ತಮ್ಮಂದಿರ ಮಧ್ಯದಲ್ಲಿ ಬಹುಮತಃ ಭೂತ್ವಾ ನಿನಗೊಂದು ಒಂದು ದೊಡ್ಡ ಸ್ಥಾನ ಇದೆ ಬಾಂಧವರ ಮಧ್ಯದಲ್ಲಿ.",1622,2423,,,106
kn_kannada_14_0003,kannada_14,kn,Dvaita,3,"ನಿನ್ನ ಮೇಲೆ ಬಹುಮಾನ ಇದೆ ಅವರಿಗೆ.
ಬಹುಮಾನ ಅಂದ್ರೆ ನೀನು ತುಂಬಾ ಶ್ರೇಷ್ಠನಾದವನು ಧನ್ಮಿ
ಕೆಚ್ಚದೆಯ ವೀರ ಅನ್ನುವ ಭಾವ
ಬಹುಭಾವ ನಿನ್ನಲ್ಲಿ ಮಹತ್ವ ಬುದ್ಧಿ ಅವರಿಗಿದೆ.
ಯಾರಿಗೆ ನೀನು ಇದುವರೆಗೆ ಬಹುಮತನಾಗಿದ್ದ ದಿಯೋ
ದೊಡ್ಡವನು ವೀರ ಅಂತ
ಅವರ ತಿಳುವಳಿಕೆಗೆ ಪಾತ್ರನಾಗಿದ್ದೀಯೋ
ಅವರ ಮುಂದೆ
ದೇಶಾಂಚತ್ವಂ ಬಹುಮತೋ ಭೂತ್ವಾ ಯಾಸ್ಯಸಿ ಲಾಘವಂ
ಲಾಘವಂ ಯಾಸ್ಯಸಿ
ತುಂಬಾ ಕೆಳಮಟ್ಟಕ್ಕೆ ಇಳಿದಿಯಪ್ಪ ನೀನು ಇದುವರೆಗೆ ಅರ್ಜುನ ಅಂದ್ರೆ
ಅವರಿಗೆ ಏನೋ ಒಂದು ದೊಡ್ಡತನದ
ನೀನೊಂದು ಮಹಾಶೂರ ಅನ್ನೋ ಅರಿವು ಅವರಿಗಿತ್ತು.
ಆದರೆ
ನೀನು ಈ ಯುದ್ಧರಂಗಕ್ಕೆ ಬೆನ್ನು ಹಾಕಿದರೆ ತಟಸ್ಥನಾದರೆ
ನಿನ್ನನ್ನು ಹೊಗಳೋದಲ್ಲ
ಅವರು ಅವರ ಮನಸ್ಸಿನಲ್ಲಿ ನೀನೊಬ್ಬ ಕ್ಷುಲ್ಲಕ ಅನ್ನೋ ಭಾವ ಬಂದುಬಿಡುತ್ತದೆ.
ಇದುವರೆಗೆ ನಿನಗೆ ನೀನು ದೊಡ್ಡವನು ಅಂತ ತಿಳಿದವರೆಲ್ಲಾ ನಿನ್ನ ಬಾಂಧವರು, ಸಂಬಂಧಿಗಳು, ಸ್ನೇಹಿತರು ನಿನ್ನನ್ನು ನಾಳೆ ಮುಖ ಎತ್ತಿಯೂ ನೋಡೋದಿಲ್ಲ. ಅರ್ಜುನ ಹೀಗೆ ಮಾಡುತ್ತಾನೆ ಅಂತ ನಾವು ಅಂದುಕೊಂಡಿರಲಿಲ್ಲ. ಛೇ ಎಂತ ಪುಕ್ಕಲಪ್ಪ ಅಂತ ಅವರ ಮಧ್ಯದಲ್ಲಿ ನೀನು ಲಘು ಆಗ್ತಿಯಾ?",2424,3189,,,103
kn_kannada_14_0004,kannada_14,kn,Dvaita,4,"ಬಹಳ ಚಿಕ್ಕವನಾಗಿಬಿಡ್ತೀಯಾ ಅರ್ಜುನ. ಆದ್ದರಿಂದ ಆ ಕೀರ್ತಿ ಬಂದ್ರೆ ಬರ್ಲಿ ಅನ್ನಬೇಡ ನೀನು ನೀನು ಯಾರ ಜೊತೆಯಲ್ಲಿ ಬಾಳಬೇಕೋ ಅವರೇ ನಿನ್ನನ್ನು ತುಚ್ಛವಾಗಿ ಕಾಣುವಂತ ಸ್ಥಿತಿ ಬರುತ್ತದೆ. ಆದ್ದರಿಂದ ನೀನು ವಾಸ್ತವವಾಗಿ ಕರುಣೆಯಿಂದ ಈ ಯುದ್ಧದಿಂದ ಹಿಂಜರಿದರು ನೀನು ಕರುಣೆಯಿಂದ ಹಿಂಜರಿದೆ ಅಂತ ನಿನ್ನನ್ನು ದೊಡ್ಡದಾಗಿ ಕಾಣೋದಿಲ್ಲ. ನೀನು ಹೆದರಿ ಈ ಯುದ್ಧಕ್ಕೆ ಬೆನ್ನು ಹಾಕಿದ್ದಿ ಅಂತ ಅಂದುಕೊಳ್ಳುತ್ತಾರೆ. ಅವರ ಮನಸ್ಸಿನಲ್ಲಿ ನೀನೊಬ್ಬ ದೊಡ್ಡ ವ್ಯಕ್ತಿ ಅಂತಿತ್ತು ಬಹಳ ಕ್ಷುಲ್ಲಕನಾಗ್ತಿ. ಆದ್ದರಿಂದ ಲೌಕಿಕ ದೃಷ್ಟಿಯಿಂದ ನೋಡಿದರು ನೀನು ಯುದ್ಧದಲ್ಲಿ ಪಾಲ್ಗೊಳ್ಳುವುದೇ ವಾಸಿ. ಮತ್ತೊಮ್ಮೆ ಶ್ಲೋಕ ಭಯಾದ್ರಣಾದು ಪರತಂ ಮಂಸ್ಯಂತೆ ತ್ವಾಂ ಮಹಾರಥಾಹ ಏಶಾನಿ ಚತ್ವಂ ಬಹುಮತೋ ಭೂತ್ವಾ ಯಾಸ್ಯಸಿ ಲಾಘವಂ 
ಆಗಲಿ ಅಂದ್ರೆ ಅದಕ್ಕೂ ಮತ್ತೆ ಅದರ ಮುಂದಿನ ದುಷ್ಪರಿಣಾಮವನ್ನು ಶ್ರೀಕೃಷ್ಣ ಹೇಳುತ್ತಾನೆ 
ಅವಾಚ್ಯವಾದಾಂಶ್ಚ ಬಹುನ್ ವದಿಶ್ಯಂತಿ ತವಾಹಿತಾಃ 
ನಿಂದಂತಸ್ಯ ತವ ಸಾಮರ್ಥ್ಯಂ
ತತೋ ದುಃಖತರನ್ನು ಕಿಂ
ಪದ ವಿಭಾಗ
ಅವಾಚ್ಯ ವಾದಾನ್
ಚ ಬಹುನ್
ವದಿಶ್ಯಂತಿ
ತವ ಅಶಿತಾಹ
ನಿಂದಂತಃ
ತವ ಸಾಮರ್ಥ್ಯಂ ತತಃ ದುಃಖತರಂ ನು ಕಿಂ ಅರ್ಜುನ ತವ ಅಹಿತಾಹ ಇದುವರೆಗೆ ನಿನ್ನ ಬಂಧುಗಳ ಸ್ನೇಹಿತರ ಮಧ್ಯದಲ್ಲಿ ನಿನ್ನ ಸ್ಥಿತಿ ಏನು ಅಂತ ನಾನು ಹೇಳಿದ್ದೆ.",3190,4094,,,120
kn_kannada_14_0005,kannada_14,kn,Dvaita,5,"ನಿನ್ನ ಅಹಿತರು ಅಂದ್ರೆ ಶತ್ರುಗಳು ದುರ್ಯೋಧನಾದಿಗಳು. ಅವಾಚ್ಯ ವಾದಾನ್ವದಿಶ್ಯಂತಿ ನೀನು ಕಿವಿಯಲ್ಲಿ ಕೇಳಲಾರದ ಕಠೋರ ಮಾತುಗಳನ್ನು ಅವರು ಆಡುತ್ತಾರೋ ನೀವು ಜೂಜಾಡಿ ಸೋತು ಕಾಡಿಗೆ ಹೊರಟಾಗ ಮತ್ತೆ ಅಜ್ಞಾತವಾಸ ವನವಾಸಗಳನ್ನು ಮುಗಿಸಿ ಬರಿ ಗೊತ್ತಿರಿ ಅಂತ ಗೊತ್ತಿದ್ರು
ಜೂಜಿಗೆ ಸೋತಿದ್ದಕ್ಕೆ ನಿನ್ನನ್ನ ಗೇಲಿ ಮಾಡಿದರು ದುರ್ಯೋಧನಾದಿಗಳು.
ಷಂಡತಿಲಾಹ
ಮೊಳಕೆ ಬಾರದ ಎಳ್ಳಿನಂತೆ ಅಂತ.
ಇನ್ನು ರಣರಂಗಕ್ಕೆ ಇಷ್ಟೊಂದು ಸಿದ್ಧತೆ ನಡೆದಿರುವಾಗ ಅವರು 11 ಅಕ್ಷೌಹಿಣಿ ಸೈನ್ಯ. ನೀವು ಏಳು ಅಕ್ಷೌಹಿಣಿ ಸೈನ್ಯ. 
ಇವೆಲ್ಲ ಮುಖಾಮುಖಿಯಾಗಿ ರಣರಂಗದಲ್ಲಿ ನಿಂತಿರುವಾಗ ನೀನೇನಾದರೂ ಬೆನ್ನು ಹಾಕಿ ಹೋದರೆ ತವ ಅಹಿತಾಹ ನಿನ್ನ ಶತ್ರುಗಳು ಅವಾಚ್ಯ ವಾದಾನ್ವದಿಶ್ಯಂತಿ. 
ನಿನಗೆ ಹೇಳಬಾರದ ಮಾತುಗಳನ್ನು ಹೇಳುತ್ತಾರೆ ಅರ್ಜುನನಿಗೆ ನಿನಗೆ. ನಿನ್ನೆ ಪ್ರಜ್ಞೆ ಇರಲಿಲ್ವಾ?
ಗುರು ಹಿರಿಯರು ಬರ್ತಾರೆ ಅಂತ ಸುಮ್ಮನೆ ನೆವ ಎದುರುಗಡೆ ಕರುಣೆ ಅಂತ ಬಾಯಲ್ಲಿ ಆಡದ ಹೆದರಿದ್ದಾನೆ. 
ಇಂತಹ ಹೆದರುಪುಕ್ಕ ಕ್ಷತ್ರಿಯ ಜಾತಿಗೆ ಯೋಗ್ಯನಲ್ಲ. 
ನಮ್ಮ ವಂಶಕ್ಕೆ ಯೋಗ್ಯನಾದ ವ್ಯಕ್ತಿ ಅರ್ಜುನನಲ್ಲ. 
ನಿನ್ನ ತಂದೆ ನೀನು ತಾಯಿ ಅಣ್ಣ ತಮ್ಮಂದಿರು ಎಲ್ಲರನ್ನ ಸಿಕ್ಕಿ.",4095,4919,,,104
kn_kannada_14_0006,kannada_14,kn,Dvaita,6,"ಏರಿಸಿ ಆಡಬಾರದ ಮಾತುಗಳನ್ನ ಆಡ್ತಾರೋ
ಹೀಗಾಗಿ
ನೀನು ಈ ಯುದ್ಧದಲ್ಲಿ ಪಾಲ್ಗೊಳ್ಳದೆ ಹೋದರೆ ನಿಂದಂತಸ್ತವ ಸಾಮರ್ಥ್ಯಂ
ನಿನ್ನ ಸಾಮರ್ಥ್ಯವನ್ನು ನಿಂದಂತಹ ಬೈತಾ ನಿಂದನೆ ಮಾಡುತ್ತಾ ಹಾಳಾಗಿ ಹೋಗ್ಲಿ ಅರ್ಜುನ ಅಂತ ನಿನ್ನವರು ಹೇಳಿದ್ದಾರೆ ಹೇಳುತ್ತಾರೆ ಶತ್ರುಗಳು ಹೇಳುತ್ತಾರೆ.
ಯಾಕೆ?
ಎಷ್ಟು ಕಷ್ಟಪಟ್ಟು ಎಷ್ಟೆಷ್ಟು ದೂರದಿಂದ ಸೈನಿಕರು ಬಂದಿದ್ದಾರೆ ಯುದ್ಧದ ನಿರೀಕ್ಷೆಯಲ್ಲಿದ್ದರು ನೀನು ಘೋರ ಯುದ್ಧವನ್ನು ಕೊಡುತಿ ಅಂತ ಅವರು ನಿರೀಕ್ಷೆಯಿಂದ ಬಂದಿದ್ದಾರೆ ಅವರಿಗೆಲ್ಲ ನಿರಾಶೆಯಾದಾಗ ತವ ಸಾಮರ್ಥ್ಯಂ ನಿಂದಂತಹ ನಿನ್ನ ಸಾಮರ್ಥ್ಯ ಸಮರ್ಥ್ಯವನ್ನೇ ನಿಂದಿಸುತ್ತಾರೆ ಅವರು.  ಹೇ ಇಲ್ಲ ಅವನಿಗೆ ಅಂತಹ ಶಕ್ತಿ. ಸುಮ್ ಸುಮ್ಮನೆ ಗುಲ್ಲೆಬ್ಬಿಸಿದ್ರು ಆ ಅಸ್ತ್ರ ಪಡೆದ ಈ ಅಸ್ತ್ರ ಪಡೆದ ಅಷ್ಟು ತಪಸ್ಸು ಮಾಡದ ಅಂತ ಹೇಳ್ತಾರೆ. ಏನಿಲ್ಲ ಅರ್ಜುನ ಪಟ್ಟುಪೋಸಿ ಏನು ಸಾಮರ್ಥ್ಯವೂ ಇಲ್ಲ. ತವ ಸಾಮರ್ಥ್ಯಂ ನಿಂದಂತಹ ನಿನಗೆ ಅವಾಚ್ಯವಾದಾನ್ ವದಿಶ್ಯಂತಿ. ಮುಂದೆ ಆಡಬಾರದ ಮಾತುಗಳನ್ನ ಅಡಿಯಾರು.
ಕೃಷ್ಣ ಕೇಳ್ತಾನೆ.
ಯೋಚನೆ ಮಾಡು ಒಂದು ಸತಿ.
ಹೀಗಾದರೆ ಮುಂದೆ ಏನಾಗುತ್ತೆ ಅಂತ ನಾನು ಹೇಳಿದ ಮಾತನ್ನು ಯೋಚನೆ ಮಾಡಿ.",4920,5718,,,104
kn_kannada_14_0007,kannada_14,kn,Dvaita,7,"ತತೋ ದುಃಖತರನ್ನು ಕಿಂ.
ಈ ರಣರಂಗದಲ್ಲಿ ಹೋರಾಡುವುದೇ ಲೇಸು ಅಂತ ನಿನಗೆ ಅನಿಸುತ್ತೆ.
ಇದಕ್ಕಿಂತ ಹೆಚ್ಚು ದುಃಖ ನೀನು ಬದುಕಿರುವವರೆಗೂ ಅವರು ಮಾಡುವ ನಿಂದನೆಗಳನ್ನು ಕೇಳಿಕೊಂಡು ಬದುಕಬೇಕು. ನಿನ್ನ ಬಂಧು ಮಿತ್ರರ ಮಧ್ಯದಲ್ಲಿ ನೀನು ಅತ್ಯಂತ ಕೀಳು ಮಟ್ಟದವನಾಗಿ ಬದುಕಬೇಕಾಗುತ್ತೆ. 
ರಣರಂಗದಲ್ಲಿ ಹೋರಾಡಿ ಸಾಯೋದಿಲ್ಲೇಸೋ ಈ ದುಃಖವನ್ನು ಸಹಿಸಿಕೊಳ್ಳುವುದಿಲ್ಲೇಸೋ ಯೋಚನೆ ಮಾಡು ನೀನು. 
ರಣರಂಗವನ್ನ ಬಿಟ್ಟು ಓಡಿ ಹೋದ ಅರ್ಜುನನ ಸ್ಥಿತಿ ಈ ರೀತಿ ಇರುತ್ತದೆ ಅಂತ ನಿನಗೆ ಯೋಚನೆ ಮಾಡಿದಾಗ ಯುದ್ಧಲೇಸೋ ಈ ದುಃಖ ಲೇಸು ಅಂತ ಯೋಚನೆ ಮಾಡು ಅರ್ಜುನ ಅಂದ. 
ತತೋ ದುಃಖ ತರನ್ನು ಕಿಮ್ ಇದಕ್ಕಿಂತ ಹೆಚ್ಚಿನ ದುಃಖ ಮತ್ತಿನ್ನೇನು ಬೇಕು. 
ಆದ್ದರಿಂದ ಯುದ್ಧಕ್ಕೆ ವಿಮುಖನಾದರೆ ಬಹಳ ದೊಡ್ಡ ದುಃಖಕ್ಕೆ ಈಡು ಮಾಡಿಕೊಳ್ಳುತ್ತೇನೆ ನಿನ್ನನ್ನು ನೀನು. 
ಅದಕ್ಕಿಂತ ಯುದ್ಧದಲ್ಲಿ ಪಾಲ್ಗೊಳ್ಳುವುದೇ ಲೇಸು. 
ಮತ್ತೊಮ್ಮೆ ಶ್ಲೋಕ ಅವಾಚ್ಯವಾದ ಅಂಶ ಬಹುನ್ ವದಿಶ್ಯಂತಿ ತವಾಶಿತಾಹ ನಿಂದಂತಸ್ತವ ಸಾಮರ್ಥ್ಯಂ ತತೋ ದುಃಖತರನ್ನು ಕಿಂ ಇಷ್ಟು ಹೇಳಿ ಅರ್ಜುನ ಹಿಂದೆ ನಚೈತತ್ತಿದ್ಮ ಕತರನ್ನು ಗರಿಯೋ
ಯದ್ವಾ ಜಯೇಮ ಯದಿವಾನೋ ಜಯೇಯುಹು ಅಂದಿತ
ನಾವು ಯುದ್ಧದಲ್ಲಿ ಗೆಲ್ತೇವೋ ಅಥವಾ ಸೋಲ್ತೇವೋ
ನಮ್ಮ ಶತ್ರುಗಳೇ ಗೆಲ್ತಾರೋ ನಾವು ಗೆಲ್ತೇವೋ ಇದು ಸಂದಿಗ್ಧ ಕೃಷ್ಣ
ಆದ್ದರಿಂದ ಈ ಯುದ್ಧವನ್ನ ಮಾಡಿ ಗುರು ಹಿರಿಯರ ವಿರೋಧವನ್ನ ಕಟ್ಟಿಕೊಂಡು ಜಯವು ಸಂದಿಗ್ಧ ಈ ಸಂದಿಗ್ಧವಾದ ಈ ಕಠೋರ ಕರ್ಮದಲ್ಲಿ ನನ್ನನ್ನು ಯಾಕೆ ಒತ್ತಾಯ ಮಾಡ್ತಿ ಅದಕ್ಕೆ ಶ್ರೀಕೃಷ್ಣ ಈ ಶ್ಲೋಕದಲ್ಲಿ ಉತ್ತರವನ್ನು ಕೊಡ್ತಾ ಇದ್ದಾನೆ ಶ್ಲೋಕ 37 ಹತೋವಾ ಪ್ರಾಪ್ಸ್ಯಸಿ ಸ್ವರ್ಗಂ ಜಿತ್ವಾವಾ ಭೋಕ್ಷಸೇ ಮಹಿಂ ತಸ್ಮಾತ್ ಉತ್ತಿಷ್ಠ ಕೌಂತೇಯ ಯುದ್ಧಾಯ ಕೃತ ನಿಶ್ಚಯಃ
ಪದ ವಿಭಾಗ ಹತಃ ವಾ ಪ್ರಾಪ್ಸ್ಯಸಿ ಸ್ವರ್ಗಂ ಜಿತ್ವಾ ವಾ ಭೋಕ್ಷ್ಯಸೆ ಮಹಿಂ ತಸ್ಮಾತ್ ಉತ್ತಿಷ್ಠ ಕೌಂತೇಯ ಯುದ್ಧಾಯ ಕೃತ ನಿಶ್ಚಯಃ ಅರ್ಜುನ ನೀನು ಒಂದು ಮುಖವನ್ನು ಯೋಚನೆ ಮಾಡಿದಿ ಈ ಯುದ್ಧದಲ್ಲಿ ನಾವು ಸೋತ್ರೆ ಅಂತ ನಿನ್ನ ಮನಸ್ಸು ಸೋತಿ ಏನಾಯ್ತು ಇಷ್ಟು ಗುರು ಹಿರಿಯರನ್ನು ಕೊಂದು ಕೊನೆಗೂ ನಮಗೆ ರಾಜ್ಯ ಸಿಕ್ಲಿಲ್ಲ ಸೋತುಬಿಟ್ವು ನಾವು.",5719,7180,,,201
kn_kannada_14_0008,kannada_14,kn,Dvaita,8,"ಅಂದ್ರೆ ಇದು ದೊಡ್ಡ ನಿರಾಶೆ ಅಲ್ವೋ ಅಂತ ಯೋಚನೆ ಮಾಡಿದ್ದೀವಿ. 
ನೋಡು ನೀನು ಸೋತಿ ಅಂತ ಇಟ್ಕೋ. 
ನೀನು ಯಾವ ರೀತಿ ಸೋತಿ? 
ಕ್ಷತ್ರಿಯ ನೀನೊಬ್ಬ. 
ಶತ್ರುಗಳು ಧರ್ಮ ಧೈರ್ಯ. ದ್ವೇಷಿಗಳು ಸಮಾಜ ಘಾತುಕರು
ಇವರನ್ನ
ನಿಗ್ರಹಿಸಬೇಕಾದ್ದು ಕ್ಷತ್ರಿಯನ ಧರ್ಮ.
ಈ ಧರ್ಮವನ್ನು ಮಾಡಿದಿ.
ಆದರೆ ಗೆಲುವು ಆಗಲಿಲ್ಲ.
ನೀನು ನಿನ್ನ ಧರ್ಮವನ್ನು ಮಾಡಿದ್ದು ವ್ಯರ್ಥವಾ ಹಾಗಾದರೆ ಗೆಲುವು ಆಗಲಿಲ್ಲ ಅಂತ.
ಆದ್ದರಿಂದ ನೀನು ಬರೇ ಯುದ್ಧದಲ್ಲಿ ಶತ್ರುಗಳ ನನ್ನ ಕೊಲ್ಲಕ್ಕೆ ಹೊರಟಿದ್ದೇನೆ ಅಂತ ಯೋಚನೆ ಮಾಡಬೇಡ.
ಅದರ ಪರಿಣಾಮ ಅದು ಸಾರ್ಥಕ ಆಗುವುದು ನಾನು ಗೆದ್ದರೆ ಮಾತ್ರ ಅಂತ ಯೋಚನೆ ಇದೆ.
ನೀನು ಗೆದ್ದರೆ ಮಾತ್ರ ನಿನಗೆ ಲಾಭ ಅಲ್ಲ.
ನೀನು ನಿನ್ನ ಕರ್ತವ್ಯವನ್ನ ಮಾಡಿ ಸೋತ್ರು ಅದಕ್ಕೊಂದು ಲಾಭ ಇದೆ.
ನಾವು ಜೀವನದಲ್ಲಿ ಧಾರ್ಮಿಕ ಸಾಧನೆಯಲ್ಲಿ ದೊಡ್ಡ ಗುರಿ ಇಟ್ಟುಕೊಂಡಿದ್ದೇವೆ.
ನಾವು ನಿರೀಕ್ಷಿಸಿದ ಗುರಿಯನ್ನ ತಲುಪೋಕೆ ಆಗ್ಲಿಲ್ಲ.
ಅಂದ ಮಾತ್ರಕ್ಕೆ ಅದೆಲ್ಲ ವ್ಯರ್ಥವೋ ಅದಕ್ಕೊಂದು ಫಲ ಇಲ್ವೋ?
ಅದೇ ನೋಡಿ ನಾವು ಲೌಕಿಕ ಜೀವನದಲ್ಲಿ ಆರ್ಥಿಕ ಸಮೃದ್ಧಿಗಾಗಿ ಒಂದು ದೊಡ್ಡ ಯೋಜನೆಯನ್ನ ಹಾಕೊಂಡಿದ್ದೇವೆ.",7182,7970,,,110
kn_kannada_14_0009,kannada_14,kn,Dvaita,9,"ಒಂದು ದೊಡ್ಡ ಸಂಸ್ಥೆಯನ್ನು ಒಂದು ದೊಡ್ಡ ಕೈಗಾರಿಕೆಯನ್ನು ನಾವು ಸ್ಥಾಪನೆ ಮಾಡೋಕೆ ಉದ್ದೇಶ ಮಾಡಿ ಪ್ರಯತ್ನ ಮಾಡಿದ್ದೇವೆ.
ಸೋತು ಸಾಲ ಸೋಲ ತಲೆ ಮೇಲೆ ಕೈ ಇಟ್ಟುಕೊಂಡು ನಿರಾಶರಾಗಿ ಕುಳಿತು. ಇದು ವ್ಯರ್ಥ.
ಅಧ್ಯಾತ್ಮ ಸಾಧನೆಯಲ್ಲಿ ಹಾಗಲ್ಲ.
ಯುದ್ಧ ನಿನ್ನ ಧರ್ಮ ನಿನ್ನ ಸಾಧನ ಪ್ರಪಂಚ ಅದು. ನೀನು ಅದನ್ನು ಮಾಡಕ್ಕೆ ಗುರಿ ಇಟ್ಟುಕೊಂಡು ತೊಡಗಿದ್ದಿ. 
ಅಲ್ಲಿ ಜಯ ನಿನಗೆ ಸಿಕ್ಲಿಲ್ಲ, ಜಯವೇ ಯುದ್ಧದ ಫಲ ಅಲ್ಲ. 
ಅದು ನಿನ್ನ ಸ್ವಧರ್ಮಾಚರಣೆ. 
ಸ್ವಧರ್ಮಾಚರಣೆಯ ಫಲ ಜಯ ಅದು ಗೌಣ. 
ಸ್ವಧರ್ಮಾಚರಣೆ ಮಾಡಿದ್ದರಿಂದ ನಿನಗೆ ಲೌಕಿಕವಾದ ಲಾಭ ಸಿಗದೆ ಇದ್ದರೂ ಮಾಡಿದ್ದೆಲ್ಲ ವ್ಯರ್ಥ ಅಂತ ಅಂದುಕೊಳ್ಳಿ. ಕೊಡಬೇಕಾದ್ದಿಲ್ಲ.
ಹತೋವ ಪ್ರಾಪ್ಸ್ಯಸಿ ಸ್ವರ್ಗಂ.
ಆದ್ದರಿಂದ ಒಳ್ಳೆ ಫಲ ನಿನಗೆ ಸಿಕ್ಕೇ ಸಿಗುತ್ತೆ.
ಶತ್ರು ಪರವಾಗಿಲ್ಲ ನನ್ನ ಧರ್ಮವನ್ನು ನಾನು ಬಿಡೋದಿಲ್ಲ ಅಂತ
ಏಕಾದಶಿ ಉಪವಾಸದಲ್ಲಿ ತೊಡಗಿದವ
ಆ ಉಪವಾಸದಿಂದಲೇ ಅವನ ದೇಹಾಂತ ಆಯ್ತು ಅಂದ್ರೆ ಅದು ವ್ಯರ್ಥ ಅಂತೀರಾ ನೀವು? ಅದು ಭಗವಂತನ ಪ್ರೀತಿಗೆ ಪಾತ್ರವಾಗಿ ಆಗೋದಿಲ್ಲವಾ ಆ ವ್ಯಕ್ತಿ.",7971,8720,,,104
kn_kannada_14_0010,kannada_14,kn,Dvaita,10,"ಆದ್ದರಿಂದ ಇದು ಸ್ವಧರ್ಮ ಆಚರಣೆ ಅರ್ಜುನ. ಜಯವೇ ಈ ಕರ್ಮದ ಮುಖ್ಯ ಫಲ ಅಲ್ಲ. ನೀನು ನಿನ್ನ ಕರ್ಮವನ್ನ ನಿಷ್ಠೆಯಿಂದ ಮಾಡೋದು ಅಷ್ಟೇ ದಾರಿ ಅಷ್ಟೇ ನಿನ್ನದು ಫಲ ಅದು ನನಗೆ ಬಿಟ್ಟುಬಿಡು. ಅಂದ ಜಯ ಸಿಗೋದಿಲ್ಲ. ಅದು ಸಂದಿಗ್ಧ ನಾ ನಾನು ಮಾಡಿದ್ದು ವ್ಯರ್ಥ ಅಂತ ನೀನು ಭಾವಿಸಬೇಡ, ನಿನಗೆ ಜಯವು ಸಿಗದೆ ಇದ್ದರೂ ಹತಃ ಈ ಯುದ್ಧದಲ್ಲಿ ನೀನು ಶತ್ರುಗಳಿಂದ ಶತ್ರು ಸ್ವರ್ಗಂ ಪ್ರಾಪ್ಸ್ಯಸಿ. ಸ್ವಧರ್ಮಾಚರಣೆ ಮಾಡಿದ ನಿಮಿತ್ತದಿಂದ ನೀನು ಸದ್ಗತಿಯನ್ನ ಪಡೆಯುತ್ತೀಯಾ? ಹತೋವ ಪ್ರಾಪ್ಸ್ಯಸಿ ಸ್ವರ್ಗಂ. ಇದಕ್ಕೆ ರಾಘವೇಂದ್ರ ಸ್ವಾಮಿಗಳು ವೇದದ ಸಂವಾದವನ್ನು ಕೊಡ್ತಾರೆ. ಕ್ಷತ್ರಿಯರಿಗೆ ರಣರಂಗದಲ್ಲಿ ಮಡಿದರು ಶ್ರೇಯಸ್ಸಿದೆ. ಏ ಯುಧ್ಯಂತೇ ಪ್ರಧನೇಶು ಶೂರಾಸಹ ಪ್ರಧಾನ ಅಂದ್ರೆ ಯುದ್ಧ. ಪ್ರಧನೇಶು ಯುದ್ಧಗಳಲ್ಲಿ ಏ ಯುಧ್ಯಂತೇ ಶೂರಾಸಹ. ಶೂರರು ಯುದ್ಧಗಳಲ್ಲಿ ರಣರಂಗದಲ್ಲಿ ಏನು ಯುದ್ಧ ಮಾಡುತ್ತಾರೋ ತನುತ್ಯಜಾಹ ಅಲ್ಲಿ ಅವರ ದೇಹಾಂತ ಆಯ್ತು ಶತ್ರು. ಏವಾ ಸಹಸ್ರ ದಕ್ಷಿಣಾಹ ಜೀವನದಲ್ಲಿ ಒಂದು ಸಾವಿರ ಆ ಕಾಲದಲ್ಲಿ ದಕ್ಷಿಣೆಯನ್ನು ಕೊಡುತ್ತೇನೆ ಸಾವಿರ ಬ್ರಾಹ್ಮಣರಿಗೆ ದಕ್ಷಿಣೆಯನ್ನು ಕೊಡುತ್ತೇನೆ ಅಂತ ಸಂಕಲ್ಪ ಮಾಡಿ ಆ ಸಂಕಲ್ಪವನ್ನ ಯಾರು ಈಡೇರಿಸುತ್ತಾರೆ.",8721,9555,,,112
kn_kannada_14_0011,kannada_14,kn,Dvaita,11,"ತಾರೋ ಅವರು ಕೂಡ
ದೇವಾಪಿ ಗಚ್ಛತಾಮ್ ಸಿದ್ ದೇವಾಪಿ ಗಚ್ಛತಾತ್
ಇದು ಮರಣದ ಸಂದರ್ಭದಲ್ಲಿ
ಮೃತನಾದ ವ್ಯಕ್ತಿಗೆ ಉತ್ತರ ಕ್ರಿಯೆಯನ್ನ ಮಾಡುವ
ಮಕ್ಕಳು ಯಮನಿಗೆ ಮಾಡುವ ಪ್ರಾರ್ಥನೆ
ಯಾವ ಕ್ಷತ್ರಿಯರು ತಮ್ಮ ಧರ್ಮಕ್ಕೆ ಅನುಗುಣ ಆಗಿ ಹೋರಾಡಿ ರಣರಂಗದಲ್ಲಿ ಸಾಯ್ತಾರೋ
ಯಾವೊಬ್ಬ ಸಾಧಕ ತಾನು ಜೀವನದಲ್ಲಿ ಸಹಸ್ರ ದಕ್ಷಿಣೆಯನ್ನು ಕೊಡಬೇಕು ಅಂತ ಸಂಕಲ್ಪ ಮಾಡಿ ಅದನ್ನ ಕೊಡ್ತಾನೋ
ಅವರಿಗೆ ಯಾವ ಲೋಕ ಸಿಗ್ತದೋ
ನನ್ನ ಮುಂದೆ ನಾನು ಕರ್ಮವನ್ನು ಮಾಡುತ್ತಾ ಇರುವ ಈ ವ್ಯಕ್ತಿಗೂ ಆ ಲೋಕವನ್ನು ಕೊಡು ಯಮದೇವ ಅಂತ ಪ್ರಾರ್ಥನೆ ಮಾಡ್ತೀನಿ. ಹೀಗೆ ಈ ವೇದ ವಾಕ್ಯ ಅಪೌರುಷೇಯವಾದ ಸಾಹಿತ್ಯ
ರಣರಂಗದಲ್ಲಿ ಸತ್ತವರಿಗೆ ಸದ್ಗತಿಯನ್ನ ಹೇಳಿದೆ.
ಅದನ್ನ ಯುದ್ಧ ಮಾಡೋದು ಕೇವಲ ರಾಜ್ಯದ ಲಾಭ ಜಯ ಇಷ್ಟೇ ಉದ್ದೇಶಕ್ಕಲ್ಲ ಅದು ನಿನ್ನ ಕರ್ತವ್ಯ.
ಅದನ್ನ ನೀನು ಮಾಡಿದರೆ ಅದರಿಂದ ಹತೋವ ಪ್ರಾಪ್ಯಸಿ ಸ್ವರ್ಗಂ ಇಲ್ಲ ಯುದ್ಧದಲ್ಲಿ ಗೆದ್ದಿ
ಜಿತ್ವಾ ವಾ ಭೋಕ್ಷಸೇ ಮಹೀಮ್ ಗೆದ್ದರೆ ಅಂತೂ
ರಾಜ್ಯ ಆಳುವ ದೊಡ್ಡ ಸಂದರ್ಭ ನಿನಗೆ ಬರುತ್ತದೆ.",9556,10273,,,104
kn_kannada_14_0012,kannada_14,kn,Dvaita,12,"ಒಂದು ಕಡೆ ಲೌಕಿಕ ಪದೋನ್ನತಿ
ಇನ್ನೊಂದು ಕಡೆ ನಿನ್ನ ಕರ್ತವ್ಯವನ್ನ ನೆರವೇರಿಸಿದ ಫಲವಾಗಿ ಪರಲೋಕದಲ್ಲಿ ಸದ್ಗತಿ.
ಹೀಗೆ ಶತ್ರು ಲಾಭ ಗೆದ್ರು ಲಾಭ. ಸೋಲು ಮತ್ತು ಗೆಲುವು ಎರಡರಲ್ಲೂ ನೀನು ನಿರಾಶನಾಗುವ ಸಂದರ್ಭ ಇಲ್ಲ. ಸೋತ್ರು ಸದ್ಗತಿ ಇದೆ. ಗೆದ್ರು ರಾಜ್ಯ ಇದೆ ಜೊತೆಯಲ್ಲಿ ಸದ್ಗತಿ ಇದೆ. ಆದ್ದರಿಂದ ಹತೋವಾ ಪ್ರಾಪ್ಸೆಸಿ ಸ್ವರ್ಗಂ ಜಿತ್ವ ವಾ ವಾ ಭೋಕ್ಷಸೇ ಮಹಿಂ ತಸ್ಮಾತ್ ಆದ್ದರಿಂದ ಕೌಂತೇಯ ಕುಂತಿಯ ಮಗನೇ ಉತ್ತಿಷ್ಠ ಹೇಳು ಯುದ್ಧಾಯ ಕೃತ ನಿಶ್ಚಯಃ ಉತ್ತಿಷ್ಠ ಅಂದ್ರೆ ಏಳು ಎದ್ದು ಕಾಡಿಗೆ ಹೋಗೋ ಅಲ್ಲ ಯುದ್ಧಕ್ಕಾಗಿ ನಿಶ್ಚಯ ಮಾಡಿ ಕೃತ ನಿಶ್ಚಯಃ ನಿಶ್ಚಯವನ್ನ ಮಾಡಿ ಮಾಡಿದವನಾಗಿ ಉತ್ತಿಷ್ಠ.
ಅರ್ಜುನ ರಥದ ಹಿಂಭಾಗದಲ್ಲಿ ಕುಳಿತಿದ್ದ ಕುಳಿತಿರುವ ಅರ್ಜುನನನ್ನ ಉತ್ತಿಷ್ಠ ಅಂತ ಸರಿಯಾದ ಕಾರಣವನ್ನು ಕೊಟ್ಟು ಉತ್ತಿಷ್ಠ ಅಂತ ಕೈಹಿಡಿದು ಎಳೆಯಲಿಲ್ಲ ಕೃಷ್ಣ.
ಹೇಳೋದಕ್ಕೆ ಬೇಕಾದ ಸರಿಯಾದ ಕಾರಣವನ್ನ ಅವನ ಮುಂದೆ ಹೇಳಿ ತಸ್ಮಾತ್ ಉತ್ತಿಷ್ಠಕ ಉಂತೀಯಾ ಯಾಕೆ ಯುದ್ಧಾಯ ಕೃತ ನಿಶ್ಚಯಃ
ಯುದ್ಧಕ್ಕೆ ನಿಶ್ಚಯವನ್ನ ಮಾಡಿ ಎದ್ದೇಳು
ಹೋರಾಡು
ಒಂದು ಯುದ್ಧದಲ್ಲಿ ಸಾಯಿ ಅಥವಾ ಗೆಲ್ಲು
ಎರಡರಲ್ಲೂ ನಿನಗೆ ಶ್ರೇಯಸ್ಸಿದೆ ಎಂಥ ಉಪದೇಶ
ಜೀವನದಲ್ಲಿ ದೊಡ್ಡ ಆಘಾತಗಳು ಆದಾಗ ಅದನ್ನ ಎದುರಿಸುವ ಸಾಮರ್ಥ್ಯ ನಮಗೆ ಬರಬೇಕಾದರೆ ಕೃಷ್ಣನ ಈ ಮಾತನ್ನ ಜ್ಞಾಪಿಸಿಕೊಳ್ಳಬೇಕು.",10274,11192,,,127
kn_kannada_14_0013,kannada_14,kn,Dvaita,13,"ಸತ್ತರೆ ಸ್ವರ್ಗ ಬದುಕಿದ್ರೆ ಭೋಗ.
ಏನೇ ಆಗಲಿ ಹೀಗೆ ಮಾಡುತ್ತೇನೆ ಅಂತ ನಾನು ಎಳೆದಿದ್ದೇನೆ ಇದನ್ನು ಮಾಡಿಯೇ ತೀರ್ತೇನೆ.
ಸೋಲು ಗೆಲುವುಗಳನ್ನ ಹಿಮ್ಮೆಟ್ಟಿ ಗುರಿಯನ್ನು ಸಾಧಿಸುವ ಸ್ಪೂರ್ತಿ ಕೃಷ್ಣನ. ಈ ಮಾತಿನಲ್ಲಿದೆ.
ಮತ್ತೊಮ್ಮೆ ಶ್ಲೋಕ
ಹತೋವಾ ಪ್ರಾಪ್ಯಸಿ ಸ್ವರ್ಗಂ
ಜಿತ್ವಾ ವಾ ಭೋಕ್ಷಸೇ ಮಹೀಂ
ತಸ್ಮಾದ್ ಉತ್ತಿಷ್ಠ ಕೌಂತೇಯ ಯುದ್ಧಾಯ ಕೃತ ನಿಶ್ಚಯಃ
37ನೇ ಶ್ಲೋಕ ಮುಗಿದಿದೆ.
ಮುಂದಿನ ಉಪದೇಶದ ಮುಂದುವರೆದ ಭಾಗವನ್ನು
ಮುಂದಿನ ಭಾಗದಲ್ಲಿ ನೋಡೋಣ ಅಂತ ಹೇಳ್ತಾ ಶ್ರೀಕೃಷ್ಣಾರ್ಪಣಮಸ್ತು.
ಈ ಪ್ರವಚನ ಸೇವೆಯನ್ನು
ಶ್ರೀಯುತರಾದ ಮರವೇಕೆರೆ ಮುರಳೀಧರ ರಾಯರು ನಡೆಸಿಕೊಟ್ಟಿದ್ದಾರೆ.
ಶ್ರೀಕೃಷ್ಣನ ಪನವಾನುಗ್ರಹದಿಂದ ಅವರ ಅಭಿಷ್ಟಗಳು ಈಡೇರಲಿ ಅಂತ ಪ್ರಾರ್ಥನೆ ಮಾಡ್ತಾ ಶ್ರೀ ಕೃಷ್ಣಾರ್ಪಣಮಸ್ತು",11193,11745,,,69
kn_kannada_15_0000,kannada_15,kn,Dvaita,0,"ಶ್ರೀ ಗುರುಭ್ಯೋ ನಮಃ ಹರಿಃ ಓಂ ಶ್ರೀಕೃಷ್ಣ
ಅರ್ಜುನನಿಗೆ
ಯುದ್ಧದಿಂದ
ಐಹಿಕ ಮತ್ತು ಆಮುಷ್ಪಿಕ
ಲಾಭಗಳನ್ನು ಹೇಳಿ
ಆ ಯುದ್ಧವನ್ನು ಮಾಡದೆ ಹೋದರೆ
ಆಗುವ ಅನರ್ಥಗಳನ್ನು ಮನವರಿಕೆ ಮಾಡಿಸಿ
ಯುದ್ಧಾಯ ಕೃತನಿಷ್ಠಿ ಜಯ ಉತ್ತಿಷ್ಠಾ ಅಂತ ಸಂದೇಶವನ್ನ ಕೊಟ್ಟ.
ಅದನ್ನು ಮುಂದುವರಿಸುತ್ತಾನೆ 38ನೇ ಶ್ಲೋಕದಲ್ಲಿ
ಸುಖ ದುಃಖೆ ಸಮೇ ಕೃತ್ವಾ
ಲಾಭ ಲಾಭೌ ಜಯಾ ಜಯೌ
ತತೋ ಯುದ್ಧಾಯ ಯುಜ್ಯಸ್ವ ನೈವ ಪಾಪ ಭವಾಪ್ಸ್ಯಸಿ ಪದವಿ ವಿಭಾಗ ಸುಖ ದುಃಖೆ ಸಮೇ ಕೃತ್ವಾ ಲಾಭಾ ಲಾಭೌ ಜಯಾ ಜಯೌ ತತಃ ಯುದ್ಧಾಯ ಯುಧ್ಯಸ್ವ ನ ಏವ ಪಾ ಪಾಪಂ ಅವಾಪ್ಸ್ಯಸಿ
ಹಿಂದೆ ಅರ್ಜುನ ಯುದ್ಧವನ್ನು ಬಿಡೋದಕ್ಕೆ ಒಂದು ಕಾರಣವನ್ನು ಹೇಳಿದ್ದ
ಪಾಪಮೇವಾಶ್ರಯೇದ ಸ್ವಾನ್
ಬಂಧುಗಳನ್ನು ಗುರು ಹಿರಿಯರನ್ನು ಕೊಲ್ಲುವುದರಿಂದ ನನಗೆ ಪಾಪ ಬಂದಿತು ಅಂತ
ಅದಕ್ಕೆ ಶ್ರೀಕೃಷ್ಣ ಇಲ್ಲಿ ಉತ್ತರವನ್ನು ಕೊಡುತ್ತಾನೆ ಸುಖ ದುಃಖೆ ಸಮೀಕೃತ್ವ ಜೀವನದಲ್ಲಿ ಒಂದು ಕರ್ತವ್ಯಕ್ಕೆ ನಾವು ಬದ್ಧರಾಗಿರುತ್ತೇವೆ. ಅದನ್ನ ಮಾಡುವಾಗ ಕಷ್ಟ ಆಗಬಹುದು, ದುಃಖ ಆಗಬಹುದು.",0,708,,,100
kn_kannada_15_0001,kannada_15,kn,Dvaita,1,"ಬಹಳ ತ್ರೇಷ ಪಡಬೇಕಾಗಬಹುದು. ಮಾಡಿದ ಮೇಲೆ ಸುಖ ಸಿಗಬಹುದು. ಆದರೆ ಸುಖಕ್ಕೋಸ್ಕರ ಮಾಡುತ್ತೇನೆ ಅಂತ ನೀನು ಸುಖದ ಅತ್ಯುತ್ಕಟ ಅಭಿಲಾಷೆಯನ್ನು ಇಟ್ಟುಕೊಂಡರೆ ನೀನು ಕೈಗೊಂಡ ಕೆಲಸ ಪೂರ್ಣ ಆಗದೆ ಇದ್ದರೆ ನೀನು ನಿರಾಶನಾಗ್ತೀಯ. ಆ ಕೆಲಸದಲ್ಲಿ ಪ್ರಯತ್ನದಲ್ಲಿ ತೊಡಗಿದಾಗ ನಿನಗೆ ಅನೇಕ ತೊಂದರೆಗಳು ಬರುತ್ತೆ. ಆ ತೊಂದರೆಗಳನ್ನ
ದೂರ ಮಾಡಬೇಕಾದರೆ ನೀನು ಕಷ್ಟ ಪಡಬೇಕು.
ಕಷ್ಟ ಆಗುತ್ತೆ ಅಂತ ಕೈಕಟ್ಟಿ ಕೂತ್ರೆ ನಿನಗೆ ಯಶಸ್ಸು ಸಿಗುವುದಿಲ್ಲ.
ಹೀಗೆ ಒಂದು ಕೆಲಸವನ್ನು ಮಾಡುವಾಗ ಲಾಭವನ್ನೇ ಈ ಕೆಲಸದಿಂದ ಸಿಗುವ ಸುಖವನ್ನೇ ಗುರಿಯಾಗಿ ಇಟ್ಟುಕೊಂಡ್ರೆ ಅದು ಸಿಗದೆ ಇದ್ದಾಗ ನಿರಾಶೆ.
ಆ ಮಾರ್ಗದಲ್ಲಿ ನಡೆಯುವಾಗ ಆಗುವ ಕ್ಲೇಶಗಳನ್ನೇ ಪ್ರಧಾನವಾಗಿ ಇಟ್ಟುಕೊಂಡ್ರೆ ಪ್ರಯತ್ನವೇ ಮಾಡುವಂತಿಲ್ಲ.
ಹಾಗಾದರೆ ನಾವು ಕರ್ತವ್ಯವನ್ನ ಮಾಡಬೇಕಾದರೆ ಇದು ನನ್ನ ಕರ್ತವ್ಯ ನಾನು ಮಾಡಲೇ ಬೇಕಾದ ಕೆಲಸ ಅನ್ನೋ ಕೆಲಸದ ಬಗ್ಗೆ ಗಮನ. ಇರಬೇಕು ಹೊರತು
ಅದರಿಂದ ಸಿಗುವ ಸುಖ
ಅದನ್ನು ಮಾಡುವಾಗ ಆಗುವ ದುಃಖ
ಇವನ್ನ ಮರೆತುಬಿಡಬೇಕು ಸಮೇಕೃತ್ವ
ನನಗೆ ಸುಖ ಬಂದ್ರು ಅಷ್ಟೇ ದುಃಖ ಆದ್ರೂ ಅಷ್ಟೇ
ದುಃಖವು ಸುಖಕ್ಕೆ ಸಮಾನ
ಯಾಕೆ
ನಾವು ಕಷ್ಟಪಟ್ಟು ಒಂದು ಕೆಲಸವನ್ನ ಮಾಡುತ್ತೇವೆ.",709,1539,,,114
kn_kannada_15_0002,kannada_15,kn,Dvaita,2,"ಸುಖದ ನಿರೀಕ್ಷೆಯಿಂದ. ಆದರೆ ಆ ಸುಖ ಸಿಕ್ಕಾಗ ಅಷ್ಟು ಖುಷಿಯಾಗುವುದಿಲ್ಲ, ಕೆಲಸ ಮಾಡುವಾಗ ಎಷ್ಟು ಖುಷಿ ಇತ್ತೋ, ಇಷ್ಟು ನಿರೀಕ್ಷೆ ಇತ್ತೋ, ಆ ನಿರೀಕ್ಷೆಗೆ ಸಮನಾದ ತೃಪ್ತಿ ಸುಖ ಸಿಕ್ಕಾಗ ಇರೋದಿಲ್ಲ. ಕಾಡಿದಾಗ. ಒಂದು ಕಡೆ ಹೇಳ್ತಾನೆ ಔತ್ಸುಕ್ಯ ಮಾತ್ರ ಮಮಸಾದಯತಿ ಪ್ರತಿಷ್ಠಾತ್.
ಒಂದು ಅಧಿಕಾರಕ್ಕಾಗಿ ನಾವು ನಮ್ಮ ಜೀವನವನ್ನೇ ಪಣವನ್ನಾಗಿ ಇಟ್ಟುಕೊಂಡು ದುಡಿತೀವಿ.
ಯಾಕೆ ಅಧಿಕಾರ ಸಿಕ್ರೆ ಅದರ ಖುಷಿಯ ನಿರೀಕ್ಷೆಯಿಲ್ಲ.
ಸಿಕ್ತು ಆ ಅಧಿಕಾರ.
ಆ ಅಧಿಕಾರ ಸಿಕ್ಕಾಗ ನಾವು ಏನು ನಿರೀಕ್ಷೆ ಮಾಡಿದ್ದವೋ ಸುಖವನ್ನ ಛೇ, ಬಹಳ ಕಿರಿಕಿರಿ ಅಪ್ಪ ಅಂತ ಅನ್ಸುತ್ತೆ. ಆ ಸುಖ ಅಲ್ಲಿ ಸಿಕ್ಕೋದಿಲ್ಲ. ಅಂದ ಬರೆ ಸುಖದ ನಿರೀಕ್ಷೆಯಿಂದ ನೀನು ನಿನ್ನ ಕರ್ತವ್ಯದಲ್ಲಿ ತೊಡಗಬೇಡ. ಯಾಕೆ? ಆ ಸುಖವು ದುಃಖದಂತೆ ಒಮ್ಮೆ ಬೇಡ ಅಂತ ಅನ್ನಿಸ್ತದೆ. ದುಃಖವು ಹೇಗೆ ಬೇಡವೋ ಈ ಕಷ್ಟದಲ್ಲಿ ಸಿಗುವ ಸುಖ. ಸುಖವು ಬೇಡ.
ಅರಣ್ಯದಲ್ಲಿ ಹೋಗುವ ಒಬ್ಬ ವ್ಯಕ್ತಿ
ದೊಡ್ಡ ಹೊಂಡವನ್ನ ಗುಂಡಿಯನ್ನ ನೋಡದೆ ಬಿದ್ದ.",1540,2238,,,100
kn_kannada_15_0003,kannada_15,kn,Dvaita,3,"ಆ ಗುಂಡಿಯಲ್ಲಿ ತುಂಬಾ ಬಳ್ಳಿಗಳು ಹಿಡಿದಿತ್ತು.
ಆ ಬಳ್ಳಿಯಲ್ಲಿ ತಲೆ ಕೆಳಗಾಗಿ ಕಾಲು ಮೇಲಾಗಿ ಜೋತಾಡ್ತಾ ಇದ್ದಾನೆ.
ಕೆಳಗಡೆ ದೊಡ್ಡ ಒಂದು ಹಾವು ಹೆಡೆ ಬಿಚ್ಚಿ ನಿಂತಿದೆ.
ಬಳ್ಳಿಯಲ್ಲಿ ನೇತಾಡ್ತಾ ಇದ್ದಾನೆ ಬಿದ್ರೆ ಹಾವು.
ಅದರ ಮಧ್ಯದಲ್ಲಿ ಆ ಬಳ್ಳಿಯ ಮೇಲ್ಗಡೆ ಒಂದು ಜೇನು ಗೂಡು ಕಟ್ಟಿದೆ.
ಅದಕ್ಕೆ ಒಂದು ಇಲಿಯೋ ಒಂದು ಅಳಿಲೋ ಬಂದು ಆ ಜೇನನ್ನ ತಿನ್ನುತ್ತಾ ಇದೆ. 
ಜೇನಿನ ಗೂಡು ಅಲ್ಲಾಡಿದೆ.
ತೊಟಕು ತೊಟಕು ತೊಟಕು ಜೇನಿನ ಹನಿ ಕೆಳಗಡೆ ಬೀಳ್ತಾ ಇದೆ ಅದಕ್ಕೆ ಆ ಅಂತ ನಾಲಿಗೆ ಕೊಟ್ಟ.
ಇದು ಸುಖ.
ಕೆಳಗಡೆ ದುಃಖ.
ಮೇಲ್ಗಡೆ ಯಾವತ್ತು ಬಳ್ಳಿ ಜಾರಿ ಬೀಳುತ್ತೋ ಅನ್ನೋ
ಭಯ ಅದರ ಮಧ್ಯದಲ್ಲಿ ಜೇನಿನ ತೊಟ್ಟು.
ಹೀಗೆ ಕಷ್ಟದ ಒಂದು ಸಾಧನೆಯನ್ನು ಮಾಡಿದ. ಯಾವಾಗ ಮಿತಿಮೀರಿದ ಸುಖದ ನಿರೀಕ್ಷೆಯನ್ನ ಇಟ್ಟುಕೊಂಡರೆ ಆ ಸುಖ ಈ ವ್ಯಕ್ತಿ ನೆಕ್ಕುವ ಜೇನಿನ ಹನಿಯಂತೆ ತೊಟುಕಾಗಿರಬಹುದು.
ಭಯ ದುಃಖಗಳ ಮಧ್ಯದಲ್ಲಿ ಸಿಗುವ ಸುಖ ಅದು ನಿರಾಶೆಗೆ ಈಡು ಮಾಡಬಹುದು.",2239,2914,,,102
kn_kannada_15_0004,kannada_15,kn,Dvaita,4,"ಆದ್ದರಿಂದ ದುಃಖದ ಮಧ್ಯದಲ್ಲಿ ಸಿಗುವ ತೊಟುಕು ಸುಖ ಅದು ದುಃಖ ಸಮಾನ. ಅನ ಅಂತ ಸುಖ ದುಃಖಗಳು ಎರಡು ತ್ಯಾಜ್ಯ.
ನನಗೆ ಇದರಿಂದ ಸುಖವು ಬೇಡ ಈ ದುಃಖಕ್ಕೂ ನಾನು ಹಿಂಜರಿಯುವುದಿಲ್ಲ.
ಈ ಭಾವದಿಂದ ಇದು ನನ್ನ ಕರ್ತವ್ಯ ಅನ್ನೋ ಛಲದಿಂದ ಮುನ್ನುಗ್ಗು.
ಇದು ಕರ್ತವ್ಯಕ್ಕೆ ಶ್ರೀಕೃಷ್ಣ ನೋಡಿ ಭಗವದ್ಗೀತೆ ನಮ್ಮ ಇವತ್ತಿನ ಬುದ್ಧಿಜೀವಿಗಳು ಅಥವಾ ಸಂಶೋಧಕರು ಹೇಳುವಂತೆ ಸುಮಾರು ಎರಡುವರೆ ಸಾವಿರ ಕ್ರಿಸ್ತಪೂರ್ವ ಅಷ್ಟು ಪ್ರಾಚೀನವಾದ ಒಂದು ಗ್ರಂಥ. ಅಲ್ಲಿ ವ್ಯಾಸರು ಶ್ರೀಕೃಷ್ಣ ಕೊಟ್ಟ ಕರ್ತವ್ಯದ ಸಂದೇಶ ನೋಡ್ರಿ. ನೀನು ಈ ಪ್ರಪಂಚದಲ್ಲಿ ನಿನ್ನ ಕರ್ತವ್ಯಕ್ಕಾಗಿ ಹುಟ್ಟಿದ್ದಿ ಹೊರತು ನಿರ್ವಂಚನೆಯಿಂದ ಲಾಭ ಸೋಲುಗಳ ಬಗ್ಗೆ ನಿರೀಕ್ಷೆಯನ್ನ ಬಿಟ್ಟು ನಿನ್ನ ಕರ್ತವ್ಯ ಅನ್ನೋದು ಏನು ನೆರವೇರಿಸು. 
ಇದು ಜೀವನದ ಗುರಿಯಾಗಿರಬೇಕು. 
ಕೆಲಸವನ್ನ ನಾವು ಸಹಿವಿ ಏಕೆ ಹೊರತು ಕೆಲಸದಿಂದ ಬರುವ ಫಲವನ್ನ ನಿರೀಕ್ಷಿಸಿ ಕೆಲಸ ಕೆಲಸದಿಂದ ಸಿಗುವ ಸುಖವನ್ನ
ಕಳೆದುಕೊಳ್ಳಬಾರದು. 
ಆದ್ದರಿಂದ ಅರ್ಜುನ ಸುಖ ದುಃಖೆ ಸಮೇಕೃತ್ವ
ವೈಶೈಕ ಸುಖವು ದುಃಖಕ್ಕೆ ಸಮಾನ ಅಂತ ತಿಳಿದು ಒಂದು.",2916,3676,,,104
kn_kannada_15_0005,kannada_15,kn,Dvaita,5,"ಲಾಭಾ ಲಾಭೌ
ನಾನು ಮಾಡಿದ ಈ ಕೆಲಸದಿಂದ ನನಗೆ ಲಾಭ ಆಗುತ್ತೋ ನಷ್ಟ ಆಗುತ್ತೋ ಯೋಚನೆ ಮಾಡಬೇಕು. ಮಾಡಬೇಡ. 
ನಿನ್ನ ಕರ್ತವ್ಯ ಇದು ನೀನು ಮಾಡು. 
ವಿದ್ಯಾರ್ಥಿ ತಾನು ಓದುವ ಸಮಯದಲ್ಲಿ ನಾನು ಇಷ್ಟು ಕಷ್ಟಪಟ್ಟು ಓದಿದ್ರೆ ನನಗೆ ಕೆಲಸ ಸಿಗುತ್ತೋ ಇಲ್ವೋ ಅನ್ನೋದನ್ನ ಯೋಚನೆ ಮಾಡಿದರೆ ಓದು ಕುಂಠಿತವಾಗುತ್ತದೆ. 
ಸಿಗುತ್ತೋ ಇಲ್ವೋ ಅನ್ನೋ ನಿರೀಕ್ಷೆಯನ್ನ ಬಿಟ್ಟು ಓದೋದು ನನಗೆ ಅನ್ನ ಕರ್ತವ್ಯ ಅನ್ನೋ ಕರ್ತವ್ಯದಲ್ಲಿ ತೊಡಗಿದರೆ
ಕೆಲಸ ಸಿಕ್ರೆ ಅದರಿಂದ ಸಿಗುವ ಸುಖ ಅದು ದುಪ್ಪಟ್ಟಾಗ್ತದೆ.
ಆದ್ದರಿಂದ ಕರ್ತವ್ಯವನ್ನ ನೆರವೇರಿಸುವಾಗ ಲಾಭ ನಷ್ಟದ ಬಗ್ಗೆ ಚಿಂತನೆಯನ್ನ ಬಿಡಬೇಕು.
ಜಯಾ ಜಯೌ ಪ್ರಕೃತ ಯುದ್ಧ.
ಯುದ್ಧದ ಲಾಭ ಅಂದ್ರೆ ಏನು? ಆರ್ಥಿಕವಾದ ಲಾಭ ಅಲ್ಲ.
ಜಯ
ಅಪಜಯ
ಸೋಲು ಗೆಲುವು.
ಈ ಯುದ್ಧವನ್ನ ಮಾಡಿದರೆ ನಾನು ಸೋಲ್ತೇನೋ ಗೆಲ್ತೇನೋ.
ಇಷ್ಟು ಕಷ್ಟಪಟ್ಟು ಬಂಧುಗಳನ್ನ ಕೊಂದರು ನನಗೆ ಜಯ ಬರಲಿಲ್ಲ.
ಇದನ್ನ ಯೋಚನೆ ಮಾಡಿದ್ರೆ ನಿರಾಶೆ ಆಗುತ್ತೆ.
ಅಥವಾ ಬಂಧುಗಳನ್ನು ಕೊಂದು ಜಯ ಸಿಕ್ತು.",3678,4385,,,101
kn_kannada_15_0006,kannada_15,kn,Dvaita,6,"ಈ ಜಯವನ್ನು ಹಿಡಿದುಕೊಂಡು ಏನು ಮಾಡಬೇಕು? ಬಂಧುಗಳಿಲ್ಲ, ಬಳಗಲಿಲ್ಲ, ಸ್ನೇಹಿತರಿಲ್ಲ, ಏನು ಮಾಡಬೇಕು? ನಿರಾಶೆ.
ನೀನು ಜಯ ಅಪಜಯಗಳ ಬಗ್ಗೆ ಯುದ್ಧದಿಂದ ಸಿಗುವ ಪರಿಣಾಮದ ಬಗ್ಗೆ ಯೋಚನೆ ಮಾಡದೆ ಸುಖ ದುಃಖಗಳನ್ನು ಕಡೆಗಣಿಸಿ ಲಾಭ ಲಾಭಗಳ ಬಗ್ಗೆ ತಲೆ ಕೆಡಿಸಿಕೊಳ್ಳದೆ ತತೋ ಯುದ್ಧಾಯ ಯುಜ್ಯಸ್ವ. 
ಇದು ನಿನ್ನ ಸ್ವಕರ್ಮ ಕ್ಷತ್ರಿಯ. 
ಯುದ್ಧಾಯ ಯುಜ್ಯಸ್ವ ನೀನು ಈ ಕರ್ತವ್ಯದಲ್ಲಿ ತೊಡಗು. 
ಇವತ್ತಿನ ಕೆಲಸಗಾರರಿಗೆ ದೇಶ ಸೇವೆಗೆ ಹೊರಟವರಿಗೆ ಅಥವಾ ಜೀವನಕ್ಕಾಗಿ ಸರಕಾರಿ ಕೆಲಸಗಳನ್ನು ಅವಲಂಬಿಸಿದವರಿಗೆ ಒಂದು ದೊಡ್ಡ ಸಂದೇಶ ಇದು. ಅವರು ತಮಗೆ ತಿಂಗಳ ಕೊನೆಯಲ್ಲಿ ಸಿಗುವ ಸಂಬಳ ಎಷ್ಟು ಅನ್ನೋದರ ಬಗ್ಗೆ ಯೋಚನೆಯನ್ನ ಬಿಟ್ಟು ಈ ಕೆಲಸಕ್ಕೆ ನಾನು ಒಪ್ಪಿಕೊಂಡಿದ್ದೇನೆ. ನನಗೆ ಇದರ ಪ್ರತಿಫಲವಾಗಿ ಸಂಬಳ ಎಷ್ಟೇ ಬರಲಿ ನಾನು ನಿಷ್ಠನಾಗಿ ನಿರ್ವಂಚನೆಯಿಂದ ನನ್ನ ಈ ಕರ್ತವ್ಯವನ್ನು ಮುಗಿಸಬೇಕು. 
ಈ ಪ್ರಜ್ಞೆ ಇದ್ದರೆ ಇದೊಂದು ಶ್ರೀಕೃಷ್ಣನ ಸಂದೇಶವನ್ನು ನಾವು ಪಾಲಿಸಿದರೆ ಸಾಕು ನಮ್ಮ ಸರಕಾರದ ಅನೇಕ ಶಾಖೆಗಳು ಅಕೃತ್ಯ, ಅನ್ಯಾಯ, ಮೋಸ, ಲಂಚ ಈ ದುಷ್ಟ ಭಾವಗಳಿಗೆ ಒಳಗಾಗದೆ ದೊಡ್ಡ ಮಟ್ಟದ ಸುಧಾರಣೆಯನ್ನು ಕಂಡಾವು.",4386,5187,,,109
kn_kannada_15_0007,kannada_15,kn,Dvaita,7,"ಅಷ್ಟೇ ಅಲ್ಲ ಇಂತಹ ಉದ್ದೇಶ ಇಟ್ಟುಕೊಂಡು ಲಾಭಾಲಾಭದ ಬಗ್ಗೆ ಯೋಚನೆ ಮಾಡದೆ ಇದು ನನ್ನ ಕರ್ತವ್ಯ ಅಂತ ನಾವು ನಮ್ಮ ಕರ್ತವ್ಯವನ್ನು ನಿಷ್ಠೆಯಿಂದ ಮಾಡಿದರೆ ಅದಕ್ಕೆ ಸಿಗುವ ಫಲ ಅನಂತ.
ನಮಗೆ ಸರಕಾರ ಒಂದಿಷ್ಟು ಸಂಬಳ ಕೊಟ್ಟಿತ್ತು ಅಥವಾ ನಮ್ಮ ಅಧಿಕಾರಿ ಒಂದಿಷ್ಟು ಸಂಬಳವನ್ನು ಕೊಟ್ಟಾನು ಅಷ್ಟೇ ಕರ್ಮದ ಫಲ ಅಲ್ಲ.
ನಿಮ್ಮ ಕೆಲಸವನ್ನ ವಿಶ್ವತಶ್ಚಕ್ಷುವಾಗಿ ನೋಡುವ ಸಹಸ್ರಾಕ್ಷಣಾದ ಭಗವಂತ ಇದ್ದಾನೆ.
ಅವನು ಮೆಚ್ಚಬೇಕು ಅನ್ನೋ ದೃಷ್ಟಿಯಿಂದ ಕೆಲಸವನ್ನ ಮಾಡಿದಾಗ ಅದರಿಂದ ಸಿಗುವ ಲಾಭ ತೃಪ್ತಿ ಅದು ಬೇರೆಯೇ.
ನಾವು ನಮ್ಮ ಕಾರ್ಯಕ್ಷೇತ್ರದಲ್ಲಿ ಜನಸೇವೆಯೇ ಜನಾರ್ದನನ ಸೇವೆ ಅಂತ ದೊಡ್ಡದಾಗಿ ಫಲಕವನ್ನು ಹಾಕಿಕೊಂಡಿರುತ್ತೇವೆ. 
ಅದು ಕಾರ್ಯದಲ್ಲಿ ಬರಬೇಕು. 
ಅದು ಹೃದಯದ ಒಳಗಡೆ ಬರಬೇಕಾ ಬೋರ್ಡು. 
ಆವಾಗ ನಿರ್ವಂಚನೆಯಿಂದ ನಮ್ಮ ಕರ್ತವ್ಯವನ್ನು ನಾವು ಮಾಡಿ ದೇಶ ಸೇವೆಯನ್ನು ಮಾಡಿದ ನಿಜವಾದ ಆದ ಪುಣ್ಯ ಭಾಗಿಗಳು ಆದೇವು. ಆದ್ದರಿಂದ ಕೃಷ್ಣ ಅರ್ಜುನನಿಗೆ ಕೊಟ್ಟ ಸಂದೇಶ ಯುದ್ಧ ನಿನ್ನ ಕರ್ತವ್ಯ. ಆದ್ದರಿಂದ ಆಗುವ ಸುಖ ದುಃಖದ ಬಗ್ಗೆ ಲಾಭ ಅಲಾಭಗಳ ಬಗ್ಗೆ ಲಾಭ ನಷ್ಟಗಳ ಬಗ್ಗೆ ಜಯ ಅಪಜಯದ ಬಗ್ಗೆ ಸೋಲು ಗೆಲುವುಗಳ ಬಗ್ಗೆ ನೀನು ಯೋಚನೆ ಮಾಡಬೇಡ ನೀನು ಮಾಡಿದ್ದಕ್ಕೆ ಏನು ಕೊಡಬೇಕು ಅಂತ ನನಗೆ ಗೊತ್ತು ನಾನಿದ್ದೇನೆ.",5188,6069,,,124
kn_kannada_15_0008,kannada_15,kn,Dvaita,8,"ಜವಾಬ್ದಾರಿ ತತೋ ಯುದ್ಧಾಯ ಯುದ್ಧ್ಯಸ್ವ ನೈವ ಪಾಪಮ ವಾಪ್ಸ್ಯಸಿ. 
ನಿನ್ನ ಕರ್ತವ್ಯವನ್ನ ನೀನು ಮಾಡಿದ್ರೆ ಅರ್ಜುನ ಪಾಪ ಬರುತ್ತದೆ ಅಂತ ಯಾವ ಧರ್ಮಶಾಸ್ತ್ರ ಹೇಳುತ್ತದೆ ಹೇಳು. 
ಆದ್ದರಿಂದ ಪಾಪಮೇವಾಶ್ರಯೇದಸ್ಮಾತ್ ಅಂತ ಏನು ನೀನು ಸಂಶಯವನ್ನ ವ್ಯಕ್ತಪಡಿಸಿದ್ದಿ ಆ ಪಾಪ ನಿನಗೆ ಖಂಡಿತ ಅಂಟೋದಿಲ್ಲ ಈ ಕೆಲಸ ಭಗವಂತ ಮೆಚ್ಚುವ ಕೆಲಸ ಅನ್ನೋ ಭಾವದಿಂದ ಫಲದ ಬಗ್ಗೆ ನಿರಾಶನಾಗಿ ನಿನ್ನ ಕರ್ತವ್ಯವನ್ನು ನೆರವೇರಿಸು ಇದರಿಂದ ನೀನು ಪಾಪವನ್ನು ಹೊಂದುವುದಿಲ್ಲ. ಒಬ್ಬ ಯೋಧ ನಮ್ಮ ದೇಶದ ರಕ್ಷಣೆಗಾಗಿ ನಿಂತವ. ಶತ್ರುಗಳು ನುಗ್ಗಿ ಬಂದಾಗ ಅವರನ್ನು ಕೊಂದರೆ ನನಗೆ ಪಾಪ ಬರುತ್ತದೆ ಅಂತ ಕೂತರೆ ಅವನು ತನ್ನ ಕರ್ತವ್ಯವನ್ನು ನೆರವೇರಿಸಲಿಲ್ಲ. ನೆರವೇರಿಸಿದಂತೆ ಆಗುತ್ತಾ?
ಆ ಸಂದರ್ಭದಲ್ಲಿ ಆ ಕಡೆ ಈ ಕಡೆ ನೋಡದೆ ಲಾಭ ನಷ್ಟಗಳನ್ನ ಕಡೆಗಣಿಸಿ ತನ್ನ ಕರ್ತವ್ಯವನ್ನು ಮಾಡಿದರೆ ಮಾತ್ರ ಶತ್ರು ಬದುಕಿದ್ದನು ಏನಾದರೂ ಶೇಷ ಅವನಿಗೆ.
ಆ ರೀತಿ ಕರ್ತವ್ಯದಲ್ಲಿ ತೊಡಗು.
ಮತ್ತೊಮ್ಮೆ ಶ್ಲೋಕ ಸುಖ ದುಃಖೆ ಸಮೇ ಕೃತ್ವಾ ಲಾಭಾ ಲಾಭೌ ಜಯಾ ಜಯೌ ತತೋ ಯುದ್ಧಾಯ ಯುಜ್ಯಸ್ವ ನೈವ ಪಾಪಂ ಅವಾಪ್ಸೆಸಿ ಪಾಪಂ ನೈವ ಅವಾಪ್ಸೆಸಿ ಪಾಪವನ್ನು ಖಂಡಿತ ಹೊಂದುವುದಿಲ್ಲ ಅರ್ಜುನ ಇದುವರೆಗೆ ಶ್ರೀಕೃಷ್ಣ ಅರ್ಜುನ ನನಗೆ ಕರ್ತವ್ಯ ದೃಷ್ಟಿಯಿಂದ ಯುದ್ಧವನ್ನು ಮಾಡು.",6070,6960,,,124
kn_kannada_15_0009,kannada_15,kn,Dvaita,9,"ಮಾಡಿದ್ದರಿಂದ ಸ್ವಧರ್ಮ ಅನುಷ್ಠಾನ ಶತ್ರು ಬದುಕಿದ್ರು.
ಎರಡು ಜಯಾಜಯಗಳಲ್ಲಿ ನಿನಗೆ ಐಹಿಕ ಆಮುಷ್ಪಿಕ ಲಾಭಗಳಿವೆ.
ಆದ್ದರಿಂದ ತೊಡಗು.
ಅವರನ್ನು ಕೊಲ್ಲುತ್ತೇನೆ ಅಂತ ಬೇಸರ ಮಾಡಬೇಡ ಶರೀರ ಹೋಗುವಂತದ್ದು. ಆತ್ಮ ಸಾಯೋದಿಲ್ಲ.
ಹೀಗೆ ಕರ್ತವ್ಯದ ದೃಷ್ಟಿಯಿಂದ
ಯುದ್ಧದಲ್ಲಿ ತೊಡಗಿಸಿದ ಶ್ರೀಕೃಷ್ಣ.
ಭಗವದ್ಗೀತೆಯ 39ನೆಯ ಶ್ಲೋಕದಿಂದ
ಯುದ್ಧ ಒಂದು ಆಧ್ಯಾತ್ಮಿಕ
ಕರ್ತವ್ಯವಾಗಿ ಬದಲಾಯಿಸುತ್ತಾನೆ ಶ್ರೀಕೃಷ್ಣ ಇಲ್ಲಿ. ಯುದ್ಧವನ್ನ
ಇದುವರೆಗೆ ವಸ್ತುಸ್ಥಿತಿಯನ್ನ ಹೇಳಿದ
ಆತ್ಮ ನಿತ್ಯ, ಶರೀರ ಅನಿತ್ಯ
ಈ ಅಧ್ಯಾತ್ಮದ ಸಂದೇಶವನ್ನ ಹೇಳಿದ
ಯುದ್ಧವನ್ನು ಮಾಡು ಮಾಡದೆ ಇದ್ದರೆ ನಿನಗೆ
ಅಕೀರ್ತಿ ಬರುತ್ತದೆ
ಮಾಡಿದ್ರೆ ಜಯ ಸಿಗುತ್ತೋ ಇಲ್ಲವೋ
ಸಿಕ್ಕರೂ ಲಾಭ ಇದೆ ಸಿಗದೆ ಇದ್ದರೂ ಲಾಭ ಇದೆ ಲೌಕಿಕ ದೃಷ್ಟಿಯಿಂದ ಯುದ್ಧದ ವಿಶ್ಲೇಷಣೆಯನ್ನ ಶ್ರೀಕೃಷ್ಣ ಮಾಡಿದ.
ಇದರ ನಂತರ
ಇಡೀ ಯುದ್ಧ ಅಥವಾ ನಾವು ಮಾಡುವ ಜೀವನದಲ್ಲಿ ಮಾಡುವ ಕೆಲಸ ಒಂದು ಅಧ್ಯಾತ್ಮದ ಮುಖವನ್ನು ಅದಕ್ಕೆ ಶ್ರೀಕೃಷ್ಣ ಕೊಡ್ತಾ ಇದ್ದಾನೆ.
39ನೇ ಶ್ಲೋಕ
ಏಶಾತೇ ಭಿಹಿತಾ ಸಾಂಖ್ಯ ಬುದ್ಧಿರಿಯೋಗೇತ್ವಿಮಾಂ ಶುಣು
ಬುದ್ಧ್ಯಾ ಯುಕ್ತೋ ಯಯಾ ಪಾರ್ಥ
ಕರ್ಮ ಬಂಧಂ ಪ್ರಹಾಸ್ಯಸಿ
ಪದ ವಿಭಾಗ
ಏಶಾ
ತೇ
ಅಭಿಹಿತಾ
ಸಾಂಖ್ಯೆ ಬುದ್ಧಿಹಿ ಯೋಗೇ ತು ಇಮಾಂ ಶುಣು ಬುದ್ಧ್ಯಾ ಯುಕ್ತಃ ಯಯಾ ಪಾರ್ಥ ಕರ್ಮ ಬಂಧಂ ಪ್ರಹಾಸ್ಯಸಿ ಇಲ್ಲಿ ಸಾಂಖ್ಯ ಯೋಗ ಅನ್ನುವ ಎರಡು ಶಬ್ದ ಬಂದಿದೆ.",6961,7918,,,130
kn_kannada_15_0010,kannada_15,kn,Dvaita,10,"ನಮ್ಮ ಭಾರತೀಯ ಷಡ್ ದರ್ಶನಗಳಲ್ಲಿ ಈ ಹೆಸರಿನ ಎರಡು ಸಿದ್ಧಾಂತಗಳು ದರ್ಶನಗಳಿವೆ.
ಸಾಂಖ್ಯ ಅಂತ ಒಂದು ಸಿದ್ಧಾಂತ ಕಪಿಲ ಮುನಿಯಿಂದ ಕಪಿಲ ಅಂತ ಪರಮಾತ್ಮನ ಒಂದು ರೂಪ ಇದೆ ಆ ಪರಮಾತ್ಮನು ಕಪಿಲ ರೂಪದಿಂದ ಬಂದು ಸಾಂಖ್ಯ ಸಿದ್ಧಾಂತವನ್ನು ನಿರೂಪಣೆ ಮಾಡಿದ.
ಇವತ್ತು ಸಾಂಖ್ಯ ಸಿದ್ಧಾಂತ ಅಂತ ಏನು ಸಿಗುತ್ತೋ ನಮಗೆ ಅದು ಭಗವಂತನ ಅವತಾರವಾದ ಕಪಿಲ ಹೇಳಿದ್ದಲ್ಲ ಕಪಿಲ ಮುನಿ ಹೇಳಿದ್ದು ಅದು ಇನ್ನೊಬ್ಬ.
ಯೋಗ ಅಂದ್ರೆ ಪಾತಂಜಲ ಸಿದ್ಧಾಂತ ಯೋಗ ಸಿದ್ಧಾಂತ.
ಅದನ್ನ ಪತಂಜಲಿ ಮಹಾಮುನಿ ಆರಂಭ ಮಾಡಿತು. 
ಸಾಂಖ್ಯ ಯೋಗಗಳು ಹೀಗೆ ಎರಡು ಸಿದ್ಧಾಂತಗಳು ದ್ವೈತಾದ್ವೈತ ಅಂತ ಹೇಗಿದೆಯೋ ಸಾಂಖ್ಯ ಯೋಗ ಅಂತ ಎರಡು ಸಿದ್ಧಾಂತಗಳು. 
ಸಾಂಖ್ಯ ಸಿದ್ಧಾಂತ ಇವತ್ತು ನಮಗೆ ಸಿಗೋದು ದೇವರಿಲ್ಲ ಅಂತ ಹೇಳುವ ಆದರೆ ದೇಹ ಬಿಟ್ಟು ಆತ್ಮ ಇದ್ದಾನೆ ಸ್ವರ್ಗ ಇದೆ ಮೋಕ್ಷ ಇದೆ ಆದರೆ ದೇವರು ಅನ್ನೋದು ಇಲ್ಲ. ಅಂತ ಹೇಳುವ ಸಾಂಖ್ಯ ಸಿದ್ಧಾಂತ.
ಯೋಗ ಅಂದ್ರೆ ಅದರ ಜೊತೆಯಲ್ಲಿ ದೇವರನ್ನು ಸೇರಿಸುತ್ತಾರೆ.",7919,8609,,,102
kn_kannada_15_0011,kannada_15,kn,Dvaita,11,"ಪತಂಜಲಿ ಸಾಂಖ್ಯ ಸಿದ್ಧಾಂತಕ್ಕೆ ದೇವರನ್ನ ಸೇರಿಸಿ ಪರಿಷ್ಕರಿಸಿದ.
ದೇವರು ಇದ್ದಾರೆ ಜೀವನು ಇದ್ದಾನೆ.
ಹೀಗೆ ದೇವರನ್ನ ಒಪ್ಪಿದ ಸಾಂಖ್ಯದ ಪರಿಷ್ಕೃತ ರೂಪವಾದ ಒಂದು ದರ್ಶನ ಯೋಗ ದರ್ಶನ. ಜನ.
ದೇವರನ್ನ ಒಪ್ಪದ
ಭೌತಿಕವಾದ
ಜಡ ಪದಾರ್ಥಗಳಿಗೆ ಸ್ವಾತಂತ್ರ್ಯವನ್ನು ಕೊಟ್ಟ ಒಂದು ಸಿದ್ಧಾಂತ ಸಾಂಖ್ಯ ದರ್ಶನ.
ಭಗವದ್ಗೀತೆ ಈ ಶ್ಲೋಕವನ್ನ ವ್ಯಾಖ್ಯಾನ ಮಾಡ್ತಾ ಸಾಂಖ್ಯ ಯೋಗ ಅನ್ನೋ ಶಬ್ದಗಳಿಗೆ ಈ ಎರಡು ದರ್ಶನಗಳು ಅಂತ ಅರ್ಥ ಮಾಡಿದವರೇ ಹೆಚ್ಚು. ನಮ್ಮ ಇತಿಹಾಸ, ಮಹಾಭಾರತ, ವೇದ ಇವುಗಳನ್ನೆಲ್ಲ ನೋಡಿದಾಗ ಭಗವಂತನ ಸ್ಥಾನಕ್ಕೆ ನಾವು ಸೇರಬೇಕಾದರೆ ಸಾಂಖ್ಯ ಒಂದು ಮಾರ್ಗ, ಯೋಗ ಇನ್ನೊಂದು ಮಾರ್ಗ. ಏಕೆ ಸಾಂಖ್ಯೇನ ಯೋಗೇನ ಕೆಲವರು ಸಾಂಖ್ಯದಿಂದ ಕೆಲವರು ಯೋಗ ಮಾರ್ಗದಿಂದ. ದಿಂದ ನನ್ನನ್ನ ಪಡೀತಾರೆ ಅಂತ ಮುಂದೆ ಗೀತೆಯಲ್ಲೂ ಬರುತ್ತದೆ.
ಆದರೆ ಸಾಂಖ್ಯ ಯೋಗ ಶಬ್ದಗಳಿಗೆ ಇಲ್ಲಿ ರಾಘವೇಂದ್ರ ಸ್ವಾಮಿಗಳು ಸಾಂಖ್ಯ ಸಿದ್ಧಾಂತ ಯೋಗ ಸಿದ್ಧಾಂತ ಅಂತ ಅರ್ಥ ಮಾಡಲಿಲ್ಲ.
ಸಂಖ್ಯಾ ಅಂದ್ರೆ ಸಂಸ್ಕೃತದಲ್ಲಿ ಜ್ಞಾನ ಅಂತ ಅರ್ಥ.
ಆಧಾರ ಕೊಡಿ ಒಟ್ಟು ರಾಘವೇಂದ್ರ ಸ್ವಾಮಿಗಳು ಶುದ್ಧಾತ್ಮ ತತ್ವ ವಿಜ್ಞಾನಂ ಸಾಂಖ್ಯಮಿತ್ಯಭಿಧೀಯತೆ ಅಂದಿದ್ದಾರೆ.",8610,9423,,,109
kn_kannada_15_0012,kannada_15,kn,Dvaita,12,"ಸಾಂಖ್ಯ ಅಂದ್ರೆ ಶುದ್ಧನಾದ ಆತ್ಮನ ತತ್ವಜ್ಞಾನ. 
ಇವತ್ತು ನಮ್ಮನ್ನು ಆತ್ಮ ಅಂದ್ರೆ ನಾವು ನಮ್ಮನ್ನು ನಾವೇನು ತಿಳಿದಿದ್ದೇವೋ ಸರಿಯಾದ ತಿಳುವಳಿಕೆ ಅಲ್ಲ.
ದೇವರನ್ನ ನಾವೇನು ತಿಳಿದಿದ್ದೇವೋ ಸರಿಯಾದ ತಿಳುವಳಿಕೆ ಅಲ್ಲ.
ನಮ್ಮ ಪಾಲಿಗೆ ದೇವರು ಅಂದ್ರೆ ಸಂಕಟ ಬಂದಾಗ ವೆಂಕಟರಮಣ ನಮಗೆ ಕಷ್ಟ ಬಂದಾಗ ಅವನನ್ನು ಕಾಲು ಹಿಡಿಯೋದು.
ಸುಖ ಬಂದಾಗ ನೆನೆಸಿದ್ರು ಆಯ್ತು ಇಲ್ಲಾಂದ್ರು ಇಲ್ಲ ನಮಗೆ ಬೇಕಾದ್ದನ್ನು ಕೊಡುವ ಬೇಡವಾದದ್ದನ್ನ ಆಚೆ ಮಾಡುವ ಒಬ್ಬ ಮಹಾನ್ ವ್ಯಕ್ತಿ ಅಂತ. ಇದು ಶುದ್ಧ ಆತ್ಮ ತತ್ವಜ್ಞಾನ ಅಲ್ಲ.
ಭಗವಂತನ ಪಾತ್ರ ದೇವರ ಪಾತ್ರ ಅಷ್ಟೇ ಅಲ್ಲ.
ನಿಮಗೆ ಬೇಕಾದ್ದನ್ನು ಕೊಟ್ಟು ಬೇಡವಾದದ್ದನ್ನು ದೂರ ಮಾಡಲಿಕ್ಕೆ ಅದೊಂದು ಯಾಂತ್ರಿಕವಾಗಿ ಕಲ್ಪಿಸಿದವಾದ ಚೈತನ್ಯ ಅಲ್ಲ ಅದು.
ನಿಮಗೋಸ್ಕರ ಇರುವಂತವನು ಅಲ್ಲ ದೇವರು.
ಅವನಿಗೆ ಬೇಕಾದ ಕೆಲಸಗಳಿವೆ.
ನಮ್ಮನ್ನು ನಾವೇನು ತಿಳ್ಕೊಂಡಿದ್ದೇವೆ? ನಮಗೇನು ಅನಿಸುತ್ತೆ ಕೆಲವೊಮ್ಮೆ ನಾನು ತುಂಬಾ ಒಳ್ಳೆಯವನು ಅಂತ.
ಮತ್ತೊಮ್ಮೆ ಅನಿಸುತ್ತೆ ಕೆಲವು ಸಂದರ್ಭದಲ್ಲಿ ಛೀ ಎಂತ ಕೆಟ್ಟ ಬುದ್ದಿಯಪ್ಪ ನಂದು ಅಂತ.",9425,10181,,,101
kn_kannada_15_0013,kannada_15,kn,Dvaita,13,"ನಮ್ಮ ಬಗ್ಗೆ ನಮಗೆ ಸರಿಯಾದ ಜ್ಞಾನ ಇಲ್ಲ.
ಶ್ರೀಕೃಷ್ಣ ಇದುವರೆಗೆ ಸಾಂಖ್ಯವನ್ನ ಹೇಳಿದ ಶುದ್ಧ ಆತ್ಮನ ಜ್ಞಾನವನ್ನ ಹೇಳಿದ. ದೇಹವೇ ಆತ್ಮನಲ್ಲ ದೇಹಕ್ಕಿಂತ ಬೇರೆಯಾದ ಒಬ್ಬ ಆತ್ಮನಿದ್ದಾನೆ ದೇಹದ ಧರ್ಮಗಳು ಅವನಲ್ಲಿ ಇಲ್ಲ ಅವನು ಶುದ್ಧ ಪರಿಶುದ್ಧ.
ಇನ್ನು ಭಗವಂತನ ಬಗ್ಗೆನೂ ಹೇಳಿದ್ದಾನೆ ಅವನು ದೇವರು ಬಿಂಬ ನಾವು ಪ್ರತಿಬಿಂಬರು ಪ್ರತಿಬಿಂಬ ಕನ್ನಡಿಯಲ್ಲಿ ಬೀಳುತ್ತದೆ. 
ಅದು ಅಲ್ಲಾಡಬೇಕಾದರೆ ನಮ್ಮ ಕೈ ಅಲ್ಲಾಡಬೇಕು. 
ಅದರಂತೆ ನಮ್ಮಲ್ಲಿ ಕ್ರಿಯೆಗಳು ನಡೆಯಬೇಕಾದರೆ ನಾವು ಮಾಡಬೇಕಾದರೆ ಬಿಡಬೇಕಾದರೆ ನಮ್ಮಲ್ಲಿ ಯಾವುದೇ ಒಂದು ಮೂವ್ಮೆಂಟ್ ಕ್ರಿಯೆ ಅದು ಆಗಬೇಕಾದರೆ ಅದು ಭಗವಂತ ಮಾಡಿಸಬೇಕು. 
ಹೀಗೆ ಭಗವಂತ ನ ಅಧೀನಕ್ಕೆ ಈ ಇಡೀ ಈ ಜಗತ್ತು ಒಳಪಟ್ಟಿದೆ. ಇದು ಭಗವಂತನ ಶುದ್ಧ ಜ್ಞಾನ.
ಜೀವ ದೇಹಕ್ಕಿಂತ ಭಿನ್ನನಾದವನು, ದೇಹ ನಶ್ವರ, ಜೀವ ಶಾಶ್ವತ, ಅನಾದಿ ನಿತ್ಯ.
ಈ ಸಾಂಖ್ಯವನ್ನು ನಾನು ಇದುವರೆಗೆ ನಿನಗೆ ಹೇಳಿದ್ದೇನೆ ಅರ್ಜುನ.
ಇಲ್ಲಿ ಬುದ್ಧಿಹಿ ಅಂತ ಶಬ್ದ ಇದೆ.
ಬುದ್ಧಿಹಿ ಅಂದ್ರೆ ಬುದ್ಧಿ ಅಂದ್ರೆ ತಿಳುವಳಿಕೆ, ನಿಂಗೆ ಬುದ್ಧಿ ಇಲ್ವಾ ಅಂತ ಕೇಳ್ತೀವಿ ನಾವು.",10182,10952,,,106
kn_kannada_15_0014,kannada_15,kn,Dvaita,14,"ಬುದ್ಧಿ ಅಂದ್ರೆ ತಿಳುವಳಿಕೆ ಅಂತ ಅರ್ಥ. 
ಆದರೆ ಇಲ್ಲಿ ಬುದ್ಧಿ ಶಬ್ದಕ್ಕೆ ನಾನು ಬುದ್ಧಿಯನ್ನ ಹೇಳಿದ್ದೇನೆ ಅಂತ. 
ವಸ್ತು ಈ ವಾಕ್ಯ ಪ್ರಯೋಗ ನಾವು ಕನ್ನಡದಲ್ಲಿ ಮಾಡ್ತೇವೆ. 
ಸಂಸ್ಕೃತದಲ್ಲಿ ಈ ವಾಕ್ಯ ಪ್ರಯೋಗ ತಪ್ಪು. 
ಬುದ್ಧಿ ಅಂದ್ರೆ ಜ್ಞಾನ, ಜ್ಞಾನವನ್ನು ಹೇಳೋಕೆ ಆಗಲ್ಲ. 
ಮಾತನ್ನ ಆಡಬಹುದು ನಾವು ಹೇಳಬಹುದು. ಜ್ಞಾನವನ್ನು ಹೇಳೋದು ಹೇಗೆ? 
ಅಂದ ಬುದ್ಧಿಹಿ ಅಭಿಹಿತ ಅಂದ್ರೆ ಜ್ಞಾನವನ್ನ ಹೇಳಿದ್ದೇನೆ ಅಂತ ಅರ್ಥ ಅಲ್ಲ ಅದು ಅಬದ್ಧ ಪ್ರಯೋಗ ಅದು. 
ಬುದ್ಧಿಹಿ ಅಂದ್ರೆ ಬುದ್ಧ್ಯತೆ ಅನಯಾ ಇತಿ ಬುದ್ಧಿಹಿ ರಾಘವೇಂದ್ರ ಸ್ವಾಮಿಗಳು ಆ ಅರ್ಥವನ್ನು ಮಾಡಿದ್ದಾರೆ. 
ಯಾವುದರಿಂದ ಜ್ಞಾನವು ನಮಗೆ ಬರ್ತದೋ ಅದು ಬುದ್ಧಿ. 
ಬುದ್ಧಿಗೆ ಕಾರಣವಾದ್ದು.
ನಾನು ಗೀತೆಯ ಅರ್ಥವನ್ನ ಹೇಳಿದರೆ ನಿಮಗೆ ತಿಳುವಳಿಕೆ ಬರುತ್ತದೆ.
ಅಲ್ಲಿಗೆ ಬುದ್ಧಿ ಅಂದ್ರೆ ನನ್ನ ಮಾತು ಅಂತ ಅರ್ಥ.
ಹಾಗಾದರೆ ಬುದ್ಧಿಹಿ ಅಂದ್ರೆ ಮಾತು.
ಸಾಂಖ್ಯ ಅಂದ್ರೆ ಸಾಂಖ್ಯ ದರ್ಶನ ಅಂತ ಅರ್ಥ ಅಲ್ಲ.
ಶುದ್ಧ ಆತ್ಮ ತತ್ವ ಜ್ಞಾನ.
ಅಲ್ಲಿಗೆ ಅರ್ಜುನ ತೇ ನಿನಗೆ ಸಾಂಖ್ಯೇ ಶುದ್ಧ ಆತ್ಮ ಜ್ಞಾನದ ಬಗ್ಗೆ
ಬುದ್ಧಿಸಿ ಮಾತುಗಳನ್ನ ಅಭಿಹಿತ ಹೇಳಿದ್ದೇನೆ.",10954,11757,,,112
kn_kannada_15_0015,kannada_15,kn,Dvaita,15,"ಆತ್ಮನ ಸ್ವರೂಪ ಏನು?
ಪರಮಾತ್ಮನ ಸ್ವರೂಪ ಏನು?
ಇದರ ಬಗ್ಗೆ ಸಂಕ್ಷಿಪ್ತವಾಗಿ ಅರ್ಜುನ ನಿನಗೆ ತಿಳುವಳಿಕೆಯನ್ನ ನೀಡಿದ್ದೇನೆ.
ಜೀವಾತ್ಮ ಪರಮಾತ್ಮನ ಪ್ರತಿಬಿಂಬ ಅವ ಅವನು ಅಜರ ಅಮರ
ಪರಮಾತ್ಮ ಬಿಂಬ ಅವನು ಸರ್ವನಿಯಾಮಕ
ಹೀಗೆ ಏಶಾತೆ ಅಭಿಹಿತಾ ಸಾಂಖ್ಯೆ ಬುದ್ಧಿಹಿ
ಸಾಂಖ್ಯದ ವಿಷಯದಲ್ಲಿ ಶುದ್ಧ ಆತ್ಮ ತತ್ವಜ್ಞಾನದ ಬಗ್ಗೆ ನಾನು ಇದುವರೆಗೆ ಕೆಲವು ಮಾತುಗಳನ್ನು ಆಡಿದ್ದೇನೆ ಅಭಿಹಿತಾ ಬುದ್ಧಿಹಿ ಬುದ್ಧಿಹಿ ಅಂದ್ರೆ ಮಾತು ಆಡಿದ್ದೇನೆ. 
ಯೋಗೇತು ಇಮಾಂ ಶುಣು. 
ಇಲ್ಲಿ ಯೋಗ ಅಂದ್ರೆ ನಮ್ಮ ಈ ಪಾತಂಜಲ ಯೋಗ ಅಲ್ಲ. 
ಈ ಶಬ್ದ ಗೀತೆಯಲ್ಲಿ ಮತ್ತೆ ಮತ್ತೆ ಬರುತ್ತದೆ ಯೋಗ ಅನ್ನೋ ಶಬ್ದ. 
ಅದಕ್ಕೆ ಕೃಷ್ಣನೇ ವಿವರಣೆ ಕೊಟ್ಟಿದ್ದಾನೆ. 
ಯೋಗ ಕರ್ಮಸು ಕೌಶಲಂ. ನಾವು ಮಾಡುವ ಕರ್ತವ್ಯದಲ್ಲಿ ತೋರುವ ಕೌಶಲ
Skillness.
ಅದು ಯೋಗ ಅಂತ.
ಏನದು?
ಅದನ್ನು ಬಿಡಿಸ್ತಾನೆ ಕೃಷ್ಣನೇ ನೋಡಿ.
ಸಿದ್ಧ ಸಿದ್ಧೋ ಸಮೋಭೂತ್ವ ಸಮತ್ವಂ ಯೋಗ ಉಚ್ಚತೆ ಅಂತ.
ಹಿಂದಿನ ಶ್ಲೋಕದಲ್ಲಿ ಶ್ರೀಕೃಷ್ಣ ಹೇಳಿದಂತೆ ನಾವು ಜೀವನದಲ್ಲಿ ನಮ್ಮ ಕರ್ತವ್ಯವನ್ನ ನೆರವೇರಿಸಿದಾಗ ಅದು ಕೆಲವೊಮ್ಮೆ ಸಫಲವಾಗಬಹುದು, ಕೆಲವೊಮ್ಮೆ ನಿಷ್ಫಲವಾಗಬಹುದು.",11759,12553,,,108
kn_kannada_15_0016,kannada_15,kn,Dvaita,16,"ಸಿದ್ದಿ ಅಸಿದ್ದಿ ಅದು ಸಫಲವಾಗಲಿ ನಿಷ್ಫಲವಾಗಲಿ ನನ್ನ ಕರ್ತವ್ಯದನ್ನು ನಾನು ನೆರವೇರಿಸಿದ್ದೇನೆ ಅನ್ನೋ ತೃಪ್ತಿ ಏನಿದೆಯೋ ಇದನ್ನ ಯೋಗ ಕರ್ಮದಲ್ಲಿ ಮಾಡಬೇಕು. ಆಡುವ ಕೌಶಲ.
ಕೃಷ್ಣನಿಗೆ ಯೋಗೇಶ್ವರ ಅಂತ ಹೆಸರು.
ಯಾಕೆ ಅಂದ್ರೆ
ಅವನು ದೇವ ದೇವ.
ಈ ಲೋಕವೆಂಬ ಆಶ್ರಯವನ್ನ 14 ಒಳಗೆ ಬರೆ ಭೂಮಿ ಅಲ್ಲ.
14 ಲೋಕದ ಅದ್ಭುತ ಪ್ರಪಂಚವನ್ನ ನಿರ್ಮಾಣ ಮಾಡಿದ ಅದಮ್ಯ ಶಕ್ತಿ ಪರಮಾತ್ಮ. ಮಹಾಭಾರತ ಯುದ್ಧದಲ್ಲಿ ಶ್ರೀಕೃಷ್ಣ ಮಾಡಿದ್ದೇನು? ಅರ್ಜುನನ ರಥವನ್ನು ಓಡಿಸುವ ಸೂತನ ಕೆಲಸ. ಆದರೆ ಎಷ್ಟು ಆ ಅವನ ವ್ಯಕ್ತಿತ್ವ ಎಲ್ಲಿ? ಅವನು ಕೈಗೊಂಡ ಕೆಲಸ ಎಲ್ಲಿ? ಆದರೆ ಎಷ್ಟು ನಿಷ್ಠೆಯಿಂದ ಶ್ರೀಕೃಷ್ಣ ಅದನ್ನ ನೆರವೇರಿಸಿದ ಅಂದ್ರೆ ಕುದುರೆಗಳಿಗೆ ಗಾಯವಾದಾಗ ಅದಕ್ಕೆ ಔಷಧ ಉಪಚಾರಗಳನ್ನ ಮಾಡಿ ಕಾಲ ಕಾಲಕ್ಕೆ ತಿಂಡಿ ತಿನಸುಗಳನ್ನ ತಿನ್ನಿಸಿ ನೀರು ಕುಡಿಸಿ ಮೈ ದಡವಿ ಅರ್ಜುನ ಯುದ್ಧ ಆರಂಭ ಮಾಡುವಂತ ಆಯ್ತಾ.
ಒಬ್ಬ ದೇವ ದೇವ ಮಾಡಿದ ಯೋಗ ಇದು ಕರ್ಮ ಸೌಕೌಶಲಂ.
ಶ್ರೀ ಕೃಷ್ಣ ಯುದ್ಧದಲ್ಲಿ ತಾನು ಕೈಗೊಂಡ ಕರ್ತವ್ಯ ಒಬ್ಬ ಸಾರಥ್ಯ ಒಬ್ಬ ಸಾರಥಿಯಾಗಿ ಅವನು ಏನು ಮಾಡಿದ ಮಾಡಬೇಕು.",12554,13316,,,112
kn_kannada_15_0017,kannada_15,kn,Dvaita,17,"ಅದನ್ನ ಎಷ್ಟು ನಿಷ್ಠೆಯಿಂದ ಮಾಡಿದ್ದ ಇದು ಯೋಗ. 
ಯೋಗಃ ಉಪಾಯಃ. 
ಅಂದ್ರೆ ಮೊದಲನೆಯದು ಶುದ್ಧಾತ್ಮ ತತ್ವ ಜ್ಞಾನ ಸಂಖ್ಯ. 
ಯೋಗ ಅಂದ್ರೆ ಆ ಜ್ಞಾನವನ್ನ ಪಡೆಯೋದಕ್ಕೆ ಬೇಕಾದ ಉಪಾಯ. 
ಉಪಾಯ ಅಂದ್ರೆ ಸಾಧನ ಸಲಕರಣೆ. 
ನಾವು ಜೀವನದಲ್ಲಿ ಒಳ್ಳೆಯ ಉದ್ದೇಶವನ್ನ ಇಟ್ಟುಕೊಂಡು ಕರ್ತವ್ಯವನ್ನ ನಿಷ್ಠೆಯಿಂದ ಮಾಡಿದರೆ ಆ ಜ್ಞಾನದ ಪ್ರಾಪ್ತಿ ನಮಗಾಗುತ್ತೆ. ಆ ಜ್ಞಾನದ ಗಳಿಕೆಗೆ ಸಾಧನ ಏನಿದೆಯೋ ನಾವು ಮಾಡುವ ಕರ್ತವ್ಯ ಏನಿದೆಯೋ ಅದನ್ನ ಯೋಗ ಅಂತ ಕರೆದಿದ್ದಾನೆ. ಯೋಗೇತು ಇಮಾಂಶುಣು ಮುಂದೆ ನಾನು ಈ ಜ್ಞಾನ ಪಡೆಯುವುದಕ್ಕೆ ಬೇಕಾದ ಯೋಗವನ್ನು ಸಾಧನೆಯನ್ನು ಪ್ರಥಮ ಶಕ್ತಿ ಶಟ್ಟಕದಲ್ಲಿ ಆರನೇ ಅಧ್ಯಾಯದವರೆಗೂ ಹೇಳುತ್ತೇನೆ ಅಂತ. 
ಇಲ್ಲಿಂದ ಗೀತೆ ಒಂದು ತಿರುವು ಪಡೀತದೆ ಟ್ವಿಸ್ಟ್ ತಗೊಳ್ಳುತ್ತೆ. 
ಆ ಪರಮಾತ್ಮನ ನಮ್ಮ ಸರಿಯಾದ ಜ್ಞಾನ ಹೇಗೆ ಬಂದಿತು ಅನ್ನೋ ಉಪಾಯವನ್ನು ನಾನು ಮುಂದೆ ಹೇಳುತ್ತೇನೆ. 
ಆಯ್ತು ಅದರಿಂದ ನಾನೇನು ಮಾಡಬೇಕು? 
ಅಲ್ಲಿಗೆ ಯುದ್ಧ ಕೇವಲ ಒಂದು ಜಯ ಅಪಜಯ ಇಷ್ಟೇ ಸೀಮಿತವಾದ ಒಂದು ಕರ್ತವ್ಯ ಅಲ್ಲ.",13318,14043,,,101
kn_kannada_15_0018,kannada_15,kn,Dvaita,18,"ಅದು ಒಂದು ಯೋಗ. 
ಜ್ಞಾನ ಪ್ರಾಪ್ತಿಗೆ ಭಗವಂತನ ಅನುಗ್ರಹಕ್ಕೆ ಭಗವಂತನ ತಿಳುವಳಿಕೆಗೆ ಕಾರಣವಾಗ ಒಂದು ದೊಡ್ಡ ಸಾಧನೆ ಅದು. 
ನಾವು ಜಪ ಪೂಜೆ ಮುಂತಾದ ಧಾರ್ಮಿಕ ಕಾರ್ಯಗಳನ್ನು ಏನು ನಡೆಸುತ್ತೇವೆ. ಇದು ಹೇಗೆ ಒಂದು ಸಾಧನೆಯೋ
ಕ್ಷತ್ರಿಯರಿಗೆ ಯುದ್ಧವು ಅಂತ ಒಂದು ಸಾಧನೆ.
ಬುದ್ಧ್ಯಾ ಯುಕ್ತೋಯಯಾ ಪಾರ್ಥ
ಈ ಯೋಗದಿಂದ ನೀನು ಆ ಬುದ್ಧಿಯನ್ನ ಅಂದ್ರೆ
ಶುದ್ಧಾತ್ವ ತತ್ವಜ್ಞಾನವನ್ನ ನನ್ನ ಮಾತನ್ನ
ಕೇಳಿಕೊಂಡ್ರೆ ಬುದ್ಧ್ಯಾ ಯುಕ್ತಃ ನನ್ನ ಮಾತನ್ನ ಕೇಳಿ ತಿಳಿದುಕೊಂಡು ಅದರಂತೆ ಅನುಷ್ಠಾನ ಮಾಡಿದಿ ಅಂದ್ರೆ ಅರ್ಜುನ ಕರ್ಮಬಂಧಂ ಪ್ರಹಾಸ್ಯಸಿ. 
ಈ ಪ್ರಪಂಚದ ಬಂಧವನ್ನೇ ಕಳೆದುಕೊಳ್ಳುತ್ತಿ ಮೋಕ್ಷ ಸಿಗುತ್ತದೆ ನಿನಗೆ. 
ಅದನ್ನ ಇದು ಯುದ್ಧ ರಾಜ್ಯ ಲಾಭ ಬಹಳ ಕ್ಷುಲ್ಲಕ ಇದು. 
ಇಡೀ ಮತ್ಯ ಹುಟ್ಟಿ ಬರದ ಮೋಕ್ಷಕ್ಕೆ ಹೋಗುವಷ್ಟು ದೊಡ್ಡ ಫಲಕ್ಕೆ ಸಾಧನವಾದದ್ದು ಈ ಯುದ್ಧ ಅಂತ ತಿಳ್ಕೋ. 
ಆದ್ದರಿಂದ ಇದುವರೆಗೆ ನಾನು ಆತ್ಮ ತತ್ವಜ್ಞಾನದ ಬಗ್ಗೆ ಕೆಲವು ಮಾತುಗಳನ್ನು ಆಡಿದ್ದೇನೆ. 
ಇನ್ನು ಮುಂದೆ ಆ ಆತ್ಮ ತತ್ವಜ್ಞಾನವನ್ನು ಹೇಗೆ ಪಡೆಯಬಹುದು ಅದಕ್ಕೆ ಬೇಕಾದ ಉಪಾಯವನ್ನು ಹೇಳುತ್ತೇನೆ.",14045,14821,,,106
kn_kannada_15_0019,kannada_15,kn,Dvaita,19,"ಇದರ ಮಹತ್ವ ಏನು ಅಂದ್ರೆ ಈ ಶುದ್ಧಾತ್ಮ ತತ್ವಜ್ಞಾನವನ್ನು ನನಗೆ ನನ್ನ ಮಾತಿನಿಂದ ನೀನು ಕೇಳಿ ತಿಳಿದು ಅನುಷ್ಠಾನವನ್ನ ಮಾಡಿದರೆ ಕರ್ಮಬಂಧಂ ಪ್ರಹಾಸ್ಯಸಿ ಮತ್ತೆ ಹುಟ್ಟಿ ಈ ಪ್ರಪಂಚದ ಬಂಧನಕ್ಕೆ ನೀನು ಒಳಗಾಗದಿರುವ ಮೋಕ್ಷವನ್ನ ಪಡೀತೀಯಾ ಮತ್ತೊಮ್ಮೆ ಶ್ಲೋಕ ಏಷಾತೇ ಭಿಹಿತಾ ಸಾಂಖ್ಯೆ ಬುದ್ಧಿರಿ ಯೋಗೇತ್ ವಿಮಾಂ ಶುಣು ಬುದ್ಧ್ಯಾ ಯುಕ್ತೋ ಯಯಾ ಪಾರ್ಥ ಕರ್ಮ ಬಂಧಂ ಪ್ರಹಾಸ್ಯಸಿ 
ಮುಂದಿನ ಭಾಗವನ್ನು ಮುಂದಿನ ಸಂದರ್ಭದಲ್ಲಿ ನೋಡೋಣ ಶ್ರೀಕೃಷ್ಣಾರ್ಪಣಮಸ್ತು 
ಈ ಪ್ರವಚನ ಸೇವೆಯನ್ನು ಶ್ರೀಯುತರಾದ ಮರವೇಕೆರೆ ಮುರಳೀಧರ ರಾಯರು ನಡೆಸಿಕೊಟ್ಟಿದ್ದಾರೆ. ಶ್ರೀಕೃಷ್ಣನ ಪನವಾನುಗ್ರಹದಿಂದ ಅವರ ಅಭಿಷ್ಟಗಳು ಈಡೇರಲಿ ಅಂತ ಪ್ರಾರ್ಥನೆ ಮಾಡುತ್ತಾ ಶ್ರೀಕೃಷ್ಣಾರ್ಪಣಮಸ್ತು.",14823,15350,,,65
kn_kannada_16_0000,kannada_16,kn,Dvaita,0,"ಶ್ರೀ ಗುರುಭ್ಯೋ ನಮಃ ಹರಿಃ ಓಂ ಭಗವದ್ಗೀತೆಯ 39ನೇ ಶ್ಲೋಕದಲ್ಲಿ ಇದುವರೆಗೆ ಸಾಂಖ್ಯದ ಬಗ್ಗೆ ಹೇಳಿದ್ದೇನೆ. ಮುಂದೆ ಯೋಗದ ಬಗ್ಗೆ ಹೇಳುವವನಿದ್ದೇನೆ ಅಂತ ಶ್ರೀಕೃಷ್ಣ ಹೇಳಿದ. ಯೋಗ ಅಂದ್ರೆ ಉಪಾಯ. ಉಪಾಯ ಅಂದ್ರೆ ಸಾಧನೆ. ಯಾವುದನ್ನ ಮಾಡಿದ್ರೆ ನಾವು ತತ್ವಜ್ಞಾನವನ್ನ ಗಳಿಸಬಹುದೋ ಅಂತಹ ಸಾಧನೆಯ ಬಗ್ಗೆ ನಾನು ಹೇಳುತ್ತೇನೆ ಅಂತ ಶ್ರೀಕೃಷ್ಣ ಅರ್ಜುನನಿಗೆ ನಿರೂಪಿಸಿದ. ಅಲ್ಲಿಗೆ ಪ್ರಕೃತ ಯುದ್ಧವನ್ನು ಮಾತ್ರ ಕೇಂದ್ರೀಕರಿಸದೆ ಯುದ್ಧ ಕ್ಷತ್ರಿಯರಿಗೆ ಸಂಬಂಧಪಟ್ಟಿದ್ದು. ಇಡೀ ಸಾಧಕ ವರ್ಗಕ್ಕೆ ಅವನು ಕ್ಷತ್ರಿಯನಾಗಿರಲಿ ಬ್ರಾಹ್ಮಣ, ವೈಶ್ಯ ಯಾರೇ ಆಗಿರಲಿ ಇಡೀ ಸಾಧಕ ವರ್ಗಕ್ಕೆ ಸಂಬಂಧಪಟ್ಟ ಸಂದೇಶವನ್ನ ನಾನು ನೀಡುತ್ತೇನೆ ಅಂತ ಕೃಷ್ಣ ಭಗವದ್ಗೀತೆಯನ್ನ ಅರ್ಜುನನಿಗೆ ಮಾತ್ರ ಮೀಸಲಾಗಿ ಇಟ್ಟಿದ್ದ. ಇಟ್ಟಿದ್ದನ್ನು ಬಿಟ್ಟು
ಸಕಲ ಜಿಜ್ಞಾಸು ವರ್ಗಕ್ಕೆ ಮುಟ್ಟಿಸುವ ಒಂದು ಪ್ರತಿಜ್ಞೆಯನ್ನ ಹಿಂದಿನ ಶ್ಲೋಕದಲ್ಲಿ ಮಾಡಿದ್ದಾರೆ.
ಅದರ ಪ್ರಶಂಸೆಯನ್ನ ಅದರ ಮಹತ್ವ ಏನು ಅಂತ ಮೊದಲು ಒಂದೆರಡು ಶ್ಲೋಕಗಳಲ್ಲಿ ಶ್ರೀಕೃಷ್ಣ ನಿರೂಪಿಸುತ್ತಾನೆ.
40ನೇ ಶ್ಲೋಕದಲ್ಲಿ ಆ ಸಾಧನೆಯ ಯೋಗ ಮಾರ್ಗದ ಉಪಾಯಾನುಷ್ಠಾನದ ಮಹತ್ವವನ್ನು ತಿಳಿಸ್ತಾ ಇದ್ದಾನೆ ಶ್ರೀಕೃಷ್ಣ.",0,830,,,103
kn_kannada_16_0001,kannada_16,kn,Dvaita,1,"ನೇಹಾಭಿಕ್ರಮನಾಶೋಸ್ತಿ ಪ್ರತ್ಯವಾಯೋ ನವಿದ್ಯತೆ ಸ್ವಲ್ಪಮಪ್ಯಸ್ಯ ಧರ್ಮಸ್ಯ ತ್ರಾಯತೆ ಮಹತೋ ಭಯಾತ್ ಪದ ವಿಭಾಗ
ನ ಇಹ ಅಭಿಕ್ರಮ ನಾಶಃ ಅಸ್ತಿ
ಪ್ರತ್ಯವಾಯಃ ನ ವಿದ್ಯತೆ
ಸ್ವಲ್ಪಂ ಅಪಿ ಅಸ್ಯ ಧರ್ಮಸ್ಯ ತ್ರಾಯ ಅತಿ ಮಹತಃ ಭಯಾತ್.
ಬಹಳ ಮುಖ್ಯವಾದ ಒಂದು ಅಂಶ.
ನಾವು ಈಗಾಗಲೇ ಯೋಗ ಅನ್ನುವ ಶಬ್ದದ ಅರ್ಥವನ್ನು ತಿಳಿಸಿಕೊಂಡಿದ್ದೇವೆ.
ಯೋಗ ಅಂದ್ರೆ ಇವತ್ತು ಮಾಡುವ ಯೋಗಾಭ್ಯಾಸ ಅಲ್ಲ.
ಜ್ಞಾನವನ್ನು ಗಳಿಸಬೇಕಾದರೆ ಮಾಡಬೇಕಾದ ಕರ್ತವ್ಯ. ಅದನ್ನ ಒಂದು ಶಬ್ದದಿಂದ ಭಗವದ್ಗೀತೆಯಲ್ಲಿ ಕೃಷ್ಣ ಕರೆದಿದ್ದಾರೆ. ನಿಷ್ಕಾಮ ಕರ್ಮ. ಕಾಮ ಅಂದ್ರೆ ಫಲದ ಬಗ್ಗೆ ಅಭಿಲಾಷೆ. ನಿಷ್ಕಾಮ ಅಂದ್ರೆ ಫಲದ ಬಗ್ಗೆ ಅಭಿಲಾಷೆಯನ್ನು ತೊರೆದ ಕರ್ಮ. ಕರ್ಮ ಅಂದ್ರೆ ಕೆಲಸ. ನಾವು ಜೀವನದಲ್ಲಿ ಯಾವುದೇ ಕೆಲಸವನ್ನು ಮಾಡಿದಾಗಲೂ ಕೂಡ ಅದಕ್ಕೊಂದು ಫಲವನ್ನ ಗುರುತಿಸಿಕೊಂಡಿರ್ತೀವಿ. ಫಲದ ಬಗ್ಗೆ ಆಸಕ್ತಿ ತೋರದ ಕರ್ಮ ನಿಷ್ಕಾಮ ಕರ್ಮ. ಫಲಕ್ಕಾಗಿಯೇ ಮಾಡುವ ಕರ್ಮ ಸಕಾಮ ಕರ್ಮ. ತನ್ನ ಉದಾಹರಣೆಯಿಂದ ಸ್ಪಷ್ಟಪಡಿಸುವುದಾದರೆ,
ಸಂಬಳಕ್ಕಾಗಿಯೇ ನೌಕರಿ ಮಾಡೋದು ಸಕಾಮ ಕರ್ಮ.
ಇದು ನನ್ನ ಕರ್ತವ್ಯ ಅವರ ಇಷ್ಟ ಬಂದಷ್ಟು ಕೊಡ್ಲಿ ಅಂತ
ಫಲದ ಬಗ್ಗೆ ಸಂಬಳದ ಬಗ್ಗೆ ಹೆಚ್ಚು ಒತ್ತು ಕೊಡದೆ ಕರ್ಮವನ್ನು ಮಾಡೋದು ನಿಷ್ಕಾಮ ಕರ್ಮ.",831,1688,,,118
kn_kannada_16_0002,kannada_16,kn,Dvaita,2,"ಕರ್ಮ.
ಈ ನಿಷ್ಕಾಮ ಕರ್ಮದ ಮಹತ್ವವನ್ನು ಅಂದ್ರೆ ಯೋಗದ ಮಹತ್ವವನ್ನ
ಶ್ರೀಕೃಷ್ಣ ಈ 40ನೇ ಶ್ಲೋಕದಲ್ಲಿ ಹೇಳಿದ್ದಾನೆ.
ನ ಇಹ ಅಭಿಕ್ರಮ ನಾಶೋಸ್ತಿ.
ಇಹ ಈ ನಿಷ್ಕಾಮ ಕರ್ಮದಲ್ಲಿ ತೊಡಗಿದವನಿಗೆ ಅಭಿಕ್ರಮ ಅಂದ್ರೆ ಅಂದ್ರೆ ಆರಂಭ
ಅದರ ನಾಶಹ ನ ಅಸ್ತಿ
ಭಗವದ್ಗೀತೆಯನ್ನ ಚಂದ ಕೇಳಿದ
ಅದುವರೆಗೆ ದೇವರು ಧರ್ಮ ಕರ್ಮಗಳ ಬಗ್ಗೆ ಅಷ್ಟು ಶ್ರದ್ಧೆ ಇರಲಿಲ್ಲ
ಕೇಳಿದ ಮೇಲೆ ಅವನಿಗೆ ಶ್ರದ್ಧೆ ಮೂಡಿತು
ನಾಳೆಯಿಂದ ನಾಗ ನಾನು
ಧಾರ್ಮಿಕ ಕಾರ್ಯಗಳನ್ನ ಮಾಡಬೇಕು ಅಂತ ನಿಶ್ಚಯ ಮಾಡಿದ.
ಶುರು ಮಾಡಿದ ಮರುದ್ವೇಷದಿಂದ.
ಆ ಸ್ಪೂರ್ತಿ ಇರುವವರೆಗೆ ಧಾರ್ಮಿಕ ಕಾರ್ಯಗಳು ಜಪವೋ ಪೂಜೆಯೋ ನಡೀತು.
ಆ ಸ್ಪೂರ್ತಿ ಕುಂಠಿತವಾಗ್ತಾ ಬಂತು ಮತ್ತೆ ಮೊದಲನೇ ತರನೆ ಅದನ್ನ ಬಿಟ್ಟಿದ್ದೆ ಅವನು.
ಹಾಗಾದರೆ ಆ ಸ್ಪೂರ್ತಿಯಿಂದ ಒಂದು ನಾಲ್ಕು ದಿವಸ ಸತ್ಕರ್ಮವನ್ನು ಮಾಡಿದ್ನಲ್ಲ ಮತ್ತೆ ಬಿಡ್ಲಿ.
ಅದು ವ್ಯರ್ಥನೋ ಇದು ಉಪಕ್ರಮ ಅಭಿಕ್ರಮ.
ಸತ್ಕರ್ಮದ ಆರಂಭ.
ಮಧ್ಯದಲ್ಲಿ ಬಿಟ್ಟ ಅವನು.
ಅಭಿಕ್ರಮ ನಾಶಹ ನಾಸ್ತಿ.
ನಿಷ್ಕಾಮ ಭಾವನೆಯಿಂದ ನನ್ನ ಕರ್ತವ್ಯ ಇದು.",1689,2417,,,104
kn_kannada_16_0003,kannada_16,kn,Dvaita,3,"ನಾಲ್ಕು ದಿವಸ ಈ ಸತ್ಕರ್ಮಗಳನ್ನ ಮಾಡಿದ್ರು ಆಮೇಲೆ ಬಿಟ್ರು ನಾಲ್ಕು ದಿವಸ ಮಾಡಿದ್ದು ವ್ಯರ್ಥ ಆಗಲ್ಲ ಅದಕ್ಕೊಂದು ಫಲ ಇದೆ ಅಂದ ಶ್ರೀಕೃಷ್ಣ. 
ಇದು ನಿಷ್ಕಾಮ ಕರ್ಮದ ಮಹತ್ವ. 
ಅದೇ ನೋಡಿ ಸಕಾಮ ಕರ್ಮದಲ್ಲಿ ನಾನು ನನ್ನ ಬಡತನದ ನಿವಾರಣೆಗಾಗಿ ಯಾವುದೋ ಒಂದು ಸ್ವಾರ್ಥ. ನನ್ನ ಮಗಳ ಮದುವೆಗಾಗಿ ಇಷ್ಟು ದೊಡ್ಡ ಒಂದು ತಿಂಗಳು ಇಂತಹ ಕೆಲಸವನ್ನ ಮಾಡುತ್ತೇನೆ ಅಂತ ಸಂಕಲ್ಪ ಮಾಡಿದೆ. ಸ್ವಾರ್ಥಕ್ಕಾಗಿ ಈ ಸಂಕಲ್ಪವನ್ನ ಮಾಡಿ ನಾಲ್ಕು ದಿವಸ ಮಾಡಿ ಆಮೇಲೆ ಬಿಟ್ಟರೆ ನಿಮ್ಮ ಇಷ್ಟಾರ್ಥ ನೆರೆ ಬರೋದಿಲ್ಲ. ನೆರವೇರುವುದಿಲ್ಲ ಅಷ್ಟೇ ಅಲ್ಲ, ಆ ಸಂಕಲ್ಪ ಮಾಡಿ ಮಧ್ಯೆ ಬಿಟ್ಟರಲ್ಲ ದೇವರಿಗೆ ಮೋಸ ಮಾಡಿದ್ದೀರಿ ನೀವು. 
ಅದರಿಂದ ಪಾಪ ಬರುತ್ತದೆ. 
ಹೀಗೆ ಸಕಾಮ ಕರ್ಮದಲ್ಲಿ ತೊಡಗಿ ಅಭಿಕ್ರಮ ತೊಡಗಿ ಮಧ್ಯದಲ್ಲಿ ಬಿಟ್ಟರೆ ಪಾಪ ಬರುತ್ತದೆ. 
ನಿಷ್ಕಾಮ ಕರ್ಮದಲ್ಲಿ ಆರಂಭದ ನಾಲ್ಕು ಹೆಜ್ಜೆಗಳನ್ನಿಟ್ಟು ಆಮೇಲೆ ಬಿಟ್ರು ಅದರಿಂದ ಪಾಪ ಬರೋದಿಲ್ಲ.
ಅಷ್ಟೇ ಅಲ್ಲ ಅದರಿಂದ ಅವನಿಗೆ ಯೋಗ್ಯತೆಗೆ ಸಿಗುವಷ್ಟು ಫಲ ಸಿಕ್ಕೇ ಸಿಗುತ್ತದೆ.",2418,3142,,,102
kn_kannada_16_0004,kannada_16,kn,Dvaita,4,"ಇದು ನಿಷ್ಕಾಮ ಕರ್ಮದ ಯೋಗದ ಮಹತ್ವ.
ನ ಇಹ ಅಭಿಕ್ರಮ ನಾಶಃ
ನಿಷ್ಕಾಮ ಕರ್ಮದಲ್ಲಿ ಆರಂಭದ ನಾಶ ಇಲ್ಲ.
ಒಂದಿಷ್ಟು ದಿವಸ ಮಾಡಿದ್ರೆ ಆಮೇಲೆ ಬಿಟ್ಟ ಅದರಿಂದ ವ್ಯರ್ಥ ಆಗೋದಿಲ್ಲ ಅದು. 
ಸ್ನೇಹ ಅಭಿಕ್ರಮ ನಾಶೋಸ್ತಿ. 
ಅಷ್ಟೇ ಅಲ್ಲ ಎರಡನೇ ಅಂಶ ಪ್ರತ್ಯವಾಯೋ ನವಿದ್ಯತೆ. 
ಸಕಾಮ ಕರ್ಮದಲ್ಲಿ ಸಂಕಲ್ಪ ಮಾಡಿದ್ದನ್ನ ಅರ್ಥದಲ್ಲಿ ನಿಲ್ಲಿಸಿದರೆ ಅದರಿಂದ ಅನರ್ಥ ಆಗುತ್ತೆ. 
ಆದರೆ ನಿಷ್ಕಾಮ ಕರ್ಮ ದಲ್ಲಿ ಅರ್ಧದಲ್ಲಿ ನಿಲ್ಲಿಸಿದ್ರು ಅದರಿಂದ ಪಾಪ ಇಲ್ಲ. ಪ್ರತ್ಯವಾಯಹ ನವಿದ್ಯತೆ ಪ್ರತ್ಯವಾಯ ಅಂದ್ರೆ ಪಾಪ ಪಾಪ ಇಲ್ಲ. ಇದು ಸಕಾಮ ಕರ್ಮಕ್ಕೂ ನಿಷ್ಕಾಮ ಕರ್ಮಕ್ಕೂ ಇರುವ ಎರಡು ವ್ಯತ್ಯಾಸ. ಮಾಡಿ ಅರ್ಧಕ್ಕೆ ನಿಲ್ಲಿಸಿದರೆ ತೊಂದರೆ ಇಲ್ಲ. ಅಷ್ಟೇ ಅಲ್ಲ ನಿಲ್ಲಿಸಿದ್ದರಿಂದ ಪಾಪ ಇಲ್ಲ. ಸಕಾಮ ಕರ್ಮದಲ್ಲಿ ಮಾಡಿ ಅರ್ಧಕ್ಕೆ ನಿಲ್ಲಿಸಿದರೆ ಫಲ ಸಿಗುವುದಿಲ್ಲ. ಅಷ್ಟೇ ಅಲ್ಲ ಅರ್ಧಕ್ಕೆ ಸಂಕಲ್ಪ ಮಾಡಿದ್ದನ್ನ ನಿಲ್ಲಿಸಿದ್ದರಿಂದ ಪಾಪ ಬರುತ್ತದೆ. ಎರಡು ಅಂಶ ಆಯ್ತು. ಸ್ವಲ್ಪ ಮಪ್ಯಸ್ಯ ಧರ್ಮಸ್ಯ ತ್ರಾಯತೆ ಮಹತೋ ಭಯಾತ್. ಈ ನಿಷ್ಕಾಮ ಕರ್ಮವನ್ನು ಸ್ವಲ್ಪಮಪಿ ನಮಗೆ ಕೈಲಾದಷ್ಟು ಮಾಡಿದರು ಅದರ ಫಲ ಮಹತ್ತಾದದ್ದು.",3143,3937,,,109
kn_kannada_16_0005,kannada_16,kn,Dvaita,5,"ನೀವು ಯಾವುದೇ ಅಪೇಕ್ಷೆ ಇಲ್ಲದೆ ಇದು ನನ್ನ ಕರ್ತವ್ಯ ಅನ್ನೋ ದೃಷ್ಟಿಯಿಂದ ನಾನು ಮಾಡಿದ ಈ ಕರ್ತವ್ಯದಿಂದ ಈ ಕರ್ತವ್ಯ ವನ್ನ ನನಗೆ ಒದಗಿಸಿಕೊಟ್ಟ ಭಗವಂತ ನೋಡಿ ಸಂತುಷ್ಟನಾಗಲಿ ಅನ್ನೋ ಭಾವನೆಯಿಂದ ನಿಮಗೆ ಕೈಲಾದಷ್ಟು ಮಾಡಿದರು ಅದರ ಫಲ ಬಹು ದೊಡ್ಡದು. ಆದರೆ ಸಕಾಮ ಕರ್ಮವನ್ನ ನೀವು ಮಾಡಿದರೆ ಇಂತಹ ಫಲಕ್ಕೋಸ್ಕರ ಮಗಳ ಮದುವೆಗೋಸ್ಕರ ಈ ಪ್ರದಕ್ಷಿಣೆ. ಎಂತ ಉದ್ದೇಶ ಇಟ್ಟುಕೊಂಡು ಒಂದು ಸತ್ಕರ್ಮವನ್ನ ಮಾಡಿದರೆ
ನಿಮಗೆ ಎಷ್ಟು ಫಲ ಸಿಗಬೇಕೋ ನೂರಕ್ಕೆ ನೂರು ಪಾಲು ಫಲವೂ ಸಿಗಬೇಕು ಅಂತಿಲ್ಲ.
ಅಥವಾ ನೀವೆಷ್ಟು ಗುರಿ ಹಾಕೊಂಡಿದ್ದೀರಾ ಅಷ್ಟೇ ನೀನು ಕೇಳಿದ್ದು ಮಗಳ ಮದುವೆ ತಾನೇ ಅಷ್ಟೇ ಅಂತಾನೆ ದೇವರು.
ಅದೇ ಆ ಸ್ವಾರ್ಥದ ಉದ್ದೇಶ ಬಿಟ್ಟು ಅದೇ ಕರ್ಮವನ್ನ ಮಾಡಿದ್ರೆ
ಭಗವಂತ ಪ್ರೀತನಾಗಿ
ಅನಂತ ಫಲವನ್ನು ಕೊಡುತ್ತಿದ್ದ.
ನೀವು ಅವನು ಕೊಡುವ ಫಲಕ್ಕೆ
ಮಾರ್ಜಿನ್ ಹಾಕಿದಿರಿ.
ತಡೆ ಹಾಕಿದಿರಿ ನಮ್ ಮಗಳ ಮದುವೆ ಆದ್ರೆ ಸಾಕು ಅಂತ.
ಅಲ್ಲಿಗೆ
ಸಕಾಮ ಕರ್ಮದಿಂದ ಸಿಗುವ ಫಲಕ್ಕೆ ಒಂದು ಮಿತಿ ಇದೆ.",3938,4643,,,105
kn_kannada_16_0006,kannada_16,kn,Dvaita,6,"ನಿಷ್ಕಾಮ ಕರ್ಮದಲ್ಲಿ ಸ್ವಲ್ಪಮಪಿ ಅಸ್ಯ ಧರ್ಮಸ್ಯ ತ್ರಾಯತೆ ಮಹತೋ ಭಯಾತ್
ದೊಡ್ಡ ಭಯದಿಂದ ಆ ಕರ್ಮವು ನಿಮ್ಮನ್ನ ರಕ್ಷಣೆ ಮಾಡುತ್ತದೆ.
ನಿಷ್ಕಾಮವಾಗಿ ಭಗವಂತನ ಆದೇಶವನ್ನು ಪಾಲಿಸುವ ಸ್ವಕರ್ಮವನ್ನು ನೀವು ಮಾಡಿದಿರಿ ಅಂದ್ರೆ ನಿಮಗೆ ಸಂಸಾರದಲ್ಲಿ ಬರುವ ಬರಬಹುದಾದ ದೊಡ್ಡ ಕಷ್ಟ ಭಯದಿಂದ ಭಗವಂತ ನಿಮ್ಮನ್ನು ಪಾರು ಮಾಡಬಲ್ಲ.
ಅದೇ ಫಲದ ಗುರಿಯನ್ನು ಇಟ್ಟುಕೊಂಡರೆ ಆ ಫಲವನ್ನು ಮಾತ್ರ ಕೊಟ್ಟು ಸುಮ್ಮನಾಗ್ತಾನೆ.
ಹೀಗೆ ಮೂರು ಲಾಭಗಳು ನಿಷ್ಕಾಮ ಕರ್ಮದಲ್ಲಿದೆ.
ಮೊದಲನೆಯದು ಆರಂಭ ಮಾಡಿ ಮಧ್ಯದಲ್ಲಿ ಬಿಟ್ಟರೆ ಅದು ವ್ಯರ್ಥ ಆಗೋದಿಲ್ಲ ಅದರಿಂದ ಪಾಪ ಬರೋದಿಲ್ಲ.
ಎರಡು.
ಮೂರನೆಯದಾಗಿ ಈ ಕರ್ಮವನ್ನು ನಿಷ್ಕಾಮ ಕರ್ಮವನ್ನು ನಿಮಗೆ ಕೈಲಾದಷ್ಟು ಮಾಡಿದರು ಸಾಕು. 
ಆದ್ದರಿಂದ ದೊಡ್ಡ ಲಾಭ ಇದೆ ತ್ರಾಯತೆ ರಕ್ಷಣೆ ಮಾಡುತ್ತದೆ ಮಹತೋ ಭಯ. 
ದೊಡ್ಡ ಆಪತ್ತಿನಿಂದ ನಿಮ್ಮನ್ನ ರಕ್ಷಣೆ ಮಾಡುತ್ತದೆ ಆ ನಿಷ್ಕಾಮ ಕರ್ಮ. 
ಇದು ನಿಷ್ಕಾಮ ಕರ್ಮದ ಯೋಗದ ವಿಶೇಷ ಅಂತ ಶ್ರೀಕೃಷ್ಣ ಯೋಗವನ್ನು ಪ್ರಶಂಸೆ ಮಾಡಿದರು. ಇಲ್ಲಿ ರಾಘವೇಂದ್ರ ಸ್ವಾಮಿಗಳು ಹೇಳ್ತಾರೆ ನಿಷ್ಕಾಮ ಕರ್ಮವನ್ನ ಮಾಡಿ ಅರ್ಥಕ್ಕೆ ನಿಲ್ಲಿಸಿದ್ರು ಅದು ವ್ಯರ್ಥ ಅಲ್ಲ ಅಂತ ಕೃಷ್ಣ ಗೀತೆಯಲ್ಲಿ ಹೇಳಿದ್ದಾನೆ.",4644,5479,,,112
kn_kannada_16_0007,kannada_16,kn,Dvaita,7,"ವೇದವ್ಯಾಸರು ಬೇರೆ ಪುರಾಣಗಳಲ್ಲಿ ಇನ್ನೊಂದು ಅಂಶವನ್ನು ಸ್ಪಷ್ಟಪಡಿಸಿದ್ದಾರೆ. ಆರಂಭ ಮಾತ್ರಂ ಇಚ್ಛಾವ ವಿಷ್ಣು ಧರ್ಮೇ ನನಿಷ್ಫಲಾತ್
ನಿಮಗೆ ಯಾವುದೋ ಒಂದು ಸಂದರ್ಭದಲ್ಲಿ ಪ್ರವಚನವನ್ನು ಕೇಳ್ತಾನೋ ಅಥವಾ ಇನ್ಯಾವುದೋ ಒಂದು ಸಂದರ್ಭದಿಂದ ನಾನು ಇಂತಹ ಸತ್ಕರ್ಮವನ್ನು ಮಾಡಬೇಕು ಅಂತ ಒಂದು ಇಚ್ಛೆ ಬಂತು.
ನೀವು ಮರುದಿವಸ ಮಾಡಿದ್ದೀರೋ ಇಲ್ವೋ ಆ ಸಂದರ್ಭದಲ್ಲಿ ಆ ಸದಿಚ್ಛೆ ಬಂತಲ್ಲ ಅದಕ್ಕೂ ಒಂದು ಫಲ ಇದೆ. ನೀವು ಮಾಡೋದು ಬೇಡ. 
ಮಾಡಿ ಅರ್ಧದಲ್ಲಿ ನಿಲ್ಲಿಸಿದ್ರು ಅದಕ್ಕೆ ಫಲ ಇದೆ. 
ಇದನ್ನ ಮಾಡಬೇಕು ಅಂತ ನಿಮಗೆ ಆ ಸಂದರ್ಭದಲ್ಲಿ ಇಚ್ಛೆ ಬಂದ್ರು ಅದಕ್ಕೊಂದು ಫಲ ಇದೆ. 
ಉಳಿದವರಿಗೆ ಬರದೇ ಇರುವ ಒಂದು ಭಾವ ನಿಮ್ಮಲ್ಲಿ ಮೂಡುತ್ತಲ್ಲ ಆರಂಭ ಮಾತ್ರಂ ಇಚ್ಛಾವ ಅದರ ಬಗ್ಗೆ ಒಂದು ಇಚ್ಛೆ ಮೂಡಿದ್ರು ಸಾಕು ವಿಷ್ಣು ಧರ್ಮೇ ನ ನಿಷ್ಫಲ. ಭಗವಂತನಿಗೆ ಪ್ರೀತಿಕರವಾದ ಕರ್ಮದ ಬಗ್ಗೆ ನಿಮಗೆ ಮಾಡಬೇಕು ಅಂತ ಇಚ್ಛೆ ಬಂದರೂ ಸಾಕು ಅದು ನಿಷ್ಫಲ ಆಗುವುದಿಲ್ಲ. ಅದಕ್ಕೊಂದು ಫಲ ಇದೆ. ಇದು ನಿಷ್ಕಾಮ ಕರ್ಮ ಸಕಾಮ ಕರ್ಮಗಳ ಅಂತರ.",5480,6206,,,105
kn_kannada_16_0008,kannada_16,kn,Dvaita,8,"ಆದ್ದರಿಂದ ಯೋಗ ಮಾರ್ಗದಲ್ಲಿ ನೀನು ನಿರತನಾಗು. ಯುದ್ಧವನ್ನ ಬರೇ ಒಂದು ಲೌಕಿಕ ಆದ ಫಲಕ್ಕಾಗಿ ಮಾಡುತ್ತೇನೆ ಅಂತ ಅರ್ಜುನ ಯೋಚನೆ ಮಾಡಬೇಡ ಅದು ಒಂದು ಜ್ಞಾನ ಪ್ರಾಪ್ತಿಗೆ ಭಗವಂತನ ಪ್ರೀತಿಕರವಾದ ಒಂದು ಸಾಧನ ಮಾರ್ಗ ಅಂತ ತಿಳ್ಕೊಂಡು ಅದರಲ್ಲಿ ತೊಡಗು. ಇಲ್ಲಿಗೆ ಗೀತೆ ಬರೇ ಅರ್ಜುನನಿಗೆ ಮಾತ್ರ ಸೀಮಿತವಾಗದೆ ಎಲ್ಲ ಸಾಧಕ ವರ್ಗಕ್ಕೂ ವಿಸ್ತೃತವಾದ ಒಂದು ಸಂದೇಶವನ್ನ ನೀಡುತ್ತಾ ಇದೆ. ಅತ್ತಮೆ ಶ್ಲೋಕ
ನೇ ಹಾಭಿಕ್ರಮ ನಾಶೋಸ್ತಿ
ಪ್ರತ್ಯವಾಯೋದ ವಿದ್ಯತೆ
ಸ್ವಲ್ಪಮಪ್ಯಸ್ಯ ಧರ್ಮಸ್ಯ
ತ್ರಾಯತೆ ಮಹತೋ ಭಯಾತ್
ಇದರ ಮೇಲೆ
ನಮ್ಮೆಲ್ಲರಿಗೆ ಒಂದು ಪ್ರಶ್ನೆ ಬರುತ್ತದೆ ನೀನು ಸಾಧನ ಮಾರ್ಗದಲ್ಲಿ ತೊಡಗು ಅಂತಿ ಕೃಷ್ಣ. ನಮ್ಮಲ್ಲಿ ಅನೇಕ ದರ್ಶನಗಳಿವೆ. ಒಂದು ದರ್ಶನ ಹೇಳುತ್ತದೆ ನೀನು ಕರ್ಮಾಚರಣೆಯನ್ನ ಮಾಡು ಅಂತ. ಇನ್ನೊಂದು ದರ್ಶನ ಹೇಳುತ್ತದೆ ಕರ್ಮಾಚರಣೆಯಿಂದ ನೀನು ಭಗವಂತನ ಬಳಿಗೆ ಸೇರುವುದಕ್ಕೆ ಸಾಧ್ಯವಿಲ್ಲ. ನೀನು ಸನ್ಯಾಸ ಆಗಿ ಕರ್ಮವನ್ನ ಬಿಟ್ಟು ಕ್ಷಮದಮ ಉಪನಿಷತ್ತಿನ ಅಧ್ಯಯನ ಆಧ್ಯಾತ್ಮ ಮಾರ್ಗದಲ್ಲಿ ತೊಡಗಿದರೆ ಮಾತ್ರ ದೇವರು ಸಿಗ್ತಾನೆ.",6207,6954,,,100
kn_kannada_16_0009,kannada_16,kn,Dvaita,9,"ಅಲ್ಲಿಗೆ ಕೆಲವರು ಕರ್ಮವೇ ಜೀವನದ ಗುರಿ ಮುಟ್ಟುವುದಕ್ಕೆ ಮೋಕ್ಷಕ್ಕೆ ಸಾಧನ ಅಂತಾರೆ. 
ಕೆರವಲಂತಾರೆ ಜ್ಞಾನ ಅಂತ. ಇನ್ನು ಕೆಲವರು ಅಂತಾರೆ ಯೋಗ ಮಾರ್ಗ ಅಂತ, ಮತ್ತೆ ಕೆಲವರು ಅಂತಾರೆ ಪ್ರಾಣಾಯಾಮ ಅಂತ. ಯಾವುದನ್ನು ಸಾಧನೆ ಮಾರ್ಗ ಅಂತ ನಾನು ನೋಡಬೇಕು ಹೇಳು. ಅಂದ್ರೆ ತುಂಬಾ ಗೊಂದಲ ಇದೆ. ಅಲ್ಲ ಯೋಗಾನುಷ್ಠಾನ ಮಾಡು, ಕರ್ಮಾನುಷ್ಠಾನ ಮಾಡು ಅಂದ್ರೆ ಬೇಡ ಅಂತ ಹೇಳುವ ಒಂದು ವಾದ ಇದೆಯಲ್ಲ. ಏನು ಮಾಡಬೇಕು? ಅದಕ್ಕೆ ಶ್ರೀಕೃಷ್ಣನ ಉತ್ತರ. ವ್ಯವಸಾಯಾತ್ ಆತ್ಮಿಕಾ ಬುದ್ಧಿಹಿ ಏಕೇಹ ಕುರುನಂದನ ಬಹುಶಾಕಾಹ್ಯನಂತಾಶ್ಚ ಬುದ್ಧಯೋ ವ್ಯವಸಾಯಿನಾಂ ಪದ ವಿಭಾಗ ವ್ಯವಸಾಯಾತ್ಮಿಕಾ ಒಂದೇ ಪದ ಅದು ಬುದ್ಧಿಹಿ ಏಕಾ ಇಹ ಕುರುನಂದನ ಬಹುಶಾಖಾಹ ಶಿ ಅನಂತಾಹ ಚ ಬುದ್ಧಯಹ ಅವ್ಯವಸಾಯಿನಾಂ ಕನ್ನಡದಲ್ಲಿ ವ್ಯವಸಾಯ ಶಬ್ದಕ್ಕೆ ಅರ್ಥ ಬೇರೆ ವ್ಯವಸಾಯ ಮಾಡು ಅಂದ್ರೆ ಒಂದು ವ್ಯವಸಾಯ ಮಾಡು ಅಂತ ಅರ್ಥ. 
ಇಲ್ಲ ವ್ಯವಸಾಯ ಮಾಡು ಅಂದ್ರೆ ಪ್ರಯತ್ನ ಮಾಡು ಅಂತ ಅರ್ಥ ಇದೆ. 
ಆದರೆ ಇಲ್ಲಿ ವ್ಯವಸಾಯ ಶಬ್ದಕ್ಕೆ ನಿಶ್ಚಯ ಅಧ್ಯವಸಾಯ ನಿರ್ಧಾರ ಅಂತ ಅರ್ಥ.",6956,7690,,,106
kn_kannada_16_0010,kannada_16,kn,Dvaita,10,"ಅರ್ಜುನ ಕುರುನಂದನ ಇಹ ಈ ಸಾಧನ ಮಾರ್ಗದಲ್ಲಿ ವ್ಯವಸಾಯಾತ್ಮಿಕಾ ಬುದ್ಧಿಹಿ ಏಕಾ ಬುದ್ಧಿಯನ್ನು ಶಬ್ದಕ್ಕೆ ನಾವು ಹಿಂದಿನ ಅರ್ಥ ನೋಡಿದ್ದೇವೆ ಮಾತು.
ನಿರ್ಧಾರಾತ್ಮಕ ತತ್ವಜ್ಞಾನಕ್ಕೆ ಕಾರಣವಾದ ಮಾತು ಒಂದೇ ಅದರಲ್ಲಿ ಮತ್ತೊಂದು ಇಲ್ಲ.
ಸದ್ಗತಿಗೆ ಮೋಕ್ಷಕ್ಕೆ ಭಗವದ್ದರ್ಶನಕ್ಕೆ ಇದು ಕಾರಣ ಅಂತ ನಿರ್ಧಾರಾತ್ಮಕವಾದ ಮಾತು. ಮಾತು ಅದು ಒಂದೇ.
ಕರ್ಮ ಕಾರಣ ಅಂದ್ರೆ ಕರ್ಮ ಕಾರಣ, ಧ್ಯಾನ ಅಂದ್ರೆ ಧ್ಯಾನ.
ಮತ್ತೆ ಧ್ಯಾನ ಅಂತ ಕೆಲವರು ಅಂತಾರೆ, ಕರ್ಮ ಅಂತ ಮತ್ತೊಬ್ಬರು ಅಂತಾರೆ ಅಂದ್ರೆ ಅವ್ಯವಸಾಯಿನಾಂ.
ನಿರ್ಧಾರ ಇಲ್ಲದವರ ವೇದ ಶಾಸ್ತ್ರಗಳ ಸರಿಯಾದ ಅರ್ಥವನ್ನ ತಿಳಿಕೊಳ್ಳದೆ ಒಂದು ನಿರ್ಧಾರಕ್ಕೆ ಬಾರದವರ ಅವ್ಯವಸಾಯಿ. ಅವ್ಯವಸಾಯಿನಾಂ ಅವರ ಅವ್ಯವಸಾಯಿಗಳು.
ಇದೇ ಅಂತ ಒಂದು ನಿರ್ಧಾರ ಇಲ್ಲದವರು.
ಉಪನಿಷತ್ತುಗಳನ್ನು ವೇದಗಳನ್ನು ಬಹಳಷ್ಟು ಅಧ್ಯಯನ ಮಾಡಿದ್ರು ಕೂಡ ಅದಾದ್ರೂ ಆಗಬಹುದು ಇದಾದ್ರೂ ಆಗಬಹುದು.
ಅನ್ನೋ ವಿಕಲ್ಪಕ್ಕೆ ಗುರಿಯಾದವರು ಅವರು ಅವ್ಯವಸಾಯಿಗಳು.
ಅವ್ಯವಸಾಯಿನಾಂ ಬುದ್ಧಯಃ ಮಾತುಗಳು ಅವರ ಮಾತು. ಮಾತುಗಳು ಬಹುಶಾಖಾಹ ಅದಕ್ಕೆ ತುಂಬಾ ಬ್ರಾಂಚಸ್ ಇದೆ.
ಕರ್ಮ ಮಾರ್ಗವು ಶ್ರೇಯಸ್ಸು ಜ್ಞಾನ ಮಾರ್ಗವು ಶ್ರೇಯಸ್ಸಿಗೆ ಕಾರಣ.",7692,8517,,,106
kn_kannada_16_0011,kannada_16,kn,Dvaita,11,"ಧ್ಯಾನವು ಸರಿನೇ ಯೋಗವು ಸರಿನೇ.
ನಮ್ಮ ಇವತ್ತಿನ ಸುಧಾರಣಾವಾದ ಇದೆ ನೋಡ್ರಿ.
ಆ ಮತವು ಸರಿ ಈ ಮತವು ವಿರುದ್ಧವಾದ ಎರಡು ಸಿದ್ಧಾಂತಗಳನ್ನು ಹೇಳು ಅದು ಸರಿ ಇದು ಸರಿ ಅಂತೀವಿ. ಇದು ನಿರ್ಧಾರಾತ್ಮಕವಾದ ಜ್ಞಾನ ಇಲ್ಲದೆ ಇರುವವರು ಹೇಳುವ ಮಾತುಗಳು ಬುದ್ಧಯಹ ಮಾತುಗಳು. ಅವ್ಯವಸಾಯಿನಾಂ ನಿರ್ಧಾರ ಇಲ್ಲದೆ ಇರುವವರ ಬುದ್ಧಯಹ ಮಾತುಗಳು ಬಹುಶಾಖಾಹ ಅನೇಕ ವಿಧವ ಆದದ್ದು ಕರ್ಮವು ಸರಿ, ಜ್ಞಾನವು ಸರಿ, ಧ್ಯಾನವು ಸರಿ, ಯೋಗವು ಸರಿ, ಸಾಂಖ್ಯವು ಸರಿ.
ಅಂತ ಇದು ನಿರ್ಧಾರಾತ್ಮಕ ಜ್ಞಾನ ಇಲ್ಲದೆ ಅರ್ಧಂಬರ್ಧ ತಿಳುವಳಿಕೆಯಿಂದ ಹೇಳುವ ಮಾತುಗಳು.
ಆದ್ದರಿಂದ ಸಾಧನೆ ಮಾರ್ಗ ಒಂದೇ ಅದು.
ನಾನ್ಯ ಪಂಥಾ ಅಯನಾಯ ವಿದ್ಯತೆ.
ಅಯನ ಅಂದ್ರೆ ಮೋಕ್ಷ.
ಮೋಕ್ಷ ಕ್ಷಕ್ಕೆ ಎರಡು ಮಾರ್ಗಗಳಿಲ್ಲ ಉಪನಿಷತ್ತೆ ಹೇಳಿದೆ. 
ಆದ್ದರಿಂದ ಬೇಕಾದಷ್ಟು ಸಿದ್ಧಾಂತಗಳಿರಬಹುದು. 
ಅದೆಲ್ಲಾ ನಿರ್ಧಾರ ಇಲ್ಲದವರು ಉಪನಿಷತ್ತುಗಳಿಂದ ಒಳ ಹೃದಯವನ್ನ ಅರಿಯದೆ ಆಡಿದವರ ಮಾತುಗಳು ಅದರ ಬಗ್ಗೆ ತಲೆ ಕೆಡಿಸಿಕೊಳ್ಳಬೇಡ. 
ಆದರೆ ಉಪನಿಷತ್ತಿನ ಪೂರ್ವಾಪರ ಉಪಕ್ರಮ ಉಪಸಂಹಾರಗಳನ್ನ ಸರಿಯಾಗಿ ತಿಳಿಸಿ ಹಿಡಿದು ನೀನು ನೋಡಿದರೆ ಅದು ಒಂದೇ ಮಾತು ನಿರ್ಧಾರ ಅಲ್ಲಿ ಮತಭೇದ ಇಲ್ಲ.",8518,9332,,,112
kn_kannada_16_0012,kannada_16,kn,Dvaita,12,"ಆದ್ದರಿಂದ ಅನೇಕ ಗೊಂದಲಗಳಿದೆ ನಾನು ಯಾವ ಮಾರ್ಗ ಹಿಡಿಲಿ ಅಂತ ಅನ್ನಬೇಡ ಒಂದೇ ಮಾರ್ಗ ನಿರ್ಧಾರಿತವಾದ್ದು ಒಂದಿದೆ ಅಂದ. 
ಅಲ್ಲಿಗೆ ಯೋಗ ಮಾರ್ಗದಲ್ಲಿ ತೊಡಗು ಅಂದರೆ ಯಾವುದು ಯೋಗ ಅಂದರೆ ಯಾರು ಭಗವತ್ ದರ್ಶನವನ್ನ ಪಡೆದು ಇದೇ ಅಂತ ನಿರ್ಧಾರಾತ್ಮಕವಾಗಿ ಉಪನಿಷತ್ತಿನ ಉಪಕ್ರಮಾದಿಗಳನ್ನ ಸೇರಿಸಿ ಜೋಡಿಸಿ ಯುಕ್ತಿಯುಕ್ತವಾಗಿ ಅನುಭವಕ್ಕೆ ಅನುಗುಣವಾಗಿ ಹೇಳ್ತಾರೋ ಆ ಮಾರ್ಗವನ್ನ ಹಿಡಿ. ಮತ್ತೊಮ್ಮೆ ಶ್ಲೋಕ ವ್ಯವಸಾಯಾತ್ಮಿಕಾ ಬುದ್ಧಿಹಿ ಏಕೇಹ ಏಕಾ ಒಂದೇ ಅಂತ ಅರ್ಥ ಇಹ ಕುರುನಂದನ ಬಹುಶಾಖಾಹ ಅನಂತಾಶ್ಚ ಬುದ್ಧಯೋ ಅವ್ಯವಸಾಯಿನಾಂ ಉತ್ತರಾರ್ಥ ತುಂಬಾ ಅನ್ವರ್ಥವಾದ ಮಾತು. ನಿರ್ಧಾರ ಇಲ್ಲದವರಿಗೆ ಹಲವು ಮಾರ್ಗಗಳು ಅದರ ಒಟ್ಟರ್ಥ ಒಬ್ಬ ತನ್ನ ಹೊಲಗದ್ದೆಗಳಿಗೆ ನೀರು ಬೇಕು ಅಂತ ಭಾವಿ ತೋಡಿದ.
ಒಂದು 10 ಅಡಿ ತೋಡಿದ ನೀರು ಸಿಕ್ಲಿಲ್ಲ.
ಇನ್ನೊಂದು ಕಡೆ 10 ಅಡಿ ತೋಡಿದ.
15 ಅಡಿ ತೋಡಿದ ಅಲ್ಲೂ ಸಿಗಲಿಲ್ಲ.
ಅದನ್ನ ಬಿಟ್ಟ ಮತ್ತೊಂದು ಕಡೆ 20 ಅಡಿ ತೋಡಿದ.
ಅಲ್ಲೂ ನೀರು ಸಿಗಲಿಲ್ಲ.
ನೋಡಿ ಬಹುಶಾಖಾಹ.",9334,10047,,,101
kn_kannada_16_0013,kannada_16,kn,Dvaita,13,"ನಿರ್ಧಾರ ಇಲ್ಲದೆ ಇದ್ದವರಿಗೆ ಮಾರ್ಗಗಳು ಹಲವು. ಒಂದು ಕಡೆ 10, ಮತ್ತೊಂದು ಕಡೆ 15, ಇನ್ನೊಂದು ಕಡೆ 20. ಇವೆಲ್ಲವನ್ನು ಒಟ್ಟು ಸೇರಿಸಿ ಒಂದೇ ಕಡೆ ಆತ ಗುಂಡಿ ತೋಡಿದರೆ, ಬಾವಿ ತೋಡಿದರೆ ನೀರು ಸಿಗುತ್ತಿತ್ತಾ? ಹೀಗೆ ಯಾರಿಗೆ ನಿರ್ಧಾರಾತ್ಮಕವಾದ ಜ್ಞಾನ ಇಲ್ಲವೋ, ಅವರಿಗೆ ಹಲವು ಮಾರ್ಗಗಳು ತೆರೆದುಕೊಳ್ಳುತ್ತವೆ.
ನಾವು ಒಂದು ನಿರ್ಧಾರವನ್ನು ತಗೊಂಡು ಒಂದು ಮಾರ್ಗದಲ್ಲಿ ಇಡುತ್ತೇವೆ ಪಕ್ಕದವನು ಇನ್ನೊಂದು ದಾರಿಯಲ್ಲಿ ಹೋಗ್ತಾ ಇದೆ  ಅದು ಚೆನ್ನಾಗಿದೆ ಅಲ್ಲ.
ಹೀಗೆ ನೀವು ಶಾಖಾ ಚಂಕ್ರಮಣ ಮಾಡಿದರೆ
ಒಂದರಿಂದ ಮತ್ತೊಂದಕ್ಕೆ ಹಾರ್ತಾ ಹೋದರೆ
ಅವ್ಯವಸಾಯಿನಾಂ ಬಹುಶಾಖಾಃ
ನಿರ್ಧಾರ ಇದೆ. ಇಲ್ಲದೆ ಇದ್ದವರಿಗೆ ಅನೇಕ ಆಪ್ಷನ್ಸ್ ಇರುತ್ತದೆ.
ಅನಂತಾಶ್ಚ ಅದು ಬೇಕಾದಷ್ಟು ಇರುತ್ತದೆ.
ಆದ್ದರಿಂದ ನೀವು ನಿಮ್ಮ ಜೀವನದ ಮಾರ್ಗ ನಿಮ್ಮ ಸಾಮರ್ಥ್ಯಕ್ಕೆ ಸರಿಯಾಗಿ ಕಂಡುಕೊಳ್ಳಿ ಮತ್ತೊಬ್ಬರು ಇನ್ನೊಬ್ಬರು ಮಗದೊಬ್ಬರು ಅಂತ ನೋಡ್ತಾ ಇದ್ದರೆ ಹಲವು ಮಾರ್ಗಗಳು ನಿಮಗೆ ಎದುರಾಗುತ್ತೆ ಗೊಂದಲದಲ್ಲೇ ಮುಳುಗುತ್ತೀರಿ ಹೊರತು ನಿಮ್ಮ ನಿರ್ಧಾರ ನೀವು ತಗೊಳ್ಳಿ.
ಇದು ಲೌಕಿಕವಾಗಿ ನಮ್ಮ ಈ ಈಗ ಜೀವನಕ್ಕೆ ಒಂದು ಬೆಳಕು ಕೊಡುವ ಭಗವದ್ಗೀತೆ ಇನ್ನೊಂದು ಮುಖದ ಅರ್ಥ.",10048,10880,,,111
kn_kannada_16_0014,kannada_16,kn,Dvaita,14,ಮತ್ತೊಮ್ಮೆ ಶ್ಲೋಕ ವ್ಯವಸಾಯಾತ್ಮಿಕಾ ಬುದ್ಧಿಹಿ ಏಕೇಹ ಕುರುನಂದನ ಬಹುಶಾಖಾಹ್ಯನಂತಾಶ್ಚ ಬುದ್ಧಯೋ ವ್ಯವಸಾಯಿನಾಂ ಶ್ರೀಕೃಷ್ಣಾರ್ಪಣಮಸ್ತು. ಮುಂದಿನ ಭಾಗವನ್ನ ಮುಂದೆ ನೋಡೋಣ. ಈ ಪ್ರವಚನ ಸೇವೆಯನ್ನು ಶ್ರೀಯುತರಾದ ಮರವೇಕೆರೆ ಮುರಳೀಧರ ರಾಯರು ನಡೆಸಿಕೊಟ್ಟಿದ್ದಾರೆ. ಶ್ರೀಕೃಷ್ಣನ ಪನವಾನುಗ್ರಹದಿಂದ ಅವರ ಅಭಿಷ್ಟಗಳು ಈಡೇರಲಿ ಅಂತ ಪ್ರಾರ್ಥನೆ ಮಾಡುತ್ತಾ ಶ್ರೀಕೃಷ್ಣಾರ್ಪಣಮಸ್ತು.,10881,11184,,,31
kn_kannada_17_0000,kannada_17,kn,Dvaita,0,"ಶ್ರೀ ಗುರುಭ್ಯೋ ನಮಃ ಹರಿಃ ಓಂ ಶ್ರೀಕೃಷ್ಣ
ಏಶಾತೆ ಅಭಿಹಿತಾ ಸಾಂಕ್ಶಿ
ಆತ್ಮನ ಕುರಿತಾಗಿ ಬುದ್ಧಿಹಿ ಕೆಲವು ಮಾತುಗಳನ್ನು ನಿನಗೆ ಹೇಳಿದ್ದೇನೆ
ಯೋಗೇತು ಇಮಾಂ ಶೃಣು
ಜಾ ಜ್ಞಾನ ಸಾಧನೆಯ ಬಗ್ಗೆ
ಭಗವಂತನ ಅಪರೋಕ್ಷ ಜ್ಞಾನ ನಮಗೆ ಆಗಬೇಕಾದರೆ ಏನು ಮಾಡಬೇಕು?
ಜ್ಞಾನ ಸಾಧನೆಯ ಬಗ್ಗೆ ಈಗೋ ಮುಂದೆ ಹೇಳುತ್ತೇನೆ ಕೆಲವು ಮಾತುಗಳನ್ನು ಅಂತ
ಹೊಸದೊಂದು ವಿಷಯವನ್ನು ಹೇಳುತ್ತೇನೆ ಅಂತ ಪ್ರತಿಜ್ಞೆ ಮಾಡಿದ್ದಾನೆ. ಆ ಯೋಗದ ಬಗ್ಗೆ ಪ್ರಶಂಸೆಯನ್ನ ಮಾಡಿ ಕೊನೆಗೆ ಆ ಮಾತನ್ನ ಶುರು ಮಾಡ್ತಾನೆ. ಯೋಗವನ್ನು ಪ್ರಶಂಸೆ ಮಾಡ್ತಾ ಬರುವ ಮತ್ತೆ ಎರಡು ಮೂರು ಶ್ಲೋಕಗಳು ಭಗವದ್ಗೀತೆಯ ದ್ವಿತೀಯಾಧ್ಯಾಯದಲ್ಲಿ 42 ಮತ್ತು 43 ಇವೆ. ಇವೆರಡು ಸೇರಿ ಒಂದು ಅರ್ಥವನ್ನು ಹೇಳುತ್ತವೆ. 44ನೇ ಶ್ಲೋಕ ಇದಕ್ಕೆ ಪೂರಕವಾದ ವಿಷಯವನ್ನು ಹೇಳುತ್ತದೆ. 42ನೇ ಶ್ಲೋಕ ಯಾಮಿಮಾಂ ಪುಷ್ಪಿತಾಂ ವಾಚಂ ಪ್ರವದಂತ್ಯ ವಿಪಶ್ಚಿತಃ ವೇದವಾದರ ತಾ ಪಾರ್ಥ ನಾನ್ಯದಸ್ತೀತಿ ವಾದಿನಃ
ಕಾಮಾತ್ಮನಃ ಸ್ವರ್ಗಪರಾಃ
ಜನ್ಮ ಕರ್ಮ ಫಲಪ್ರದಾಂ
ಕ್ರಿಯಾ ವಿಶೇಷ ಬಹುಲಾಂ
ಭೋಗೈಶ್ವರಿಯ ಗತಿಂ ಪ್ರತಿ ಪದ ವಿಭಾಗ ಯಾಂ ಇಮಾಂ ಪುಷ್ಪಿತಾಂ ವಾಚಂ ಪ್ರವದಂತಿ ಅವಿಪಶ್ಚಿತಃ ವೇದ ವಾದರತಾಃ ಪಾರ್ಥ ನ ಅನ್ಯತು ಅಸ್ತಿ ಇತಿ ವಾದಿನಃ ಕಾಮಾತ್ಮಾನಃ ಸ್ವರ್ಗ ಪರಾಹ ಜನ್ಮ ಕರ್ಮ ಫಲಪ್ರದಾಂ ಒಂದೇ ಶಬ್ದ ಅದು ಕ್ರಿಯಾ ವಿಶೇಷ ಬಹುಲಾಂ ಭೋಗೈ ಈಶ್ವರಿಯ ಗತಿಂ ಪ್ರತಿ.",0,938,,,135
kn_kannada_17_0001,kannada_17,kn,Dvaita,1,"ಕೊನೆಯಿಂದ ಮೊದಲಿಗೆ ಬರಬೇಕು.
ಭೋಗೈಶ್ವರಿಯ ಗತಿಂ ಪ್ರತಿ ಯಾಂ ಇಮಾಂ ಪುಷ್ಪಿತಾಂ ವಾಚಂ ಪ್ರವದಂತಿ.
ಸ್ತೇ ಅಂಥವರು ಅವಿಪಶ್ಚಿತಃ ವೇದ ವಾದರತಾಹ
ನ ಅನ್ಯತು ಅಸ್ತಿ ಇತಿ ವಾದಿನಃ
ಸಾಧಾರಣ ವೇದದ ಆಪಾತತಃ ಮೇಲ್ಗಡೆ ಕಾಣುವ ಅರ್ಥವನ್ನು ನೋಡಿದರೆ ನಮ್ಮ ಲೌಕಿಕ ಅಭಿಷ್ಟದ ಸಿದ್ದಿಗಾಗಿ
ಅನೇಕ ಕರ್ಮಗಳನ್ನು ಯಜ್ಞ, ಯಾಗ ಇಂತಹ ಧಾರ್ಮಿಕ ಆಚರಣೆಗಳನ್ನು ವೇದದ ಸಂಹಿತಾವಾಗ ಹೇಳುವಂತೆ ಕಾಣುತ್ತದೆ.
ನಿಮಗೆ ಸಂತತಿ ಬೇಕೋ ಪುತ್ರಕಾಮಹ ಪುತ್ರೇಷ್ಠ್ಯ ಯಜೇತಾ
ಸ್ವರ್ಗ ಸ್ವರ್ಗ ಬೇಕು ಸ್ವರ್ಗ ಕಾಮಹ ಜ್ಯೋತಿಷ್ಠೋಮಾಭ್ಯಾಂ ಯಜೇತಾ ಕಾರಿರಿಯ ವೃಷ್ಟಿಕಾಮಹ ಯಜೇತಾ ಮಳೆ ಬೇಕಾದರೆ ಇಂಥ ಯಾಗ ಮಾಡಿ ಸಂತತಿ ಬೇಕಾದರೆ ಹೀಗೆ ಮಾಡ್ರಿ ಸ್ವರ್ಗ ಬೇಕು ಅಂತ ಆದರೆ ಇಂಥ ಯಾಗಗಳನ್ನ ಮಾಡಿ ಹೀಗೆ ಸಮಗ್ರ ವೇದದ ಅಭಿಪ್ರಾಯ ಮೇಲ್ಗಡೆ ನೋಡಿದಾಗ ಒಂದು ಲೌಕಿಕ ಫಲ ಅದಕ್ಕಾಗಿ ಧಾರ್ಮಿಕ ಕ್ರಿಯೆಗಳು. ಇದನ್ನ ತಿಳಿಸಿ ಇದಕ್ಕೆ ಬೇಕಾಗಿರುವ ಅಂಗ ಉಪಾಂಗಗಳನ್ನು ಆಚಾರ ಉಪಾಸನೆಗಳನ್ನು ಹೇಳುವ ಉದ್ದೇಶ. ವೇದಕ್ಕೆ ಇದ್ದಂತೆ ಕಾಣುತ್ತದೆ.",939,1650,,,100
kn_kannada_17_0002,kannada_17,kn,Dvaita,2,"ಸಮಗ್ರ ವೇದವನ್ನು ನಮ್ಮ ಭಾರತ ದೇಶದ ಅತಿ ಪ್ರಾಚೀನ ಸಿದ್ಧಾಂತಗಳಲ್ಲಿ ಒಂದಾದ ಮೀಮಾಂಸಾ ದರ್ಶನ ಯಜ್ಞಯಾಗಾದಿ ಕರ್ಮಗಳಿಗಾಗಿಯೇ ವೇದ ಇದೆ. ಅವುಗಳ ಆಚರಣೆ ಹೇಗೆ? ಯಾವ ಕರ್ಮಕ್ಕೆ ಯಾವುದು ಅಂಗ?
ಯಾವ ಯಾಗವನ್ನು ಹೇಗೆ ಮಾಡಬೇಕು?
ಅನ್ನೋದನ್ನ ತಿಳಿಸುವ ಸೂತ್ರಗಳನ್ನು ವೇದದ ಅರ್ಥವನ್ನು ನಿರ್ಣಯ ಮಾಡುವ ಸೂತ್ರಗಳನ್ನ ವ್ಯಾಸರ ಶಿಷ್ಯರಾದ ಜೈಮಿನಿಗಳು ರಚನೆ ಮಾಡಿದ್ದಾರೆ.
ಸಮಗ್ರ ವೇದ ತ್ಯಾಗಾದಿ ಕರ್ಮಪರ
ನ ಸ್ವರ್ಗಾದೇ ಫಲಾಂತರಂ
ಸ್ವರ್ಗವನ್ನು ಬಿಟ್ಟರೆ ಬೇರೆ ಪುರುಷಾರ್ಥವೇ ಇಲ್ಲ
ಸ್ವರ್ಗ ನೀವು ಎಷ್ಟು ಸಾಧನೆ ಮಾಡ್ತೀರೋ ಎಷ್ಟು ಪುಣ್ಯ ಗಳಿಸ್ತೀರೋ ಆ ಪುಣ್ಯ ಮುಗಿಯುವವರೆಗೆ ಸ್ವರ್ಗದ ಸುಖ ಮತ್ತೆ ತಿರುಗಿ ಈ ಕಡೆ
ಹೀಗೆ ಶಕ್ತಿ ಶಾಶ್ವತವಾದ ಒಂದು ಫಲ ಇಲ್ಲ. 
ಇದು ಮೀಮಾಂಸಕರು ವೇದದಿಂದ ಕಂಡುಕೊಂಡ ಅರ್ಥ. 
ಶ್ರೀಕೃಷ್ಣ ಅರ್ಜುನನನ್ನು ಕುರಿತು ಹೇಳುತ್ತಾನೆ ಕ್ರಿಯಾ ವಿಶೇಷ ಬಹುಲಾಂ ಭೋಗೈಶ್ವರ್ಯ ಗತಿಂ ಪ್ರತಿ ಯಾಮಿಮಾಂ ಪುಷ್ಪಿತಾಂ ವಾಚಂ ಪ್ರವದಂ ಕ್ರಿಯಾ ವಿಶೇಷ
ಯಜ್ಞ ಯಾಗಾದಿ
ಧಾರ್ಮಿಕ ಕ್ರಿಯೆಗಳೇ ಬಹುಲಾಂ
ಹೆಚ್ಚು ತುಂಬಿರುವ
ಬಹುಲಾಂ ವಾಚಂ
ವೇದದ ಮಾತಿನ ತಾತ್ಪರ್ಯ ಯಜ್ಞ ಯಾಗಾದಿ ಕ್ರಿಯೆಗಳನ್ನು ಮಾಡಬೇಕು
ಯಾಕೆ?",1651,2461,,,112
kn_kannada_17_0003,kannada_17,kn,Dvaita,3,"ಭೋಗ ಐಶ್ವರ್ಯ ಗತಿಂ ಪ್ರತಿ. ನಮಗೆ ಐಹಿಕ ಸುಖಕ್ಕಾಗಿ, ಸಂಪತ್ತಿಗಾಗಿ, ಸ್ವರ್ಗಕ್ಕಾಗಿ ಭೋಗ ಐಶ್ವರ್ಯ ಗತಿಂ ಪ್ರತಿ. ಹೀಗೆ ಸುಖದ ಗಳಿಕೆಗಾಗಿ ಐಶ್ವರ್ಯದ ಪ್ರಾಪ್ತಿಗಾಗಿ ಕ್ರಿಯಾ ವಿಶೇಷ ಬಹುಲಾಂ. ಯಜ್ಞಯಾಗಾದಿ ಕ್ರಿಯೆಗಳೇ ಪ್ರಧಾನವಾಗಿ ಉಳ್ಳದ್ದಾಗಿ ಯಾಂ ಇಮಾಂ ವಾಚಂ ಪ್ರಪದಂತಿ. ವೇದದ ಈ ಮಾತುಗಳನ್ನ ಇದರ ಬಗ್ಗೆ ಇದೆ ಅಂತ ಹೇಳುತ್ತಾರೆ. ಅಲ್ಲಿ ಪುಷ್ಪಿತಾಂ ವಾಚಂ ಈ ವೇದ ಕರ್ಮ ಹೂವುಗಳನ್ನು ಏನು ಹೇಳ್ತಾ ಇದಿಯೋ ಅದು ವೇದದ ಪುಷ್ಪದ ಸ್ಥಾನದಲ್ಲಿ ಇರುವಂತದ್ದು. ಪುಷ್ಪ ಅಂದ್ರೆ ಹೂವು. ಮರ ಮಾವಿನ ಮರ ಹಣ್ಣುಗಳನ್ನು ಕೊಡುವ ಮರ ಹೂ ಬಿಡುತ್ತದೆ. ಆ ಹೂವಿನ ಆಕರ್ಷಣೆಗೆ ಒಳಗಾಗಿ ಹೂವನ್ನೇ ಕಿತ್ತರೆ ಹಣ್ಣು ಸಿಗೋದಿಲ್ಲ. ಮಾವಿನ ಹೂವು ಬಿಟ್ಟಾಗ ಅದರ ಪರಿಮಳಕ್ಕಾಗಿ ಸುಗಂಧಕ್ಕಾಗಿ ಆ ಹೂವಿನ ಗೊಂಚಲನ್ನ ಕಿತ್ತುಬಿಟ್ಟರೆ ಮಾವಿನ ಹಣ್ಣು ಸಿಗೋದಿಲ್ಲ. ಹಾಗಾದರೆ ಮರದಲ್ಲಿ ಹೂ ಬಿಡ್ತು ಅಂದ್ರೆ ಅದು ಮುಂದೆ ಹಣ್ಣಿನ ಸೂಚನೆ. ಹಾಗೆ ವೇದದ ಪುಷ್ಪ ಪುಷ್ಪ ಯಾವುದು ಅಂದ್ರೆ
ಕಾಮ್ಯ ಕರ್ಮಗಳು.",2462,3165,,,101
kn_kannada_17_0004,kannada_17,kn,Dvaita,4,"ನಮ್ಮ ಬೇರೆ ಬೇರೆ ಲೌಕಿಕ ಅಭಿಷ್ಟ ಸಿದ್ದಿಗಾಗಿ
ಯಜ್ಞಯಾಗಾದಿ ಕರ್ಮಗಳು ವೇದದ ಹೂವಿನ ಸ್ಥಾನದಲ್ಲಿದೆ.
ಆ ಹೂವಿಗೆ ಮಾರುಹೋದರೆ ಹಣ್ಣು ಸಿಗೋದಿಲ್ಲ ನಮಗೆ.
ಆದ್ದರಿಂದ ಪುಷ್ಪಿತಾಂ ವಾಚಂ ಕರ್ಮ ಎಂಬ ಪುಷ್ಪ ಯುಕ್ತವಾದ ಮಾತನ್ನಾಗಿ ಪ್ರಪದಂತಿ. ವೇದಗಳ ಕರ್ಮ ನಿರೂಪಣೆಯೇ ವೇದದ ಪರಮ ಉದ್ದೇಶ ಎಂಬುದಾಗಿ ಕೆಲವರು ಹೇಳುತ್ತಾರೆ. ಅದು ಪುಷ್ಪ ಫಲ ಅಲ್ಲ. ಅದು ಅಂತಿಮ ಗುರಿಯಲ್ಲವೇ. ವೇದದ್ದು ಅದು ಸಾಮಾನ್ಯ ಲೌಕಿಕ ಆಮಿಷಕ್ಕೆ ಬಿದ್ದವರಿಗಾಗಿ ಹೇಳುವ ಕರ್ಮ. 
ಹೀಗಾಗಿ ಅದನ್ನೇ ಪ್ರಧಾನ ಉದ್ದೇಶ ಅಂತ ಯಾರು ಬಯಸ್ತಾರೋ ಅಭಿಪಶ್ಚಿತಃ ಅಂತವರು ವಿಪಶ್ಚಿತ್ ಅಂದ್ರೆ ಜ್ಞಾನಿಗಳು ಅಂತ ಅರ್ಥ. 
ಅಭಿಪಶ್ಚಿತಃ ಅಂದ್ರೆ ಅವರು ತತ್ವಜ್ಞಾನಿಗಳಲ್ಲ. ಯಾಕಲ್ಲಾ ವೇದ ವಾದರತಃ ಪಾರ್ಥ ಇಲ್ಲಿ ವಾದ ಶಬ್ದಕ್ಕೆ ಗೀತಾ ಭಾಷ್ಯದಲ್ಲಿ ಆಚಾರ್ಯರು ಅಪೂರ್ವವಾದ ಒಂದು ಅರ್ಥವನ್ನ ಪ್ರಮಾಣಬದ್ಧವಾಗಿ ಕೊಟ್ಟಿದ್ದಾರೆ. ವಾದೋ ವಿಷಯಕತ್ವಂಚ ಮುಖತೋ ವಚನಂ ಸ್ಮೃತಂ ವಾದ ಅಂದ್ರೆ ಮೇಲುಮೈಗೆ ಕಾಣುವ ಅರ್ಥ ಅಂತ ಅರ್ಥ. ಪೂರ್ವಾಪರ ವಿಚಾರ ಮಾಡಿ ತಾತ್ಪರ್ಯವನ್ನು ಅರಿಯುವ ಬದಲು ವಾಕ್ಯವನ್ನು ಓದಿಕೊಂಡು ಹೋದಾಗ ಏನು ಅರ್ಥ ಸಿಗ್ತದೋ ಅದನ್ನ ಆ ಅರ್ಥದಲ್ಲೇ ಆ ವಾಕ್ಯಕ್ಕೆ ತಾತ್ಪರ್ಯ ಅಂತ ತಿಳಿಯೋರು ಯಾರಿದ್ದಾರೋ ಅವರು ವೇದ ವಾದರ ರಾತರು.",3166,4036,,,120
kn_kannada_17_0005,kannada_17,kn,Dvaita,5,"ವೇದದ ತಾತ್ಪರ್ಯ ಅವರಿಗೆ ಬೇಕಾಗಿಲ್ಲ.
ವೇದದಲ್ಲಿ ಮೇಲುಮೈಗೆ ಕಾಣುವ ಅರ್ಥವೇ ವೇದದ ನಿಜವಾದ ಅರ್ಥ ಅಂತ ತಿಳಿಯುವ ಸಾಮಾನ್ಯ ಅವಿವೇಕಿಗಳು.
ಸಮುದ್ರದ ಅಡಿಗೆ ಮುಳುಗಿ ಮುತ್ತುರತ್ತವನ್ನು ಹೆಕ್ಕುವ ಬದಲು ಮೇಲ್ಗಡೆ ಈಜಾಡಿ ಉಪ್ಪು ನೀರು ಕುಡಿದು ಸಮುದ್ರಕ್ಕೆ ಇಳಿಬಾರದು ಅಂತ ತೀರ್ಮಾನ ಮಾಡುವವರು.
ಇವರು ವೇದ ವಾದ ರತಾ ಪಾರ್ಥ.
ನ ಅನ್ಯತು ಅಸ್ತೀತಿ ವಾದಿನಃ.
ಅನ್ಯತು ನ ಅಸ್ತಿ.
ಸ್ವರ್ಗ ಅನ್ನೋ ಪುರುಷಾರ್ಥ ಬಿಟ್ಟರೆ ಬೇರೆ ಮೋಕ್ಷ ಅನ್ನೋ ತಿರುಗಿ ಬಾರದ ಒಂದು ಸ್ಥಿತಿ ಇಲ್ಲ.
ಬ್ರಹ್ಮ ಎಂಬ ಸರ್ವೋತ್ತಮನಾದ ಜಗತ್ತಿಗೆ ಸೃಷ್ಟಿಕರ್ತನಾದ ಪರಮ ಚೇತನ ಅವನಿಲ್ಲ. 
ಮೀಮಾಂಸ ಸಿದ್ಧಾಂತವೇ ಇದು. 
ಅವರು ಪ್ರಪಂಚದ ಸೃಷ್ಟಿಕರ್ತನಾದ ಒಬ್ಬ ದೇವರನ್ನು ಒಪ್ಪುವುದಿಲ್ಲ. 
ಹೀಗೆ ಅನ್ಯತ್ ನ ಅಸ್ತೀತಿ ವಾದಿನಃ ಕಾಣುವ ಸ್ವರ್ಗಾದಿ ಫಲ ಬಿಟ್ಟು ಮೋಕ್ಷ ಎಂಬ ಪುರುಷಾರ್ಥವೇ ಇಲ್ಲ. ಅದನ್ನು ಕೊಡುವ ಸರ್ವಶಕ್ತನಾದ ಸರ್ವೋತ್ತಮನಾದ ಒಬ್ಬ ದೇವರು ಅವನಿಲ್ಲ ಅಂತ ಹೇಳುವವರು ವೇದದ ಮಾತುಗಳನ್ನ ಪುಷ್ಪಪ್ರಧಾನವನ್ನಾಗಿ ತಿಳಿಯುತ್ತಾರೆ. ವೇದದ ಪರಮ ತಾತ್ಪರ್ಯ ಚರಮ ಗುರಿ ಅದು ಸ್ವರ್ಗ.",4037,4801,,,105
kn_kannada_17_0006,kannada_17,kn,Dvaita,6,"ಅದಕ್ಕಾಗಿ ಅನೇಕ ಕರ್ಮಗಳನ್ನು ವೇದ ಹೇಳ್ತಾ ಇದೆ. ಎಂತ ಅವರು ತಿಳ್ಕೊತಾರೆ.
ಅಂಥವರು ಕಾಮಾತ್ಮಾನಃ.
ಅವರ ಮನಸ್ಸು ಅದು ಬೇಕು ಇದು ಬೇಕು ಅಂತ ಕಾಮನೆಯಿಂದ ತುಂಬಿರುತ್ತದೆ ಇಲ್ಲಿ ಆತ್ಮ ಅಂದ್ರೆ ಮನಸ್ಸು.
ಆಸೆ ತುಂಬಿದ ಮನಸ್ಸುಳ್ಳವರು.
ಲೌಕಿಕ ಭೋಗ ಭಾಗ್ಯಗಳ ಕಡೆಗೆ ಮನಸ್ಸನ್ನ ಹರಿಬಿಟ್ಟು ಅದರಲ್ಲಿ ಆಸಕ್ತರಾಗಿದ್ದವರು.
ಸ್ವರ್ಗ ಪರಾಹ.
ಸ್ವರ್ಗ ಸಿಕ್ರೆ ನಮಗೆ ದೊಡ್ಡ ಸಾಧನೆ ಅಂತ ಬಗೆಯುವವರು.
ಸ್ವರ್ಗವೇ ಪರಾಹ.
ಪ್ರಧಾನವಾದ ಒಂದು ಪುರುಷಾರ್ಥ ಅಂತ ತಿಳ್ಕೊಂಡವರು.
ಜನ್ಮ ಕರ್ಮ ಫಲ ಪ್ರದಾಂ ವಾಚಂ ವತಂತಿ. ಆಯ್ತು ಯಜ್ಞ ಯಾಗಾದಿಗಳನ್ನ ಮಾಡಿದಿರಿ
ಮತ್ತೆ ಹುಟ್ಟಲಾಗದ ಒಂದು ಸ್ಥಿತಿ ಅದರಿಂದ ಸಾಧಿಸಬಹುದು ಅಂದ್ರೆ ಜನ್ಮ ಕರ್ಮ ಫಲಪ್ರದ
ಯಜ್ಞ ಯಾಗಾದಿಗಳನ್ನ ಮಾಡಿ ಸ್ವರ್ಗಕ್ಕೆ ಹೋದರು ಪುಣ್ಯ ತೀರಿದಾಗ ಮತ್ತೆ ಹುಟ್ಟಿ ಬರಲೇಬೇಕು
ಹೀಗೆ ಜನ್ಮಕ್ಕೆ ಕಾರಣವಾದ ಕರ್ಮ ಆ ಕರ್ಮವೇ ಫಲವಾಗಿ ಉಳ್ಳದ್ದು ವೇದ. 
ವೇದದ ಪರಮ ತಾತ್ಪರ್ಯ ಅಭಿಪ್ರಾಯ ಕರ್ಮ. 
ಆ ಕರ್ಮದಿಂದ ಏನಾಗುತ್ತೆ ಕರ್ಮಣ ಬದ್ಧತೆ ಜಂತುಹು.",4802,5516,,,101
kn_kannada_17_0007,kannada_17,kn,Dvaita,7,"ಆ ಕರ್ಮದಿಂದ ಪುನರ್ಜನ್ಮ ಆಗುತ್ತೆ. 
ಸ್ವರ್ಗಕ್ಕೆ ಹೋದರು ಪುಣ್ಯ ತೀರಿದಾಗ ಅಲ್ಲಿ ತಳ್ಳುತ್ತಾರೆ ಕೆಳಗೆ ಬರಲೇಬೇಕು. 
ಹೀಗೆ ಜನ್ಮ ಮಕ್ಕೆ ಕಾರಣವಾದ ಯಜ್ಞ ಯಾಗಾದಿ ಕರ್ಮಗಳೇ ಫಲ ವೇದದ ಗುರಿ. 
ಇದನ್ನು ಕೊಡುತ್ತದೆ ವೇದದ ಮಾತುಗಳು. 
ಅನೇಕ ಯಜ್ಞ ಯಾಗಾದಿ ಕರ್ಮಗಳನ್ನ ಅದು ಬೋಧಿಸುತ್ತದೆ. 
ಹೀಗೆ ವಾಚಂ ವದಂತಿ ವೇದದ ಮಾತನ್ನ ಕರ್ಮ ಪ್ರಧಾನವಾದ ಮತ್ತು ಅಂತ ಹೇಳ್ತಾರೆ ಅಂಥವರು ಅವಿಪಶ್ಚಿತಃ ಅಜ್ಞಾನಿಗಳು ವೇದ ವಾದರತಾಃ ವೇದದ ಮೇಲುಮೈಗೆ ಕಾಣುವ ಅರ್ಥದಲ್ಲಿ ಆಸಕ್ತರು ಅನ್ಯತು ನ ಅಸ್ತಿತಿ ವಾದಿನಃ ಸ್ವರ್ಗ ಬಿಟ್ಟರೆ ಬೇರೆ ಯಾವ ಫಲವೂ ಇಲ್ಲ ಬ್ರಹ್ಮನಂತೂ ಇಲ್ಲ ಕಾಮಾತ್ಮಾನಃ ಕಾಮ್ಯ ವಸ್ತುಗಳಿಗೆ ಸೋತ ಮನಸ್ಸುಳ್ಳವರು ಸ್ವರ್ಗ ಪರಾಹ ಸ್ವರ್ಗದಲ್ಲೇ ಆಸಕ್ತರಾದವರು ಅಂಥವರು ಕ್ರಿಯಾವಿಶೇಷ ಬಹುಲಾಂ ಜನ್ಮ ಕರ್ಮ ಫಲಪ್ರದಾಂ ಭೋಗೈಶ್ವರ್ಯ ಗತಿಂ ಪ್ರತಿ ಯಾಂ ಇಮಾಂ ಪುಷ್ಪಿತಾಂ ವಾಚಂ ವದಂತಿ ಈ ವೇದದ ಮಾತುಗಳು ಪುಷ್ಪಿತ ಅಂದ್ರೆ ಮೇಲುಮೈಗೆ ಕಾಣುವ ಅರ್ಥದಲ್ಲೇ ತಾತ್ಪರ್ಯವುಳ್ಳದ್ದು ಎಂಬುದಾಗಿ ವದಂತಿ ಹೇಳುತ್ತಾರೆ.
ಹೀಗೆ ವೇದಕ್ಕೆ ಯಜ್ಞಯಾಗಾದಿ ಕರ್ಮಗಳಲ್ಲೇ ತಾತ್ಪರ್ಯ ಅಂತ ಹೇಳುವವರು ವೇದದ ತಾತ್ಪರ್ಯವನ್ನು ಅರಿತವರಲ್ಲ.",5518,6330,,,109
kn_kannada_17_0008,kannada_17,kn,Dvaita,8,"ವೇದ ಇದಕ್ಕೆ ಅಭಿಪ್ರೇತವಾದ
ಇದಕ್ಕಿಂತಲೂ ಮಿಗಿಲಾದ ಒಂದು ಅರ್ಥ ಇದೆ. 
ಆದ್ದರಿಂದ ಇಂಥಾ ಅರ್ಥದಲ್ಲೇ ತಾತ್ಪರ್ಯವನ್ನ ತಿಳಿದ ಅಜ್ಞಾನಿಗಳು ಬಹುಶಾಕಾಹಿ ಅನಂತಾಷ್ಟ ಅವರಿಗೆ ಧನ್ಯವಾದ. ದೃಢವಾದ ಒಂದು ನಿಶ್ಚಯ ಇಲ್ಲ. ಬಹುಶಾಖಾಹ. ಅವರು ಬೇರೆ ಬೇರೆ ಬೇರೆ ಬೇರೆ ರೀತಿಯ ಮಾರ್ಗಗಳನ್ನು ಅನುಸರಿಸುತ್ತಾರೆ. ಆದರೆ ವ್ಯವಸಾಯಾತ್ಮಿಕಾ ಬುದ್ಧಿಹಿ ಏಕೈವ. ಸರಿಯಾಗಿ ನಿರ್ಣಯ ಮಾಡಿದ ಶಾಸ್ತ್ರ ಸಮ್ಮತವಾದ ಮಾತು ಮಾತ್ರ ಒಂದೇ ಅನ್ನೋದನ್ನ ಹಿಂದಕ್ಕೆ ಸೇರಿಸಿಕೊಳ್ಳಬೇಕು. ಮತ್ತೊಮ್ಮೆ ಹೇಳಿ. ಶ್ಲೋಕ
ಯಾಮಿಮಾಂ ಪುಷ್ಪಿತಾಂ ವಾಚಂ
ಪ್ರವದಂತ್ಯ ವಿಪಶ್ಚಿತಃ
ವೇದವಾದರತಾ ಪಾರ್ಥ
ನಾನ್ಯದಸ್ತೀತಿವಾದಿನಃ
ಕಾಮಾತ್ಮಾನಃ ಸ್ವರ್ಗಪರಾಃ
ಜನ್ಮ ಕರ್ಮ ಫಲ ಪ್ರದಾಮ್ ಕ್ರಿಯಾ ವಿಶೇಷ ಬಹುಲಾಮ್ ಭೋಗೈಶ್ವರಿಯ ಗತಿಂ ಪ್ರತಿ ಮುಂದಿನ ಶ್ಲೋಕ ಭೋಗೈಶ್ವರಿಯ ಪ್ರಸಕ್ತಾನಾಮ್ ತಯಾಪಹೃತ ಚೇತಸಾಮ್ ವ್ಯವಸಾಯಾತ್ಮಿಕಾ ಬುದ್ಧಿಹಿ ಸಮಾಧ ನವಿಧೀಯತೆ
ಪದವಿ ಭಾಗ
ಭೋಗೈಶ್ವರ್ಯ ಪ್ರಸಕ್ತಾನಾಂ
ತಯಾ ಅಪಹೃತ ಚೇತಸಾಂ
ವ್ಯವಸಾಯಾತ್ಮಿಕಾ ಬುದ್ಧಿಹಿ ಸಮಾಧೌ ನವಿಧೀಯತೆ
ನ ವಿಜೀಯತೆ. 
ಮಾ ಎಂಬುದು ನಿಷೇಧ. 
ವಿಜೀಯತೆ ಅನ್ನೋದು ಕ್ರಿಯಾಪದ. 
ಆಗ್ಲಿ ವೇದದಿಂದ ಇಂತಹ ವಿಷಯವನ್ನು ಸ್ವರ್ಗವೇ ಪುರುಷಾರ್ಥ ಅನ್ನೋ ವಿಷಯವನ್ನು ತಿಳ್ಕೊಳ್ಳಿ.",6331,7194,,,107
kn_kannada_17_0009,kannada_17,kn,Dvaita,9,"ಅದರಿಂದ ಏನಾಯ್ತು ಅಂದ್ರೆ ಯಾರು ಭೋಗ ಮತ್ತು ಐಶ್ವರ್ಯದಲ್ಲಿ ಆಸಕ್ತರೋ. ಭೋಗ ಅಂದ್ರೆ ಸುಖದ ಅನುಭವ. ಅದು ತಿನ್ನಬೇಕು, ಇದನ್ನ ನೋಡಬೇಕು. ಹೀಗೆ ಇಂದ್ರಿಯಗಳ ವಿಷಯಗಳಿಂದ ಬರುವ ಸುಖದ ಸೆಳೆತಕ್ಕೆ ಒಳಗಾದವರು. ಐಶ್ವರ್ಯ. ಆ ಭೋಗ ಮಾಡಬೇಕಾದರೆ ಸುಖವನ್ನು ಉಣಬೇಕಾದರೆ. ಅದಕ್ಕೆ ಬೇಕಾದ ಸಾಧನ ಸಲಕರಣೆಗಳು ಬೇಕು. ಐಶ್ವರ್ಯ ಅಂದ್ರೆ ದುಡ್ಡು, ದ್ರವ್ಯ. ಹೀಗೆ ಸಂಪತ್ತಿನ ಕಡೆಗೆ ವಾಲುವವರು ಸುಖ ಸಾಧನಗಳನ್ನ ಸಂಪಾದಿಸುವುದಕ್ಕಾಗಿ ಅದೇ ನಾವು ಗಳಿಸಬೇಕಾದ ಪರಮ ಜೀವನ. ನದ ಗುರಿ ಅಂತ ಬಯಸಿ
ಸುಖ ಸಾಧನಗಳಿಗೆ ಮಾರುಹೋಗಿ ಐಶ್ವರ್ಯ ಪ್ರಸಕ್ತರು.
ದುಡ್ಡಿನ ಕಡೆಗೆ ಅದರ ಸೆಳೆತಕ್ಕೆ ಒಳಗಾದವರು.
ತಯಾ ಅಪಹೃತ ಚೇತಸಾಂ ಅಂದ್ರೆ ತಯಾ ಅಂದ್ರೆ ಭೋಗೈಶ್ವರ್ಯಗಳ ಆಸಕ್ತಿಯಿಂದ ಅಪ ಅಕೃತ ಚೇತಸಾಂ
ಚೇತಹ ಅಂದ್ರೆ ಮನಸ್ಸು
ಆ ಮನಸ್ಸು
ಸಾರಥಿಯಾದ ಬುದ್ಧಿಯ ಕೈಯಲ್ಲಿ ಇರಬೇಕು ಆತ್ಮರತಿಕ ಈ ದೇಹದಲ್ಲಿ
ಬುದ್ಧಿಯ ಕೈಯಲ್ಲಿ ಸಾರಥಿಯ ಕೈಯಲ್ಲಿ ಮನಸ್ಸನ್ನು ಕಡಿವಾಣ ಕುದುರೆಗಳು ಇಂದ್ರಿಯಗಳು
ಆ ಕಡಿವಾಣ
ಮನಸ್ಸೆಂಬ ಕಡಿವಾಣ ಬುದ್ಧಿ ಎಂಬ ಸಾರಥಿಯ ಕೈಯಲ್ಲಿ ಇರುವ ಬದಲು
ಕುದುರೆಗಳ ಸೆಳೆತಕ್ಕೆ ಆ ಕಡಿವಾಣ ಒಳಗಾದರೆ
ತಯಾ ಅಪಹೃತ ಚೇತಸಾಂ
ಭೋಗೈಶ್ವರ್ಯಗಳ ಲಾಲಸೆಯಿಂದ್ಗೆ ಅಪಹೃತ ಅದರ ಸೆಳೆತಕ್ಕೆ ಒಳಗಾದ ಚೇತಸಾಂ ಮನಸ್ಸುಳ್ಳವರು ಯಾರ ಮನಸ್ಸು ಲೌಕಿಕ ಭೋಗ ಭಾಗ್ಯಗಳ ಸೆಳೆತಕ್ಕೆ ಒಳಗಾಗಿದೆಯೋ ಅಂಥವರು.",7196,8127,,,129
kn_kannada_17_0010,kannada_17,kn,Dvaita,10,"ಅವರ ಮನಸ್ಸೆಂಬ ಕಡಿವಾಣ ಕುದುರೆ ಎಳೆದುಕೊಂಡಿದೆ. ಕುದುರೆ ಹೋದಲ್ಲಿ ಕಡಿವಾಣ ತಿರುಗುತ್ತದೆ ಅಲ್ಲಿಗೆ ವಿಷಯದ ಸೆಳೆತಕ್ಕೆ ಒಳಗಾಗಿ ಅಧಃಪತನಕ್ಕೆ ಒಳಗಾಗಿದೆ. ಆಗಾಗುವ ಭೀತಿ ಅವರದು. 
ಹೀಗೆ ಭೋಗ ಐಶ್ವರ್ಯ ಪ್ರಸಕ್ತಾನಾಂ ಅವುಗಳಲ್ಲಿ ಆಸಕ್ತನಾಗಿದ್ದು ಯಾಕೆ ಅಂದ್ರೆ ತಯಾ ಅಪಹೃತ ಚೇತಸಾಂ. 
ಅವುಗಳಿಂದಲೇ ತಮ್ಮ ಮನಸ್ಸನ್ನ ಸೆಳೆತಕ್ಕೆ ಒಳಪಡಿಸಿಕೊಂಡಿರುವವರು ಅವರ ಬುದ್ಧಿಹಿ ಅವರ ಜ್ಞಾನ. ಆ ಅವರ ಮನಸ್ಸು ವ್ಯವಸಾಯಾತ್ಮಿಕ ವ್ಯವಸಾಯ ಅಂದ್ರೆ ರಾಘವೇಂದ್ರ ಸ್ವಾಮಿಗಳು ಅರ್ಥ ಬರೀತಾರೆ ಸಮ್ಯಕ್ ಪ್ರಮಾಣ ನಿರ್ಣೀತ ಅರ್ಥ ನಿಶ್ಚಯ ರೂಪ ಪ್ರಮಾಣಗಳ ಸರಿಯಾದ ವಿಮರ್ಶೆಯಿಂದ ಒಂದು ನಿರ್ಧಾರಾತ್ಮಕವಾದ ಬುದ್ಧಿ ಅವರಿಗಿಲ್ಲ ಅವರು ತಮಗೆ ಬೇಕಾದಂತೆ ವೇದದಿಂದ ಅರ್ಥವನ್ನು ತಿಳಿದುಕೊಂಡು ಭೋಗ ಭಾಗ್ಯದ ಕಡೆ ಗಮನ ಕೊಟ್ಟವರು. ಅಂಥವರ ಬುದ್ಧಿಹಿ ಬುದ್ಧಿಯು ಸಮಾಧೋ ನವಿಚೀಯತೆ. ಸಮಾಧಿ ಅಂದ್ರೆ ಭಗವಂತನ ಬಗ್ಗೆ ಧ್ಯಾನ. ಭಗವಂತನ ಬಗ್ಗೆ ಧ್ಯಾನ ಮಾಡಬೇಕಾದರೆ ಮನಸ್ಸು ಲೌಕಿಕ ಸೆಳೆತಕ್ಕೆ ಒಳಗಾಗಿರಬಾರದು. ಆದರೆ ಇವರು ಭೋಗೈಶ್ವರ್ಯ ಪ್ರಧಾನವಾದ ಜೀವನವಾಗಿರುವುದರಿಂದ ಇವರದ್ದು ಅವರು ದೇವರ ಕೋಣೆಯಲ್ಲಿ ಕೂತರು ಕೂತಿದ್ದು ಕೋಣೆಯಲ್ಲಾದರೂ ಮನಸ್ಸು ಊರೆಲ್ಲ ಸಂಚಾರ ಮಾಡುತ್ತದೆ.",8128,8969,,,106
kn_kannada_17_0011,kannada_17,kn,Dvaita,11,"ಹೀಗಾಗಿ ಭಗವಂತನ ಬಗ್ಗೆ ಇದಮಿತ್ತಂ ಅಂತ ಅವನು ಇದ್ದೇ ಇದ್ದಾನೆ ಅವನು ನಮ್ಮನ್ನು ಉದ್ದಾರ ಮಾಡುತ್ತಾನೆ ಈ ಜನ್ಮ ಬಂಧದಿಂದ ವಿಮೋಚನೆಗೊಳಿಸುತ್ತಾನೆ ಅನ್ನೋ ನಿರ್ಧಾರ ಅವರಿಗೆ ಇಲ್ಲದೆ ಇರೋದ್ರಿಂದ ಪ್ರಪಂಚದ ಪ್ರಧಾನ ಉದ್ದೇಶ ಉಣ್ಣೋದು ತಿನ್ನೋದು ಸುಖ ಪಡೋದು. ಹೀಗೆ ಲೌಕಿಕ ಭೋಗ ಭಾಗ್ಯಕ್ಕೆ ಮನಸೋತವರ ಬುದ್ಧಿ. ಭಗವಂತನ ಕಡೆ ಏಕಾಗ್ರತೆ ಕೊಳ್ಳುವುದಿಲ್ಲ. ಬುದ್ಧಿಹಿ ಸಮಾಧೌ ನ ವಿಜೀಯತೆ. ಇಂತಹ ಸೆಳತಕ್ಕೆ ಒಳಗಾದವರ ಬುದ್ಧಿಯು ಸಮಾಜಿಗಾಗಿ ಸಮಾಜ್ಯರ್ಥೆ ಸಮಾಜಿಗಾಗಿ ಭಗವಂತನಲ್ಲಿ ಏಕಾಗ್ರತೆಯನ್ನು ಹೊಂದುವುದಕ್ಕಾಗಿ ನ ವಿಜೀಯತೆ ಶಕ್ತವಾಗುವುದಿಲ್ಲ. ಅವರು ಭಗವಂತನ ಧ್ಯಾನದಲ್ಲಿ ಕೂಡುತ್ತೇವೆ ಅಂತ ಕಣ್ಣು ಮುಚ್ಚಿ ಕೂತ್ರು ಕೂಡ ಅವರ ಮನಸ್ಸು ಊರೆಲ್ಲಾ ಹೇಗೆ ದುಡ್ಡು ಮಾಡೋದು, ಹೇಗೆ ಬೇಕಾದ್ದನ್ನು ಕೊಂಡುಕೊಳ್ಳುವುದು, ಹೇಗೆ ನಮ್ಮ ಶ್ರೀಮಂತಿಕೆಯನ್ನು ಬೆಳೆಸಿಕೊಳ್ಳುವುದು. ಇಷ್ಟೇ ಯೋಚನೆ ಇರುತ್ತದೆ ಹೊರತು ಭಗವಂತನ ಬಗ್ಗೆ ಏಕಾಗ್ರತೆ ಆ ಮನಸ್ಸಿಗೆ ಬರುವುದಿಲ್ಲ. ಆದ್ದರಿಂದ ನಿಮಗೆ ವ್ಯವಸಾಯಾತ್ಮಕವಾದ ನಿರ್ಧಾರ ಸಾರಾತ್ಮಕವಾದ ಬುದ್ಧಿ
ಅದು ಬರಬೇಕು ಅಂತ ಆದರೆ
ಲೌಕಿಕ ಭೋಗ ಭಾಗ್ಯದ ಸೆಳತಕ್ಕೆ ಒಳಗಾಗಬಾರದು
ಅಂದ್ರೆ ಪ್ರಪಂಚವನ್ನೇ ಬಿಟ್ಟು ಕೂತಿರಿ ಅಂತ ಅರ್ಥ ಅಲ್ಲ
ಪ್ರಪಂಚದ ವಿಷಯ ಭೋಗ ಭಾಗ್ಯಗಳು ನಮಗಾಗಿ ಇರಬೇಕು ಹೊರತು
ಅವುಗಳಿಗಾಗಿಯೇ ನಮ್ಮನ್ನು ಅರ್ಪಿಸಿಕೊಳ್ಳುವ
ಮನೋಭಾವ ಇದ್ದರೆ ಆವಾಗ ಸಮಾಧಿಯಲ್ಲಿ ಅಂದ್ರೆ ಭಗವಂತನ ಧ್ಯಾನದಲ್ಲಿ ನಮ್ಮ ಮನಸ್ಸು ಏಕಾಗ್ರಗೊಳ್ಳುವುದಿಲ್ಲ.",8970,9991,,,129
kn_kannada_17_0012,kannada_17,kn,Dvaita,12,"ಮನಸ್ಸನ್ನ ಎಲ್ಲಿ ಹರಿ ಬಿಡಿತೀವೋ ಅಲ್ಲಿ ಹಾರಾಡುತ್ತದೆ ಹೊರತು ಆದರೆ ಸಾಕು ಅಂತ ಉದಾಸೀನ್ಯ ಭಾವ ಎಲ್ಲಿದೆಯೋ ಅಲ್ಲಿ ಏಕಾಗ್ರಗೊಳ್ಳುವುದಿಲ್ಲ. 
ಆದ್ದರಿಂದ ಭಗವಂತನಲ್ಲಿ ದೇವರಲ್ಲಿ ನಮ್ಮ ಮನಸ್ಸು ಏಕಾಗ್ರಗೊಂಡು ಅವನಿಗಾಗಿ ನಾವು ಏನಾದರೂ ಮಾಡಬೇಕು ಅಂತಾದರೆ ಲೌಕಿಕ ಭೋಗದ ಸೆಳೆತ ನಮ್ಮಲ್ಲಿ ಇರಬಾರದು. 
ಲೌಕಿಕ ಭೋಗವನ್ನು ಬಿಟ್ಟೆ ಬಿಡಿ ಅಂತ ಕೃಷ್ಣ ಹೇಳಲಿಲ್ಲ. 
ಅವುಗಳ ಆಕರ್ಷಣೆ ಅದೇ ನನ್ನ ಜೀವನದ ಪರಮಗುರಿ ಅದಿದ್ದರೆ ಮಾತ್ರ ಬಾಳಿಯೇನು ಅನ್ನೋ ನಿರ್ಧಾರ ಇದ್ದರೆ ನಿಮಗೆ ಸಮಾಧಿಯ ಸ್ಥಿತಿಯನ್ನು ಹೊಂದಿದೆ. ಅಂದಾಜು ಸಾಧ್ಯವಿಲ್ಲ. ಆದ್ದರಿಂದ ಇಂತಹ ಯುಕ್ತಿಯಿಂದ ವೇದದ ಅರ್ಥವನ್ನು ತಿಳಿದವರ ಬುದ್ಧಿ ಏನಿದೆಯೋ ಅದು ವ್ಯವಸಾಯಾತ್ಮಕವಾದ ಬುದ್ಧಿ. ಅದು ಏಕ ಅದರಲ್ಲಿ ಭಿನ್ನಾಭಿಪ್ರಾಯ ಇಲ್ಲ. ಯಾರ ಬುದ್ಧಿ ಅವ್ಯವಸಾಯಾತ್ಮಕವಾಗಿದೆಯೋ ನಿರ್ಧಾರಾತ್ಮಕ ಆಗಿರಲ್ಲೋ ಅದು ಅಂತವರ ಮತಗಳು ಹಾಗೆ ಮಾಡಬಹುದು ಹೀಗೆ ಮಾಡಬಹುದು ಅದು ದೇವರು ಇದು ದೇವರು ಇದ್ದವರನ್ನೆಲ್ಲ ಬೆನ್ನು ಹಿಡಿದು ಅವರು ಲೌಕಿಕ ಭಾಗ್ಯದ ಸೆಳೆತಕ್ಕೆ ಒಳಗಾಗಿ ಪರಮ ಗುರಿಯನ್ನು ತಲುಪುವುದಿಲ್ಲ. ಮತ್ತೊಮ್ಮೆ ಶ್ಲೋಕ ಭೋಗೈಶ್ವರ್ಯ ಪ್ರಸಕ್ತಾನಾಂ ತಯಾಪಹೃತ ಚೇತಸಾಂ ವ್ಯವಸಾಯಾತ್ ಮಿಕಾ ಬುದ್ಧಿಹಿ ಸಮಾಧೌ ನ ವಿಧೀಯತೆ ಇದುವರೆಗೆ ಶ್ರೀಕೃಷ್ಣ ಯೋಗೇತು ಇಮಾಂ ಶೃಣು ಅಂತ ಭಗವಂತನ ಜ್ಞಾನಕ್ಕೆ ಬೇಕಾದ ಸಾಧನೆಯನ್ನು ನಾನು ಹೇಳುತ್ತೇನೆ ಅಂತ ಏನು ಪ್ರತಿಜ್ಞೆ ಮಾಡಿದ್ನೋ ಅದು ಯಾಕೆ ಅದರ ಅಗತ್ಯ ಏನು ಅಂತ ಅದನ್ನ ಪ್ರಶ್ನೆ ಕ್ಷಮ್ಸೆ ಮಾಡಿ ಮುಂದೆ ಆ ಸಾಧನೆಯ ಬಗ್ಗೆ ಹೇಳೋದಕ್ಕೆ ಆರಂಭ ಮಾಡ್ತಾನೆ ಅದು ಮುಂದಿನ ಶ್ಲೋಕದಲ್ಲಿದೆ ಅದನ್ನು ಮುಂದಿನ ಭಾಗದಲ್ಲಿ ನೋಡೋಣ ಶ್ರೀ ಕೃಷ್ಣಾರ್ಪಣಮಸ್ತು.",9993,11140,,,153
kn_kannada_17_0013,kannada_17,kn,Dvaita,13,ಭಗವದ್ಗೀತೆಯ ಈ ಪ್ರಾಯೋಜಕತ್ವವನ್ನು ಶ್ರೀ ಮರಬೇಕರೆ ಮುರಳೀಧರರಾವ್ ತಾವು ವಹಿಸಿಕೊಂಡು ನಡೆಸ್ತಾ ಇದ್ದಾರೆ. ಶ್ರೀ ಕೃಷ್ಣ ಅವರಿಗೆ ವಿಶೇಷವಾದ ಅನುಗ್ರಹವನ್ನು ಮಾಡಲಿ ಅಂತ ಪ್ರಾರ್ಥನೆ ಮಾಡ್ತೀನಿ.,11141,11298,,,19
kn_kannada_18_0000,kannada_18,kn,Dvaita,0,"ಶ್ರೀ ಗುರುಭ್ಯೋ ನಮಃ ಹರಿಃ ಓಂ 45ನೆಯ ಶ್ಲೋಕ
ತ್ರೈಗುಣ್ಯ ವಿಷಯಾ ವೇದಾಹ
ನಿಸ್ತ್ರೈಗುಣ್ಯೋ ಭವಾರ್ಜುನ
ನಿರ್ದ್ವಂದ್ವೋ ನಿತ್ಯ ಸತ್ವಸ್ಥೋ
ನಿರ್ಯೋಗಕ್ಷೇಮ ಆತ್ಮವಾನ್ ಪದ ವಿಭಾಗ
ತ್ರೈಗುಣ್ಯ ವಿಷಯಾಹ
ವೇದಾಹ
ನಿಸ್ತ್ರೈಗುಣ್ಯಹ
ಭವ ಅರ್ಜುನ
ನಿರ್ದ್ವಂದ್ವಹ
ನಿತ್ಯ ಸತ್ವಸ್ಥಹ
ನಿರ್ಯೋ ಯೋಗಕ್ಷೇಮಃ
ಆತ್ಮವಾ
ಈ ಶ್ಲೋಕ ಕೇಳೋದಕ್ಕೆ
ನಿರ್ ಎಂಬ ಉಪಸರ್ಗವನ್ನು ಮತ್ತೆ ಮತ್ತೆ ಬಳಸಿ
ಕಟು ಶಬ್ದಗಳನ್ನು ಒಳಗೊಂಡಿದೆ
ಆದರೆ
ಬಹಳ ಮುಖ್ಯವಾದ ಒಂದು ತತ್ವವನ್ನು ಶ್ರೀಕೃಷ್ಣ ಈ ಶ್ಲೋಕದಲ್ಲಿ ಹೇಳಿದ್ದಾನೆ
ಇಲ್ಲಿ ನೋಡಿ
ಪೂರ್ವ ಅರ್ಥವನ್ನ ಕೇಳಿದಾಗ
ವೇದಕ್ಕೆ ವಿರುದ್ಧವಾದದ್ದನ್ನೇನೋ ಕೃಷ್ಣ ಹೇಳುತ್ತಿದ್ದಾನೆ ಅನ್ನೋ ರೀತಿಯಲ್ಲಿ ಕಾಣುತ್ತದೆ.
ವೇದಾಹ ತ್ರೈಗುಣ್ಯ ವಿಷಯಾಹ
ವೇದಗಳು ತ್ರೈಗುಣ್ಯದ ಬಗ್ಗೆ ಹೇಳುತ್ತಾ ಇವೆ.
ಅರ್ಜುನ ನಿಸ್ತ್ರೈಗುಣ್ಯೋ ಭವ
ನೀನು ತ್ರೈಗುಣ್ಯ ತ್ರೈಗುಣ್ಯವನ್ನು ಬಿಟ್ಟುಬಿಡು. ಹಾಗಾದರೆ ವೇದ ಹೇಳುವುದು ತ್ರೈಗುಣ್ಯವನ್ನ ನೀನು ತ್ರೈಗುಣ್ಯವನ್ನು ಅರಸುಬೇಡ. ವೇದ ಹೇಳಿದ್ದನ್ನ ಬಿಟ್ಟುಬಿಡು ನೀನು. ಹಾಗಾದರೆ ವೇದಕ್ಕೆ ಬೆನ್ನು ಹಾಕು. ವೇದ ಹೇಳಿದ್ದು ನಿನಗಲ್ಲ ಅನ್ನೋ ಅಭಿಪ್ರಾಯ ಪೂರ್ವಾರ್ಥದಲ್ಲಿ ಕಾಣುತ್ತದೆ.",0,815,,,101
kn_kannada_18_0001,kannada_18,kn,Dvaita,1,"ಇಲ್ಲಿ ಭಾಷ್ಯಕಾರರನ್ನು ಅನುಸರಿಸದೆ ಹೋದಲ್ಲಿ ಈ ಶ್ಲೋಕದಲ್ಲಿ ಕೃಷ್ಣನ ಭಾವ ನಾವು ಅರ್ಥ ಮಾಡಿಕೊಳ್ಳುವುದು ಕಷ್ಟ. ತ್ರೈಗುಣ್ಯ ಅಂದ್ರೆ ಏನು? ತ್ರಿಗುಣ. ತ್ರಿಗುಣ ಅಂದ್ರೆ ಸತ್ವ, ರಜಸ್ಸು, ತಮಸ್ಸು. ಈ ಪ್ರಪಂಚದ ಪ್ರತಿಯೊಂದು ವಸ್ತುಗಳಲ್ಲೂ ಜಡ ವಸ್ತು ಯಾಕೆ? ಆತ್ಮನಲ್ಲೂ ಈ ಗುಣಗಳು ಹಾಸುಹೊಕ್ಕಾಗಿವೆ. ಸಾತ್ವಿಕ ಜೀವರು, ರಾಜಸ ಜೀವರು, ತಾಮಸ ಜೀವರು ಅಂತ ಹೇಳ್ತೀವಿ ನಾವು. ಹೀಗೆ ಇಡೀ ಪ್ರಪಂಚ ತ್ರಿಗುಣಾರ್ಥ ಪಕ್ಕವಾದದ್ದು.
ತ್ರೈಗುಣ್ಯ ಅಂದ್ರೆ
ಈ ಮೂರು ಗುಣಗಳಿಗೆ ಸಂಬಂಧಪಟ್ಟದ್ದು.
ವಿಷಯಾಹ
ವಾದ ಅಂತ ಹಿಂದಿನ ಶ್ಲೋಕದಲ್ಲಿ ಬಂತು.
ವಾದ ಅಂದ್ರು ವಿಷಯ ಅಂದ್ರು ಒಂದೇ ಅರ್ಥ.
ವಾದೋ ವಿಷಯಕತ್ವಂಚ ಮುಖತೋ ವಚನಂ
ವೇದಾಹ ಆ ತ್ರೈಗುಣ್ಯ ವಿಷಯಾಹ
ವೇದಗಳು
ತ್ರಿಗುಣಕ್ಕೆ ಸಂಬಂಧಪಟ್ಟ
ವಸ್ತುವನ್ನು ಮೇಲುಮೈಗೆ ಹೇಳಿದಂತೆ ಕಾಣುತ್ತದೆ.
ಅರ್ಥಾತ್
ವೇದದ ಮೇಲುಮೈಗೆ ಕಾಣುವ ಅರ್ಥ ಅದು
ತ್ರಿಗುಣ ವಸ್ತುಗಳಿಗೆ ಸಂಬಂಧಪಟ್ಟ ಅಂತ ಪಟ್ಟಿದ್ದು.
ತ್ರಿಗುಣ ವಸ್ತುಗಳು ಅಂದ್ರೆ
ಲೌಕಿಕ ಭೋಗ ಭಾಗ್ಯಗಳು ಸ್ವರ್ಗ ನೋಡಿ ಸ್ವರ್ಗವು ತ್ರಿಗುಣದಲ್ಲಿ ಸೇರಿದೆ.",816,1565,,,101
kn_kannada_18_0002,kannada_18,kn,Dvaita,2,"ಸ್ವರ್ಗದಲ್ಲೂ
ಕೇವಲ ಸತ್ವಗುಣದ ಪ್ರಭಾವ ಮಾತ್ರ ಅಲ್ಲ
ರಜೋಗುಣ ತಮೋಗುಣಗಳ ಪ್ರಭಾವವು ಅಲ್ಲಿದೆ ರಾಗದ್ವೇಷಾದಿಗಳು ಅಲ್ಲಿದೆ.
ದೇವಲೋಕ ಲೋಕಕ್ಕೆ ದೈತ್ಯರು ಆಕ್ರಮಿಸುತ್ತಾರೆ, ಇಂದ್ರನಿಗೆ ಸಿಟ್ಟು ಬರುತ್ತದೆ. 
ಅವರ ವಿರುದ್ಧ ಹೋರಾಡುತ್ತಾನೆ, ಹೋರಾಟ, ಬಡೆದಾಟ, ಕೋಪ, ತಾಪ ಅಲ್ಲೂ ಇದೆ. 
ಹೀಗಾಗಿ ಇವೆಲ್ಲ ತ್ರೈಗುಣ್ಯಗಳು, ತ್ರಿಗುಣಕ್ಕೆ ಸಂಬಂಧಪಟ್ಟದ್ದು. 
ಲೌಕಿಕವಾಗಿ ನಾವು ಸುಖ ಸಾಧನ ಅಂತ ಏನು ಮನೆಗೆ ಸ್ವಾಗತ ಮಾಡುತ್ತೇವೋ ಅವುಗಳು ತ್ರೈಗುಣ್ಯಗಳು. ಗುಣ್ಯಗಳೇ.
ಅದು ಸುಖಕ್ಕೆ ಕಾರಣ ಆಗ್ತದೆ ಅನ್ನೋದು ಎಷ್ಟು ಸತ್ಯನೋ
ದುಃಖವನ್ನು ಕೊಡುತ್ತದೆ ಅನ್ನೋದು ಅಷ್ಟೇ ಸತ್ಯ.
ಇವತ್ತು ಆಧುನಿಕ ಸರಕರಣೆಗಳು ಬೇಕಾದಷ್ಟು ನಮ್ಮ ಮನೆಯಲ್ಲಿವೆ.
ಹಿತಮಿತವಾಗಿ ಬಳಸಿದ್ರೆ ಅದು ನಮಗೆ ಅನುಕೂಲ.
ಅದು ಒಂದು ಅಂಕೆಯನ್ನ ಮೀರಿದ್ರೆ ಅದು ನಮಗೆ ಪ್ರತಿಫಲ. ತಿಗೋಳ.
ನಿರಂತರ ದೂರದರ್ಶನವನ್ನು ನಮ್ಮ ಮೊಬೈಲ್ ಫೋನನ್ನು ನೋಡ್ತಾ ಇದ್ರೆ ಒಂದು ವರ್ಷದಲ್ಲಿ ಕಣ್ಣಿಗೆ ಕನ್ನಡಕ್ಕೆ ಹಾಕೋಬೇಕಾಗುತ್ತೆ.
ಮನಸ್ಸಿನ ಮೇಲೆ ಪ್ರಭಾವವನ್ನು ಬಿಡುತ್ತದೆ.
ಕಣ್ಣಿನ ಇಂದ್ರಿಯಗಳ ಮೇಲೆ ಪ್ರಭಾವವನ್ನು ಬಿಡುತ್ತದೆ.
ಹೀಗೆ ಲೌಕಿಕ ಭೋಗ ಸಾಧನಗಳು ಏನಿವೆಯೋ ಸ್ವರ್ಗವು ಸೇರಿದಂತೆ ಎಲ್ಲವೂ ತ್ರಿಗುಣಾತ್ಮಕವಾದದ್ದು.",1566,2424,,,106
kn_kannada_18_0003,kannada_18,kn,Dvaita,3,"ಇದರ ಬಗ್ಗೆ ವೇದವು ಹೇಳ್ತಾ ಇದೆ ಅಂತ ನಮಗೆ ವಿಷಯಾಹ ಆಪಾತತಹ ಈ ತ್ರೈಗುಣ್ಯಕ್ಕೆ ಸಂಬಂಧಪಟ್ಟ ವಿಷಯವನ್ನ ವೇದ ಹೇಳ್ತಾ ಇದೆ ಅಂತ ಅನ್ನಿಸ್ತಾ ಇದೆ ಅರ್ಜುನ ಆದರೆ ನಿಸ್ತ್ರೈಗುಣ್ಯೋ ಭವ ನೀನು ಆ ತ್ರಿಗುಣದ ಬಗ್ಗೆ ಆಸಕ್ತಿಯನ್ನ
ಪಡ್ಕೋಬೇಡ.
ನೀ ನಿನಿಸ್ತ್ರೈಗುಣ್ಯನಾಗು.
ಸ್ವರ್ಗದ ಬಗ್ಗೆಯೂ ಆಸಕ್ತಿಯನ್ನ
ತಾಳಬೇಡ.
ಲೌಕಿಕ ಯುದ್ಧದಿಂದ ಕೇಳ್ತಾ ಇದ್ದಿ.
ನಮಗೆ ಪದವಿ ಸಿಗುತ್ತೆ.
ಆದರೆ ಅಲ್ಲಿಂದ ಸುಖ ಸಿಗೋದಿಲ್ಲ.
ಆದ್ದರಿಂದ ಇವೆಲ್ಲ ತ್ರಿ ಗುಣಗಳ ಬಗ್ಗೆ ನೀನು ಮನಸ್ಸು ಕೆಡಿಸಿಕೊಳ್ಳಬೇಡ, ವೇದವು ಅದನ್ನ ಮೇಲ್ಮೈಗೆ ಹೇಳುವಂತೆ ಕಾಣುತ್ತದೆ, ನೀನು ನಿಸ್ತ್ರೈಗುಣ್ಯೋ ಭವ. 
ಇದು ಸಾಧನೆಯ ಬಗ್ಗೆ ಶ್ರೀಕೃಷ್ಣ ಹೇಳಿದ್ದು. 
ರಾಯರು ಈ ಶ್ಲೋಕಕ್ಕೆ ಅವತಾರಿಕೆಯನ್ನು ಕೊಡ್ತಾ ಇದಾನಿಂ ಪ್ರತಿಜ್ಞಾತಂ ಯೋಗಂ ಪ್ರಾಧಾನ್ಯೇನ ಆಹಾ ತ್ರೈಗುಣ್ಯ ನಿತ್ಯಾದಿನ ಆ ಷಷ್ಠಾಧ್ಯಾಯಂ
ಇಲ್ಲಿಂದ
ಆರನೇ ಅಧ್ಯಾಯ ಮುಗಿಯುವವರೆಗೆ
ಶ್ರೀಕೃಷ್ಣ ಯೋಗದ ಬಗ್ಗೆ ನಾನು ಮಾತು ಹೇಳುತ್ತೇನೆ ಅಂತ ಏನು ಹೇಳಿದ್ನೋ ಅದನ್ನು ಹೇಳೋಕೆ ಆರಂಭ ಮಾಡಿದ್ದಾನೆ.
ಅಲ್ಲಿಗೆ ಮೊದಲು ಅರ್ಜುನನಿಗೆ ಸಾಧನಾನುಷ್ಠಾನದ ಬಗ್ಗೆ ಹೇಳುವಾಗ ಕೃಷ್ಣ ಎಷ್ಟು ಹೇಳಿದ ಮಾತು ವೇದದಲ್ಲಿ ಪುರಾಣಗಳಲ್ಲಿ ಮೇಲ್ಮೈಗೆ ಹೇಳುವ ವಿಷಯದ ಬಗ್ಗೆಯೇ ಆಸಕ್ತನಾಗಿರದೆ ಅದನ್ನು ಬಿಟ್ಟುಬಿಟ್ಟು ನೀನು ನಿಸ್ತ್ರೈಗುಣ್ಯ ಭಾವವನ್ನು ಹೊಂದು ತ್ರಿಗುಣಗಳ ಆಕರ್ಷಣೆಗೆ ಒಳಗಾಗದೆ ನೀನು ದೇವರು ಅವನು ನಮ್ಮ ಮೇಲೆ ಪ್ರಸನ್ನನಾಗಬೇಕು ಮೋಕ್ಷ ಅದೇ ಜೀವನದ ಪರಮ ಗುರಿಯಾಗಿರಬೇಕು.",2425,3450,,,135
kn_kannada_18_0004,kannada_18,kn,Dvaita,4,"ಈ ಭಾವವನ್ನ ತಾಳುವ ಸಾತ್ವಿಕನಾಗಬೇಕು ಹೊರತು ಐಶ್ವರ್ಯ ಬೇಕು, ಮನೆ ಬೇಕು, ಮಕ್ಕಳು ಬೇಕು, ಸಂತತಿ ಬೇಕು, ಸ್ವರ್ಗ ಬೇಕು. ಹೀಗೆ ತ್ರಿಗುಣಕ್ಕೆ ಸಂಬಂಧಪಟ್ಟ ವಿಷಯ ಪದಾರ್ಥಗಳ ಬಗ್ಗೆ ಆಸಕ್ತಿ. ಅನ್ನ ತಾಳಬೇಡ. 
ವೇದದಲ್ಲಿ ಏನೋ ಮೇಲ್ಭಾಗ್ಯ ಹೇಳುವಂತೆ ಕಾಣುತ್ತದೆ ಅದು. 
ಮತ್ತೆ ಏನು ಮಾಡಬೇಕು ನೀನು? 
ನಿರ್ದ್ವಂದ್ವಾಹ ಭಗವದ್ಗೀತೆಯಲ್ಲಿ ಶಾಸ್ತ್ರಗಳಲ್ಲಿ ದ್ವಂದ್ವ ಅನ್ನೋ ಶಬ್ದಕ್ಕೆ. 
ನಮ್ಮ ಆಡು ಭಾಷೆಯಲ್ಲಿ ದ್ವಂದ್ವ ಅಂದ್ರೆ ಡೀಲಿಮಾ ಅದು ಮಾಡಬೇಕೋ ಇದು ಮಾಡಬೇಕೋ ಅಂತ ನಿರ್ಧಾರ ಮಾಡದ ಒಂದು ಸ್ಥಿತಿ.
ಸಂದೇಹ ಅಂತ ಹೇಳಬಹುದು.
ಆದರೆ ಇಲ್ಲಿ ಭಗವದ್ಗೀತೆಯಲ್ಲಿ ದ್ವಂದ್ವ ಅಂದ್ರೆ ಸುಖ ದುಃಖಗಳು.
ನಿರ್ದ್ವಂದ್ವಹ.
ನೀನು ಸುಖ ದುಃಖಗಳ ಬಗ್ಗೆ ಆಸಕ್ತಿಯನ್ನ ಕಳೆದುಕೋ.
ನಿತ್ಯ ಸತ್ವಸ್ಥಃ ಇದು ಇದಕ್ಕೆ ಅಪೂರ್ವವಾದ ಒಂದು ಅರ್ಥವನ್ನು ಹೇಳಿದ್ದಾರೆ. ಇದಕ್ಕೆ ಕಾಣುವ ಅರ್ಥ ಯಾವತ್ತೂ ಸತ್ವಗುಣದಲ್ಲಿ ಇರು ಅಂತ. ನಿತ್ಯ ಸತ್ವಸ್ಥಃ ಸತ್ವ ಅಂದ್ರೆ ಸತ್ವಗುಣ. ತ್ರಿಗುಣಗಳಲ್ಲಿ ಒಂದು ಅಲ್ಲಿ ಇರು ಅಂತ. ವಸ್ತುವಸ್ತು ಸತ್ವಗುಣವು ಪ್ರಾಕೃತವಾದದ್ದೆ.",3451,4202,,,100
kn_kannada_18_0005,kannada_18,kn,Dvaita,5,"ಅದಕ್ಕಾಗಿ ಸತ್ವಗುಣ. ಸತ್ವ ಅಂದ್ರೆ ಸತ್ವಗುಣ ಪ್ರಿಯನಾದ ಭಗವಂತ.
ಭಗವದ್ ಭಕ್ತರಿಗೆ ಕೃಷ್ಣನ ಭಕ್ತರಿಗೆ ಸಾತ್ವತರು ಅಂತ ಹೆಸರು.
ಯಾಕೆ ಅಂದ್ರೆ ಸತ್ವಗುಣ ಪ್ರಿಯರು ಅವರು.
ಸತ್ವ ಅಂದ್ರೆ ಪರಮಾತ್ಮ.
ಪರಮಾತ್ಮನಿಗೆ ಪರಮಾತ್ಮನ ವಿಶೇಷ ಸನ್ನಿಧಾನ ಸತ್ವಗುಣ ಪ್ರಚಲಿತ. ಚುರುವಾದ ವಸ್ತುವಿನಲ್ಲಿದೆ.
ಬ್ರಹ್ಮದೇವರ ದೇಹ ಮನಸ್ಸು ಸತ್ವ ಪ್ರಧಾನವಾದದ್ದು.
ಭಗವಂತನ ಸನ್ನಿಧಾನ ಅಲ್ಲಿ ಪೂರ್ಣ ಇದೆ.
ಅಂದ ಸತ್ವ ಸತ್ವ ಅಂದ್ರೆ ಪರಮಾತ್ಮ ಸತ್ವಗುಣದಲ್ಲಿ ಸನ್ನಿಧಾನವನ್ನ ಹೊಂದಿರುವ ಪರಮಾತ್ಮ ಅಂತ ಅರ್ಥ.
ನಿತ್ಯಂ ಯಾವತ್ತೂ ಸತ್ವಸ್ಥಃ ಅಂದ್ರೆ ನಿತ್ಯಂ ಸತ್ವೇ ಸಾಧುಗುಣೋಪೇತೆ ಹರೌ ತಿಷ್ಠತಿ. 
ರಾಘವೇಂದ್ರ ಸ್ವಾಮಿಗಳು ಕೊಟ್ಟ ಅರ್ಥ. 
ಸಾಧುಗುಣಗಳಿಂದ ಒಳ್ಳೆಯ ಸದ್ಗುಣಗಳಿಂದ ಕೂಡಿದ ಪರಮಾತ್ಮನಲ್ಲಿ ಸ್ಥಃ ಇರುವವನು. 
ಪರಮಾತ್ಮನಲ್ಲಿ ಇರೋದು ಅಂದ್ರೆ ಪರಮಾತ್ಮ ಬಗ್ಗೆ ಮನಸ್ಸನ್ನು ಇಟ್ಟವರು.
ಹೀಗಾಗಿ ನೀನು ಸದಾ ಭಗವದೇಕ ನಿಷ್ಠನಾದರೆ ನಿರ್ದ್ವಂದ್ವಹ.
ಸುಖ ದುಃಖಗಳ ಬಗ್ಗೆ ಆಸಕ್ತಿಯನ್ನ ಕಳೆದುಕೊಳ್ಳುತ್ತೀಯಾ?
ಸುಖ ಬೇಕು ದುಃಖ ಬೇಡ ಅಂತ ಅದರ ಬಗ್ಗೆ ಪ್ರಯತ್ನ ಮಾಡುವ ಬದಲು ನಿನ್ನ ಮನಸ್ಸನ್ನ ಸದಾ ಭಗವದ ಆಸಕ್ತಗೊಳಿಸಿದರೆ ಅಲ್ಲಿ ಅದು ರಮಿಸುತ್ತದೆ ಹೊರತು ಸುಖದ ಆಕರ್ಷಣೆಯನ್ನ ಕಳೆದುಕೊಳ್ಳುತ್ತದೆ, ದುಃಖದ ಬಗ್ಗೆ ಹೆದರೋದನ್ನ ಕಳೆದುಕೊಳ್ಳುತ್ತದೆ ಅದು.",4203,5116,,,116
kn_kannada_18_0006,kannada_18,kn,Dvaita,6,"ಆದ್ದರಿಂದ ನೀನು ನಿರ್ದ್ವಂದ್ವನ ಆಗಬಹುದು. 
ನಿರ್ದ್ವಂದ್ವೋ ನಿತ್ಯ ಸತ್ವಸ್ಥಃ 
ನಿರ್ಯೋಗಕ್ಷೇಮಃ 
ಯೋಗ ಅಂದ್ರೆ 
ಅಪ್ರಾಪ್ತ ಪ್ರಾಪ್ತಿಹಿ. ನನಗೆ ಅದು ಬರಬೇಕು, ಇದು ಬರಬೇಕು ಅನ್ನೋ ನಿರೀಕ್ಷೆ. ಕ್ಷೇಮ ಅಂದ್ರೆ ನಮ್ಮಲ್ಲಿ ಈಗಾಗಲೇ ಏನಿದೆಯೋ ಸ್ಥಿತಸ್ಯ ಪರಿರಕ್ಷಣ. ಅದು ಇದ್ದಂತೆ ಉಳಿಬೇಕು. ನಾವು ಶ್ರೀಮಂತರಾಗಿಯೂ ಮಧ್ಯಮ ವರ್ಗದವರಾಗಿಯೂ ಒಂದು ಅನುಕೂಲ ಸ್ಥಿತಿಯನ್ನು ಹೊಂದಿರುತ್ತೇವೆ. ಇದು ಹೀಗೆ ಇರಲಪ್ಪ, ಇದನ್ನು ವ್ಯತ್ಯಾಸ ಮಾಡಬೇಡ ಅಂತ ಅನ್ನೋದರ ಬಗ್ಗೆ ಆಸಕ್ತಿ. ಅಥವಾ ಇನ್ನಷ್ಟು ನನಗೆ ಬರಬೇಕು ಅನ್ನೋ ಆಕರ್ಷಣೆ. 
ಒಂದು ಯೋಗ ಇನ್ನೊಂದು ಕ್ಷೇಮ. 
ನಿರಿಯೋಗ ಕ್ಷೇಮಃ. 
ನೀನು ಪರಮಾತ್ಮನಲ್ಲಿ ನಿನ್ನ ಮನಸ್ಸನ್ನ ನೆಲೆಗೊಳಿಸಬೇಕಾದರೆ ಯೋಗಕ್ಷೇಮದ ಚಿಂತನೆಯನ್ನ ಬಿಟ್ಟುಬಿಡಬೇಕು. 
ನೀನು ಯೋಗಕ್ಷೇಮದ ಚಿಂತನೆ ಚಿಂತನೆಯನ್ನ ಮಾಡಿದರೆ ಅದು ಮುಗಿಯೋದೇ ಇಲ್ಲ.
ಅಷ್ಟು ಬಂದ್ರೆ ಮತ್ತಷ್ಟು ಬೇಕು ಅಂತ ಮತ್ತೆ ಮನಸ್ಸು ಸಿದ್ಧವಾಗಿರುತ್ತದೆ.
ಕೂಡಿಟ್ಟಷ್ಟು ಕೂಡಿದ್ದನ್ನ ರಕ್ಷಣೆ ಮಾಡುವ ಹೊಣೆಗಾರಿಕೆ ಹೆಚ್ಚಾಗುತ್ತೆ.
ಸಂಗ್ರಹ ಮಾಡುವ ಅಪೇಕ್ಷೆ ಹೆಚ್ಚಾದಷ್ಟು ಮತ್ತಷ್ಟು ಮತ್ತಷ್ಟು ಸಂಗ್ರಹದ ಲಾಲಸೆ ಬೆಳೆಯುತ್ತದೆ.
ಹೀಗಾಗಿ ನೀನು ಯೋಗಕ್ಷೇಮದ ಚಿಂತನೆಯನ್ನ ಬಿಟ್ಟುಬಿಡಬೇಕು.",5118,5976,,,103
kn_kannada_18_0007,kannada_18,kn,Dvaita,7,"ಅದನ್ನೇ ಶ್ರೀಕೃಷ್ಣ ಭಗವದ್ಗೀತೆಯ ಕೊನೆಯಲ್ಲಿ ಹೇಳಿದ.
ಯೋಗಕ್ಷೇಮಂ ವಹಾಮ್ಯಹಂ.
ಯಾರು ಅನನ್ಯಾಶ್ಚಿಂತಯಂತಹ ನನ್ನನ್ನು ಏಕಾಗ್ರತೆಯಿಂದ ನೆನೆಸಿಕೊಳ್ಳುತ್ತಾರೋ ಅಂದ್ರೆ ಮನೆಯ ಯೋಗಕ್ಷೇಮದ ಆಸಕ್ತಿಯನ್ನು ಬಿಟ್ಟು. ನನ್ನಲ್ಲೇ ನಿರಂತರ ಧ್ಯಾನಾಸಕ್ತರಾಗಿರುತ್ತಾರೋ ಅವರ ಯೋಗಕ್ಷೇಮದ ಜವಾಬ್ದಾರಿ ನನ್ನದು ಅಂದ ಶ್ರೀಕೃಷ್ಣ. ಆದ್ದರಿಂದ ಭಗವಂತನ ಮೇಲೆ ಭಾರವನ್ನು ಹೊರಿಸಿ ನಿರ್ಯೋಗಕ್ಷೇಮಃ ಯೋಗಕ್ಷೇಮದ ಹೊಣೆಗಾರಿಕೆಯನ್ನ ಬಿಟ್ಟು ನಿರ್ದ್ವಂದ್ವನಾಗಿ ನಿತ್ಯ ಸತ್ವಸ್ಥ ತಹಾ ಸದಾ ಸಾಧು ಗುಣಗಳಿಂದ ಸದ್ಗುಣಗಳ್ ಪೂರ್ಣನಾದ ಪರಮಾತ್ಮನಲ್ಲಿ ಆಸಕ್ತನಾಗಿರಬೇಕು ಆತ್ಮವ ತುಂಬಾ ಮುಖ್ಯವಾದ ಒಂದು ಭಾವನೆ ಬ್ರಹ್ಮಸೂತ್ರದಲ್ಲಿ ವೇದವ್ಯಾಸರು ನಾವು ನಿರಂತರ ಚಿಂತನೆ ಮಾಡಬೇಕಾದ ಒಂದು ಅಂಶವನ್ನು ಹೇಳಿದ್ದಾರೆ ಆತ್ಮೇತಿ ಉಪಗಚ್ಛಂತಿ ಗ್ರಾಹಯಂತಿಚಾ ಅಂತ.
ನಾವು ಸದಾ ಏನು ಭಗವಂತನ ಬಗ್ಗೆ ಚಿಂತನೆ ಮಾಡಬೇಕು ಅಂದ್ರೆ ಆತ್ಮ ಅಂತ. ಆತ್ಮ ಅಂದ್ರೆ ಸ್ವಾಮಿ.
ನನ್ನನ್ನು ಕಾಯುವ ಒಡೆಯ ಪರಮಾತ್ಮ.
ಪರಮಾತ್ಮ ಸ್ವಾಮಿ ನಾನು ಅವನ ದಾಸ.
ಪರಮಾತ್ಮ ಸದ್ಗುಣಗಳ ರಾಶಿ.
ನಾನು ಅವನ ದಾಸ ಅಂದ್ರೆ ನಾನು ಗುಣಗಳ ದಾಸ.
ಅವನು ಸಂತೋಷ ಪಡಬೇಕಾದರೆ ಸದ್ಗುಣಗಳ ರಾಶಿ ಅವನು.",5977,6797,,,102
kn_kannada_18_0008,kannada_18,kn,Dvaita,8,"ಅವನು ಸಂತೋಷ ಪಡಬೇಕಾದರೆ ನಮ್ಮಲ್ಲಿ ಪ್ರೀತನಾಗಬೇಕಾದರೆ ಒಂದೊಂದೇ ಸದ್ಗುಣಗಳನ್ನು ನಾವು ತುಂಬಿಸಿಕೊಳ್ಳಬೇಕು.
ಹೀಗೆ ಸದ್ಗುಣ ಗಣಿಯಾದ ಪರಮಾತ್ಮನಲ್ಲಿ ದಾಸ್ಯವನ್ನು ನಾವು ವಹಿಸಿದರೆ,
ಅವನಂತೆ ಅವನಲ್ಲಿರುವ ಸದ್ಗುಣಗಳನ್ನು ಬೆಳೆಸಿಕೊಳ್ಳುವ ಪ್ರಯತ್ನ ನಮ್ಮಲ್ಲಿ ನಡೆಯುತ್ತದೆ. 
ಹೀಗಾಗಿ ಅವನು ಸಕಲ ಗುಣ ಪೂರ್ಣನಾದ ಸ್ವಾಮಿ. 
ನಾನು ಅವನ ಅಧೀನ. 
ಅವನಿಗಾಗಿ ನಾನಿದ್ದೇನೆ. 
ಈ ಪರಮಾತ್ಮನು ಸ್ವಾಮಿಯನ್ನು ಅನುಸರಿ ಸಂಧಾನ ಏನಿದೆಯೋ ಅದನ್ನ ಶ್ರೀಕೃಷ್ಣ ಈ ಶ್ಲೋಕದಲ್ಲಿ ಆತ್ಮವಾನ್ ಆತ್ಮ ಅಂದ್ರೆ ಸ್ವಾಮಿ ಆತ್ಮವಾನ್ ಶ್ರೀಕೃಷ್ಣನೇ ಭಗವಂತನೇ ಸ್ವಾಮಿಯಾಗಿ ಉಳ್ಳವನಾಗು ಹೀಗೆ ಮೂರು ಅಂಶಗಳನ್ನ ಶ್ರೀಕೃಷ್ಣ ಇಲ್ಲಿ ಹೇಳಿದ್ದಾರೆ ಬಿಡಬೇಕಾದ ಅಂಶ ಎರಡು ನಿರ್ದ್ವಂದ್ವಹ ನಿರಿಯೋಗಕ್ಷೇಮಃ
ನೀನು ಸುಖ ದುಃಖಗಳ ದ್ವಂದ್ವವನ್ನ ದಾಟಬೇಕು
ಯೋಗಕ್ಷೇಮಗಳ ಬಗ್ಗೆ ಚಿಂತೆಯನ್ನ ಬಿಡಬೇಕು
ಇದು ಬಿಡಬೇಕಾದ ಎರಡು ಅಂಶ
ನಾವು ಗಳಿಸಬೇಕಾದ ಎರಡು ಅಂಶ ಒಂದು ಆತ್ಮವಾನ್ ಭಗವಂತನೇ ನಮ್ಮ ಸ್ವಾಮಿ ಪೊರೈವವನು ಎಂಬ ದೃಢ ನಂಬಿಕೆ ನಾವು ನಮ್ಮಲ್ಲಿ ಬೇಕು.
ನಿತ್ಯ ಸತ್ವಸ್ಥಃ
ಈ ಭಾವನೆ ಬರಬೇಕಾದರೆ ನಾವು ಸತತ ಪರಮಾತ್ಮನನ್ನ ಚಿಂತನೆ ಮಾಡಬೇಕು ಮನಸ್ಸಿನಲ್ಲಿ.",6798,7616,,,104
kn_kannada_18_0009,kannada_18,kn,Dvaita,9,"ಅದು ಕ್ಷಮ ಇಲ್ಲದೆ ಖರ್ಚಿಲ್ಲದೆ ಆಗುವ ಕೆಲಸ.
ನಮ್ಮ ಬೇರೆ ಬೇರೆ ಲೌಕಿಕ ಕೆಲಸಗಳನ್ನು ಮಾಡುತ್ತಾ ಇರುವಾಗಲೂ ಕೂಡ ಭಗವಂತನ ನಾಮಸ್ಮರಣೆ ಮನಸ್ಸಿನಲ್ಲಿ ಭಗವಂತನ ಸ್ಮರಣೆ ಏನಿದೆಯೋ, ಇದನ್ನು ಮಾಡೋದು ಬಹಳ ಸುಲಭವಾದ ಒಂದು ಕೆಲಸ. 
ಅನ್ನ ನಿತ್ಯ ಸತ್ವಸ್ಥಃ ನೀವು ಯಾವುದೇ ಕೆಲಸ ಕಾರ್ಯಗಳಲ್ಲಿ ತೊಡಗಿದ್ದರೂ ಮನಸ್ಸು ನಿರಂತರ ಭಗವಂತನ ಚಿಂತನೆಯಲ್ಲಿ ಇರಲಿ. 
ಅವನೇ ಸ್ವಾಮಿ ಅವನು ಕೊಟ್ರೆ ಇದೆ ಅವನು ಮಾಡಿದ್ದಕ್ಕೆ ನಾನು ಸಿದ್ಧ ಅನ್ನೋ ಭಗವಂತನ ಸ್ವಾಮಿತ್ವ. ಚಿಂತನೆಯನ್ನ ನಡೆಸ್ತಾ ಇರಿ. 
ಇವೆರಡು ಮಾಡಬೇಕಾದ್ದು ಅವೆರಡು ಬಿಡಬೇಕಾದ್ದು. 
ಇದು ಯೋಗ ಮಾರ್ಗದಲ್ಲಿ ಭಗವಂತನನ್ನ ಕಾಣುವ ಅವನ ಅನುಗ್ರಹಕ್ಕೆ ಪಾತ್ರರಾಗುವ ದಾರಿಯಲ್ಲಿ ನಾವು ಮಾಡಬೇಕಾದ ಆರಂಭದ ಹಂತ. 
ಮತ್ತೊಮ್ಮೆ ಶ್ಲೋಕ ತ್ರೈಗುಣ್ಯ ವಿಷಯಾ ವೇದಾ ನಿಸ್ತ್ರೈಗುಣ್ಯೋ ಭವಾರ್ಜುನ ನಿರ್ದ್ವಂದೋ ನಿತ್ಯ ಸತ್ವಸ್ಥಃ ನಿರಿಯೋಗಕ್ಷೇಮ ಆತ್ಮವಾನ್
ಶ್ರೀ ವೇದಾಚಾರ್ಯರು ತ್ರೈಗುಣ್ಯ ವಿಷಯಾಹ ಅಂದ್ರೆ ವೇದಗಳು ಮೇಲುಮೈಗೆ ತ್ರೈಗುಣ್ಯದ ಬಗ್ಗೆ ಹೇಳ್ತಾ ಇದ್ದಾವೆ ಅಂತ ಒಂದು ಅರ್ಥವನ್ನ ಮಾಡಿದ್ದಾರೆ ಹೇಳಿದ್ದಾರೆ.
ಭಗವದ್ಗೀತಾ ತಾತ್ಪರ್ಯದಲ್ಲಿ ವೇದವನ್ನ ಪ್ರಶಂಸೆ ಮಾಡುವ ಇನ್ನೊಂದು ಅರ್ಥವನ್ನು ಇದಕ್ಕೆ ಹೇಳಿದ್ದಾರೆ.",7617,8464,,,108
kn_kannada_18_0010,kannada_18,kn,Dvaita,10,"ತ್ರೈಗುಣ್ಯ ವಿಷಯ ಯ ತ್ರೈಗುಣ್ಯ ವಿಷಯಾಹ ಅಂತ ಎರಡು ಪದ ಈಗ ಮೂರು ಪದ ತ್ರೈಗುಣ್ಯ ವಿಷಯ ಯ ತ್ರೈಗುಣ್ಯ ಅಂದ್ರೆ ತ್ರಿಗುಣ ಗಳಿಂದ ಆಗಿರುವ
ಲೌಕಿಕ ವಿಷಯಗಳು.
ಅಂದ್ರೆ ರುಚಿಯಾದ ಪದಾರ್ಥಗಳು, ಇಂಪಾದ ಶಬ್ದಗಳು, ಈ ವಿಷಯ ಪದಾರ್ಥಗಳು.
ಅವುಗಳು ವಿಷಗಳು.
ನಮಗೆ ಗೊತ್ತಾಗುವುದಿಲ್ಲ.
ಇವತ್ತು ನಾವು ದೇಹದ ಪುಷ್ಟಿಗೆ ಅಂತ ಏನು ಆಹಾರ ತೆಗೆದುಕೊಳ್ಳುತ್ತೇವೋ, ಒಂದರ್ಥದಲ್ಲಿ ವಿಷ ಬೆರೆತ ಆಹಾರ.
ವಿಷ ಮಿಶ್ರಿತವಾದ ಗಾಯ. ಆಳಿ.
ವಿಷ ಮಿಶ್ರಿತವಾದ ನೀರು.
ಹೇಗೋ ಹಾಗೆ ಕಣ್ಣಿಗೆ ಚಂದವಾಗಿ ಕಾಣುವ ವಸ್ತುಗಳು ಕಿವಿಗೆ ಇಂಪಾಗಿ ಸೆಳೆಯುವ ಶಬ್ದಗಳು ನಾಲಿಗೆಗೆ ರುಚಿ ಅಂತ ಕಾಣುವ ಬೇರೆ ಬೇರೆ ವಸ್ತುಗಳು ತಿನ್ನುವ ವಸ್ತುಗಳು ಇವೆಲ್ಲ ತ್ರೈಗುಣ್ಯಗಳು ತ್ರಿಗುಣ್ಯಗಳು. ಗುಣದ ವಿಕಾರಗಳು.
ಇದು ವಿಷಗಳು.
ಎಷ್ಟೆಷ್ಟು ಇದರ ಆಕರ್ಷಣೆಗೆ ನಾವು ಒಳಗಾಗ್ತೇವೋ ಅಷ್ಟಷ್ಟು ನಮ್ಮ ಮನಸ್ಸನ್ನು ವಿಷಮಯವಾಗಿ ಮಾಡುತ್ತವೆ.
ಇಂತಹ ತ್ರೈಗುಣ್ಯ ಎಂಬ ವಿಷವನ್ನು ಯಾಪಯಂತಿ ಅದಲ್ಲಪ್ಪ ಇದು ಅಂತ ದೂರ ಮಾಡುವಂತವು. ಗಳು ವೇದಗಳು.",8465,9177,,,100
kn_kannada_18_0011,kannada_18,kn,Dvaita,11,ತ್ರೈಗುಣ್ಯದ ಬಗ್ಗೆ ನಮ್ಮ ಮನಸ್ಸಿನ ಆಸಕ್ತಿಯನ್ನ ಕಡಿಮೆಗೊಳಿಸಿ ಭಗವಂತನ ಬಗ್ಗೆ ನಮ್ಮ ಬುದ್ಧಿ ಬೆಳೆಯುವಂತೆ ಮನಸ್ಸು ಸೆಳೆಯುವಂತೆ ಮಾಡುವಂತ ವೇದ ರಾಶಿ ಇದು ತ್ರೈಗುಣ್ಯ ವಿಷಯಾಹ ವೇದಾಹ ಇಹಚೇದವೇದೀತ್ ಅಥ ಸತ್ಯಮಸ್ತಿ ಉಪನಿಷತ್ ಹೇಳುವ ಮಾತು ಮನುಷ್ಯ ಜನ್ಮ ಬಂದಾಗ ನೀವು ಭಗವಂತನ ಬಗ್ಗೆ ತಿಳ್ಕೊಂಡ್ರೆ ನಿಮ್ಮ ಜೀವನ ಸಾರ್ಥಕ. ನಚೇತ್ ಇಹ ಅವೇದಿತ್ ಇದು ಬಂದಾಗ ನೀವು ತಿಳಿಯೋದಕ್ಕೆ ಪ್ರಯತ್ನ ಪಟ್ಟಿಲ್ಲ ಅಂದ್ರೆ ಮಹತೀ ವಿನಷ್ಟಿಹಿ ಜೀವನದ ದೊಡ್ಡ ನಷ್ಟ ಅದು. ಮುಂದೆ ಯಾವ ಶರೀರ ನಿಮಗೆ ಬರುತ್ತೋ ಗೊತ್ತಿಲ್ಲ. ಒಂದು ಒಂದು ಮರವಾಗಿ ಕಾಡಿನಲ್ಲಿ ಹುಟ್ಟಿದರೆ ಸಾವಿರಾರು ವರ್ಷಗಳು ವ್ಯರ್ಥ. ಅಂದ ಅಮೂಲ್ಯವಾದ ಈ ಮಾನವ ದೇಹದಿಂದ ಸಾಧ್ಯವಾದಷ್ಟು ತ್ರೈಗುಣ್ಯ ವಿಷಯಗಳ ಸಂಪಾದನೆಯನ್ನ ಬಿಟ್ಟು ಮನಸ್ಸಿನಿಂದ ಭಗವತ್ ಚಿಂತನೆಯನ್ನು ಮಾಡೋದಕ್ಕೆ ಪ್ರಯತ್ನಪಟ್ಟರೆ ಅದು ಸಾರ್ಥಕ ಅಂತ ಹೀಗೆ ಉಪನಿಷತ್ತುಗಳು ಬುದ್ಧಿ ಹೇಳಿ. ಈ ತ್ರಯಗುಣ್ಯದ ಬಗ್ಗೆ ಅದು ವಿಷ ಅಂತ ಅದರಿಂದ ಆಗುವ ಅನರ್ಥಗಳನ್ನ ನಮ್ಮ ಮುಂದೆ ಇಟ್ಟು ಅದನ್ನ ದೂರ ಮಾಡುವಂತಹ ಕೆಲಸ ವೇದ ಮಾಡುತ್ತದೆ ಅಂತ ಇದೊಂದು ಅಮೂಲ್ಯವಾದ ಅರ್ಥವನ್ನ ಶ್ರೀಮದಾಚಾರ್ಯರು ಭಗವದ್ಗೀತಾ ತಾತ್ಪರ್ಯದಲ್ಲಿ ಹೇಳಿದ್ದಾರೆ.,9178,10013,,,114
kn_kannada_18_0012,kannada_18,kn,Dvaita,12,ಮುಂದಿನ ಸಂಚಿಕೆಯಲ್ಲಿ ಶ್ರೀಕೃಷ್ಣ ಇದುವರೆಗೆ ಪ್ರಾಪಂಚಿಕ ವಿಷಯವನ್ನು ತೊರೆದು ನಾವು ಭಗವಂತನಲ್ಲಿ ಆಸಕ್ತರಾಗಿರಬೇಕು ಅನ್ನೋ ಅಮೂಲ್ಯವಾದ ಒಂದು ಸಾಧನ ಮಾರ್ಗವನ್ನು ಉಪದೇಶ ಮಾಡಿದ. ಇದರ ಬಗ್ಗೆ ಬರುವ ಆಕ್ಷೇಪವನ್ನ ಮುಂದಿನ ಶ್ಲೋಕದಲ್ಲಿ ವಿಮರ್ಶೆ ಮಾಡುತ್ತಾನೆ. ಅದನ್ನ ಮುಂದಿನ ಭಾಗದಲ್ಲಿ ನೋಡೋಣ. ಶ್ರೀ ಕೃಷ್ಣಾರ್ಪಣಮಸ್ತು. ಭಗವದ್ಗೀತೆಯ ಈ ಪ್ರಾಯೋಜಕತ್ವವನ್ನು ಶ್ರೀ ಮರಬೇಕರೆ ಮುರಳೀಧರರಾವ್ ತಾವು ವಹಿಸಿಕೊಂಡು ನಡೆಸ್ತಾ ಇದ್ದಾರೆ. ಶ್ರೀಕೃಷ್ಣ ಅವರಿಗೆ ವಿಶೇಷವಾದ ಅನುಗ್ರಹವನ್ನು ಮಾಡ್ಲಿ ಅಂತ ಪ್ರಾರ್ಥನೆ ಮಾಡ್ತೀನಿ.,10014,10432,,,49
kn_kannada_19_0000,kannada_19,kn,Dvaita,0,"ಶ್ರೀ ಗುರುಭ್ಯೋ ನಮಃ ಹರಿಃ ಓಂ ಭಗವದ್ಗೀತೆಯ 46ನೇ ಶ್ಲೋಕ ಯಾವಾನರ್ಥಃ ಉದಪಾನೇ ಸರ್ವತಸ್ಸಂಪ್ಲುತೋದಕೇ ತಾವಾನ್ ಸರ್ವೇಶು ವೇದೇಶು ಬ್ರಾಹ್ಮಣಸ್ಯ ವಿಜಾ ಆನತಃ
ಪದವಿಭಾಗ
ಯಾವಾನ್
ಅರ್ಥಃ
ಉದಪಾನೆ
ಸರ್ವತಃ
ಸಂಪ್ಲುತೋದಕೆ
ತಾವಾನ್
ಸರ್ವೇಶು
ವೇದೇಶು
ಬ್ರಾಹ್ಮಣಸ್ಯ ವಿಜಾನತಃ ಹಿಂದೆ ಶ್ರೀಕೃಷ್ಣ ಹೇಳಿದ ತ್ರೈಗುಣ್ಯದ ಬಗ್ಗೆ ನಿನ್ನ ಮನಸ್ಸನ್ನ ಕೆಡಿಸಿಕೊಳ್ಳಬೇಡ ನಿಸ್ತ್ರಿಗುಣ್ಯನಾಗಿ ಭಗವತ್ ಪ್ರಜ್ಞೆಯನ್ನ ಬಿಡಿಸಿಕೋ ಅದಕ್ಕೆ ನಮಗೆ ಈ ಪ್ರಶ್ನೆ ಕೃಷ್ಣನ ಮಾತಿನ ಮೇಲೆ ಬರಬಹುದು ತ್ರೈಗುಣ್ಯಕ್ಕೆ ಸಂಬಂಧಪಟ್ಟ ವಿಷಯಗಳು ಅಂದ್ರೆ ಭೋಗ, ಭಾಗ್ಯ, ಸ್ವರ್ಗ ಇವುಗಳ ಮೇಲೆ ಆಸಕ್ತಿ ಹೊಂದಿ ಇವುಗಳನ್ನ ಸಾಧಿಸಿ ಕೊಡುವ ಕಾಮ್ಯ ಕರ್ಮಗಳ ಬಗ್ಗೆ ಆಸಕ್ತಿ. ಅವುಗಳನ್ನ ಮಾಡುವ ಮನೋಭಾವ. ಇದನ್ನು ಬಿಟ್ಟುಬಿಡು. ಅದು ನಶ್ವರ. ನೀನು ಭಗವದೇಕ ನಿಷ್ಠನಾಗು ಭಗವತ್ಪ್ರಜ್ಞೆಯನ್ನು ಬಿಡಿಸಿಕೋ ನಿನಗೆ ಶಾಶ್ವತವಾದ ಸುಖ ಸಿಗುತ್ತದೆ. ಒಟ್ಟಿನಲ್ಲಿ ಕರ್ಮ ಮಾರ್ಗವನ್ನು ಬಿಡು ಜ್ಞಾನ ಮಾರ್ಗವನ್ನು ಅನುಸರಿಸು. ಇದು ಶ್ರೀಕೃಷ್ಣನ ಭಾವ. ಆಗ ನಮಗೆ ಬರುವ ಪ್ರಶ್ನೆ. ಜ್ಞಾನ ಮಾರ್ಗದಲ್ಲಿ ಹೋದರೆ ಯಾರು ಕರ್ಮಾಚರಣೆಯಿಂದ ಸ್ವರ್ಗಾದಿ ಫಲಗಳನ್ನ ಗಳಿಸುತ್ತಾರೋ ಅದಿಲ್ಲ ನಮಗೆ.",0,828,,,106
kn_kannada_19_0001,kannada_19,kn,Dvaita,1,"ಯಾರು ಕರ್ಮ ಮಾರ್ಗದಲ್ಲಿ ಆಸಕ್ತರಾಗಿರುತ್ತಾರೋ ಅವರಿಗೆ ಸ್ವರ್ಗ ಐಹಿಕ ಭಾಗ್ಯ ಇದು ಸಿಗುತ್ತದೆ ಮೋಕ್ಷ ಸಿಗಲ್ಲ. ಅಲ್ಲಿಗೆ ಅವರಿಗೆ ಮೋಕ್ಷ ಇಲ್ಲ ಜ್ಞಾನ ಮಾರ್ಗದಲ್ಲಿ ಅಲ್ಲಿರುವವರಿಗೆ ಸ್ವರ್ಗ ಇಲ್ಲ. 
ಅಲ್ಲಿಗೆ ಲಾಭ ನಷ್ಟಗಳ ಚಿಂತನೆಯನ್ನ ಮಾಡಿದರೆ ಎರಡು ಮಾರ್ಗಗಳು ಒಂದೇ ಅಲ್ವಾ? 
ಜ್ಞಾನ ಮಾರ್ಗದಲ್ಲಿರುವವನಿಗೆ ಕರ್ಮ ಮಾರ್ಗದಿಂದ ಸಿಗುವ ಸ್ವರ್ಗಾದಿ ಭಾಗ್ಯಗಳಿಲ್ಲ. 
ಕರ್ಮ ಮಾರ್ಗದಲ್ಲಿ ಇರುವವರಿಗೆ ಜ್ಞಾನ ಮಾರ್ಗದಲ್ಲಿ ಸಿಗುವ ಮೋಕ್ಷದ ಫಲ ಇಲ್ಲ. 
ಅಂದ್ರೆ ಅದಾದರೆ ಏನು ಇದಾದರೆ ಏನು?
ಅನ್ನೋ ಪ್ರಶ್ನೆಗೆ ಬಹಳ ಒಳ್ಳೆಯ ಉದಾಹರಣೆಯನ್ನು ಕೊಟ್ಟು ಭಗವದ್ಗೀತೆಯಲ್ಲಿ ಶ್ರೀಕೃಷ್ಣ ಸರಳವಾದ ಸಮಾಧಾನವನ್ನ ಹೇಳಿದ್ದಾನೆ.
ಇಲ್ಲಿ ಯಾವಾನ್ ಅನ್ನೋ ಶಬ್ದ ಆರಂಭದಲ್ಲಿದೆ.
ಅದಕ್ಕೆ ಸಂಬಂಧಪಟ್ಟ ಇನ್ನೊಂದು ಶಬ್ದ ತಾವಾನ್ ಅನ್ನೋದು.
ಯಾರು ಅಂದ್ರೆ ಅವನು ಅನ್ನೋದು ಹೇಗೆ ಬೇಕೋ
ಹಾಗೆ ಇದರ ಜೊತೆ ಸೇರಿಸಿಕೊಳ್ಳಬೇಕಾದ ಮತ್ತೊಂದು ಶಬ್ದವನ್ನ ಇಲ್ಲಿ ತೆಗೆದುಕೊಳ್ಳಬೇಕು.
ಅವಾಗ ಶ್ಲೋಕದ ಅನ್ವಯ ಉದಪಾನೇ ಯಾವಾನ್ ಅರ್ಥಃ ಸರ್ವತ ಸಂಪುಲುತೋದಕ್ಕೆ ತಾವಾನ್ ಉತ್ತರಾರ್ಥದಲ್ಲಿ ಇದೆ. ಉದಪಾನ ಅಂದ್ರೆ ಕೂಪ ಅಂತ ಅರ್ಥ ಬರೀತಾರೆ.",829,1635,,,104
kn_kannada_19_0002,kannada_19,kn,Dvaita,2,"ಉದಕ ಅಂದ್ರೆ ನೀರು, ಉತು ಅಂದ್ರು ನೀರು. ಉದಪಾನ ಅಂದ್ರೆ ನೀರು ತುಂಬಿದ ಭಾವಿ. ಉದಪಾನೇ ಯಾವಾನ್ ಅರ್ಥಃ ಭಾವಿಯಿಂದ ಅಥವಾ ಕೆರೆಯಿಂದ ನಿಮಗೆ ಎಷ್ಟು ಪ್ರಯೋಜನ ಸಿಗ್ತದೋ. ತಾವಾನ್ ಸರ್ವತಃ ಸಂಪ್ಲುತೋದಕೆ ಆ ಎಲ್ಲ ಪ್ರಯೋಜನವು ತುಂಬಿ ಹರಿಯುವ ಒಂದು ಹೊಳೆಯಲ್ಲಿ ನಿಮಗೆ ಸಿಕ್ಕೇ ಸಿಗುತ್ತೆ. ನಿಮ್ಮ ಮನೆ ಪಕ್ಕದಲ್ಲಿ ಸ್ವಚ್ಛವಾದ ನೀರಿನ ತೊರೆ ಹರಿತಾ ಇದ್ದರೆ ಬಾವಿ ತೋಡುವ ಚಿಂತೆ ನಮಗೆ ಯಾಕೆ? ಯಾಕೆ ಅಂದ್ರೆ,
ಭಾವಿಯಿಂದ ಸಿಗುವ ಎಲ್ಲ ಪ್ರಯೋಜನಗಳು
ಹರಿಯುವ ನದಿಯಿಂದ ಸಿಕ್ಕೇ ಸಿಗ್ತದೆ.
ಅದಕ್ಕೆ ವಿಪರೀತವಾಗಿ ಇಟ್ಟುಕೊಳ್ಳಿ
ಹರಿಯುವ ನದಿಯಿಂದ ಏನು ಪ್ರಯೋಜನ ಸಿಗ್ತದೋ ಅದೆಲ್ಲ ಭಾವಿಯಿಂದ ಆಗಲ್ಲ.
ಭಾವಿ ಮತ್ತೆ ತುಂಬಿ ಹರಿಯುವ ಸ್ವಚ್ಛವಾದ ನದಿ.
ಇವೆರಡರಲ್ಲಿ ಭಾವಿಯ ಪ್ರಯೋಜನ ಎಲ್ಲ ನದಿಯಿಂದ ಆಗುತ್ತೆ, ನದಿಯಿಂದ ಸಿಗುವ ಪ್ರಯೋಜನ ಇಲ್ಲ ಭಾವಿಯಲ್ಲಿ ಆಗಲ್ಲ.
ಎಂತ ಸರಳವಾದ ಒಂದು ಉದಾಹರಣೆ ನೋಡ್ರಿ.
ಕೃಷ್ಣ ಹೇಳಲಿಕ್ಕೆ ಹೊರಟಿದ್ದು 
ಜ್ಞಾನಿಗಳಿಗೆ ಏನು ಪ್ರಯೋಜನ ಸಿಗ್ತದೋ ಅದು ಕರ್ಮಿಗಳಿಗಿಲ್ಲ.",1636,2351,,,100
kn_kannada_19_0003,kannada_19,kn,Dvaita,3,"ಕರ್ಮ ಮಾರ್ಗದಲ್ಲಿರುವವರಿಗೆ ಏನು ಪ್ರಯೋಜನ ಇದೆಯೋ ಅದು ಜ್ಞಾನ ಮಾರ್ಗದಲ್ಲಿರುವವರಿಗೆ ಇಲ್ಲ.
ಎರಡು ಸಮಾನ. ಆದರೆ
ಜ್ಞಾನ ಮಾರ್ಗದಲ್ಲಿ ಭಗವಂತನನ್ನ ಮೆಚ್ಚಿಸಿದವರಿಗೆ ಸಿಗುವ ಪ್ರಯೋಜನ ಅದು ಹರಿಯುವ ಹೊಳೆಯಂತೆ.
ಕರ್ಮ ಮಾರ್ಗದಲ್ಲಿ ಆಸಕ್ತರಾದವರಿಗೆ ಸಿಗುವ ಫಲ ಅದು ಭಾವಿಯಂತೆ.
ಭಾವಿ ಇದ್ದವರಿಗೆ ಹೊಳೆಯ ಅನುಕೂಲತೆ ಇಲ್ಲ ಆದರೆ ಹೊಳೆ ಇದ್ದವರಿಗೆ ಭಾವಿಯ ಅನುಕೂಲತೆ ಇದೆ ಅಂತ. ಏನ್ ಹೇಳ್ತಾ ಶ್ರೀಕೃಷ್ಣ? ಜ್ಞಾನ ಮಾರ್ಗದಿಂದ ಭಗವಂತನನ್ನ ಮೆಚ್ಚಿಸಿದವರಿಗೆ ಕರ್ಮ ಮಾರ್ಗದಲ್ಲಿ ಏನು ಗಳಿಸಬಹುದೋ ಅದೆಲ್ಲ ಇವರಿಗೂ ಇದೆ. ಭಗವಂತ ಪ್ರಸನ್ನನಾದರೆ ಕಿಮಿಹ ಅಲಭ್ಯಂ ಪ್ರಸನ್ನೇ ಶ್ರೀನಿಕೇತನೇ. ಭಗವಂತ ಪ್ರಸನ್ನನಾದರೆ ಬರೇ ತನ್ನ ಬಡಿಯಲ್ಲಿ ಕರೆಸಿಕೊಳ್ಳುತ್ತಾನೆ ಅಷ್ಟೇ ಅಲ್ಲ
ಇವಾಗ ಇರುವಾಗ ಪ್ರಾಪಂಚಿಕ ಜೀವನವನ್ನು ಕೂಡ ನಿಶ್ಚಿಂತೆಯಿಂದ ನಡೆಯುವಂತೆ ಮಾಡ್ತಾನೆ.
ಸುಧಾಮ ಶ್ರೀಕೃಷ್ಣನ ಬಡಿಗೆ ಹೋಗಿದ್ದು
ಪತ್ನಿಯ ಒತ್ತಾಯಕ್ಕೆ ಲೌಕಿಕ ಭಾಗ್ಯದ ಒಂದು
ಅಪೇಕ್ಷಾ ಅವನ ಮನಸ್ಸಿನ ಮೂಲೆಯಲ್ಲಿ ಇತ್ತೋ ಏನೋ
ಆದರೆ ಕೃಷ್ಣನ ದರ್ಶನ ಆಗುತ್ತೆ ಅಂತ ಕೃಷ್ಣನ ದರ್ಶನ ಆಯಿತು. ಅವನು ಲೌಕಿಕ ಭಾಗ್ಯ ಬೇಕು, ಧನ ಕನಕಾದಿಗಳು ಬೇಕು ಅಂತ ಉದ್ದೇಶ ಪ್ರಧಾನವಾದ ಅವನದಲ್ಲ.",2352,3184,,,110
kn_kannada_19_0004,kannada_19,kn,Dvaita,4,"ಕೃಷ್ಣನನ್ನು ನೋಡಬೇಕು, ಅವನ ಅನುಗ್ರಹ ಪಾತ್ರನಾಗಬೇಕು ಅಂತ. ಕೃಷ್ಣ ಅನುಗ್ರಹ ಮಾಡಿ ಅಷ್ಟೇ ಬಿಟ್ಟನೋ, ಮನೆ ತುಂಬಾ ಬಂಗಾರ ಮಯವನ್ನಾಗಿ ಮಾಡಿ ತುಂಬಲಾರದ ಸಂಪತ್ತನ್ನು ಸುಧಾರಿಸಿ. ಆ ಮನೆಗೆ ಕೊಟ್ಟ.
ಅಲ್ಲಿಗೆ ಜ್ಞಾನ ಮಾರ್ಗವನ್ನು ಯಾರು ಅರಿಸುತ್ತಾರೋ ಅವರಿಗೆ ಲೌಕಿಕ ಸುಖ ಭೋಗ ಭಾಗ್ಯಗಳು ಸಿಗುತ್ತವೆ. 
ಜೊತೆಯಲ್ಲಿ ಭಗವಂತನ ಅನುಗ್ರಹದಿಂದ ಮೋಕ್ಷ ರೂಪವಾದ ಪುನರಾವೃತ್ತಿ ರಹಿತವಾದ ಭಗವತ್ ಸಾನಿಧ್ಯವು ದೊರೆಯುತ್ತದೆ.
ಅದನ್ನ ಜ್ಞಾನಿಗಳ ಸುಖದಲ್ಲಿ ಕರ್ಮಿಗಳ ಸುಖವು ಸೇರಿಕೊಳ್ಳುತ್ತದೆ. 
ಕರ್ಮಿಗಳ ಸುಖದಲ್ಲಿ ಜ್ಞಾನಿಗಳ ಸುಖ ಸೇರೋದಿಲ್ಲ. 
ಇದಕ್ಕೆ ನೀರು ಹೊಳೆ ಇವೆರಡು ದೃಷ್ಟಾಂತ. 
ಉತ್ತರಾರ್ಥದ ಚಿಂತನೆ ಸರ್ವೇಷು ವೇದೇಶು. 
ಅಂದ್ರೆ ಸಕಲ ವೇದಗಳಲ್ಲಿ ವಿಜಾನತಃ ಬ್ರಾಹ್ಮಣಸ್ಯ ತಾಮಾ ಜ್ಞಾನವನ್ನು ಗಳಿಸಿದ ಬ್ರಾಹ್ಮಣನಿಗೆ ತಾವಾನ್ ಅಷ್ಟು ಪ್ರಯೋಜನ ಸಿಗುತ್ತದೆ. 
ವೇದದ ಮೇಲುಮೈಗೆ ತೋರುವ ಕರ್ಮದ ಬಗ್ಗೆ ಆಸಕ್ತಿ ತಾಳಿದವನಿಗೆ ಏನು ಪ್ರಯೋಜನ ಇದೆಯೋ ಅದು ವಿಜಾನತಃ ಬ್ರಾಹ್ಮಣಸ್ಯ ತಾವಾನ್ ಅವೆಲ್ಲವೂ ಜ್ಞಾನಿಯಾದವನಿಗೆ ಸಿಗುತ್ತದೆ. 
ನೋಡಿ ಭಗವದ್ಗೀತೆಯನ್ನ ಶ್ರೀಕೃಷ್ಣ ಹೇಳಿದ್ದು ಯಾವುದೋ ಒಂದು ವರ್ಗಕ್ಕೆ ಅಲ್ಲ.",3185,3997,,,101
kn_kannada_19_0005,kannada_19,kn,Dvaita,5,"ಇಲ್ಲಿ ನೋಡಿ ಗೀತೆಯ ಶಬ್ದವನ್ನು ನೋಡಿದಾಗ ಜ್ಞಾನಿಯಾದ ಬ್ರಾಹ್ಮಣನಿಗೆ ಅದೆಲ್ಲವೂ ಸಿಗುತ್ತದೆ. ಹಾಗಾದರೆ ಬ್ರಾಹ್ಮಣರಿಗೆ ಮಾತ್ರ ದೇವರು ಕೊಡೋದು ಉಳಿದವರಿಗೆ ಯಾರಿಗೂ ಕೊಡೋದಿಲ್ಲ ಅನ್ನೋ ಅಪಾರ್ಥದ ಕಲ್ಪನೆ ಇಲ್ಲಿ ಬರುವ ಸಂದರ್ಭ ಇದೆ. ಇಲ್ಲಿ ಶ್ರೀಮದಾಚಾರ್ಯರು ಬ್ರಾಹ್ಮಣ ಅನ್ನೋ ಶಬ್ದಕ್ಕೆ ಬ್ರಹ್ಮ ಆಣತಿ ಗಚ್ಛತಿ ಇತಿ ಬ್ರಾಹ್ಮಣಃ ಬ್ರಾಹ್ಮಣ ಅಂದ್ರೆ ಅದು ಒಂದು ಜಾತಿಗೆ ಮೀಸಲಾಗಿಟ್ಟ ಶಬ್ದ ಅಲ್ಲ. ಬ್ರಹ್ಮನನ್ನು ತಿಳಿದವನು ತಿಳಿದವನು ಅಂದ್ರೆ ಮನಸ್ಸಿನಲ್ಲಿ ಹೀಗೆ ಹಾಗೆ ಅಂತ ತಿಳ್ಕೊಂಡವನಲ್ಲ. ಬ್ರಹ್ಮನನ್ನ ಕಣ್ಣಿಂದ ನೋಡಿದವನು. ಬ್ರಹ್ಮ ಆಣತಿ ಅಂದ್ರೆ ಬ್ರಹ್ಮನನ್ನು ಕಣ್ತುಂಬ ನೋಡಿದ್ದಾನೆ ಅವನು ಬ್ರಾಹ್ಮಣ. ಅದಕ್ಕೆ ಬ್ರಾಹ್ಮಣ ಅಂದ್ರೆ ಯಾವುದೋ ಒಂದು ವರ್ಗ ಅಲ್ಲ ನಾವು ತಿಳಿದ ಅರ್ಥ ಅದಕ್ಕೆ ಅಲ್ಲ. ಬ್ರಹ್ಮನನ್ನ ಅಪರೋಕ್ಷೀಕರಿಸಿಕೊಂಡವನು ದೇವರನ್ನ. ಕಣ್ಣಿಂದ ಕಂಡವನು. 
ಇದು ಅದು ಯಾರು ಬೇಕಾದರೂ ಆಗಬಹುದು. 
ಆವಾಗ ಕೂಡಲೇ ಬರುವ ಸಮಸ್ಯೆ ವಿಜಾನತಃ ಅಂತ ಒಂದೇ ಶಬ್ದ ಇದೆ. 
ವಿಜಾನತಃ ಅಂದ್ರೆ ಜ್ಞಾನಿಯಾದವನು ಅಂತ ಅರ್ಥ. 
ಅಲ್ಲಿಗೆ ಬ್ರಾಹ್ಮಣ ವಿಜಾನತಃ ಎರಡು ಒಂದೇ ಅರ್ಥ ಆಯ್ತಲ್ಲ.",3998,4792,,,105
kn_kannada_19_0006,kannada_19,kn,Dvaita,6,"ಅಂದ್ರೆ ವಿಜಾನತಃ ಅಂದ್ರೆ ದೇವರನ್ನ ಕಣ್ಣು ಮುಚ್ಚಿ ಧ್ಯಾನ ಮಾಡುವುದರಿಂದ ಇಲ್ಲೇ ನೋಡೋಕೆ ಆಗಲ್ಲ.
ನಾವೇನು ಮಾಡಬೇಕು ಅಂದ್ರೆ ಆತ್ಮಾವಾರೇ ದೃಷ್ಟವ್ಯಃ ಶ್ರೋತವ್ಯಃ ಮಂತವ್ಯಃ ನಿದಿಧ್ಯಾಸಿತವ್ಯಃ
ಪರಮಾತ್ಮನನ್ನ ಕಣ್ಣಿಂದ ನೋಡಬೇಕಾದರೆ ಅದಕ್ಕಿಂತ ಮುಂಚೆ ಮೂರು ಪ್ರಯತ್ನಗಳು ನಮ್ಮಿಂದ ನಡೀಬೇಕು.
ಒಂದು ಶ್ರೋತವ್ಯಃ ನಾವು ತಿಳಿದವರಿಂದ ಕೇಳಬೇಕು ಮೊದಲು. 
ನಮಗೆ ಸಂಸ್ಕೃತ ಭಾಷೆ ಬರೋದಿಲ್ಲ, ಗೀತೆ ಅರ್ಥ ಆಗೋದಿಲ್ಲ. 
ಕೇಳಿ. 
ಹೀಗೆ ಕೇಳೋದು ನಮಗೆ ತಿಳಿಯದೆಯಿದ್ದದ್ದನ್ನ ತಿಳಿಯೋದಕ್ಕಾಗಿ ಆತ್ಮ ತತ್ವದ ಬಗ್ಗೆ ಕೇಳೋದು ಮೊದಲನೇ ಹೆಜ್ಜೆ, ಶೋಥವ್ಯ. 
ಆಮೇಲೆ ಮಂತವ್ಯ. ಕೇಳಿದ್ದು ನಾವು ಅವರು ಹೇಳಿದ್ದನ್ನ.
ಅದು ಅವರ ಸ್ವತ್ತಾಗಿ ಉಳಿಬಾರದು ನಮ್ಮ ಸ್ವತ್ತಾಗಬೇಕು ಅದು.
ಅವರು ಏನು ಹೇಳಿದ್ದಾರೋ ಹೌದು ಅಂತ ನಾನು ಮನವರಿಕೆ ಮಾಡಿಕೊಳ್ಳಬೇಕು.
ಆ ಮನವರಿಕೆ ಮಾಡೋದಕ್ಕೋಸ್ಕರ ಹೇಳಿದ್ದನ್ನ ಕೇಳಿದ್ದನ್ನ ಒಂದು ಕಿವಿಯಲ್ಲಿ ಕೇಳಿದ್ದನ್ನ ಮತ್ತೊಂದು ಕಿವಿಯಲ್ಲಿ ಬಿಡದೆ ಅದನ್ನ ದೃಢವಾಗಿ ಮನಸ್ಸಿನಲ್ಲಿ ಅಲ್ಲಿ ಉಳಿಸಿಕೊಂಡು ಹೌದು ಅವರು ಹೇಳಿದ್ದು ಸರಿ ಅಂತ
ಯುಕ್ತಿಗಳಿಂದ ಅದನ್ನ ನಮ್ಮದನ್ನಾಗಿ ಮಾಡಬೇಕು ಇದನ್ನ ಮನನ ಅಂತ ಕರೀತಾರೆ.",4794,5610,,,104
kn_kannada_19_0007,kannada_19,kn,Dvaita,7,"ಇವೆರಡು ನಡೆದಾಗ ದೇವರ ಬಗ್ಗೆ ಒಂದು ಸ್ಪಷ್ಟವಾದ ತಿಳುವಳಿಕೆ ಬರುತ್ತದೆ ನಮಗೆ ದೇವರು ಅಂದ್ರೆ ಅವರು ಎಲ್ಲೋ ದೂರದಲ್ಲಿರುವ ಒಬ್ಬ ರಾಜ
ಸ್ವಲ್ಪ ಹೆಚ್ಚು ಕಡಿಮೆ ಆಚಾರ ವಿಚಾರದಲ್ಲಿ ಹೆಚ್ಚು ಕಡಿಮೆ ಆದರೆ ದೇವರು ಸಿಟ್ಟು ಮಾಡ್ಕೋತಾನೆ ಶಾಪ ಕೊಡ್ತಾನೆ. ಕೊಡ್ತಾನೆ ಅಂತ.
ದೇವರ ಬಗ್ಗೆ ಇದ್ದ ಹೆದರಿಕೆ ಹೋಗಬೇಕು.
ಶ್ರೀಕೃಷ್ಣ ಹೇಳ್ತಾನೆ ಸುಹೃದಂ ಸರ್ವಭೂತಾನಾಂ.
ನಾನು ಎಲ್ಲರ ಸ್ನೇಹಿತ ಅಂತ.
ಎಲ್ಲೋ ಒಂದು ಮೂಲೆಯಲ್ಲಿ ಪ್ರಪಂಚದ ಸಿಂಹಾಸನದಲ್ಲಿ ಇಲ್ಲ ಅವನು.
ಪ್ರತಿಯೊಬ್ಬ ಮನುಷ್ಯರ ಒಳಗೆ ಇದ್ದಾನೆ ಅವನು.
ಹೀಗೆ ಭಗವಂತನ ಬಗ್ಗೆ ಸರಿಯಾದ ಸ್ಪಷ್ಟವಾದ ಒಂದು ತಿಳಿ. ತಿಳುವಳಿಕೆ ಬಂದಾಗ
ಅದು ದೃಢವಾದಾಗ ನಿದಿತ್ಯಾಸಿತವ್ಯಃ ಧ್ಯಾನ ಮಾಡಬೇಕು. 
ನಿರಂತರ ಧ್ಯಾನ ಮಾಡ್ತಾ ಇದ್ರೆ ಒಂದು ದಿವಸ ಭಗವಂತ ನಮ್ಮ ಈ ಭೌತಿಕ ಕಣ್ಣಿಗೆ ಬೀಳುತ್ತಾನೆ. 
ಹೀಗೆ ಭಗವಂತನನ್ನ ನೋಡಬೇಕಾದರೆ ಅದರ ಹಿನ್ನೆಲೆಯಲ್ಲಿ ಶ್ರವಣ ಮಾನನ ಧ್ಯಾನಗಳು ನಡೆಯಬೇಕು. ಇದನ್ನ ವಿಜಾನತಃ ಅನ್ನೋ ಶಬ್ದ ಹೇಳ್ತಾ ಇದೆ. 
ಅಲ್ಲಿಗೆ ಬ್ರಾಹ್ಮಣ ಅನ್ನೋ ಶಬ್ದದಿಂದ ಬ್ರಹ್ಮನನ್ನು ಕಣ್ಣಿಂದ ಕಂಡವನು ಅನ್ನೋ ಅರ್ಥವನ್ನು ಹೇಳಿದರೆ ಅದಕ್ಕೆ ಪೂರಕವಾಗಿ ಅದಕ್ಕೆ ಬೇಕಾಗಿರುವ ಪೂರ್ವ ರಂಗವನ್ನ ಅಂದ್ರೆ ಶ್ರವಣ, ಮನನ, ಧ್ಯಾನಗಳನ್ನ ವಿಜಾನತಃ ಅನ್ನೋ ಶಬ್ದ ಹೇಳ್ತಾ ಇದೆ.",5611,6498,,,122
kn_kannada_19_0008,kannada_19,kn,Dvaita,8,"ಹಾಗಾದರೆ ವೇದದಿಂದ ಇಂದ ವಿಜಾನತಃ ಪರಮಾತ್ಮನನ್ನ ಶ್ರವಣ ಮಾಡಿ ತಿಳುಕೊಂಡವನು. 
ಆಮೇಲೆ ಮನನ ಮಾಡಿಕೊಂಡವನು. 
ಆಮೇಲೆ ಧ್ಯಾನ ಮಾಡಿದವನು ಮತ್ತೆ ಬ್ರಾಹ್ಮಣಸ್ಯ ಅಂತಹ ಪರಮಾತ್ಮನನ್ನ ಪ್ರತ್ಯಕ್ಷೀಕರಿಸಿಕೊಂಡವನ ಫಲದಲ್ಲಿ ಕರ್ಮ ಮಾರ್ಗದಲ್ಲಿ ಅಲ್ಲಿ ಏನು ಫಲ ಸಿಗ್ತದೋ ಸ್ವರ್ಗ ಐಹಿಕ ಭೋಗಗಳು ಇದೆಲ್ಲ ಸೇರಿಕೊಳ್ಳುತ್ತವೆ. ಸ್ವರ್ಗ ಸಿಕ್ಕ ಮೇಲೆ ಮೋಕ್ಷ ಸಿಕ್ಲಿಲ್ಲಲ್ವಾ ಅನ್ನೋ ಕೊರತೆ ಇರುತ್ತದೆ. ಮೋಕ್ಷ ಸಿಕ್ಕ ಮೇಲೆ ಸ್ವರ್ಗ ಸಿಕ್ಲಿಲ್ಲಲ್ವಾ ಅನ್ನೋ ಕೊರತೆ ಬರೋದಿಲ್ಲ. ಯಾಕೆ ಅಂದ್ರೆ ಅದರಲ್ಲಿ ಇದು ಸೇರಿಕೊಳ್ಳುತ್ತದೆ. ಅದಕ್ಕೆ ನದಿ ಭಾವಿಗಳ ದೃಷ್ಟಾಂತ. ಆದ್ದರಿಂದ ಧ್ಯಾನ ಮಾರ್ಗ ಕರ್ಮ ಮಾರ್ಗ ಇವೆರಡನ್ನ ತುಲನಾ ತುಲನಾ ಪಕವಾಗಿ ನೋಡಿದರೆ ಪ್ರಶಸ್ತವಾದದ್ದು ಜ್ಞಾನ ಮಾರ್ಗ ಕರ್ಮ ಮಾರ್ಗ ಅಲ್ಲ. ಆದ್ದರಿಂದ ಅರ್ಜುನ ನೀನು ನಿತ್ಯ ಸತ್ವಸ್ಥನಾಗು ಆತ್ಮವಾನ್ ಪರಮಾತ್ಮನನ್ನು ಸ್ವಾಮಿ ಅಂತ ದೃಢವಾಗಿ ನಂಬು. ಮತ್ತೊಮ್ಮೆ ಶ್ಲೋಕ ಯಾವಾನರ್ಥಃ ಉದಪಾನಿ ಸರ್ವತ ಸಂಪ್ಲು ತೋದಕೆ ತಾವಾನ್ ಸರ್ವೇಶು ವೇದೇಶು ಬ್ರಾಹ್ಮಣಸ್ಯ ವಿಜಾನತಃ 47ನೇ ಶ್ಲೋಕ ಸಾಧಾರಣ ಭಗವದ್ಗೀತೆ ಅಂತ ಮಾತಾಡುವವರೆಲ್ಲ ಈ ಶ್ಲೋಕವನ್ನ ಆಡೇ ಆಡ್ತಾರೆ.",6500,7306,,,105
kn_kannada_19_0009,kannada_19,kn,Dvaita,9,"ಆಡೆ ಆಡ್ತಾರೆ ಅಷ್ಟೇ ಅಲ್ಲ
ಗೀತೆಯನ್ನ ಬಯ್ಯೋದಕ್ಕೆ ಒಂದು ಸಾಧನವಾಗಿ ಈ ಶ್ಲೋಕವನ್ನ ಬಳಸಿಕೊಳ್ಳುತ್ತಾರೆ.
ಆ ಶ್ಲೋಕ
ಕರ್ಮಣ್ಯೇ ವಾಧಿಕಾರಸ್ತೇ
ಮಾ ಫಲೇಷು ಕದಾಚನ
ಮಾ ಕರ್ಮ ಫಲ ಹೇತುರ್ಭೂಹು
ಮಾ ಅತೇ ಸಂಗೋಸ್ತ್ವ ಕರ್ಮಣಿ
ಪದವಿ ಭಾಗ
ಕರ್ಮಣಿ ಏವ ಅಧಿಕಾರಃ ತೇ
ಮಾ ಫಲೇಷು ಕದಾಚನ
ಮಾ ಕರ್ಮ ಫಲ ಹೇತುಹು ಭೂಹು
ಮಾ
ತೇ
ಸಂಗಹ
ಅಸ್ತು
ಅಕರ್ಮಣಿ
ಈ ಶ್ಲೋಕವನ್ನು ನಮ್ಮ ಮನೋಭೂಮಿಕೆಯಲ್ಲಿ ನಾವು ಅರ್ಥ ಮಾಡಿಕೊಂಡಿದ್ದು
ಕೆಲಸದಲ್ಲಿ ಮಾತ್ರ ನಿನಗೆ ಅಧಿಕಾರ
ಫಲದಲ್ಲಿ ಅಧಿಕಾರ ಇಲ್ಲ ಸ್ವಲ್ಪ ಇದನ್ನ ಹಿಂಜಿದ್ರೆ ನೀನು ಯಾವುದೇ ಒಂದು ಆಫೀಸಲ್ಲೋ ರಾಜಕೀಯ ವಲಯದಲ್ಲೋ ಕೆಲಸಕ್ಕೆ ಸೇರಿದ್ರೆ ಕೆಲಸ ಮಾಡೋದ್ರಲ್ಲಿ ನಿಂಗೆ ಅಧಿಕಾರ ಹೊರತು ತಿಂಗಳ ಸಂಬಳ ಕೇಳೋದ್ರಲ್ಲಿ ನಿಂಗೆ ಅಧಿಕಾರ ಇಲ್ಲ. ಕಾರ್ಮಿಕ ವಿರೋಧಿ ನೀತಿಯನ್ನ ಶ್ರೀಕೃಷ್ಣ ಇಲ್ಲಿ ಪ್ರತಿಪಾದನೆ ಮಾಡಿದ್ದಾನೆ ಅಂತ.
ತಮ್ಮ ಮೂಗಿಗೆ ನೇರವಾಗಿ ಗೀತೆಯನ್ನ ಕಾಣುವವರಿಗೆ
ಗೀತೆಯನ್ನ ಟೀಕೆ ಮಾಡಲಿಕ್ಕೆ ಇದೊಂದು ಶ್ಲೋಕ.
ಸಾಮಾನ್ಯ ಜನರ ಮುಂದೆ ಇದನ್ನ ಆಡಿದ ಕೂಡಲೇ ಗೀತೆಯ ಬಗ್ಗೆ ಒಂದು ಜಿಗುಪ್ಸೆ ಬಂದೇ ಬರುತ್ತದೆ ಯಾಕೆಂದರೆ ನಾವು ಕೆಲಸಕ್ಕೆ ಹೋಗೋದು ಕೆಲಸಕ್ಕೋಸ್ಕರ ಅಲ್ಲ ಸಂಬಳಕ್ಕೋಸ್ಕರ ಹೋಗೋದು.",7307,8132,,,119
kn_kannada_19_0010,kannada_19,kn,Dvaita,10,"ಇದು ಎಲ್ಲರ ಮನಸ್ಸಿನಲ್ಲಿ ದೃಢವಾಗಿದ್ದಾಗ ಅದಕ್ಕೆ ವಿರುದ್ಧವಾಗಿ ಕೆಲಸ ಮಾಡು ಸಂಬಳ ಕೇಳಬೇಡ ಅಂತ ಶ್ರೀಕೃಷ್ಣ ಹೇಳಿದರೆ, ಈ ಗೀತೆ ನಮಗೆ ಬೇಡ ಅಂತ ಹೇಳುವ ಮನೋಭಾವ ತಪ್ಪು ಅರ್ಥವನ್ನು ಹೇಳಿ ಶ್ರೀಕೃಷ್ಣನ ಮನೋಭಾವಕ್ಕೆ ವಿರುದ್ಧವಾದ ಅರ್ಥವನ್ನು ಹೇಳಿ ಗೀತೆಯಿಂದ ವಿಮುಖರನ್ನಾಗಿ ಮಾಡುವ ಪ್ರಯತ್ನ ಇದು. ಆದರೆ ಭಗವದ್ಗೀತೆ ಈ ಶ್ಲೋಕವನ್ನ ನಿಮ್ಮ ಮುಂದೆ ಹೇಳ್ತೇನೆ ನೋಡಿ.
ತೇ ಕರ್ಮಣ್ಯೇವ ಅಧಿಕಾರಃ.
ಅರ್ಜುನ ನಿನಗೆ ಕರ್ಮದಲ್ಲಷ್ಟೇ ಅಧಿಕಾರ.
ನೋಡಿ ಈ ಸಂದರ್ಭವನ್ನು ನಾವು ನೋಡಬೇಕು. ಈ ಹಿಂದೆ ಕೃಷ್ಣ ಹೇಳಿದ್ದು ಕರ್ಮ ಮಾರ್ಗ ಬೇಡ ಜ್ಞಾನ ಮಾರ್ಗವನ್ನು ಅನುಸರಿಸು. ಹಾಗಾದರೆ ವೇದಗಳು ಹೇಳ್ತಾ ಇದೆಯಲ್ಲ
ಸ್ವರ್ಗ ಬೇಕಾದರೆ ಈ ಕರ್ಮ ಮಾಡು, ಮಳೆ ಬೇಕಾದರೆ ಈ ಯಜ್ಞ ಮಾಡು, ಮಕ್ಕಳು ಬೇಕಾದರೆ ಇಂಥಾದ್ದನ್ನ ಮಾಡು.
ಅಂದರೆ ಅದಕ್ಕು ಉತ್ತರವನ್ನು ಕೊಡ್ತಾ ಇದೆ ಗೀತೆ.
ನೀನು ಕೆಲಸ ಮಾಡು ಸಂಬಳ ಕೇಳಬೇಡ ಅನ್ನೋ ಅಭಿಪ್ರಾಯ ಅಲ್ಲ. 
ವೇದದ ಭಾವ ಏನು ಅನ್ನೋದನ್ನ ಕೃಷ್ಣ ಇಲ್ಲಿ ಸ್ಪಷ್ಟ ಪಡಿಸುತ್ತಾನೆ.",8133,8842,,,103
kn_kannada_19_0011,kannada_19,kn,Dvaita,11,"ನಿನಗೆ ಅರ್ಜುನ ವೇದ ಹೇಳಿದ ಕೆಲಸವನ್ನ ಮಾಡುವುದರಲ್ಲಿ ಅಧಿಕಾರ ಹೊರತು
ಫಲವನ್ನ ಹೇಳುತ್ತದೆ ವೇದ ನಿನಗೆ ಸ್ವರ್ಗ ಬೇಕಾದರೆ ಹೀಗೆ ಮಾಡು ಅಂತ.
ನೀನು ಇದನ್ನು ಮಾಡು ಸ್ವರ್ಗ ಬೇಕಾದರೆ ಅಂದ್ರೆ ಮಾಡುವುದು ಮುಖ್ಯ ಸ್ವರ್ಗದ ಅಭಿಲಾಷೆ ಮಾಡು ಯಾಗವನ್ನು ಮಾಡು ಎರಡನ್ನು ಮಾಡು ಅನ್ನೋದಿಲ್ಲ. ಸ್ವರ್ಗದ ಅಭಿಲಾಷೆ ಇದ್ದಲ್ಲಿ ಹೀಗೆ ಮಾಡು. 
ಅಲ್ಲಿಗೆ ಸ್ವರ್ಗದ ಅಭಿಲಾಷೆ ಪಟ್ಟುಕೋ ನೀನು ಅದಕ್ಕೋಸ್ಕರ ಕೆಲಸವನ್ನು ಎರಡನ್ನ ವಿಧಿ ಮಾಡೋದಿಲ್ಲ ವೇದ. 
ವೇದ ಹೇಳೋದು ನಿನಗೆ ಇಂತಹ ಅಪೇಕ್ಷೆ ಇದ್ರೆ ಹೀಗೆ ಮಾಡು ಅಂತ. 
ಆದರೆ ವೇದ ನೋಡಿ ಅಹರಹ ಸಂಧ್ಯಾಮುಪಾಸೀತಾ. 
ನೀನು ಎರಡು ಹೊತ್ತು ಸಂಧ್ಯಾವಂದನೆಯನ್ನ ಮಾಡು.
ನಿನಗೆ ಅಪೇಕ್ಷೆ ಇದ್ರೆ ಇಲ್ಲ ಆ ಕಂಡಿಷನ್ ಇಲ್ಲ.
ಹಾಗಾದರೆ ವೇದದಲ್ಲಿ ಎರಡು ಭಾಗ ಇದೆ.
ನಿಮಗೆ ಲೌಕಿಕ ಫಲದ ಅಪೇಕ್ಷೆ ಇದ್ರೆ ಇಂತಹ ಕೆಲಸವನ್ನು ಮಾಡು.
ವೇದದ ಅಭಿಪ್ರಾಯ ನೀನು ಸ್ವರ್ಗವನ್ನು ಬಯಸು, ನೀನು ಮಕ್ಕಳನ್ನು ಬಯಸು, ಸಂಪತ್ತನ್ನು ಬಯಸು ಈ ಯಾಗವನ್ನು ಬಯಸು.",8843,9535,,,101
kn_kannada_19_0012,kannada_19,kn,Dvaita,12,"ಮಾಡು ಅಂತ ಅಲ್ಲ, ನಿನಗೆ ಇದ್ರೆ ಹೀಗೆ ಮಾಡು ಅಂತ. ಅದು ಯಾರಿಗೆ ಅಪೇಕ್ಷೆ ಇದೆಯೋ ಅವರಿಗೆ.
ಅದು ಐಚ್ಛಿಕ.
ಆದರೆ
ಭಗವಂತನ ಪ್ರೀತಿಕರವಾದ ಕೆಲವು ಕರ್ಮಗಳನ್ನು ಹಿಡಿದೆ ಅಲ್ಲಿ ಕಂಡೀಶನ್ ಹಾಕಲಿಲ್ಲ.
ಆಹರಹ ಸಂಧ್ಯಾಮುಪಾಸೀತ ಮಾಡೇ ಮಾಡಯ್ಯ ನೀನು ಅಂತ.
ಅಲ್ಲಿಗೆ ವೇದವು ಫಲಕ್ಕೋಸ್ಕರವೇ ಕರ್ಮವನ್ನ ವಿಧಿ ವಿಧಾನ ಮಾಡಿಲ್ಲ.
ಇದು ಕರ್ಮಣ್ಯೇವಾಧಿಕಾರಸ್ತೇ ಅನ್ನೋ ಶ್ಲೋಕದ ಅರ್ಥ ಹೊರತು ಕೆಲಸ ಮಾತ್ರ ಮಾಡು ಸಂಬಳ ಕೇಳಬೇಡ ಅಂತ ಅರ್ಥ ಅಲ್ಲ.
ತೇ ಅರ್ಜುನ ಕರ್ಮಣಿ ಅಧಿಕಾರಃ ಫಲೇಷು ನಾ ನಿನಗೆ ಫಲದ ಅಪೇಕ್ಷೆ ಪಡುವಲ್ಲಿ ನಿರ್ಬಂಧ ಇಲ್ಲ ಕರ್ಮವನ್ನು ಮಾಡು ಅಂತ ಅಂತ ಹೇಳುವಲ್ಲಿ ವೇದದ ನಿರ್ಬಂಧ ಇದೆ.
ವೇದ ನಿನಗೆ ಈ ಕರ್ಮವನ್ನು ಮಾಡು ಅಂತ ಹೇಳುತ್ತದೆ ಹೊರತು
ಈ ಫಲವನ್ನು ಬಯಸು ಅಂತ ಅದು ವಿಧಾನ ಮಾಡುವುದಿಲ್ಲ ಬಯಕೆ ಇದ್ದರೆ ಮಾಡು ಅಂತ ಇಲ್ಲಾಂದ್ರೆ ಬಿಟ್ಟುಬಿಡು ನೀನು.
ಆಯ್ತು ಹಾಗಾದರೆ
ಆ ಕರ್ಮದಿಂದ ಬರುವ ಫಲದ ಅಪೇಕ್ಷೆ ನನಗಿಲ್ಲ.",9536,10195,,,101
kn_kannada_19_0013,kannada_19,kn,Dvaita,13,"ನಾನು ಕರ್ಮವನ್ನು ಬಿಟ್ಟೆ ಬಿಡ್ತೇನೆ ಬೇಡ ಬೇಡ ಅಂದ್ರೆ ಮಾ ಕರ್ಮ ಫಲ ಹೇ ಏತುರ್ಭೂಹು ಮಾತೇ ಸಂಗೋಸ್ತ್ವ ಕರ್ಮಣಿ
ನೋಡಿ ಕೃಷ್ಣನ ಒತ್ತು ಎಲ್ಲು ಅಂದ್ರೆ
ಕರ್ಮ ಫಲ ಹೇತುಹು ಮಾಭೂಹು
ಇದರ ಮೇಲ್ಮೈಗೆ ಕಾಣುವ ಅರ್ಥ ನೀನು ಕರ್ಮದ ಫಲದ ಕಾರಣನು ಆಗಬೇಡ ಅರ್ಥಾತ್ ಕರ್ಮದಿಂದ ಬರುವ ಫಲಕ್ಕೆ ನೀನು ಕಾರಣನಾಗಬೇಡ. 
ಆದರೆ ಇದರ ಒಳ ಅಭಿಪ್ರಾಯ ಕರ್ಮಕೃತೌ ಫಲಮೇವ ಶೇತುಹು ಸಹಮಾಭೂ. 
ನಿನ್ನ ಕರ್ತವ್ಯವನ್ನು ನೀನು ಮಾಡಲಿಕ್ಕೆ ಫಲವೇ ಮುಖ್ಯ ಗುರಿ ಆಗದೇ ಇರಲಿ. 
ಬಹಳ ಮಾರ್ಮಿಕವಾದ ಅರ್ಜುನನಿಗೆ ಸಂದರ್ಭೋಚಿತವಾದ ಉಪದೇಶ. ಅರ್ಜುನ ಹೇಳ್ತಿದ್ದಾನೆ ಈ ಯುದ್ಧವನ್ನು ಮಾಡುತ್ತೇವೆ ನಮಗೆ ಜಯ ಸಿಗುತ್ತೋ ಇಲ್ವೋ ಅಂತ.
ಕೃಷ್ಣನ ಚಾಟಿ ಜಯ ಇದ್ರೆ ಮಾತ್ರ ಯುದ್ಧ ಮಾಡುತ್ತೇನೆ ಜಯ ಸಿಗಲಿಲ್ಲ ಅಂದ್ರೆ ನಾನು ಯುದ್ಧ ಮಾಡಲ್ಲ.
ಈ ನಿರ್ಬಂಧ ಮಾಡ್ಕೋಬೇಡ ಕರ್ಮ ಕೃತೌ ಯುದ್ಧವನ್ನು ಮಾಡೋದಕ್ಕೆ ಫಲಮೇವ ಹೇತುಹು.
ಅಂದ್ರೆ ಜಯ ಆಗೋದೇ ಯುದ್ಧದ ಪ್ರಯೋಜನ ತಿಳಿಬೇಡ ನೀನು ಸೋಲು ಜಯ ಆಗಲಿಲ್ಲ ಆದರೂ ಯುದ್ಧ ಸಾರ್ಥಕ ನಿನ್ನ ಕರ್ಮವನ್ನು ನೀನು ಅನುಷ್ಠಾನ ಮಾಡಿದಿ ನಾನು ಕೊಡುತ್ತೇನೆ ಅದಕ್ಕೆ ಫಲ.",10196,10961,,,115
kn_kannada_19_0014,kannada_19,kn,Dvaita,14,"ಹೀಗೆ ಕೃಷ್ಣ ಏನು ಹೇಳುತ್ತಾನೆ ಅಂದ್ರೆ ತುಂಬಾ ಮಾರ್ಮಿಕವಾದ ಉಪದೇಶ ಇದು ಇವತ್ತಿನ ಕಾಲದಲ್ಲಿ ದಕ್ಷಿಣೆಗೆ ತಕ್ಕಂತೆ ಪ್ರದಕ್ಷಿಣೆ ನೀವೆಷ್ಟು ಸಂಬಳ ಕೊಡ್ತೀರಿ ಅದಕ್ಕೆ ಸರಿಯಾಗಿ ನನ್ನ ಶ್ರಮದ ವ್ಯಯ. ನೀವು ಇಷ್ಟೇ ಕೊಡೋದಾದ್ರೆ ಇಲ್ಲಿ ಪಾರ್ಟ್ ಟೈಮ್ ಇನ್ನೊಂದು ಕಡೆ ಫುಲ್ ಟೈಮ್ ಹೀಗೆ.
ನಿನ್ನ ಕರ್ಮಕ್ಕೆ ಫಲವೇ ಮುಖ್ಯ ಗುರಿ ಆಗದೇ ಇರಲಿ ನಿನ್ನ ದೃಷ್ಟಿ ಕರ್ಮದಲ್ಲಿ ಇರಲಿ ಹೊರತು ಫಲವೇ ಅದರ ಮುಖ್ಯ ಗುರಿ ಆಗಿರಬಾರದು ಎಂಥ ಪಾಠ ನೋಡಿ.
ಇದು ಒಂದು ಅಂಶವನ್ನು ಇವತ್ತು ನಮ್ಮ ಸರಕಾರದ ಉದ್ಯೋಗಿಗಳು ಆತ್ಮ ಸತ್ಯ ಆತ್ಮನವರಿಕೆ ಮಾಡಿಕೊಂಡರೆ ಸರಕಾರದ ಕೆಲಸ ಸಸೂತ್ರವಾಗಿ ನಡೆಯುತ್ತದೆ.
ಅವನಿಗೆ ಕೆಲಸ ಮುಖ್ಯ ಅಲ್ಲ.
ದುಡ್ಡು ಮುಖ್ಯ ಸಂಪಾದನೆ ಮುಖ್ಯ.
ಸಂಬಳ ಮಾತ್ರ ಸಾಲದು ಅವನಿಗೆ ಗಿಂಬಳವು ಬೇಕಾಗುತ್ತದೆ.
ಇದು ಯಾವತ್ತು ಬರುತ್ತದೆ?
ನಿಮಗೆ ಕೆಲಸ ಗೌಣ ಫಲ ಪ್ರಧಾನ ಅಂತ ಆದಾಗ ಕೆಲಸದಲ್ಲಿ ಅಪ್ರಾಮಾಣಿಕೆ ಬರುತ್ತದೆ. ಕೆಲಸದಲ್ಲಿ ಆನಂದ ಪಡು ನೀನು, ಸಂಬಳ ಸಿಕ್ಕರೆ ಅದು ಬೋನಸ್ ಅಂತ ತಿಳ್ಕೋ.",10962,11670,,,105
kn_kannada_19_0015,kannada_19,kn,Dvaita,15,"ಇದು ಶ್ರೀಕೃಷ್ಣ ಹೇಳುವ ಭಾವ. 
ಆದ್ದರಿಂದ ನಾವು ದೊಡ್ಡ ಬಾಳೆ ತೋಟ ಬೆಳೆದಿದ್ದೇವೆ. 
ಆದರೆ ಬಾಳೆ ಬಂದ ಗೊನೆಗಳನ್ನೆಲ್ಲ ಮಾರೋದು. 
ಬಂದ ದುಡ್ಡಲ್ಲಿ ಮೆಣಸು ತಗೊಂಡು ತಿನ್ನೋದು. 
ಬಾಳೆ ತೋಟ ಸಿಹಿ ಉಣ್ಣುವ ಯೋಗ ನಮಗಿಲ್ಲ. 
ತಿನ್ನೋದು ಖಾರ. ಹಾಗೆ ಪ್ರಾಮಾಣಿಕವಾಗಿ ಕರ್ಮವನ್ನು ಮಾಡಿದ್ರೆ ಅದೇ ಒಂದು ಆನಂದ. ಆ ಆನಂದವನ್ನು ಕಳೆದುಕೊಳ್ಳುತ್ತೇವೆ. ಕರ್ಮದಲ್ಲಿ ಔದಾಸೀನ್ಯ ಮಾಡುತ್ತೇವೆ. ಸಂಬಳದಲ್ಲಿ ದೃಷ್ಟಿ ಇಡುತ್ತೇವೆ. ಹೀಗಾಗಿ ಕರ್ಮದಿಂದ ಬರುವ ಆನಂದವನ್ನ ಮಾರಿ ಸಂಬಳದಿಂದ ಬರುವ ತಾತ್ಕಾಲಿಕ ಸುಖಕ್ಕೋಸ್ಕರ ಸಾತ್ವಿಕ ಆನಂದವನ್ನ ಕಳೆದುಕೊಳ್ಳುತ್ತೇವೆ ನಾವು ಇದನ್ನು ಮಾಡಬೇಡ. ಮಾ ಅತಿ ಸಂಕೋಸ್ತ್ವ ಕರ್ಮಣಿ.
ಫಲ ಇಲ್ಲ ಅನ್ಕೊಂಡು ಕರ್ಮವೇ ಮಾಡಲ್ಲ ನಾನು.
ನಮ್ಮ ದೇಶದಲ್ಲಿ ಇತ್ತೀಚೆಗೆ ದೊಡ್ಡ ಅವಘಡ ಕರೋನಾದಿಂದ ಬಂತು.
ಅರ್ಧ ಸಂಬಳ.
ಅರ್ಧ ಸಂಬಳ ಕೊಡೋದಾದ್ರೆ ನನ್ನ ಕೆಲಸನು ಅರ್ಧ.
ಈ ಮನೋಭಾವಕ್ಕೆ ನಾವು ಒಳಗಾಗ್ತೀವಿ ಯಾಕೆಂದ್ರೆ ಅದನ್ನ ದೃಷ್ಟಿಯಲ್ಲಿ ಇಟ್ಕೊಂಡು ಇಲ್ಲಿ ಕೆಲಸ ಮಾಡೋದು ನಾವು.
ದೇಶದ ಆಪತ್ತಿನಲ್ಲಿ ನಮುದು .",11672,12412,,,100
kn_kannada_19_0016,kannada_19,kn,Dvaita,16,"ಒಂದು ಭಾಗ ಅನ್ನೋ ಭಾವನೆ ಯಾವತ್ತು ಬರುತ್ತದೆ ಕರ್ಮದಲ್ಲಿ ಶ್ರದ್ಧೆ ಬೆಳೆಸಿಕೊಂಡಾಗ.
ಶ್ರೀಕೃಷ್ಣ ಒಳ್ಳೆ ಪಾಠವನ್ನು ಹೇಳಿದ್ದಾನೆ ಸಾಮಾಜಿಕ ಸಿದ್ಧಾಂತವನ್ನು ಇಲ್ಲಿ ಹೇಳಿದ್ದಾನೆ ನೀವು ಯಾವುದೇ ಕೆಲಸವನ್ನ ಮಾಡುವಾಗ ನಿಮಗೆ ಕೆಲಸ ಪ್ರಧಾನವಾಗಿರಲಿ ಹೊರತು ಅದರಿಂದ ಬರುವ ಫಲ ಅದು ಗೌಣವಾಗಿರಲಿ.
ಫಲಕ್ಕೋಸ್ಕರವೇ ಕೆಲಸ ಆಗದೆ ಇರಲಿ ಹಾಗೆ ಅಂತ ಫಲ ಸಿಗಲ್ಲ ಅನ್ಕೊಂಡು ಕೆಲಸ ಕೆಲಸವನ್ನೇ ಬಿಟ್ಟುಬಿಡುತ್ತೇನೆ ಅನ್ನೋ ಧೋರಣೆಗೆ ನೀವು ಒಳಗಾಗಬೇಡಿ.
ಅದು ಎರಡನೇ ಉದ್ದೇಶವಾಗಿರಲಿ.
ಮಾ ಕರ್ಮ ಫಲ ಹೇತುರು ಭೂಹು ನೀನು ಕರ್ಮ ಮಾಡೋದಕ್ಕೆ ಫಲವೇ ಮುಖ್ಯವಾದ ಗುರಿಯನ್ನಾಗಿ ಇಟ್ಟುಕೊಂಡವನಾಗಬೇಡ.
ಹಾಗಾದರೆ ಫಲ ಇಲ್ಲ ಅಂದ್ರೆ ಕರ್ಮವನ್ನು ಬಿಡುತ್ತೇವೆ ಅಂದ್ರೆ
ಮಾತೆ ಸಂಗಹ ಅಸ್ತು ಅಕರ್ಮಣಿ.
ಕೆಲಸ ಬಿಡೋದ್ರಲ್ಲಿ ನಿನ್ನ ಆಸಕ್ತಿ. ಬೇಡ. 
ಯಾಕೆ ಅಂದ್ರೆ ಫಲವೇ ಪ್ರಧಾನ ಅಲ್ಲದಿದ್ದರೂ ನಿನಗೆ ಸಿಗುವ ಲೌಕಿಕ ಫಲವೇ ಆ ಕರ್ಮದ ಪ್ರಧಾನ ಫಲ ಅಲ್ಲದಿದ್ದರೂ ನನ್ನ ಅನುಗ್ರಹ ಆಗ್ತದೆ ನೀವು ಪ್ರಾಮಾಣಿಕವಾಗಿ ಕೆಲಸ ಮಾಡಿದ್ರೆ. 
ಇದಕ್ಕಿಂತ ದೊಡ್ಡ ಲಾಭ ಏನಿದೆ.",12413,13161,,,102
kn_kannada_19_0017,kannada_19,kn,Dvaita,17,"ಆದ್ದರಿಂದ ಬೇರೆ ಲೌಕಿಕ ಫಲಗಳು ಸಿಗದಿದ್ದರೂ ನನ್ನ ಅನುಗ್ರಹ ನನ್ನ ಪ್ರಸನ್ನತೆ ನಿನ್ನ ಮೇಲೆ ಆಗ್ತದೆ. 
ಆದ್ದರಿಂದ ಕರ್ತವ್ಯವನ್ನು ಅರ್ಜುನ ಮಾಡು ಫಲದ ಬಗ್ಗೆ ಆಸಕ್ತಿಯನ್ನು ತೊರೆ. ಎಂಥ ಸಂದೇಶವನ್ನು ಕೊಟ್ಟಿದೆ ಇದನ್ನ ಗೀತೆಯನ್ನ  ಬಯ್ಯೋದಕ್ಕೆ ಟೀಕೆ ಮಾಡೋದಕ್ಕೆ ಉಪಯೋಗಿಸಿಕೊಂಡರೆ ಎಂಥ ದುರಂತ ಕೃಷ್ಣನ ಭಾವ ಎಲ್ಲಿ ನಮ್ಮ ಭಾವಕ್ಕೆ ಅನುಗುಣವಾಗಿ ಗೀತೆಗೆ ಅಪಾರ್ಥವನ್ನು ಹಚ್ಚಿ ಗೀತೆ ಮೇಲೆ ಅಪವಾದದ ಗುಣ. ಭೂಮಿಯನ್ನು ಕೂರಿಸುವ ಹುನ್ನಾರ ಖಂಡಿತ ಸರಿಯಲ್ಲ ಭಾರತೀಯರು ನಾವು ಮಾಡಬಾರದು ಅಂತ ಹೇಳ್ತಾ ಮತ್ತೊಮ್ಮೆ ಶ್ಲೋಕ ಕರ್ಮಣ್ಯೇವಾಧಿಕಾರಸ್ತೇ ಮಾ ಫಲೇಷು ಕದಾಚನ ಮಾ ಕರ್ಮ ಫಲ ಹೇತುರ್ಭೂಹು ಮಾತೇ ಸಂಗೋಸ್ತ್ವ ಕರ್ಮಣಿ ಮುಂದಿನ ಭಾವವನ್ನು ಮುಂದಿನ ಶ್ಲೋಕದಲ್ಲಿ ನೋಡೋಣ ಅಂತ ಹೇಳುತ್ತಾ ಶ್ರೀ ಕೃಷ್ಣಾರ್ಪಣಮಸ್ತು. ಭಗವದ್ಗೀತೆಯ ಈ ಪ್ರಾಯೋಜಕತ್ವವನ್ನು ಶ್ರೀ ಮರಬೇಕರೆ ಮುರಳೀಧರರಾವ್ ತಾವು ವಹಿಸಿಕೊಂಡು ನಡೆಸುತ್ತಾ ಇದ್ದಾರೆ. ಶ್ರೀ ಕೃಷ್ಣ ಅವರಿಗೆ ವಿಶೇಷವಾದ ಅನುಗ್ರಹವನ್ನು ಒಂದು ಮಾಡಿ ಅಂತ ಪ್ರಾರ್ಥನೆ ಮಾಡು.",13163,13892,,,96
kn_kannada_20_0000,kannada_20,kn,Dvaita,0,"ಶ್ರೀ ಗುರುಭ್ಯೋ ನಮಃ ಹರಿಃ ಓಂ 
ಹಿಂದಿನ ಶ್ಲೋಕದಲ್ಲಿ 
ಅಂದರೆ 
ಎರಡನೇ ಅಧ್ಯಾಯದ 47ನೆಯ ಶ್ಲೋಕದಲ್ಲಿ 
ಗೀತೆಯ ಪ್ರಸಿದ್ಧ ಶ್ಲೋಕ ಅದು 
ಕರ್ಮಣ್ಯೇವ ಅಧಿಕಾರಸ್ತೇ 
ವೇದವು ಸ್ವರ್ಗದ ಬಗ್ಗೆ ಅಪೇಕ್ಷೆ ಇರುವವರು ಯಾಗವನ್ನು ಮಾಡಿ ಅಂತ ವಿಧಾನ ಮಾಡಿದರು. ಅಲ್ಲಿ ಯಾಗವನ್ನು ಮಾಡಬೇಕು ಅನ್ನೋ ವಿಷಯದಲ್ಲಿ ವೇದದ ತಾತ್ಪರ್ಯ ಹೊರತು ಸ್ವರ್ಗದ ಅಪೇಕ್ಷೆಯನ್ನ ಮಾಡಬೇಕು ಅಂತ. ಅದು ವಿಧಾನ ಮಾಡ್ತಾ ಇಲ್ಲ. ಅಪೇಕ್ಷೆ ಇದ್ರೆ ಯಾಗ ಮಾಡು. ಅದರಿಂದ ಫಲೇಷು ಅಂದ್ರೆ ಫಲ ಕಾಮನೆಯಲ್ಲಿ ಫಲದ ಬಗ್ಗೆ ಇಚ್ಛೆಯಲ್ಲಿ ನಾಧಿಕಾರಃ ನೀನು ಮಾಡ್ಲೇಬೇಕು ಅಂತ ಏನಿಲ್ಲ. ಫಲದ ಅಪೇಕ್ಷೆ ಬಿಟ್ಟು. ಅದೇ ಯಾಗವನ್ನು ಭಗವತ್ ಪ್ರೀತಿಗಾಗಿ ಮಾಡಬಹುದು. ಆದ್ದರಿಂದ ಬೇರೆ ಬೇರೆ ಫಲಗಳ ಆಮಿಷವನ್ನು ತೋರಿಸಿ ವೇದವು ಕರ್ಮವನ್ನು ವಿಧಾನ ಮಾಡಿದರು ಆ ಫಲಗಳು ಬೇಕಿದ್ರೆ ಮಾಡ್ರಿ ಅಂತ ಅಷ್ಟೇ ಅರ್ಥ ಹೊರತು ಕರ್ಮ ಮಾಡು. ಅನ್ನೋದು ವೇದದ ತಾತ್ಪರ್ಯ
ಫಲ ಅಪೇಕ್ಷೆ
ಅದರಲ್ಲಿ ವೇದಕ್ಕೆ ತಾತ್ಪರ್ಯ ಇಲ್ಲ ಅದು ಮಹತ್ವದ ಅಲ್ಲ
ಲೌಕಿಕ ಫಲಗಳ ಅಪೇಕ್ಷೆ ಬಿಟ್ಟು ಕೂಡ
ಕರ್ಮವನ್ನು ಮಾಡಬೇಕು ನೀನು
ಅನ್ನೋದು ವ್ಯಾಗ ವೇದದ
ಪರಮ ಅಭಿಪ್ರಾಯ ಅಂತ ಶ್ರೀಕೃಷ್ಣ ಆ ಶ್ಲೋಕದಲ್ಲಿ ಹೇಳಿ ಅದರ ಉತ್ತರಾರ್ಧದಲ್ಲಿ ಮಾತೆ ಸಂಗೋಸ್ತು ಅಕರ್ಮಣಿ.",0,857,,,124
kn_kannada_20_0001,kannada_20,kn,Dvaita,1,"ಫಲದ ಅಪೇಕ್ಷೆ ಮಾಡಬಾರದು ಅಂದ್ರೆ ಹಾಗಾದ್ರೆ ಕರ್ಮ ವ್ಯರ್ಥ ನಾನು ಕರ್ಮವನ್ನೇ ಬಿಟ್ಟುಬಿಡ್ತೇನೆ. ಅನ್ನೋದಕ್ಕೆ ಕೃಷ್ಣ ಕೊಟ್ಟ ಉತ್ತರ ಮಾತೆ ಸಂಗಹ ಅಸ್ತು ಅಕರ್ಮಣಿ. ಕರ್ಮವನ್ನು ಮಾಡದೆ ಇರುವಲ್ಲಿ ನಿನ್ನ ಸಂಗ ಇರೋದು ಬೇಡ. ಅದಕ್ಕೆ ಬೇರೆ ಲೌಕಿಕ ಫಲಗಳು ಇಲ್ಲದಿದ್ದರೂ ನನ್ನ ಅನುಗ್ರಹ, ನನ್ನ ಪ್ರಸನ್ನತೆ ಅನ್ನುವ ಕರ್ಮದ ಫಲ ಅದಕ್ಕೆ ಇದೆ. ಈ ಅಭಿಪ್ರಾಯವನ್ನು ವಿವರಿಸ್ತಾ ಇದ್ದಾನೆ ಶ್ರೀಕೃಷ್ಣ.
ನಾನು ಹಾಗಾದರೆ ಕರ್ಮವನ್ನು ಮಾಡಬೇಕೋ ಬೇಡವೋ?
ಹೇಗೆ ಮಾಡಬೇಕು?
ನನಗೆ ಪ್ರಸಕ್ತವಾದದ್ದು ಈಗ ಯುದ್ಧ.
ಆ ಯುದ್ಧದ ಫಲ ಒಬ್ಬರಿಗೆ ಸೋಲು ಗೆಲುವು.
ಸೋತವನು ರಾಜ್ಯದ ಅಧಿಕಾರವನ್ನ ಕಳೆದುಕೊಳ್ಳುತ್ತಾನೆ. ತಾನೇ ಗೆದ್ದವನು ರಾಜ್ಯದ ಅಧಿಕಾರವನ್ನು ಪಡೆದುಕೊಳ್ಳುತ್ತಾನೆ.
ರಾಜ್ಯದ ಅಧಿಕಾರದ ಆಸೆಯಿಂದ ಈ ಯುದ್ಧವನ್ನು ಮಾಡಬೇಡ ಅಂತ ನಿನ್ನ ಉಪದೇಶ.
ಹಾಗಾದರೆ ನಾನು ಈ ಯುದ್ಧವನ್ನಾಗಲಿ ಅಥವಾ ಯಜ್ಞಯಾಗಾದಿ ಕರ್ಮಗಳನ್ನಾಗಲಿ ಹೇಗೆ ಮಾಡಬೇಕು?
ಅದಕ್ಕೆ ಉತ್ತರವನ್ನ ಈ 48ನೆಯ ಶ್ಲೋಕದಲ್ಲಿ ಶ್ರೀಕೃಷ್ಣ ಕೊಡ್ತಾ ಇದ್ದಾನೆ.
ಯೋಗಸ್ಥ ಕುರು ಕರ್ಮಾಣಿ ಸಂಗಂ ತ್ಯಕ್ತ್ವಾ ಧನಂ ಜಯ
ಸಿದ್ಧ ಸಿದ್ಧೋ ಸಮೋಭೂತ್ವಾ ಸಮತ್ವಂ ಯೋಗ ಉಚ್ಚತೆ.",858,1666,,,109
kn_kannada_20_0002,kannada_20,kn,Dvaita,2,"ಪದ ವಿಭಾಗ ಯೋಗಸ್ಥ ಸ್ಥಹ ಕುರು ಕರ್ಮಾಣಿ ಸಂಗಮ್ ತ್ಯಕ್ತ್ವಾ ಧನಂಜಯ ಸಿದ್ಧ ಸಿದ್ಧಿಯೋಹು ಸಮಃ ಭೂತ್ವಾ ಸಮತ್ವಮ್ ಯೋಗಃ ಉಚ್ಚತೆ ಕರ್ಮಾಣಿ ಕುರು ನಿನ ನಿನಗೆ ವಿಶಿತವಾದ ಕರ್ಮಗಳನ್ನು ಮಾಡು ಕ್ಷತ್ರಿಯನಾದರೆ ಪ್ರಜಾಪಾಲನೆ ಬೇರೆಯವರಾದರೆ ಅವರವರ ಆಶ್ರಮಕ್ಕೆ ಅನುಗುಣವಾದ ಕರ್ತವ್ಯಗಳು ಅದನ್ನ ಮಾಡು ಹೇಗೆ ಮಾಡು ಯೋಗಸ್ಥ ಹಾ.
ಯೋಗ ಸ್ಥ ಸ್ಥ ಅಂದ್ರೆ ಇರುವವನಾಗಿ.
ಯೋಗದಲ್ಲಿ ಇರುವವನಾಗಿ ಕರ್ಮವನ್ನು ಮಾಡು.
ಅಂದ್ರೆ ನೀನು ಯೋಗಿಯಾಗಿದ್ದುಕೊಂಡು ಕರ್ಮವನ್ನು ಮಾಡು.
ಯೋಗ ಅಂದ್ರೆ ನಾವು ಹಿಂದೇನೆ ಅರ್ಥ ಹೇಳಿದ್ದೇವೆ.
ಉಪಾಯ ಸಾಧನ. ಯಾವುದಕ್ಕೆ ಸಾಧನ? ಕರ್ಮವು ಜ್ಞಾನಕ್ಕೆ ಸಾಧನ. ಅದಕ್ಕೆ ಯೋಗಸ್ಥಹ ಅಂದ್ರೆ ನೀನು ಮಾಡಿದ ಕರ್ಮವು ಜ್ಞಾನಕ್ಕೆ ಸಹಾಯವಾಗುವಂತೆ ಕರ್ಮಗಳನ್ನು ಮಾಡು. ನೀನು ಮಾಡಿದ ಕರ್ಮ ನಿನ್ನ ಲೌಕಿಕ ಈಗ ಫಲಗಳಿಗೆ ಸಾಧನವಾಗಬಾರದು.
ನಾವು ದೇವರಿಗೋ ಗುರುಗಳಿಗೋ ಪ್ರದಕ್ಷಿಣೆ ನಮಸ್ಕಾರಗಳನ್ನು ಹಾಕುತ್ತೇವೆ.
ಆ ಪ್ರದಕ್ಷಿಣೆಯ ಸತ್ಕರ್ಮದ ಉದ್ದೇಶ ನಮ್ಮ ದೇಹದ ಕಾಯಿಲೆ ವಾಸಿಯಾಗಲಿ ನಮ್ಮ ಮಕ್ಕಳಿಗೆ ವಿದ್ಯಾಭ್ಯಾಸ ಚೆನ್ನಾಗಿ ಆಗಲಿ.",1667,2417,,,100
kn_kannada_20_0003,kannada_20,kn,Dvaita,3,"ಈ ಉದ್ದೇಶವನ್ನಿಟ್ಟುಕೊಂಡರೆ ಆ ಕರ್ಮವನ್ನು ಮಾಡುವವನು ಯೋಗಸ್ಥನಲ್ಲ. ಅವನು ಫಲದ ಆಸಕ್ತಿಯಿಂದ ಮಾಡಿದ ಕರ್ಮ ಅದು. ನನಗೆ ತತ್ವಜ್ಞಾನ ಬರಬೇಕು. ದೇವರು ಅಂದ್ರೆ ಏನು, ನಾನು ಅಂದ್ರೆ ಏನು, ನಾನು ಮಾಡುವ ಕೆಲಸ ಏನು? ಕರ್ತವ್ಯ ಕಡೆ ಏನು?
ಇದರ ಬಗ್ಗೆ ಸರಿಯಾದ ತಿಳುವಳಿಕೆ ಬಲ್ಲವರಿಂದ ಬರಬೇಕು.
ಬರಬೇಕು ಅಷ್ಟೇ ಅಲ್ಲ ಬಂದ ಜ್ಞಾನ
ಸಂದೇಹಕ್ಕೆ ಒಳಗಾಗದೆ ನಿರ್ಧಾರಾತ್ಮಕವಾಗಿ ಉಳಿದುಕೊಳ್ಳಬೇಕು.
ಆದ್ದರಿಂದ ನಿನ್ನ ಸೇವೆಯನ್ನು ಮಾಡುತ್ತೇನೆ ನನಗೆ ಆ ಯೋಗವನ್ನು ಅಂತಹ ಸಂದರ್ಭವನ್ನು ಕರುಣಿಸು ಅಂತ. ಅನ್ನೋ ಭಾವನೆ ಇದ್ದವನು ಯೋಗಸ್ಥ ಜ್ಞಾನದ ಉಪಾಯವನ್ನು ಜ್ಞಾನಕ್ಕೆ ಬೇಕಾದ ಸಾಧನವನ್ನು ಬಯಸುವವ ಆ ಬಯಕೆ ಉಳ್ಳವನಾಗಿ ಕುರು ಕರ್ಮಾಣಿ ಕರ್ಮಗಳನ್ನು ಮಾಡುವ ಪ್ರಕೃತ ಅರ್ಜುನನಿಗೆ ಪ್ರಸಕ್ತವಾದ್ದು ಯುದ್ಧ ನನಗೆ ಜಯ ಸಿಗಬೇಕು, ರಾಜ್ಯದ ಅಧಿಕಾರ ಬೇಕು ಅನ್ನೋ ಅಪೇಕ್ಷೆಯಿಂದ ಈ ಯುದ್ಧದಲ್ಲಿ ನೀನು ತೊಡಗಿದರೆ ಆ ಯುದ್ಧ ಸಕಾಮ ಕರ್ಮ ಆಗುತ್ತೆ. ಅದನ್ನು ಮಾಡುವ ನೀನು ಯೋಗಸ್ಥನಾಗುವುದಿಲ್ಲ. ಕೃಷ್ಣ ಆದೇಶ ಕೊಟ್ಟಿದ್ದಾನೆ. ಅವನ ಆದೇಶ ದೇಶವನ್ನು ಪಾಲಿಸಿದರೆ
ಅವನಿಗೆ ಸಂತೋಷವಾಗುತ್ತದೆ.",2418,3195,,,105
kn_kannada_20_0004,kannada_20,kn,Dvaita,4,"ಆದ್ದರಿಂದ ಅವನ ಅನುಗ್ರಹ ನನಗಾಗುತ್ತೆ.
ಸೋಲು ಅಥವಾ ಗೆಲುವು ಯಾವುದೇ ಬರಲಿ.
ಕೃಷ್ಣ ಹೇಳಿದ್ದನ್ನ ನಾನು ಮಾಡಿ ಅವನಿಗೆ ಸಂತೋಷವಾದರೆ ಸಾಕು.
ಅನ್ನೋ ಭಾವನೆಯನ್ನು ಇಟ್ಟುಕೊಂಡವನು ಯೋಗಸ್ಥ. ಹೀಗೆ ಈ ಯೋಗದ ಸ್ಥಿತಿಯಲ್ಲಿ ಇದ್ದವನಾಗಿ ನೀನು ಕರ್ಮಾಣಿ ಕುರು ಕರ್ಮಗಳನ್ನು ಮಾಡು. ಸಂಗಂ ತ್ಯಕ್ತ್ವಾ ಸಂಗ ಅಂದ್ರೆ ಸಂಬಂಧ. ಕರ್ಮವನ್ನು ಮಾಡು ಕರ್ಮದ ಸಂಬಂಧವನ್ನು ಬಿಡು. ಅರೆ ಕರ್ಮದ ಸಂಬಂಧವನ್ನು ಬಿಟ್ಟು ಕರ್ಮವನ್ನು ಮಾಡುವುದು ಹೇಗೆ? ಈ ಹಲಸಿನ ಹಣ್ಣು ಇದೆ. ಒಳಗಡೆ ರುಚಿಯಾದ ಹಣ್ಣು. ಆದರೆ ಅದನ್ನ ಸುಲಿಬೇಕಾದರೆ ಕೈಯೆಲ್ಲಾ ಮೇಣ ಆಗುತ್ತೆ. ನೀನು ಹಲಸಿನ ಹಣ್ಣು ತಿನ್ನು ಕೈಯಲ್ಲಿ ಮೇಣ ಆಗಬಾರದು. ಹೀಗೆ ನೀನು ಕರ್ಮದ ಸಂಗವನ್ನು ಬಿಡು ಕರ್ಮವನ್ನು ಮಾಡು.
ಇದು ಅಸಾಧ್ಯವಾದ ಕೆಲಸ ಅಂತ ಅನಿಸ್ತದೆ.
ಆದರೆ ಯೋಚನೆ ಮಾಡಿ ಕೈಯಲ್ಲಿ ಮೇಣ ಆಗಬಾರದು ಹಣ್ಣು ಸಿಗಬೇಕು.
ಏನ್ ಮಾಡಬೇಕು ನಾವು?
ಕೈಗೆ ಸ್ವಲ್ಪ ಎಣ್ಣೆ ಸವರಿಕೊಂಡು ಹಲಸಿನ ಹಣ್ಣನ್ನ ಬಿಡಿಸಿದ್ರೆ ಕೈಗೆ ಮೇಣ ಆಗೋದಿಲ್ಲ.",3196,3890,,,100
kn_kannada_20_0005,kannada_20,kn,Dvaita,5,"ಮೇಣ ಆಗೋದಿಲ್ಲ ಹಣ್ಣು ಸಿಗ್ತದೆ.
ಹಾಗೆಯೇ ಕರ್ಮದ ಸಂಗವನ್ನು ಬಿಟ್ಟು ಕರ್ಮವನ್ನು ಮಾಡೋದು ಅಂದ್ರೆ
ನಾವು ಸತ್ಕರ್ಮಗಳನ್ನ ಮಾಡಿದಾಗ ಲೌಕಿಕ ಅಪೇಕ್ಷೆಗಳನ್ನ ಇಟ್ಟುಕೊಂಡ್ರೆ ಆ ಕರ್ಮ ನಮಗೆ ಅಂಟುತ್ತೆ. ಅದು ಬೇಕು ಇದು ಬೇಕು ಅಂತ
ಅಪೇಕ್ಷೆಯಿಂದ ಕರ್ಮವನ್ನ ಮಾಡಿದ್ರೆ
ಬೇಕಾದ್ದು ಸಿಗುತ್ತದೆ
ಅದು ಸುಖಕ್ಕೆ ಹೇಗೆ ಕಾರಣವಾಗುತ್ತದೋ ಕ್ರಮೇಣ ದುಃಖಕ್ಕೂ ಕಾರಣ
ಕರ್ಮಣ ಭಜ್ಯತೆ ಜಂತು
ಕರ್ಮವು ನಮ್ಮನ್ನ ಬಲೆಯಲ್ಲಿ ಸಿಕ್ಕಿ ಹಾಕುತ್ತೆ
ಆ ಕರ್ಮದ ನಂಟು ಕರ್ಮ ಅಳಚಿಕೊಳ್ಳುವುದು ಅಂದ್ರೆ
ಕರ್ಮದಿಂದ ಬರುವ ಲೌಕಿಕ ಫಲದ ಅಪೇಕ್ಷೆಯನ್ನ ಬಿಡೋದು ಸಂಗಮ್ ತ್ಯಕ್ತ್ವ ಅಂದ್ರೆ ಹೀಗೆ.
ಕರ್ಮವನ್ನು ಮಾಡು ಫಲದ ಅಪೇಕ್ಷೆಯನ್ನ ಬಿಡು ಸಂಗಮ್ ತ್ಯಕ್ತ್ವ ಅಂದ್ರೆ ಫಲ ಸ್ನೇಹವನ್ನು ಬಿಟ್ಟು ಆ ಕರ್ಮಕ್ಕೆ ಅದು ಬೇಕು ಇದು ಬೇಕು ಅಂತ ಲೌಕಿಕ ಫಲದ ಅಪೇಕ್ಷೆಯನ್ನು ಬಿಟ್ಟು ಕರ್ಮವನ್ನು ಮಾಡು. ಯೋಗಸ್ಥಃ ಭಗವಂತ ಪ್ರೀತನಾಗಲಿ ಅನ್ನೋ ಭಗವಂತನ ಪ್ರೀತಿಯ ಉದ್ದೇಶವುಳ್ಳವನಾಗಿ ಸಂಗಂ ತ್ಯಕ್ತ್ವಾ ಫಲದ ಅಪೇಕ್ಷೆಯನ್ನು ಬಿಟ್ಟು ಕರ್ಮಾಣಿ ಕುರು ಧನಂಜಯ ನಿನ್ನ ಯುದ್ಧ ಎಂಬ ಕರ್ಮದಲ್ಲಿ ತೊಡಗು.",3891,4655,,,106
kn_kannada_20_0006,kannada_20,kn,Dvaita,6,"ಅರ್ಜುನ ಯೋಗ ಅಂದ್ರೆ ಏನು ಯೋಗಸ್ಥಹ ಅಂತ ಹೇಳಿದ ಆ ಯೋಗದ ವಿವರಣೆಯನ್ನು ಕೃಷ್ಣನೇ ಕೊಡುತ್ತಾನೆ ಸಿದ್ಧಿ ಅಸಿದ್ಧಿಯೋ ಸಮೋ ಭೂತ್ವ ಸಮತ್ವಂ ಯೋಗ ಉಚ್ಚತಿ ಯೋಗ ಅಂದ್ರೆ ನೀನು ಇವತ್ತು ತೊಡಗಬೇಕಾದ್ದು ಯುದ್ಧ ಎಂಬ ಕರ್ಮದಲ್ಲಿ ಆ ಯುದ್ಧ ಎಂಬ ಕರ್ಮದಿಂದ ನಿನಗೆ ಜಯ ಸಿಗಬಹುದು.
ಅಥವಾ ಸೋಲು ಆಗಬಹುದು. ಗೆಲುವು ಸೋಲು.
ಗೆಲುವು ಸಿದ್ಧಿ. ಸೋಲು ಅಸಿದ್ಧಿ.
ಯುದ್ಧಕ್ಕೆ ಗೆಲುವನ್ನ ಉದ್ದೇಶಿಸಿಕೊಂಡು ನೀನು ರಣರಂಗದಲ್ಲಿ ಭಾಗವಹಿಸಿದರೆ
ಗೆಲುವು ಸಿಕ್ಕರೆ ನಿನಗೆ ಸಿದ್ಧಿ. ಗೆಲುವು ಸಿಗದೇ ಹೋದಲ್ಲಿ ಅಸಿದ್ಧಿ. ನನಗೆ ಈ ಯುದ್ಧದಿಂದ ಗೆಲುವು ಸಿಗಲಿ ಬಿಡ್ಲಿ ಕೃಷ್ಣ ಹೇಳಿದ್ದಾನೆ ಕ್ಷತ್ರಿಯನಾದ ನನ್ನ ಕರ್ತವ್ಯ ಅನ್ನೋ ದೃಷ್ಟಿಯಿಂದ ನೀನು ಈ ಯುದ್ಧದಲ್ಲಿ ತೊಡಗಿದರೆ ಆವಾಗ ಯೋಗಸ್ಥಹ ಅದನ್ನು ಯೋಗ ಅಂತ ನಾನು ಕರೀತೇನೆ. ಆ ಭಾವನೆಯನ್ನು ಇಟ್ಟುಕೊಂಡ ನೀನು ಯೋಗಸ್ಥನಾಗ್ತಿ.
ಸಿದ್ಧ ಸಿದ್ಧಿಯೋಹು ಕರ್ಮದ ಲೌಕಿಕ ಫಲವು ಸಿದ್ಧವಾಗಲಿ ಅಥವಾ ಸಿಗದೆ ಇರಲಿ ಇವೆರಡರಲ್ಲೂ ಸಮೋಭೂತ್ವ ಫಲ ಸಿಕ್ತು ಅಂತ ಅತಿರೇಕದ ಸಂತಸದ ಮಟ್ಟಕ್ಕೆ ಹೋಗದೆ ಅಥವಾ ಫಲ ಸಿಗಲಿಲ್ಲ ಅಂತ ಕುಸಿದು ಕೂಡದೆ ಫಲ ಲೌಕಿಕವಾದ್ದು ಸಿಗಲಿ ಸಿಗದೆ ಹೋಗಲಿ ಸಮಹ ಎರಡರಲ್ಲೂ ನಿನ್ನ ಮನಸ್ಥಿತಿಯನ್ನ ಒಂದೇ ರೀತಿಯಾಗಿ ಕಾಯ್ದುಕೊಂಡು ಇರೋದು ಏನಿದೆಯೋ ಇದನ್ನ ಯೋಗ ಉಚ್ಚತೆ ಇದನ್ನ ಯೋಗ ಅಂತ ನಾನು ಹೇಳ್ತೀನಿ.",4656,5572,,,132
kn_kannada_20_0007,kannada_20,kn,Dvaita,7,"ಈ ಯೋಗವನ್ನ ಅರಸಿಕೊಂಡು ನೀನು
ನಿನ್ನ ಸ್ವಕರ್ಮವನ್ನು ಮಾಡು.
ನಿಷ್ಕಾಮ ಕರ್ಮ ಅಂದ್ರೆ ಇದೆ ಸಂಗಮ್ ತ್ಯಕ್ತ್ವ
ನಿಷ್ಕಾಮ ಅಂದ್ರೆ
ಆ ಫಲದ ಬಗ್ಗೆ ಆಸೆಯನ್ನು ತೊರೆದು
ಭಗವಂತ
ನೀಡಿದ ಆದೇಶ ಅನ್ನೋ ಕರ್ತವ್ಯ ದೃಷ್ಟಿಯಿಂದ ನೀನು ಕರ್ಮವನ್ನು ಮಾಡು. ಆದ್ದರಿಂದ ಮಾತೆ ಸಂಗೋಸ್ತು ಅಕರ್ಮಣಿ. ಫಲ ಇಲ್ಲ ಅಂದ ಕೂಡಲೇ ಕರ್ಮವನ್ನೇ ಬಿಟ್ಟುಬಿಡುತ್ತೇನೆ ಅಂತ ಅಂದುಕೊಳ್ಳಬೇಡ. ಈ ಭಾವನೆಯಿಂದ ಕರ್ಮವನ್ನು ಮಾಡು. ಅಲ್ಲಿಗೆ ನಮಗೆ ವಿಹಿತ ಕರ್ತವ್ಯವನ್ನ ಮಾಡುವಾಗ ಎರಡು ಭಾವನೆಗಳು ಇರಬೇಕು. ಒಂದು ಯೋಗ ಸ್ಥಿತಿ. ಎಲ್ಲಿ ನಾವಿರಬೇಕು?
ಇನ್ನೊಂದು ಫಲದ ಲೌಕಿಕ ಫಲದ ಅಪೇಕ್ಷೆಯನ್ನ ತೊರೆಯಬೇಕು.
ಯೋಗದ ಸ್ಥಿತಿಯಲ್ಲಿ ಇರೋದಂದ್ರೆ ಈ ಕೆಲಸವನ್ನು ಮಾಡುವುದು ನನ್ನ ಕರ್ತವ್ಯ.
ಇದು ಸಕ್ಸಸ್ ಆಗಬಹುದು ಅಥವಾ ಫೇಲ್ಯೂರ್ ಆಗಬಹುದು.
ನಾನು ಮಾಡಿದ ಈ ಕೆಲಸ ಗುರಿ ಮುಟ್ಟಬಹುದು ಅಥವಾ ನಾನು ನಿರೀಕ್ಷಿಸಿದ ಇದ ಫಲ ಸಿಗದೆ ಇರಬಹುದು.
ಇದನ್ನ ಮಾಡುವುದು ನನ್ನ ಕರ್ತವ್ಯ.
ಈ ದೃಷ್ಟಿಯಿಂದ ಫಲದ ಅಪೇಕ್ಷೆಯನ್ನ ಬಿಟ್ಟು ಸಮಸ್ಥಿತಿಯಲ್ಲಿದ್ದು ನಿನ್ನ ಕರ್ತವ್ಯವನ್ನು ನೀನು ನೆರವೇರಿಸು.",5573,6330,,,105
kn_kannada_20_0008,kannada_20,kn,Dvaita,8,"ಗೀತೆಯ ಮುಖ್ಯ ಸಂದೇಶ ಕರ್ಮ ಸಂದೇಶ ಇದು.
ಫಲಕ್ಕೆ ಕರ್ಮಕ್ಕೆ ಫಲದ ಬೇಲಿಯನ್ನ ಹಾಗಾದರೆ,
ಅದು ಸಿಗದೆ ಇದ್ದಾಗ ದೊಡ್ಡ ನಿರಾಶೆ ಆಗ್ತದೆ. 
ಇಡೀ ಜೀವನದಲ್ಲಿ ವೈರಾಗ್ಯ ಬರುವ ಸಂದರ್ಭ ಇದೆ.
ಕರ್ತವ್ಯದ ದೃಷ್ಟಿಯಿಂದ ನಾವು ಅದನ್ನು ಮಾಡಿದಾಗ
ನಿರ್ಲೇಪ
ನಿರ್ಲಿಪ್ತ ಮನೋಭಾವ ನಮ್ಮಲ್ಲಿ ಇರೋದ್ರಿಂದ
ಆ ಕರ್ಮ ನಾವು ಮಾಡಿದ ಕೆಲಸ ಗುರಿ ಮುಟ್ಟದೆ ಇದ್ದರೂ ನಮಗೆ ಬೇಸರವನ್ನು ತಂದುಕೊಡುತ್ತೆ. ಮಾಡ್ತೀವಿ ನಾವು ಇದನ್ನ.
ನೋಡಿ ಮನೆಯಲ್ಲಿ
ಮನೆ ಕೆಲಸವನ್ನ ನಮ್ಮ ಮನೆಯವಳು ತಿಂಡಿ ತೀರ್ಥ ಬೇಕಾದ ಸಮಯ ಸಮಯದಲ್ಲಿ ಆಹಾರ ಪದಾರ್ಥಗಳನ್ನು ಸಿದ್ಧಪಡಿಸಿಕೊಳ್ಳುತ್ತಾರೆ.
ಹಬ್ಬದ ದಿವಸ ವಿಶೇಷ ಅಡುಗೆ ನಡೆಯುತ್ತದೆ.
ಆಕೆ ನಾನು ಇವತ್ತು ವಿಶೇಷ ಅಡುಗೆ ಮಾಡಿದ್ದೇನೆ ನನಗೇನಾದರೂ ಭಕ್ಷಿಸಿಕೊಡಿ ಅಂತ ಹೇಳಿ. ಗಂಡನಲ್ಲಿ ಕೇಳೋದಿಲ್ಲ.
ಪ್ರತಿಫಲದ ಅಪೇಕ್ಷೆ ಇಲ್ಲದೆ ತನ್ನ ಕರ್ತವ್ಯ ನಾನು ಈ ವಿಶೇಷ ಅಡಿಗೆಯನ್ನ ಹಬ್ಬದ ದಿನ ಭಗವಂತನ ನೈವೇದ್ಯಕ್ಕಾಗಿ ಸಿದ್ಧಪಡಿಸಿದ್ದೇನೆ ಅನ್ನೋ ಭಾವನೆಯಿಂದ ಅದರಲ್ಲಿ ತೊಡಗಿದಾಗ ಅದು ನಿಷ್ಕಾಮ ಕರ್ಮ ಅನಿಸಿಕೊಳ್ಳುತ್ತದೆ.",6331,7072,,,100
kn_kannada_20_0009,kannada_20,kn,Dvaita,9,"ಹೀಗೆ ಯೋಗಸ್ಥಃ ಕುರು ಕರ್ಮಾಣಿ
ಇದು ನಿಷ್ಕಾಮ ಕರ್ಮದ ಸಂದೇಶ ಅರ್ಜುನನಿಗೆ ಶ್ರೀಕೃಷ್ಣ ನೀಡಿದ್ದು ಮತ್ತೊಮ್ಮೆ ಶ್ಲೋಕ
ಯೋಗಸ್ಥಃ ಕುರು ಕರ್ಮಾಣಿ
ಸಂಗಂ ತ್ಯಕ್ತ್ವಾ ಧನಂಜಯ
ಸಿದ್ಧ್ಯ ಸಿದ್ಧ್ಯೋ ಸಮೋಭೂತ್ವಾ
ಸಮತ್ವಂ ಯೋಗ ಉಚ್ಚ ಮುಂದಿನ ಶ್ಲೋಕ
ದೂರೇಣಹ್ಯವರಂ ಕರ್ಮ ಬುದ್ಧಿಯೋಗಾದನನ್ಜಯ
ಬುದ್ಧೌ ಶರಣಮನ್ವಿಚ್ಛ ಕೃಪಣಾ ಫಲಹೇತವಃ
ಪದ ವಿಭಾಗ
ದೂರೇಣ ಏನ ಶಿ ಅವರಂ ಶ್ಯವರಂ ಒಂದು ಪದ ಅಲ್ಲ ಅಲ್ಲಿ ಎರಡು ಪದ ಇದೆ. ಶಿ ಅವರಂ ಕರ್ಮ ಬುದ್ಧಿ ಯೋಗಾತ್ ಧನಂಜಯ ಬುದ್ಧೌ ಶರಣಂ ಅನ್ಮಿಚ್ಛ ಕೃಪಣಾಹ ಫಲ ಹೇತವಃ ಕರ್ಮ ಬುದ್ಧಿಯೋಗಾತ್ ದೂರೇಣ ಅವರಂ ದೂರ ಅನ್ನೋ ಶಬ್ದಕ್ಕೆ ಸಂಸ್ಕೃತದಲ್ಲೂ ಇದೆ ಆಡು ಭಾಷೆಯಲ್ಲಿದೆ ಸಮೀಪಕ್ಕೆ ವಿರುದ್ಧವಾದ ಒಂದು ಅರ್ಥವನ್ನು ಕೊಡುವ ಶಬ್ದ ಅದು. ದೂರದಲ್ಲಿದ್ದೇವೆ ಅಂದ್ರೆ ಡಿಸ್ಟೆನ್ಸ್ ಅನ್ನೋ ಅರ್ಥದಲ್ಲಿ ಆ ಶಬ್ದವನ್ನು ಬಳಸ್ತೇವೆ. ಆದರೆ ಇಲ್ಲಿ ಕೃಷ್ಣ ಅತ್ಯಂತ ಅನ್ನೋ ಅರ್ಥದಲ್ಲಿ ಆ ಶಬ್ದವನ್ನು ಬಳಸಿದ್ದಾನೆ. ಕರ್ಮವು ಬುದ್ಧಿಯೋಗಕ್ಕಿಂತ ತುಂಬಾ ದೂರದಲ್ಲಿದೆ. ತುಂಬಾ.",7073,7783,,,100
kn_kannada_20_0010,kannada_20,kn,Dvaita,10,"ದೂರದಲ್ಲಿದೆ ಅಂದ್ರೆ ತುಂಬಾ ಅವರ ಕೆಳಮಟ್ಟದಲ್ಲಿದೆ.
ಕರ್ಮಕ್ಕೂ ಜ್ಞಾನಕ್ಕೂ ಬುದ್ಧಿ ಅಂದ್ರೆ ಜ್ಞಾನ ಬುದ್ಧಿ ಯೋಗ ಅಂದ್ರೆ ಜ್ಞಾನ ಎಂಬ ಉಪಾಯ ಸಾಧನೆ.
ನಾವು ಭಗವಂತನ ಪ್ರೀತಿಗಾಗಿ ಎರಡು ಸಾಧನೆಗಳನ್ನು ಮಾಡಬೇಕು. ಒಂದು ಜ್ಞಾನವನ್ನು ಅರಸೋದು. ಜ್ಞಾನಕ್ಕಾಗಿ ವೇದ ಉಪನಿಷತ್ತುಗಳ ಅಧ್ಯಯನವನ್ನ ನಡೆಸೋದು. ಇನ್ನೊಂದು ನಮಗೆ ವಿಹಿತವಾದ ಕರ್ಮದಲ್ಲಿ ಆಸಕ್ತಿಯಿಂದ ಫಲದ ಆಸಕ್ತಿಯಿಂದ ಭಾಗವಹಿಸುವುದು. ಹೀಗೆ ಕರ್ಮ ಜ್ಞಾನ ಅಂತ ಎರಡು ಸೂತ್ರ. ಸಾಧನಗಳಿವೆ. ಕರ್ಮವು ನಮ್ಮ ಇಷ್ಟಾರ್ಥ ಪ್ರಾಪ್ತಿಗೆ ಬೇಕಾದ ಒಂದು ಸಾಧನ ಯೋಗ ಕರ್ಮ ಯೋಗ. ಜ್ಞಾನವು ನಮಗೆ ಇಷ್ಟಾರ್ಥ ಪ್ರಾಪ್ತಿಗೆ ಬೇಕಾದ ಒಂದು ಸಾಧನ. ಅಲ್ಲಿಗೆ ಜ್ಞಾನ ಯೋಗ ಅದನ್ನ ಬುದ್ಧಿ ಯೋಗ ಅಂತ ಕೃಷ್ಣ ಕರೆದಿದ್ದಾನೆ. ಅಲ್ಲಿಗೆ ಕರ್ಮ ಯೋಗ ಬುದ್ಧಿ ಯೋಗ. ಇವೆರಡರಲ್ಲಿ ಇವೆರಡನ್ನು ತುಲನಾತ್ಮಕವಾಗಿ ನೋಡಿದರೆ ಯಾವುದು ಹೆಚ್ಚು ಯಾವುದು ಕಡಿಮೆ ಅಂದ್ರೆ ಕೃಷ್ಣ ಹೇಳ್ತಾನೆ ಕರ್ಮ ದೂರೇಣ ಅವರಂ ಅದು ಕೆಳಮಟ್ಟದ್ದು ಬರೆ ಕೆಳಮಟ್ಟದ್ದಲ್ಲ ಅತ್ಯಂತ ಕೆಳಮಟ್ಟದ್ದು ಜ್ಞಾನ ಯೋಗಕ್ಕಿಂತ ಕರ್ಮ ತುಂಬಾ ಕೆಳಮಟ್ಟದಲ್ಲಿದೆ.",7784,8546,,,102
kn_kannada_20_0011,kannada_20,kn,Dvaita,11,"ಕರ್ಮ ಅಂದ್ರೆ
ಸಕಾಮ ಕರ್ಮ.
ಆದ್ದರಿಂದ
ಜ್ಞಾನ ಯೋಗ ಕರ್ಮ ಯೋಗಗಳಲ್ಲಿ ಕರ್ಮ ಯೋಗ ತುಂಬಾ ಕೆಳಮಟ್ಟದ್ದು ಜ್ಞಾನ ಯೋಗ ತುಂಬಾ ಉತ್ತಮ ಮಟ್ಟದ್ದು.
ಕರ್ಮದಿಂದ ಸಿಗುವ ತಾತ್ಕಾಲಿಕ ಫಲ ಅಷ್ಟೇ. ಜ್ಞಾನದಿಂದ ಸಿಗುವುದು ಭಗವಂತನ ಪ್ರೀತಿ ಅದರಿಂದ ಶಾಶ್ವತವಾದ ಫಲ. ದುಃಖದ ಸಂಪರ್ಕವೇ ಇಲ್ಲದ ಜನನ ಮರಣಾದಿಗಳನ್ನ ದಾಟುವ ಫಲ ಅದು ಜ್ಞಾನದಿಂದ ಲಭ್ಯ ಆಗ್ತದೆ. ಆದ್ದರಿಂದ ಜ್ಞಾನದಿಂದ ಸಿಗುವ ಫಲ ಶಾಶ್ವತ ದುಃಖದ ಸಂಪರ್ಕವಿಲ್ಲದ್ದು. ಸಕಾಮ ಕರ್ಮದಿಂದ ಸಿಗುವ ಫಲ ಅದು ನಶ್ವರ ಅಲ್ಲಿ ದುಃಖದ ಸಂಪರ್ಕ ಇರಬಹುದು. ಆದ್ದರಿಂದ ಕರ್ಮಯೋಗ ಜ್ಞಾನ ಯೋಗಗಳಲ್ಲಿ ಜ್ಞಾನ ಯೋಗ ತುಂಬಾ ಉಚ್ಚ ಮಟ್ಟದಲ್ಲಿದೆ ಕರ್ಮಯೋಗ ತುಂಬಾ ಕೆಳಮಟ್ಟದಲ್ಲಿದೆ. ದೂರೇನಹಿ ಅವರಂ ಕರ್ಮ ಬುದ್ಧಿಯೋಗಾ ಧನಂಜಯ ಅಂತ ಅರ್ಜುನನ ಸಂಬೋಧನೆ. ಆದ್ದರಿಂದ
ಬುದ್ಧೌ ಶರಣಮನ್ವಿಚ್ಛಾ
ಕರ್ಮಯೋಗ ಜ್ಞಾನ ಯೋಗಗಳಲ್ಲಿ
ನೀನು ಯಾವುದಕ್ಕೆ ಶರಣಾಗಬೇಕು ಅಂದ್ರೆ
ಧ್ಯಾನಕ್ಕೆ ತಲೆಬಾಗು.
ನೀನು ಧ್ಯಾನವನ್ನು ಅರಸು ಕರ್ಮ ಮಾರ್ಗವನ್ನು ಅರಸುವೆ. ಬೇಡ.
ಆದ್ದರಿಂದ ಬುದ್ಧೌ ಶರಣಮನ್ಮಿಚ್ಛ.",8547,9278,,,100
kn_kannada_20_0012,kannada_20,kn,Dvaita,12,"ಯಾಕೆ?
ಕೃಪಣಾ ಫಲ ಹೇತವಃ.
ಫಲ ಹೇತವಃ ಅಂದ್ರೆ
ಫಲವನ್ನೇ ಕಾರಣವನ್ನಾಗಿ ಮಾಡಿಕೊಂಡವರು.
ನಾವು ಮಾಡುವ ಹೋಮ ಧೂಮಗಳಿಗೆ ಜಪ ತಪಗಳಿಗೆ ಈ ಫಲ ಸಿಗಬೇಕು ಅಂತ ಫಲದ ಟಾರ್ಜೆಟ್ ಇಟ್ಟುಕೊಂಡು
ಗುರಿಯನ್ನ ಇಟ್ಟುಕೊಂಡು
ಯಾರು ಕರ್ಮವನ್ನ ಮಾಡ್ತಾರೋ ಅವರು ಕೃಪಣಾಹ
ಕೃಪಣ ಶಬ್ದಕ್ಕೆ
ಆಸೆ ಬುರುಕಾ ಅಂತ ಅರ್ಥ ಅಲ್ಲ
ದುಃಖಿಗಳು ಅಂತ ಅರ್ಥ
ಯಾಕೆಂದರೆ ಉಪನಿಷತ್ತು ಹೇಳುತ್ತದೆ
ಇಮಂ ಲೋಕಂ ಶೀನತರಂ ವಾ ವಿಶಂತಿ ಅಂತ.
ಯಾರು ಫಲದ ಉದ್ದೇಶದಿಂದ ಕರ್ಮವನ್ನು ಮಾಡುತ್ತಾರೋ ಅವರು ಮತ್ತೆ ಚಿರುಗಿ ಇದೇ ಲೋಕಕ್ಕೆ ಬರುತ್ತಾರೆ ದೇಹಾಂತವಾದ ಮೇಲೆ ಅಥವಾ ಇದಕ್ಕಿಂತಲೂ ಕೆಳಮಟ್ಟದ ನರಕಾದಿ ಅನರ್ಥಗಳಿಗೆ ಕುರಿಯಾಗ್ತಾರೆ.
ಆದ್ದರಿಂದ ಫಲಾಹೀನ ಏತವಹ
ತಮ್ಮ ಕರ್ಮಕ್ಕೆ ಫಲವೇ ಕಾರಣವಾಗಿ ಉಳ್ಳವರು ಅರ್ಥಾತ್
ಲೌಕಿಕ ಫಲದ ಉದ್ದೇಶದಿಂದ ಕರ್ಮ ಮಾಡುವವರು ಕೃಪಣಾ
ದುಃಖ ಭಾಜನರಾಗ್ತಾರೆ
ಆದ್ದರಿಂದ
ದುಃಖಕ್ಕೆ ಕಾರಣ ಸುಖದ ಜೊತೆಯಲ್ಲಿ ದುಃಖಕ್ಕೆ ಕಾರಣವಾಗುವುದರಿಂದ ಕರ್ಮ ಮಾರ್ಗವು ಧ್ಯಾನ ಮಾರ್ಗಕ್ಕಿಂತ ಅತ್ಯಂತ ಕೆಳಮಟ್ಟದಲ್ಲಿದೆ. ಆದ್ದರಿಂದ ಇದೇ ಯುದ್ಧ ನಿನಗೆ ಧ್ಯಾನ ಮಾರ್ಗವು ಆಗುತ್ತೆ, ಕರ್ಮ ಮಾರ್ಗವು ಆಗ್ತದೆ.",9279,10060,,,108
kn_kannada_20_0013,kannada_20,kn,Dvaita,13,"ಜಯದ ಅಪೇಕ್ಷೆ ಇಟ್ಟುಕೊಂಡು ನೀನು ಈ ಯುದ್ಧದಲ್ಲಿ ತೊಡಗಿದರೆ ಅದು ಕರ್ಮ ಮಾರ್ಗ. ಕೃಷ್ಣ ಆದೇಶ ಕೊಟ್ಟಿದ್ದಾನೆ ನಾನು ಕ್ಷತ್ರಿಯ ಇದು ನನ್ನ ಕರ್ತವ್ಯ. ಇದನ್ನು ನೆರವೇರಿಸಿದರೆ ಕೃಷ್ಣ ಪ್ರೀತನಾಗ್ತಾನೆ ಜಯ ಅಪಜಯಗಳು ನನಗೆ ಮುಖ್ಯವಲ್ಲ. 
ಈ ಭಾವನೆಯಿಂದ ಈ ಯುದ್ಧದಲ್ಲಿ ತೊಡಗಿದರೆ ಇದು ಬುದ್ಧಿಯೋಗ ಆಗ್ತದೆ. 
ಅಲ್ಲಿಗೆ ಬುದ್ಧಿಯೋಗ ಮತ್ತು ಸಕಾಮ ಕರ್ಮ ಯೋಗ ಇವೆರಡರಲ್ಲಿ ಕರ್ಮ ಮಾರ್ಗ ಏನಿದೆಯೋ ಇದು ಅತ್ಯಂತ ಕೆಳಮಟ್ಟದ್ದು ಜ್ಞಾನ ಮಾರ್ಗವನ್ನು. ಅರಸು ಅರ್ಜುನ ಎಂಬ ಸಂದೇಶವನ್ನು ಶ್ರೀಕೃಷ್ಣ ಅರ್ಜುನನಿಗೆ ಇಲ್ಲಿ ನೀಡಿದ್ದಾನೆ. ಮತ್ತೊಮ್ಮೆ ಶ್ಲೋಕ ದೂರೇಣ ಶ್ಯವರಂ ಕರ್ಮ ಬುದ್ಧಿಯೋಗಾಧನಂ ಜಯ ಬುದ್ಧೌ ಶರಣಮನ್ಮಿಚ್ಛ ಕೃಪಣಾ ಫಲಹೇ ತವಹ ಮುಂದಿನ ಬುದ್ಧಿಯೋಗದಿಂದ ಸಿಗುವ ಫಲವನ್ನು ಕೃಷ್ಣ ಹೇಳುತ್ತಾನೆ. ಇಲ್ಲಿ ಕರ್ಮಯೋಗದಿಂದ ಸಿಗುವ ಫಲವನ್ನು ಸೂಚನೆ ಮಾಡಿದ್ದಾನೆ. ಮುಂದಿನ ಶ್ಲೋಕದಲ್ಲಿ ಬುದ್ಧಿಯೋಗವನ್ನು ಜ್ಞಾನ ಮಾರ್ಗವನ್ನು ಅರಸಿದರೆ ಏನು ಸಿಗುತ್ತದೆ ಅನ್ನೋದನ್ನ ಹೇಳುತ್ತಾನೆ. ಅದನ್ನ ಮುಂದಿನ ಭಾಗದಲ್ಲಿ ನೋಡೋಣ. ಇವತ್ತಿನ ಈ ಭಾಗದ ಪ್ರವಚನವನ್ನು ಮುಕ್ತಾಯಿಗೊಳಿಸೋಣ.",10061,10837,,,100
kn_kannada_20_0014,kannada_20,kn,Dvaita,14,ಈ ಪ್ರವಚನ ಭಾಗವನ್ನ ಶ್ರೀಯುತರಾದ ಮರವೇಕೆರೆ ಮುರಳೀಧರರಾಯರು ತಾವು ಆರ್ಥಿಕ ಸಹಕಾರವನ್ನ ನೀಡಿ ಸಹಕರಿಸಿದ್ದಾರೆ. ಅವರಿಗೆ ಶ್ರೀಕೃಷ್ಣ ಆಯುರಾರೋಗ್ಯ ಭಾಗ್ಯವನ್ನು ಜ್ಞಾನ ಸಂಪತ್ತನ್ನು ಕೊಡಲಿ ಅಂತ ಪ್ರಾರ್ಥನೆ ಮಾಡೋಣ. ಶ್ರೀಕೃಷ್ಣಾರ್ಪಣ ನಮಸ್ಕಾರ.,10838,11036,,,23
kn_kannada_21_0000,kannada_21,kn,Dvaita,0,"ಶ್ರೀ ಗುರುಭ್ಯೋ ನಮಃ ಹರಿಃ ಓಂ ಹಿಂದಿನ ಶ್ಲೋಕಗಳಲ್ಲಿ ಶ್ರೀಕೃಷ್ಣ ಸಕಾಮ ಕರ್ಮ ಮಾರ್ಗ ಜ್ಞಾನ ಮಾರ್ಗಕ್ಕಿಂತ ತುಂಬಾ ಕೆಳಮಟ್ಟದ್ದು. ಫಲವನ್ನ ಗುರಿಯಾಗಿಟ್ಟುಕೊಂಡು ಸತ್ಕರ್ಮದಲ್ಲಿ ತೊಡಗಿದರೆ ಮತ್ತೆ ತಿರುಗಿ ಹುಟ್ಟು ಸಾವುಗಳು ಅಥವಾ ನರಕಾದಿ ಅನರ್ಥಗಳ ಭೀತಿ ಇದೆ. ಆದ್ದರಿಂದ ಬುದ್ಧಿಯೋಗವನ್ನು ಅನುಸರಿಸು ಅಂತ ಅರ್ಜುನನಿಗೆ ಸಂದೇಶ ನೀಡಿದ. ಬುದ್ಧಿಯೋಗದಿಂದ ಸಿಗುವ ಫಲ ಏನು? ಅದನ್ನ 50ನೆಯ ಶ್ಲೋಕದಲ್ಲಿ ಶ್ರೀಕೃಷ್ಣ ಹೇಳ್ತಾ ಇದ್ದಾನೆ. ಬುದ್ಧಿಯುಕ್ತೋ ಜಹಾತೀಹ ಉಭೇ ಸುಕೃತ ದುಷ್ಕೃತೇ ತಸ್ಮಾತ್ ಯೋಗಾಯ ಯುಜ್ಜಸ್ವ ಯೋಗಃ ಕರ್ಮ ಸುಕೌಶಲಂ ಪದವಿಭಾಗ ಬುದ್ಧಿಯುಕ್ತಃ ಜಹಾತಿ ಇಹ ಉಭೇ ಸುಕೃತ ದುಷ್ಕೃತಿ ತಸ್ಮಾತ್ ಯೋಗಾಯ ಯುಜ್ಯಸ್ವ ಯೋಗಃ ಕರ್ಮಸು ಕೌಶಲಂ ಬುದ್ಧಿಯುಕ್ತಃ ಬುದ್ಧಿ ಅಂದ್ರೆ ಜ್ಞಾನ ಜ್ಞಾನ ಇದ್ದವನು ಬುದ್ಧಿಯಿಂದ ಯುಕ್ತನಾದವನು ಅಂದ್ರೆ ಜ್ಞಾನಿಯು ಇಹ ಇಲ್ಲಿ ಅಂದ್ರೆ ಜ್ಞಾನವನ್ನು ಪಡೆದ ಕೂಡಲೇ ಸುಕೃತ ದುಷ್ಕೃತೇ ಉಭೇ ಜಹಾತಿ. ಸುಕೃತ ಅಂದ್ರೆ ಪುಣ್ಯ, ದುಷ್ಕೃತ ಅಂದ್ರೆ ಪಾಪ. ಈ ಎರಡನ್ನು ಜಹಾತಿ ಕಳೆದುಕೊಳ್ಳುತ್ತಾನೆ. ಯಾರು ಜ್ಞಾನಿಯೋ ಅವನು ಪುಣ್ಯ ಪಾಪಗಳೆರಡನ್ನು ಜ್ಞಾನದಿಂದ ಕಳೆದುಕೊಳ್ಳುತ್ತಾನೆ ಅಂತ ಅರ್ಥ.",0,821,,,108
kn_kannada_21_0001,kannada_21,kn,Dvaita,1,"ನಮಗೆ ಒಂದು ರೀತಿಯಿಂದ ಆಶ್ಚರ್ಯ ಆಗುತ್ತೆ. ಈ ಜ್ಞಾನದ ಉಸಾಬರಿ ಬೇಡ ಅಂತ ಅನ್ನಿಸುವ ಸಂದರ್ಭ ಇದೆ. ಯಾಕೆಂದರೆ ಜ್ಞಾನ ಇಲ್ಲಿ ಜ್ಞಾನ ಅಂದರೆ ಬರೀ ತಿಳುವಳಿಕೆ ಅಲ್ಲ. ಭಗವಂತನ ದರ್ಶನ, ದೇವರ ದರ್ಶನ. ಧ್ಯಾನ ಮಾಡಿ ಮಾಡಿ ಮಾಡಿ ಪ್ರಸನ್ನನಾದ ಭಗವಂತ. ನಮಗೆ ತೋರಿದರೆ ಆಗ ಬುದ್ಧಿಯುಕ್ತ ಅವನು. ಅವನು ಪುಣ್ಯ ಪಾಪ ಎರಡನ್ನು ಕಳೆದುಕೊಳ್ಳುತ್ತಾನೆ. ಅರೆ ಕಷ್ಟಪಟ್ಟು ಪುಣ್ಯ ಪಾಪಗಳನ್ನ ಸಂಪಾದಿಸಿದ್ದೇವೆ ನಾವು. ಪಾಪ ಬೇಡ ಅಂದ್ರೂ ಬರ್ತದೆ. ಪುಣ್ಯವನ್ನು ಬೇಕು ಅಂತ ಗಳಿಸಿದ್ದೇವೆ. ದೇವರ ದರ್ಶನ ಆದರೆ ಬೇಕಾದ್ದು ಬೇಡದೆ ಇದ್ದದ್ದು ಎರಡು ಸುಟ್ಟು ಹೋಗುತ್ತೆ ಅಂದ್ರೆ ಅಯ್ಯಯ್ಯೋ ಇದೇನು ಜ್ಞಾನದ ಅವಸ್ಥೆ ಅಂತ ನಮಗೆ ಹೆದರಿಕೆ ಆಗುತ್ತೆ. ಅದಕ್ಕೆ ಆಚಾರ್ಯರು ನೀಡಿದ ವಿವರಣೆ. ಸುಕೃತ ನಾಶ ವಸ್ತುತಸ್ತು ಜ್ಞಾನದ ಕ್ರಮ ಹಾಗೇನೇ. ಉತ್ತರ ಪೂರ್ವಾಗಯೋಹು ಅಶ್ಲೇಷ ವಿನಾಶೌ. ಭಗವದ್ಗೀತೆಯಲ್ಲಿ ಬರುವ ಮಾತು ಕೃಷ್ಣ ಹೇಳಿದ ಮಾತು ಜ್ಞಾನಾಗ್ನಿಹಿ ಸರ್ವ ಕರ್ಮಾಣಿ ಭಸ್ಮಸಾತ್ ಕುರುತೇರ್ಜುನ ಜ್ಞಾನ ಎಂಬ ಬೆಂಕಿ ನಮ್ಮ ಎಲ್ಲ ಕರ್ಮಗಳನ್ನು, ಕರ್ಮ ಅಂದ್ರೆ ಪುಣ್ಯ ಪಾಪಗಳನ್ನು ಭಸ್ಮಸಾತ್ ಕುರುತೆ ಸುಟ್ಟು ಬೂದಿ ಮಾಡಿಬಿಡುತ್ತದೆ.",822,1627,,,113
kn_kannada_21_0002,kannada_21,kn,Dvaita,2,"ಹಾಗಾದರೆ ಭಗವಂತನ ದರ್ಶನ ಆದ ಕೂಡಲೇ ನಾವು ಅನಂತ ಜನ್ಮಗಳಲ್ಲಿ ಸಂಪಾದನೆ ಮಾಡಿದ ಪುಣ್ಯ ಪಾಪಗಳ ಗಂಟು ಸುಟ್ಟು ಬೂದಿ ಆಗ್ತದೆ. ಅಲ್ಲ ಪುಣ್ಯ ಸುಟ್ಟರೆ ನಮಗೆ ದೊಡ್ಡ ಲಾಸ್ ಅಲ್ವಾ? ಎಷ್ಟು ಕಷ್ಟಪಟ್ಟು ಜನ್ಮ ಜನ್ಮಾಂತರಗಳಲ್ಲಿ ಸಂಪಾದನೆ ಮಾಡಿದ್ದೇವೆ, ತೀರ್ಥ ಯಾತ್ರೆ, ಏಕಾದಶಿ ಉಪವಾಸ ಇಂತಹ ಕ್ಲಿಷ್ಟ ಕರ್ಮಗಳನ್ನ ಮಾಡಿ ಸಂಪಾದಿಸಿದ ಪುಣ್ಯ ಎಲ್ಲ ಸುಟ್ಟು ಬೂದಿಯಾಗುತ್ತೆ ಅಂದ್ರೆ ನಮಗೆ ಜ್ಞಾನವೇ ಬೇಡ. ಅನ್ನುವ ಯೋಚನೆ ಮಾಡಬೇಡಿ. ಸುಕೃತಮಪಿ ಅನಿಷ್ಟಂ ಯಹಾದಿ ಮಾನುಷಾದಿ ಫಲಂ ಇದು ಆಚಾರ್ಯರು ಕೊಟ್ಟ ಸಂದೇಶ. ಪುಣ್ಯವನ್ನು ಕಳೆದುಕೊಳ್ಳುತ್ತಾನೆ ಅಂದ್ರೆ. ಅನಿಷ್ಟ ಪುಣ್ಯವನ್ನ ಕಳೆದುಕೊಳ್ಳುತ್ತಾನೆ ಅಂತ ಅರ್ಥ. ನೋಡಿ ನೀವು ಈ ಜನ್ಮದಲ್ಲಿ ಸತ್ಕರ್ಮಗಳನ್ನ ಮಾಡಿದ್ದರಿಂದ ಮುಂದಿನ ಜನ್ಮದಲ್ಲಿ ನೀವು ಒಳ್ಳೆ ಶ್ರೀಮಂತರ ಮನೆಯಲ್ಲಿ ಸದ್ಬುದ್ಧಿ ಉಳ್ಳವರಾಗಿ ಹುಡ್ತೀರಿ. ಇದು ಪುಣ್ಯದ ಫಲ. ಆದರೆ ಭಗವಂತನ ಅಪರೋಕ್ಷ ಬಂದ್ರೆ ಈ ಜನ್ಮದಲ್ಲಿ ಮಾಡಿದ ನಿಮ್ಮ ಕರ್ಮದಿಂದ ಮುಂದಿನ ಜನ್ಮದಲ್ಲಿ ನೀವು ಶ್ರೀಮಂತರಾಗಿ ಹುಟ್ಟಬೇಕು ಅಂದ್ರೆ ಇಂತಹ ಕರ್ಮಗಳು ನೂರಾರಿದೆ.",1628,2386,,,102
kn_kannada_21_0003,kannada_21,kn,Dvaita,3,"ನೀವು ಹತ್ತಾರು ಬಾರಿ ಮನುಷ್ಯರಾಗಿ ಹುಟ್ಟುತ್ತಾನೆ ಇರಬೇಕು ನಿಮ್ಮ ಕರ್ಮದ ಫಲವಾಗಿ, ಪುಣ್ಯದ ಫಲವಾಗಿ. ಅಲ್ಲಿಗೆ. ಭಗವಂತನ ಬಳಿಗೆ ಹೋಗೋದು ಡಿಲೇ ಆಗುತ್ತೆ. ಹುಟ್ಟು ಅಂದ್ರೆ ಹುಟ್ಟಿನಿಂದ ಮತ್ತೆ ದುಃಖ ಇದ್ದೇ ಇದೆ. ನೀವು ಎಷ್ಟೇ ಶ್ರೀಮಂತರ ಮನೆಯಲ್ಲಿ ಹುಟ್ಟರಿ, ಹುಟ್ಟಿದ ಮಗು ಅಳ್ಳೇಬೇಕು. ಶ್ರೀಮಂತರ ಮನೆ ಅನ್ಕೊಂಡು ಅಳದೆ ಕೂತ್ಕೊಳ್ಳೋದಿಲ್ಲ ಅದು. ಗರ್ಭವಾಸದ ದುಃಖವನ್ನು ಅನುಭವಿಸಲೇಬೇಕು. ನನ್ನ ತಾಯಿಯ ಗರ್ಭ ಶ್ರೀಮಂತರ ಗರ್ಭ ಅನ್ಕೊಂಡು ಅಲ್ಲಿ ದುಃಖ ಆಗದೇ ಇರೋದಿಲ್ಲ. ಅಲ್ಲಿಗೆ ಇದನ್ನ ಅನಿಷ್ಟ ಪುಣ್ಯ ಅಂತ ಕರೀತಾರೆ. ಪುಣ್ಯನೇ ಅದು ಆದರೆ ಹುಟ್ಟು ಸಾವುಗಳು. ಅನಿಷ್ಟವಾದ್ದರಿಂದ ಇಂಥ ಅನೇಕ ಪುಣ್ಯಗಳು ನಮಗೆ ಬೇಡವಾದ ಪುಣ್ಯಗಳು ಜ್ಞಾನದಿಂದ ಸಿಗಬೇಕಾದ ಸದ್ಗತಿಗೆ ಪ್ರತಿಬಂಧವನ್ನು ಒಡ್ಡುವ, ತೊಂದರೆಯನ್ನು ಮಾಡುವ, ತಡಮಾಡುವ ಅನೇಕ ಪುಣ್ಯಗಳಿವೆ. ಆ ಅನಿಷ್ಟ ಪುಣ್ಯಗಳೆಲ್ಲ ನಾಶ ಆಗುತ್ತೆ. ನೀವು ದೇವರಿಗೆ ಪ್ರೀತಿಯಾಗಲಿ ಅಂತ ಸತ್ಕರ್ಮಗಳನ್ನು ಮಾಡಿದ್ದೀರಿ. ಭಗವಂತನ ಚರಿತ್ರೆಯನ್ನು ಶ್ರವಣ ಮಾಡಿದೀರಿ. ನಿರಂತರ ಅನೇಕ ವರ್ಷಗಳ ಕಾಲ ಧ್ಯಾನ ಮಾಡಿದೀರಿ.",2387,3154,,,100
kn_kannada_21_0004,kannada_21,kn,Dvaita,4,"ಈ ಧ್ಯಾನ, ಶ್ರವಣ ಇದರಿಂದ ಬಂದ ಪುಣ್ಯ ಅದು ನಾಶ ಆಗಲ್ಲ. ಆದ್ದರಿಂದ ಭಗವಂತನ ಬುದ್ಧಿಯುಕ್ತಃ ಅಪರೋಕ್ಷ ಜ್ಞಾನಿಯು ಸುಕೃತ ದುಷ್ಕೃತೆ ಅನಿಷ್ಟವಾದ ಪುಣ್ಯವನ್ನು ದುಷ್ಕೃತ ಅಂದ್ರೆ ಅಲ್ಲಿ ಮತ್ತೆ ಪ್ರಭೇದ ಇಲ್ಲ ಎಲ್ಲಾ ಪಾಪಗಳನ್ನು ಎರಡನ್ನು ಜಹಾತಿ ಕಳೆದುಕೊಳ್ಳುತ್ತಾನೆ. ಅಲ್ಲಿಗೆ ಬೇಡವಾದ ಅನಿಷ್ಟ ಫಲಕ್ಕೆ ಕಾರಣವಾಗುವ ಮತ್ತೆ ಹುಟ್ಟಿ ಬರುವ ಪುಣ್ಯವನ್ನು ದುಃಖಕ್ಕೆ ಕಾರಣವಾಗುವ ಎಲ್ಲಾ ಪಾಪಗಳನ್ನು ಬುದ್ಧಿಯುಕ್ತಃ ಜ್ಞಾನ ಮಾರ್ಗವನ್ನು ಅರಸಿ ಭಗವಂತನ ಅಪರೋಕ್ಷ ಜ್ಞಾನಿಯಾದವನು ಜಹಾತಿ ಕಳ್ಕೊತಾನೆ. ಅಲ್ಲಿಗೆ ಭಗವಂತನ ಪರೋಕ್ಷ ಜ್ಞಾನ ಬಂದರೆ ತಿರುಗಿ ಜನ್ಮ ಮರಣಗಳ ಭಯ ಇಲ್ಲದ ಶಾಶ್ವತ ಸುಖ ಸಿಗುತ್ತದೆ. ಹೀಗಾಗಿ ಕರ್ಮದ ಫಲ ಇದೇ ಲೋಕದಲ್ಲಿ ಮತ್ತೆ ಮರುಹುಟ್ಟು ಅಥವಾ ಇದಕ್ಕಿಂತ ಕೆಳಗಿನ ನರಕಾದಿ ಅನರ್ಥಗಳಲ್ಲಿ ಬೀಳೋದು. ಆದರೆ ನಿಷ್ಕಾಮ ಕರ್ಮದ ಜ್ಞಾನ ಉಪಾಯದಿಂದ ಜ್ಞಾನದಿಂದ ಜ್ಞಾನವನ್ನು ಅರಸುವುದರಿಂದ ಸಿಗುವ ಫಲ ಭಗವತ್ ದರ್ಶನ ಅದರಿಂದ ಶಾಶ್ವತವಾದ ಸುಖ ಅನಿಷ್ಟ ಪುಣ್ಯಗಳ ನಾಶ ಎಲ್ಲಾ ಪಾಪಗಳು ಸುಟ್ಟು ಬೂದಿಯಾಗುವುದು. ಎಷ್ಟು ದೊಡ್ಡ ಲಾಭ.",3155,3909,,,102
kn_kannada_21_0005,kannada_21,kn,Dvaita,5,ಈ ಕಾರಣದಿಂದ ಕರ್ಮ ಮಾರ್ಗಕ್ಕಿಂತ ಜ್ಞಾನ ಮಾರ್ಗ ಅತ್ಯಂತ ಶ್ರೇಷ್ಠವಾದದ್ದು. ಕರ್ಮ ಮಾರ್ಗ ತುಂಬಾ ಕೆಳಮಟ್ಟದಲ್ಲಿದೆ ಅಂತ. ಕೃಷ್ಣ ಹಿಂದೆ ಹೇಳಿದ ಮಾತನ್ನ ಜ್ಞಾನದ ಫಲವನ್ನು ನಿರೂಪಿಸುವ ಮೂಲಕ ಸ್ಪಷ್ಟಪಡಿಸಿದ್ದಾನೆ ಪೂರ್ವಾರ್ಥದಲ್ಲಿ. ಉತ್ತರಾರ್ಥದಲ್ಲಿ ಅರ್ಜುನನಿಗೆ ಸಂದೇಶವನ್ನ ನೀಡಿದ ತಸ್ಮಾತ್ ಯೋಗಾಯ ಯುಜ್ಯಸ್ವ ಆದ್ದರಿಂದ ಅರ್ಜುನ ಯೋಗಾಯ ಯುಜ್ಯಸ್ವ ಯೋಗಕ್ಕಾಗಿ ನೀನು ಪ್ರಯತ್ನ ಪಡು ಅಂದ್ರೆ ಯೋಗ ಅಂದ್ರೆ ಉಪಾಯ ಜ್ಞಾನ ದೊರೆಯಿ ಯುವ ಉಪಾಯಕ್ಕಾಗಿ ನೀನು ಪ್ರಯತ್ನಿಸು. ಈ ಯುದ್ಧ ಅದು ಭೀಕರವಾದ ಒಂದು ಕೆಲಸವಾದರೂ ಕೂಡ ಕ್ಷತ್ರಿಯನಾದವನ ಕರ್ತವ್ಯ ಅನ್ನುವ ದೃಷ್ಟಿಯಿಂದ ನೀನು ಅನುಷ್ಠಾನ ಮಾಡಿದರೆ. ಜಯ ರಾಜ್ಯದ ಲಾಭದ ಅಪೇಕ್ಷೆಯನ್ನ ಬಿಟ್ಟರೆ ನಿನಗೆ ನನ್ನ ಅನುಗ್ರಹದಿಂದ ಭಗವಂತನ ಅಪರೋಕ್ಷ ಆಗ್ತದೆ. ಆದ್ದರಿಂದ ಪುಣ್ಯ ಪಾಪಗಳನ್ನ ಕಳಕೊತೀಯ ವಸ್ತುತ್ವ ಅರ್ಜುನನಿಗೆ ಭಗವಂತನ ಅಪರೋಕ್ಷ ಆಗಿದೆ. ಇದು ನಮ್ಮನ್ನು ಕುರಿತು ಶ್ರೀಕೃಷ್ಣ ಹೇಳ್ತಾ ಇದ್ದಾನೆ ತಸ್ಮಾತ್ ಆದ್ದರಿಂದ ಯೋಗಾಯ ಯುಜ್ಯಸ್ವ ಜ್ಞಾನಕ್ಕೆ ಕಾರಣವಾಗುವಂತೆ ಜ್ಞಾನ ಸಾಧನವಾಗಿ ಕರ್ಮದಲ್ಲಿ ತೊಡಗು. ಬಹಳ ಮುಖ್ಯವಾದ ಒಂದು ಪ್ರಮೇಯ.,3910,4704,,,102
kn_kannada_21_0006,kannada_21,kn,Dvaita,6,"ನಾವು ಜೀವನದಲ್ಲಿ ದುಡಿಯುವ ಕತ್ತೆಗಿಂತ ಕಡಿಮೆ ಇಲ್ಲದೆ ಶ್ರಮ ಪಡುತ್ತೇವೆ. ಅದು ಭಾರ ಹೊರುತ್ತದೆ, ಏಟು ತಿನ್ನುತ್ತೆ. ಅದಕ್ಕೆ ಕಡಿಮೆ ಇಲ್ಲದ ದುಡಿತವನ್ನು ನಾವು ಮಾಡ್ತೀವಿ. ಎಲ್ಲ ಈ ದುಡಿತದ ಉದ್ದೇಶವೇನು ಅಂದ್ರೆ ದುಡ್ಡು ಮಾಡೋಣ ಅಂತ. ಇಡೀ ಮಾನವ ಜನ್ಮ ವ್ಯರ್ಥ ಆಗುತ್ತೆ ಈ ಪರಿಶ್ರಮದಿಂದ ಅಥವಾ ಸತ್ಕರ್ಮಗಳನ್ನೇ ಮಾಡಿದ್ರೂ ಕೂಡ ನನಗೆ ಒಳ್ಳೆಯದಾಗಲಿ. ನನ್ನ ಪರಿವಾರಕ್ಕೆ ಸುಖವಾಗಲಿ, ನಾನು ಶ್ರೀಮಂತನಾಗಬೇಕು, ದೊಡ್ಡ ಹುದ್ದೆ ದೊರೆಯಬೇಕು, ಎಲ್ಲ ಲೌಕಿಕ ಫಲಗಳ ಬೇಲಿಯನ್ನ ಹಾಕೊಂಡು. ಶ್ರಮ ಏನು ಪಡುತ್ತೇವೋ, ಇದರಿಂದ ಗಳಿಸಿದ ಪುಣ್ಯ ಒಂದು ವೇಳೆ ನಾವು ಭಗವಂತನ ಅಪರೋಕ್ಷವನ್ನು ಪಡೆಯುವ ಯೋಗ್ಯತೆ ಉಳ್ಳವರಾದರೆ ಅದೆಲ್ಲ ವ್ಯರ್ಥ ಸುಟ್ಟುಬೂದಿ. ಅಲ್ಲಿಗೆ ನಮ್ಮ ಕತ್ತೆಯ ದುಡಿತ ನೀರಿನಲ್ಲಿ ಹುಳಿ ಹಿಂಡಿದಂತೆ ಅದು ಸಮುದ್ರದಲ್ಲಿ. ಆದ್ದರಿಂದ ಶ್ರೀಕೃಷ್ಣನ ಸಂದೇಶ. ನೀವು ಮಾಡುವ ಕರ್ಮಕ್ಕೆ ಫಲದ ಟಾರ್ಜೆಟ್ ಇಟ್ಟುಕೊಳ್ಳದೆ ನನ್ನ ಕರ್ತವ್ಯ ಭಗವಂತ ಪ್ರೀತನಾಗಲಿ ಈ ಗುರಿಯನ್ನು ಇಟ್ಟುಕೊಳ್ಳಿ ಅದು ಯಾವತ್ತೂ ಉಳಿದುಕೊಳ್ಳುವ ಶಾಶ್ವತವಾದ ಫಲಕ್ಕೆ ಕಾರಣವಾಗುತ್ತದೆ.",4705,5473,,,101
kn_kannada_21_0007,kannada_21,kn,Dvaita,7,ತಸ್ಮಾತ್ ಯೋಗಾಯ ಯುಜ್ಯಸ್ವ. ಮತ್ತೆ ಯೋಗ ಅಂದ್ರೆ ಏನು? ಹಿಂದೆ ಹೇಳಿದ ಸಿದ್ಧ್ಯ ಸಿದ್ಧ್ಯೋ ಸಮೋಭೂತ್ವ ಅಂತ. ಯೋಗಃ ಕರ್ಮಸು ಕೌಶಲಂ. ಕರ್ಮಸು ಅಂದ್ರೆ ನಾವು ಮಾಡುವ ಕೆಲಸದಲ್ಲಿ ಕೌಶಲಂ ಅಂದ್ರೆ ಜಾಣ್ಮೆ ಕುಶಲತೆ ಏನಿದೆಯೋ ಅದನ್ನ ಯೋಗ ಅಂತ ನಾವು ಕರೀತೇವೆ. ಅಂದ್ರೆ ನೋಡಿ ಉದಾಹರಣೆಗೆ ನಮ್ಮ ಹಳೆ ಮನೆಗಳಲ್ಲೆಲ್ಲ ಎರಡು ಬಾಗಿಲುಗಳು ಇರೋದು. ಅಲ್ಲಿ ಒಂದು ಬಾಗಿಲನ್ನ ತೆರೆಯುವಂತೆ ಇರುತ್ತದೆ ಇನ್ನೊಂದು ಬಾಗಿಲನ್ನ ಮುಚ್ಚಿರುತ್ತಾರೆ ಸಾಧಾರಣ. ಆ ಬಾಗಿಲು ಗಟ್ಟಿ ಹಿಡ್ಕೊಂಡಿದ್ರೆ ಧಬಾ ಧಬಾ ಧಬಾ ಅಂತ ಕಾಲಿಂದ ಒದ್ದರೂ ಕೂಡ ಅದು ತೆರೆದುಕೊಳ್ಳುವುದಿಲ್ಲ. ಅದೇ ಮುಚ್ಚಿರುವ ಭಾಗವನ್ನು ಗಟ್ಟಿಯಾಗಿ ಎಳೆದು ಇದನ್ನ ನೂಕಿದ್ರೆ ಸಲೀಸಾಗಿ ಹೋಗುತ್ತೆ. ಕರ್ಮ ಸು ಕೌಶಲ. ನಮ್ಮ ಶ್ರಮವನ್ನ ಬಾಗಿಲು ತೆರೆಯೋದಕ್ಕೆ ವ್ಯರ್ಥಗೊಳಿಸದೆ ಉಪಾಯದಿಂದ ಅದೇ ಬಾಗಿಲನ್ನ ತೆರೆದರೆ ಅದು ಕೌಶಲ ಹೇಗೋ ಹಾಗೆ ನಮ್ಮ ಶ್ರಮದ ದುಡಿತವನ್ನ ಅದು ಸಿಗಲಿ ಇದು ಸಿಗಲಿ ಅದಾಗ್ಲಿ ಇದಾಗ್ಲಿ ಅನ್ನೋ ಉದ್ದೇಶವನ್ನ ಇಟ್ಟುಕೊಂಡ್ರೆ ಶ್ರಮ ಏವಹಿ ಕೇವಲಂ ಅದು ಬರೆ ಶ್ರಮಕ್ಕೆ ಕಾರಣ ಆಗ್ತದೆ.,5474,6229,,,107
kn_kannada_21_0008,kannada_21,kn,Dvaita,8,"ಅದೇ ಕರ್ಮವನ್ನ ಇದು ನನ್ನ ಕರ್ತವ್ಯ, ಇದನ್ನು ನಾನು ಪ್ರಾಮಾಣಿಕತೆಯಿಂದ ಮಾಡಿದ್ರೆ ಭಗವಂತ ಪ್ರೀತನಾಗ್ತಾನೆ ಅನ್ನೋ ಉದ್ದೇಶದಿಂದ ಮಾಡಿದ್ರೆ ಇದು ಕರ್ಮದಲ್ಲಿ ತೋರುವ ಕೌಶಲ. ಆದ್ದರಿಂದ ಈ ಯೋಗವನ್ನ ಅರಸಿಕೊಂಡು ನೀನು ಕರ್ಮವನ್ನ ಮಾಡಿದರೆ ನಿನಗೆ ನಶ್ವರವಾದ ಫಲ ಸಿಗುವ ಬದಲು ಜ್ಞಾನ ಮಾರ್ಗ ಭಗವಂತನ ಅಪರೋಕ್ಷ ಜ್ಞಾನ ಸಿಗುವಂತ ಯೋಗ ಒಳ್ಳೆ ಸ್ಥಿತಿ ನಿನ್ನದಾಗುತ್ತೆ ಆದ್ದರಿಂದ ಈ ಯುದ್ಧವನ್ನ ಜಯಾಪಜಯಗಳ ಬಗ್ಗೆ ಯೋಚನೆ ಇಟ್ಟು ಮಾಡಬೇಡ. ಮತ್ತೊಮ್ಮೆ ಶ್ಲೋಕ ಬುದ್ಧಿಯುಕ್ತೋ ಜಹಾತೀಹ ಉಭೇ ಸುಕೃತ ದುಷ್ಕೃತೇ ತಸ್ಮಾತ್ ಯೋಗಾಯ ಯುಜ್ಯಸ್ವ ಯೋಗಃ ಕರ್ಮ ಸುಕೌಶಲಂ ರಾಘವೇಂದ್ರ ಸ್ವಾಮಿಗಳು ಯೋಗ ಕರ್ಮಸು ಕೌಶಲಂ ಅನ್ನೋದನ್ನ ಕರ್ಮಸು ಮಧ್ಯೆ ಭಗವತ್ ಜ್ಞಾನ ಪೂರ್ವಂ ಫಲ ಸ್ನೇಹ ರಹಿತಂ ಭಗವತ್ ಅರ್ಥತ್ವೇನ ಕ್ರಿಯಮಾಣಂ ಕರ್ಮ ಕೌಶಲಮುಚ್ಯತೆ, ಕೌಶಲ ಅಂದ್ರೆ ಏನು? ಕರ್ಮದಲ್ಲಿ ತೋರೋ ಕೌಶಲ ಅಂದ್ರೆ ಮೊದಲನೆಯದಾಗಿ ಇದು ಭಗವಂತನಿಗೆ ಪ್ರಿಯವಾದ ಕೆಲಸ ಅನ್ನೋ ಭಾವನೆ. ಇದರಿಂದ ಲೌಕಿಕ ಫಲಗಳು ನನಗೆ ಅಗತ್ಯವಿಲ್ಲ, ಫಲಸ್ನೇಹ ರಹಿತಂ.",6230,6959,,,101
kn_kannada_21_0009,kannada_21,kn,Dvaita,9,ಇದನ್ನ ಅವನ ಪ್ರೀತಿಗಾಗಿ ಮಾಡ್ತಾ ಇದ್ದೇನೆ. ಈ ಮೂರು ಭಾವನೆಗಳನ್ನು ಇಟ್ಟುಕೊಳ್ಳುವುದು ಏನಿದೆಯೋ ಇದು ಕರ್ಮದಲ್ಲಿ ತೋರುವ ಕೌಶಲ. ಮುಂದಿನ ಶ್ಲೋಕ ಕರ್ಮಜಂ ಬುದ್ಧಿಯುಕ್ತಾಶಿ ಫಲಂ ತ್ಯಕ್ತ್ವಾ ವನೀಶಿಣಃ ಜನ್ಮ ಬಂಧಭಿ ನಿರ್ಮುಕ್ತಾಃ ಪದಂಗಚ್ಛಂತ್ಯನಾಮಯಂ ಪದವಿಭಾಗ ಕರ್ಮಜಂ ಬುದ್ಧಿಯುಕ್ತಾಃ ಶಿ ಫಲಂ ತ್ಯಕ್ತ್ವ ಮನೀಷಿಣಃ ಜನ್ಮ ಬಂಧ ವಿನಿರ್ಮುಕ್ತಾಹ ಪದಂ ಗಚ್ಛಂತಿ ಅನಾಮಯಂ ಇಲ್ಲಿ ಮತ್ತೆ ಆ ಕರ್ಮದ ಫಲವನ್ನು ಮತ್ತು ಜ್ಞಾನದ ಫಲವನ್ನು ನಿರೂಪಣೆ ಮಾಡ್ತಾನೆ. ನಿಷ್ಕಾಮ ಕರ್ಮದ ಫಲ. ನಿಷ್ಕಾಮ ಕರ್ಮದಿಂದ. ಜ್ಞಾನದ ಪ್ರಾಪ್ತಿ. ಜ್ಞಾನದಿಂದ ಭಗವಂತನ ಅಪರೋಕ್ಷ. ಭಗವಂತನ ಅಪರೋಕ್ಷದಿಂದ ಆಗುವ ಫಲವನ್ನು ಅಲ್ಲಿವರೆಗೆ ಈ ನಿಷ್ಕಾಮ ಕರ್ಮದ ಫಲವನ್ನು ಹೇಳ್ತಾ ಇದ್ದಾನೆ ಶ್ರೀಕೃಷ್ಣ. ಕರ್ಮಜಂ ಫಲಂ ತ್ಯಕ್ತ್ವಾ ಮನೀಷಿಣಃ ಜನ್ಮ ಬಂಧ ವಿನಿರ್ಮುಕ್ತಾಃ ಅನಾಮಯಂ ಪದಂ ಗಚ್ಛಂತಿ ಇಲ್ಲಿ ಬುದ್ಧಿಯುಕ್ತಾಹ ಬುದ್ಧಿ ಅಂದ್ರೆ ಜ್ಞಾನ. ಮನೀಷಿಣಹ ಅಂದ್ರೆ ಜ್ಞಾನಿಗಳು ಅಂತ ಅರ್ಥ. ಎರಡು ಶಬ್ದಗಳಿವೆ. ಜ್ಞಾನ ಎರಡು ರೀತಿ. ನಿಷ್ಕಾಮ ಕರ್ಮವನ್ನು ಮಾಡಿದರೆ ಕರ್ಮಜಂ ಫಲಂ ತ್ಯಕ್ತ್ವ ಇದು ನಿಷ್ಕಾಮ ಕರ್ಮದ ಸ್ವರೂಪ.,6960,7748,,,105
kn_kannada_21_0010,kannada_21,kn,Dvaita,10,"ಕರ್ಮದಿಂದ ಬರುವ ಫಲದ ಬಗ್ಗೆ ಅನಾಸಕ್ತರಾಗಿದ್ದು ಫಲವನ್ನು ಬಿಟ್ಟು ಅಂದ್ರೆ ಏನು? ಫಲದ ಬಗ್ಗೆ ಆಸಕ್ತಿ ಇಲ್ಲದೆ. ಬುದ್ಧಿಯುಕ್ತಾಹ ಆ ಕರ್ಮವನ್ನು ಮಾಡಿದರೆ ಅವರಿಗೆ ಸಿಗುವುದು ಬುದ್ಧಿ. ಬುದ್ಧಿ ಅಂದ್ರೆ ಭಗವಂತನ ಪರೋಕ್ಷ ಜ್ಞಾನ. ಪರೋಕ್ಷ ಜ್ಞಾನ ಅಂದ್ರೆ ತಿಳಿದವರಿಂದ ಜ್ಞಾನಿಗಳಿಂದ ಭಗವಂತ ಅಂದ್ರೆ ಏನು? ಅವನ ಗುಣಧರ್ಮಗಳು, ಅವನು ಮಾಡುವ ಕೆಲಸಗಳು, ನಮಗೂ ಭಗವಂತನಿಗೂ ಸಂಬಂಧ ಏನು? ಅವನಿಂದ ನಮಗೆ ಏನು ಸಿಗಬಲ್ಲದು? ಈ ತಿಳುವಳಿಕೆ ತಿಳಿದವರಿಂದ ನಾವು ಪಡೆದುಕೊಂಡರೆ ಅದನ್ನ ಪರೋಕ್ಷ ಜ್ಞಾನ ಅಂತ ಕರೀತೇವೆ. ಬುದ್ಧಿಯುಕ್ತಾಹ ಅಂದ್ರೆ ಇಲ್ಲಿ ಪರೋಕ್ಷ ಜ್ಞಾನಿನಹ. ಕರ್ಮಜಂ ಫಲಂ ತ್ಯಕ್ತ್ವಾ ಬುದ್ಧಿಯುಕ್ತಾಃ ಮನೀಷಿಣಃ ಮನೀಷಿಗಳು ಅಂದ್ರೆ ಆ ಪರೋಕ್ಷ ಜ್ಞಾನದಿಂದ ಅದು ದೃಢವಾದಾಗ ಧ್ಯಾನ ಮಾಡಿ ಭಗವಂತನ ಸಾಕ್ಷಾತ್ಕಾರವನ್ನ ಪಡೆದುಕೊಂಡವರು. ಜನ್ಮ ಬಂಧ ವಿನಿರ್ಮುಕ್ತಾಃ ಭಗವಂತನ ದರ್ಶನ ಆಯಿತು ಅಂದ್ರೆ ಹುಟ್ಟು ದುಃಖದ ಬಂಧನ ಇದರಿಂದ ಬಿಡುಗಡೆ ಹೊಂದಿ ಅನಾಮಯಂ ಪದಂ ಗಚ್ಚಂತಿ ಆಮಯ ಅಂದ್ರೆ ದುಃಖ. ಅನಾಮಯ ಅಂದ್ರೆ ದುಃಖವಿಲ್ಲದ ಪದಂ ಸ್ಥಾನವನ್ನು ಗಚ್ಚಂತಿ.",7749,8510,,,103
kn_kannada_21_0011,kannada_21,kn,Dvaita,11,"ಅಲ್ಲಿಗೆ ಯಾರು ನಿಷ್ಕಾಮವಾಗಿ ತಮ್ಮ ಕರ್ಮವನ್ನು ಅನುಷ್ಠಾನ ಮಾಡ್ತಾರೋ ಅವರಿಗೆ ತತ್ವಜ್ಞಾನವನ್ನು ಪಡೆಯುವ ಮಾರ್ಗ ಕಾಣುತ್ತೆ. ಪಡೆದ ತತ್ವಜ್ಞಾನ ಅದು ಈ ಕಿವಿಯಿಂದ ಕೇಳಿ ಆ ಕಿವಿಯಿಂದ ಹೊರಹೋಗದೆ ಮನಸ್ಸಿನಲ್ಲಿ ದೃಢವಾಗಿ ನೆರೆಗೊಳ್ಳುತ್ತದೆ. ಆದ್ದರಿಂದ ಧ್ಯಾನಾದಿಗಳನ್ನ ಮಾಡಿ ಭಗವಂತನ ಅಪರೋಕ್ಷ ಜ್ಞಾನ ಪಡೆದುಕೊಳ್ಳುತ್ತಾನೆ. ಅಪರೋಕ್ಷ ಜ್ಞಾನದಿಂದ ಪುಣ್ಯ ಪಾಪಗಳನ್ನ ಕಳೆದುಕೊಳ್ಳುತ್ತಾನೆ. ಅಷ್ಟೇ. ಅಷ್ಟಕ್ಕೆ ಮುಗಿದಿಲ್ಲ ಜನ್ಮ ಬಂಧ ವಿನಿರ್ಮುಕ್ತರಾಗಿ ಅನಾಮಯಂ ಪದಂ ಗಚ್ಛಂತಿ ದುಃಖದ ಸಂಪರ್ಕವೇ ಇಲ್ಲದ ಸುಖದ ಸುಪ್ಪತ್ತಿಗೆಯ ಸ್ಥಾನವನ್ನು ವೈಕುಂಠಾದಿ ಭಗವಂತನ ಲೋಕಗಳನ್ನು ಪಡಿತಾನೆ ಇದು ನಿಷ್ಕಾಮ ಕರ್ಮದಿಂದ ಸಿಗುವ ಕ್ರಮವಾದ ಫಲ. ನಿಷ್ಕಾಮ ಕರ್ಮ ಇದರಿಂದಾಗಿ ಪರೋಕ್ಷ ಜ್ಞಾನ, ಪರೋಕ್ಷ ಜ್ಞಾನದಿಂದ ಧ್ಯಾನ, ಧ್ಯಾನದಿಂದ ಭಗವಂತನ ಅಪರೋಕ್ಷ. ಅಪರೋಕ್ಷದಿಂದ ನಾವು ಹಿಂದೆ ಮಾಡಿದ ಪುಣ್ಯ ಪಾಪಗಳ ನಾಶ ಅದರಿಂದ ಜನ್ಮ ಬಂಧಗಳನ್ನು ಕಳೆದುಕೊಂಡು ದುಃಖವಿಲ್ಲದ ಸುಖದ ಸ್ಥಿತಿ ಇದು ನಿಷ್ಕಾಮ ಕರ್ಮದ ಫಲ. ಮತ್ತೊಮ್ಮೆ ಶ್ಲೋಕ ಕರ್ಮಜಂ ಬುದ್ಧಿಯುಕ್ತಾಹಿ ಫಲಂ ತ್ಯಕ್ತ್ವಾ ಮನೀಷಿಣಃ ಜನ್ಮ ಬಂಧಭಿ ನಿರ್ಮುಕ್ತಾಹ ಪದಂ ಗಚ್ಛಂತ್ಯನಾಮಯಂ ಹೌದು ಈ ನಿಷ್ಕಾಮ ಕರ್ಮ ತಾನೇ ತಾನಾಗಿ ನಮಗೆ ಸದ್ಗತಿಯನ್ನು ಸುಖವನ್ನು ಕೊಡುವುದಿಲ್ಲ.",8511,9401,,,112
kn_kannada_21_0012,kannada_21,kn,Dvaita,12,"ಭಗವಂತನನ್ನು ನೋಡಬೇಕು ಅಂತೀರಿ ನೀವು. ಹಾಗಾದರೆ ಈ ನಿಷ್ಕಾಮ ಕರ್ಮ ಅದೇ ತಾನು ಮೋಕ್ಷಕ್ಕೆ ಕಾರಣ ಅಲ್ಲ. ಅಂದಮೇಲೆ ನಾನು ಈ ನಿಷ್ಕಾಮ ಕರ್ಮವನ್ನು ನನಗೆ ಆಶ್ರಮ ವಿಹಿತವಾದ ಈ ಕರ್ಮದ ನಿರ್ಬಂಧ ಎಲ್ಲಿಯವರೆಗೆ ಅನ್ನೋದನ್ನ ಮುಂದಿನ ಶ್ಲೋಕದಲ್ಲಿ ಶ್ರೀಕೃಷ್ಣ ನಿರೂಪಣೆ ಮಾಡ್ತಾನೆ ಎಲ್ಲಿವರೆಗೆ ನಮಗೆ ಕರ್ಮದ ನಿರ್ಬಂಧ. ನಾವು ನಮ್ಮ ಆಶ್ರಮ ವಿಹಿತ ವಿಹಿತ ಕರ್ಮಗಳನ್ನು ಯದುವರೆಗೆ ಮಾಡಬೇಕು, ಎಲ್ಲಿ ನಮಗೆ ವಿನಾಯಿತಿ ಅದನ್ನ ಮುಂದಿನ 52ನೆಯ ಶ್ಲೋಕದಲ್ಲಿ ಶ್ರೀಕೃಷ್ಣ ನಿರೂಪಣೆ ಮಾಡುತ್ತಾನೆ. ಅದನ್ನ ಮುಂದಿನ ಭಾಗದಲ್ಲಿ ನೋಡೋಣ ಅಂತ ಹೇಳ್ತಾ ಶ್ರೀಕೃಷ್ಣಾರ್ಪಣಮಸ್ತು. ಈ ಪ್ರವಚನ ಭಾಗವನ್ನ ಶ್ರೀಯುತರಾದ ಮರವೇಕೆರೆ ಮುರಳೀಧರರಾಯರು ಆರ್ಥಿಕ ಸಹಕಾರವನ್ನ ನೀಡಿ ಸಹಕರಿಸಿದ್ದಾರೆ. ಅವರಿಗೆ ಶ್ರೀಕೃಷ್ಣ ಆಯುರಾರೋಗ್ಯ ಭಾಗ್ಯವನ್ನು ಜ್ಞಾನ ಸಂಪತ್ತನ್ನು ಕೊಡ್ಲಿ ಅಂತ ಪ್ರಾರ್ಥನೆ ಮಾಡೋಣ ಶ್ರೀ ಕೃಷ್ಣಾರ್ಪಣಮಸ್ತೆ.",9402,10042,,,82
kn_kannada_22_0000,kannada_22,kn,Dvaita,0,"ಶ್ರೀ ಕೃಷ್ಣ ಹಿಂದಿನ ಶ್ಲೋಕಗಳಲ್ಲಿ ಕರ್ಮ ಫಲದ ಉದ್ದೇಶದಿಂದ ಮಾಡಿದರೆ ಬಂಧನಕ್ಕೆ ಕಾರಣವಾಗುತ್ತದೆ ಫಲದ ಉದ್ದೇಶವನ್ನು ಬಿಟ್ಟು ನಿಷ್ಕಾಮನೆಯಿಂದ ಮಾಡಿದಾಗ ಬಿಡುಗಡೆಗೆ ಕಾರಣ ಆಗ್ತದೆ. ಆದರೆ ಕರ್ಮವೇ ನೇರವಾಗಿ ಬಂಧದ ಬಿಡುಗಡೆಗೆ ಮೋಕ್ಷಕ್ಕೆ ಕಾರಣ ಅಲ್ಲ. ಕರ್ಮದಿಂದ ತತ್ವಜ್ಞಾನ, ತತ್ವಜ್ಞಾನದಿಂದ ಧ್ಯಾನ, ಧ್ಯಾನದಿಂದ ಭಗವಂತನ ಅಪರೋಕ್ಷ. ಅದರಿಂದ ಪೂರ್ವ ಪುಣ್ಯ ಪಾಪಗಳ ನಾಶ ಆಮೇಲೆ ಅನಾಮಯಂ ಪದಂ ಗಚ್ಚಂತಿ ದುಃಖವಿಲ್ಲದ ತಿರುಗಿ ಬಾರದ ಪದವಿಗೆ ಹೋಗ್ತಾರೆ. ಹಾಗಾದರೆ ಕರ್ಮವು ನೇರವಾಗಿ ಇಂತಹ ಪದವಿಗೆ ಕಾರಣ ಅಲ್ಲ. ಧ್ಯಾನವೇ ಅದನ್ನು ಗಳಿಸಿಕೊಡುವಂತದ್ದು. ಹಾಗಾದರೆ ನಾನು ಕರ್ಮವನ್ನು ಎಲ್ಲಿವರೆಗೆ ಮಾಡಬೇಕು? ನನಗೆ ಕರ್ಮದ ನಿರ್ಬಂಧ ಯಾವ ಹಂತದವರೆಗೆ? ಈ ಜಿಜ್ಞಾಸೆಗೆ ಮುಂದಿನ 52ನೆಯ ಗೀತಾ ಶ್ಲೋಕ ಉತ್ತರವನ್ನು ನೀಡ್ತಾ ಇದೆ. ಶ್ಲೋಕ ಯದಾತೇ ಮೋಹ ಕಲಿಲಂ ಬುದ್ಧಿರ್ವ್ಯತಿ ತರಿಶ್ಯತಿ ತದಾ ಗಂತಾಸಿ ನಿರ್ವೇದಂ ಶ್ರೋತವ್ಯಸ್ಯ ಶ್ರುತಸ್ಯ ಚಾ ಪದವಿಭಾಗ ಯದಾ ತೆ ಮೋಹಕಲಿಲಂ ಬುದ್ಧಿಹಿ ವ್ಯಚಿತರಿಷ್ಯತಿ ತದಾ ಗಂತಾ ಅಸಿ ನಿರ್ವೇದಂ ಶೋತವ್ಯಸ್ಯ ಶ್ರುತಸ್ಯ ಚ ಅರ್ಜುನ ನೀನು ನಿಷ್ಕಾಮ ಕರ್ಮವನ್ನು ಎಲ್ಲಿವರೆಗೆ ಮಾಡಬೇಕು ಅಂದ್ರೆ ಯದಾ ತೇ ಬುದ್ಧಿಹಿ ಇಲ್ಲಿ ಬುದ್ಧಿ ಅಂದ್ರೆ ಜ್ಞಾನ ಅಂತ ಅರ್ಥ ಅಲ್ಲ.",0,873,,,118
kn_kannada_22_0001,kannada_22,kn,Dvaita,1,"ಬುದ್ಧಿ ಅನ್ನೋದಕ್ಕೆ ಪರೋಕ್ಷ ಜ್ಞಾನ ಅಂತ ಅರ್ಥ ಹೇಳಿದೆವು. ಅಪರೋಕ್ಷ ಜ್ಞಾನ ಅಂತ ಅರ್ಥ ಹೇಳಿದೆವು. ಇಲ್ಲಿ ಅವೆರಡೂ ಅರ್ಥ ಅಲ್ಲ, ಬುದ್ಧಿ ಅಂದ್ರೆ ಮನಸ್ಸು ಅಂತ ಅರ್ಥ. ಜ್ಞಾನಕ್ಕೆ ಕಾರಣವಾದ ಮನಸ್ಸು. ಅದು ಯದಾ ಮೋಹ ಕಲಿಲಂ ವ್ಯತಿತರಿಷ್ಯತಿ. ನಿನ್ನ ಅಂತಃಕರಣವು ಮನಸ್ಸು. ಮೋಹ ಅಂದ್ರೆ ತಪ್ಪು ತಿಳುವಳಿಕೆ, ತಪ್ಪು ಗ್ರಹಿಕೆ ಅಥವಾ ಸಂದೇಹ. ದೇವರಿದ್ದಾನೋ ಇಲ್ವೋ ನಾವು ಎಷ್ಟೇ ಕೇಳಿದರೂ ಕೂಡ ಆ ಕ್ಷಣದಲ್ಲಿ ದೇವರಿದ್ದಾನೆ ನಮಗೆ ಕಾಣದ ಒಂದು ಶಕ್ತಿ ನಮ್ಮನ್ನು ನಿಯಂತ್ರಿಸುತ್ತಾ ಇದೆ ಅಂತ ಅನಿಸುತ್ತದೆ. ಅದೇ ಸ್ವಲ್ಪ ಹೊತ್ತಿಗೆ ಅದು ಕರಗಿ ಶಿಥಿಲವಾಗುತ್ತದೆ ಇದಾನೋ ಇಲ್ವೋ ಅಂತ. ಈ ಡಿಲಿಮಾ ಸಂದೇಹ ಇದನ್ನ ಮೋಹ ಕಲಿಲಾ ಅಂತಾರೆ. ಮೋಹ ಅಂದ್ರೆ ತಪ್ಪು ತಿಳುವಳಿಕೆ ಮತ್ತು ಸಂದೇಹ. ಕಲಿಲ ಅಂದ್ರೆ ಕಷ್ಟಫಲ. ಈ ಮನಸ್ಸಿನಲ್ಲಿ ಈ ಎರಡು ಕೆಟ್ಟ ಸ್ವಭಾವಗಳು ತುಂಬಿಕೊಂಡಿದೆ. ಯಾರು ಹೇಳಿದ್ದನೋ ನಾವು ನಂಬುವುದಿಲ್ಲ, ನಂಬಿದ್ರು ನಿರ್ಧಾರ ಅಲ್ಲ ಸಂದೇಹ. ಅಂದ್ರೆ ಪರೋಕ್ಷದ ಬಗ್ಗೆ ಯಾವುದನ್ನು ನಾವು ಕಣ್ಣಿಂದ ನೋಡಲಾರೆವೋ.",874,1606,,,105
kn_kannada_22_0002,kannada_22,kn,Dvaita,2,"ಹೀಗೆ ಮಾಡಿದ್ರೆ ಹೀಗಾಗುತ್ತೆ ಅಂತ ಎಷ್ಟು ದೊಡ್ಡವರು ಸ್ವಾಮಿಗಳು ಮಠಾಧಿಪತಿಗಳು ಹೇಳಿದ್ರೂ ಕೂಡ ಅವರು ಹೇಳಿದಂತೆ ನಾವು ಆ ಕೆಲಸದಲ್ಲಿ ತೊಡಗಿದ್ರೂ ನೂರಕ್ಕೆ ನೂರು ಪ್ರತಿಶತ ನಮಗೆ ನಿರ್ಧಾರ ಇರೋದಿಲ್ಲ. ಮಾಡಿಬಿಡೋಣ ಅಂತ ಶೀಘ್ರ ಸಿಗಲಿ ಅಂತ. ಇದು ಮೋಹ ಕಲಿಲ. ಅನ್ಯಥಾ ಜ್ಞಾನ ತಪ್ಪು ತಿಳುವಳಿಕೆಯ ಸಂದೇಹ ಅಥವಾ ನಿರ್ಧಾರ. ಈ ಮನಸ್ಸಿನಲ್ಲಿ ಈ ನಿರ್ಧಾರ ಇರುವವರೆಗೆ ನಿನಗೆ ಧ್ಯಾನಕ್ಕೆ ಸಾಧ್ಯ ಆಗಲ್ಲ. ಧ್ಯಾನಕ್ಕೆ ಕೂತರು ಕೂಡ ಮನಸ್ಸು ನೆಲೆಗೊಳ್ಳುವುದಿಲ್ಲ, ಹೊರಗೆ ಬರುತ್ತದೆ. ದೇವರು ಇದ್ದಾನೆ ಇಲ್ವೋ ಅನ್ನೋದರ ಬಗ್ಗೆ ಡೌಟ್ ಇದ್ರೆ. ದೇವರ ಬಗ್ಗೆ ಮನಸ್ಸು ನೆಲೆಗೊಳ್ಳುವುದು ಹೇಗೆ? ಅದು ಲೌಕಿಕ ಸೆಳೆತಕ್ಕೆ ಒಳಗಾಗುತ್ತದೆ. ಹಾಗಾದರೆ ಧ್ಯಾನದ ಸ್ಥಿತಿಗೆ ನೀನು ತಲುಪಬೇಕಾದರೆ ನಿಮ್ಮ ಮನಸ್ಸಿನಲ್ಲಿರುವ ಈ ಸಂದೇಹ. ತಪ್ಪು ಗ್ರಹಿಕೆ ಇದು ವಾಶ್ ಔಟ್. ಇದು ಸ್ವಚ್ಛವಾಗಿ ತೊಳಿಬೇಕು ಇದನ್ನು. ಇದು ಹೋಗುವವರೆಗೆ. ನೀನು ಕರ್ಮಾನುಷ್ಠಾನವನ್ನು ಮಾಡಬೇಕು. ತದಾ ಗಂತಾಸಿ ನಿರ್ವೇದಂ. ಇಲ್ಲಿ ನಿರ್ವೇದ ಅನ್ನೋ ಶಬ್ದವನ್ನ ಶ್ರೀಕೃಷ್ಣ ಬಳಸಿದ್ದಾನೆ.",1607,2359,,,101
kn_kannada_22_0003,kannada_22,kn,Dvaita,3,"ಗೀತೆಯ ಶಬ್ದಗಳು ಬಹಳ ಸುಲಲಿತ. ಆದರೆ ಕೆಲವು ಕಡೆ ಇಂತಹ ಎರಡರ್ಥವನ್ನು ಕೊಡುವ ಶಬ್ದಗಳನ್ನು ಬಳಸುತ್ತಾನೆ ಶ್ರೀಕೃಷ್ಣ. ನಿರ್ವೇದ ಅನ್ನೋದಕ್ಕೆ ಅನೇಕ ವ್ಯಾಖ್ಯಾನಕಾರರು ವೈರಾಗ್ಯ ಅಂತ ಅರ್ಥ ಬರೆದಿದ್ದಾರೆ. ಈ ಅರ್ಥವು ಇದೆ ನಿರ್ವೇದ ಅಂದ್ರೆ ವೈರಾಗ್ಯ ಅಂತ. ತದಾ ಶೋತವ್ಯಸ್ಯ ಶ್ರುತಸ್ಯಚ ನಿರ್ವೇದಂ ಗಂತಾಸಿ ಅಂತ ಕೃಷ್ಣ ಹೇಳ್ತಾನೆ. ಶ್ರೋತವ್ಯ ಅಂದ್ರೆ ನಾವು ಇನ್ನು ಮುಂದೆ ಕೇಳಬೇಕಾದ ವಿಷಯಗಳು. ಇದುವರೆಗೆ ತುಂಬಾ ವಿಷಯವನ್ನು ತಿಳ್ಕೊಂಡಿದ್ದೇವೆ ನಾವು ತತ್ವದ ಬಗ್ಗೆ. ಇನ್ನು ಮುಂದೆ ಕೇಳುವಂತದ್ದು ಇದೆ. ಶ್ರೋತವ್ಯ ಅದು. ಟು ಬಿ ಹರ್ಡ್ ಅಂತ ಅರ್ಥ. ನಾವು ಮುಂದೆ ಕೇಳಬೇಕಾದ ವಿಷಯ. ಶ್ರುತ ಅಂದ್ರೆ ಇದುವರೆಗೆ ನಾವು ತಿಳಿದುಕೊಂಡ ತಿಳುವಳಿಕೆ, ಪಡೆದುಕೊಂಡ ತಿಳುವಳಿಕೆ. ಶೋತವ್ಯಸ್ಯ ಶ್ರುತಸ್ಯಚ ನಿರ್ವೇದಂ ಅಂದ್ರೆ ವೈರಾಗ್ಯವನ್ನು. ಅರೆ ನಾವು ಕೇಳಿದ ಬಗ್ಗೆ ಎಲ್ಲ ವೈರಾಗ್ಯವನ್ನು ತಾಳಿಬಿಡ್ತೀವಿ ಅಂದ್ರೆ ಭಗವಂತನ ತತ್ವಜ್ಞಾನದಲ್ಲಿ ವೈರಾಗ್ಯ ತಾಳೋಕೆ ಅದರಲ್ಲೇ ವೈರಾಗ್ಯ ಬಂದ್ರೆ ನಮಗೆ ಇರೋದು ಹಾಗೇನೇ. ಪ್ರಪಂಚದ ಬಗ್ಗೆ ವೈರಾಗ್ಯ ಬರಬೇಕು, ದೇವರ ಬಗ್ಗೆ ಆಸಕ್ತಿ ಬರಬೇಕು.",2360,3141,,,104
kn_kannada_22_0004,kannada_22,kn,Dvaita,4,"ಇದು ವಿಪರೀತ ಆಗಿದೆ. ದೇವರ ಬಗ್ಗೆ ವೈರಾಗ್ಯ, ಪ್ರಪಂಚದ ಬಗ್ಗೆ ಆಸಕ್ತಿ. ಆದ್ದರಿಂದ ಶ್ರೋತವ್ಯ ಶ್ರುತದ ಬಗ್ಗೆ ನಿರ್ವೇದ ಅಂದ್ರೆ ವೈರಾಗ್ಯ ಅಂತ ಅರ್ಥ ಅಲ್ಲ. ವೈರಾಗ್ಯ ಅನ್ನೋ ಅರ್ಥ ಬರಬೇಕಾದರೆ ಶ್ರೋತವ್ಯಾತ್ ಶ್ರುತಾತ್ ನಿರ್ವೇದಂ ಪಂಚಮಿ ವಿಭಕ್ತಿ ಬಳಸಬೇಕು. ಇಲ್ಲಿ ಷಷ್ಠಿ ಇದೆ. ಆದ್ದರಿಂದ ಶೋತವ್ಯಸ್ಯ ಶ್ರುತಸ್ಯಚ ನಿರ್ವೇದಂ ಇಲ್ಲಿ ವಿದು ಅನ್ನೋದು ಈ ಶಬ್ದದ ಮೂಲ ಧಾತು. ಅದಕ್ಕೆ ಲಾಭ ಅನ್ನೋ ಅರ್ಥ ಇದೆ. ಆ ಅರ್ಥವನ್ನ ಪರಿಗಣಿಸಿ ರಾಘವೇಂದ್ರ ಸ್ವಾಮಿಗಳು ಶ್ರೀಮದ್ ಆಚಾರ್ಯರು ನಿರ್ವೇದಂ ಅಂದ್ರೆ ನಿತರಾಂ ಲಾಭಂ. ನೀನು ಇದುವರೆಗೆ ಏನು ತತ್ವಜ್ಞಾನವನ್ನ ಗಳಿಸಿದ್ದಿಯೋ, ಮುಂದೆ ಜ್ಞಾನಿಗಳಿಂದ ಏನು ಗಳಿಸಲಿದ್ದಿಯೋ ಅದರ ಪೂರ್ಣ ಮಟ್ಟದ ಲಾಭವನ್ನು ಗಂತಾಸಿ ನೀನು ಹೊಂದುತ್ತೀಯಾ. ನಿನ್ನ ಮನಸ್ಸಿನಲ್ಲಿ ಯಾವತ್ತೂ ಕೂಡ ದೇವರ ಬಗ್ಗೆ ತತ್ವದ ಬಗ್ಗೆ ಸಂದೇಹ ಅಥವಾ ತಪ್ಪು ಗ್ರಹಿಕೆ ಇದು ಬರೋದಿಲ್ಲವೋ ಆವಾಗ ನೀನು ಇದುವರೆಗೆ ಕೇಳಿದ ತತ್ವದ ಜ್ಞಾನ ಏನಿದೆಯೋ ಅದು ಮತ್ತೆ ಮುಂದೆ ಏನು ಕೇಳ್ತಿಯೋ ಅದರ ಪೂರ್ಣ ಲಾಭ ನಿನಗೆ ಆಗಿದೆ ಅಂತ ಅರ್ಥ.",3142,3890,,,108
kn_kannada_22_0005,kannada_22,kn,Dvaita,5,"ನಾವು ಜೀವನದಲ್ಲಿ ಪ್ರತಿದಿನ ಸಾಯಂಕಾಲ ಪುರಾಣ ಶ್ರವಣ ಭಾರತ ಭಾಗವತಗಳ ಶ್ರವಣ ಸತ್ಕಥಾ ಶ್ರವಣ ಮಾಡ್ತೇವೆ. ಆದರೆ ಆ ಶ್ರವಣ ನಾವು ಮಾಡಿದ ಶ್ರವಣ ಇದು ಸಾರ್ಥಕವಾಗುವುದು ಯಾವಾಗ ಅಂತ ಶ್ರೀಕೃಷ್ಣ ಇಲ್ಲಿ ಹೇಳುತ್ತಾನೆ. ನಮಗೆ ಕೇಳಿದ ತತ್ವದ ಬಗ್ಗೆ ಸಂದೇಹ ಬರಬಾರದು. ಅದಕ್ಕೆ ವಿಪರೀತವಾದ ತಿಳುವಳಿಕೆ ನಮ್ಮಲ್ಲಿ ಬರಬಾರದು. ದೇವರು ಇದ್ದೇ ಇದ್ದಾನೆ ನನ್ನನ್ನು ರಕ್ಷಣೆ ಮಾಡಿಯೇ ತೀರ್ತಾನೆ ಅನ್ನೋ ನಿರ್ಧಾರ ಬಂದರೆ. ನೀವು ಮಾಡಿದ ಶ್ರವಣದ ಪೂರ್ಣ ಲಾಭವನ್ನು ನೀವು ಪಡೆದಿದ್ದೀರಿ ಅಂತ ಅರ್ಥ. ಇಲ್ಲಿ ಕರ್ಮವನ್ನು ಎಲ್ಲಿವರೆಗೆ ಅನುಷ್ಠಾನ ಮಾಡಬೇಕು ಅಂತ ಅರ್ಜುನ ಕೇಳಿದ್ದು. ಕೃಷ್ಣ ಕೊಟ್ಟಿರುವ ಉತ್ತರ. ನೀನು ಇದುವರೆಗೆ ತಿಳಿದುಕೊಂಡ ತತ್ವಜ್ಞಾನದ ಪೂರ್ಣ ಲಾಭ ನಿನಗೆ ಆಗುತ್ತೆ ಅಂತ. ಹಾಗಾದರೆ ಅರ್ಜುನನ ಪ್ರಶ್ನೆಗೆ ಏನು ಉತ್ತರ ಬಂತು? ನೋಡಿ ತತ್ವಜ್ಞಾನದ ಲಾಭ ಏನು? ತತ್ವದ ಬಗ್ಗೆ ಸಂದೇಹ, ತಪ್ಪು ತಿಳುವಳಿಕೆ ಕಳೆದುಕೊಳ್ಳುವರು. ಇದು ಯಾವಾಗ ಆಗುತ್ತೆ? ನೀವು ಎಷ್ಟೇ ಸತ್ಯ ಒಂದೇ ವಿಷಯವನ್ನು ದೇವರಿದ್ದಾನೆ ದೇವರಿದ್ದಾನೆ ಟೇಪ್ ರಿಕಾರ್ಡ್ ಇಟ್ಕೊಂಡು ಬೆಳಿಗ್ಗಿಂದ ಸಾಯಂಕಾಲದವರೆಗೆ ನಿರಂತರ ಒಂದು ವರ್ಷ ಕೇಳಿದ್ರೂ ಕೂಡ ಮರುವರ್ಷ ಟೇಪ್ ರಿಕಾರ್ಡ್ ಆರಿಸಿದರೆ ನಾಲ್ಕು ದಿನ ಹೋದಮೇಲೆ ನಿಮಗೆ ಬರೋದು ಡೌಟೇ ಮತ್ತೆ.",3891,4776,,,122
kn_kannada_22_0006,kannada_22,kn,Dvaita,6,"ಆ ಸಂದೇಹ ವಾರಣೆ ಆಗಬೇಕಾದರೆ ನಮ್ಮ ಮನಸ್ಸು ಶುದ್ಧವಾಗಬೇಕು. ಪಾತ್ರೆಯಲ್ಲಿ ಹಾಲು ಹಾಕಿ ಒಲೆ ಮೇಲೆ ಬಿಸಿಗೆ ಕುದಿಯೋಕೆ ಇಟ್ಟರೆ ಪಾತ್ರೆ ಶುದ್ಧವಾದರೆ ಹಾಲು ಕುದುದು ಕುದ್ದು ಉಕ್ಕತ್ತೆ. ಪಾತ್ರೆ ಅಶುದ್ಧವಾದರೆ ಕುದಿಸಿದ್ರೆ ಹಾಲು ಹೊಡೆದು ಹೋಗುತ್ತೆ, ಹಾಳಾಗುತ್ತೆ. ಪಾತ್ರೆ ತರ ನಮ್ಮ ಮನಸ್ಸು ಅದರಲ್ಲಿ ತತ್ವಜ್ಞಾನ ಅಮೃತವನ್ನ ಹಾಕಿ. ಆ ಮನಸ್ಸು ಅಶುದ್ಧವಾಗಿದ್ದರೆ ಅದು ಮತ್ತೆ ನಮ್ಮ ಸಂದೇಹಕ್ಕೆ ಇಡಬಾರದು, ನಮ್ಮನ್ನ ಸಂದೇಹಕ್ಕೆ ತಳ್ಳುತ್ತದೆ. ಹಾಗಾದರೆ ಮನಸ್ಸು ಶುದ್ಧವಾಗಿದ್ದರೆ ಮಾತ್ರ. ಮತ್ತೊಬ್ಬರಿಂದ ಕೇಳಿ ಪಡೆದ ತತ್ವ ನಮ್ಮಲ್ಲಿ ದೃಢವಾಗಿ ಉಳಿಯೋದಕ್ಕೆ ಸಾಧ್ಯ. ಸಂದೇಹಕ್ಕೆ ಅವಕಾಶವಾಗದಂತೆ. ಮನಸ್ಸಿನಲ್ಲಿ ಕೊಳೆ ತುಂಬಿದ್ರೆ ಎಷ್ಟು ಬಾರಿ ಕೇಳಿದ್ರೂ ಕೂಡ ಆ ಕೇಳಿದ್ದು ನಿಂತ ಕೂಡಲೇ ಸಂದೇಹ ಮತ್ತೆ ಒಳಗೆ ಬರುತ್ತೆ. ಬರ್ತದೆ? ಮನಸ್ಸಿನ ಕೊಳೆ ಅಂದ್ರೆ ಏನು? ರಾಗ, ದ್ವೇಷ, ಮೋಹ, ಮದ, ಮಾತ್ಸರ್ಯ ಇಂತಹ ದುರ್ಗುಣಗಳು ನಮ್ಮ ಮನಸ್ಸಿನಲ್ಲಿ ತುಂಬಿವೆ. ರಾಗ ಅಂದ್ರೆ ಪ್ರಪಂಚದ ಬಗ್ಗೆ ಸೆಳೆತ, ದ್ವೇಷ ಅಂದ್ರೆ ನಮಗೆ ಯಾರು ತೊಂದರೆ ಕೊಡ್ತಾರೋ, ಯಾವುದು ನಮಗೆ ದುಃಖಕ್ಕೆ ಈಡು ಮಾಡುತ್ತೋ.",4777,5570,,,107
kn_kannada_22_0007,kannada_22,kn,Dvaita,7,"ಅದರ ಬಗ್ಗೆ ಬೇಡ ಅಂತ ಅನ್ನೋ ಬಲವಾದ ಭಾವ. ಇಂತಹ ದುರ್ಗುಣಗಳು ಮನಸ್ಸಿನಲ್ಲಿ ತುಂಬಿರೋದೇ ಮನಸ್ಸಿನ ಕೊಳೆ. ಆ ದುರ್ಗುಣ ತುಂಬಿದ ಮನಸ್ಸಿನಲ್ಲಿ ತತ್ವಜ್ಞಾನ ಎಂಬ ಹಾಲನ್ನ ಹಾಕಿದರೆ ಅದು ಕೆಟ್ಟು ಹೋಗುತ್ತೆ. ದೃಢವಾಗಿ ನಿಲ್ಲೋದಿಲ್ಲ. ಆದ್ದರಿಂದ ಮೋಹ ಕಲಿಲಂ ಅಂದ್ರೆ ಇದು. ಸಂಶಯ, ಸಂಶಯವನ್ನ ದಾಟಬೇಕಾದರೆ. ಆ ಮನಸ್ಸಿನಲ್ಲಿರುವ ಈ ದುರ್ಗುಣಗಳು ಹೋಗಬೇಕು. ಅದು ಹೋಗೋದು ಯಾವಾಗ? ನೀವು ನಿಷ್ಕಾಮ ಭಾವನೆಯಿಂದ ಭಗವಂತ ಪ್ರೀತನಾಗಲಿ ಅಂತ ಫಲದ ಅಪೇಕ್ಷೆಯನ್ನು ತೊರೆದು ಕರ್ಮವನ್ನು ಮಾಡಿದರೆ. ಕ್ರಮೇಣ ಮನಸ್ಸಿನ ಈ ದೋಷಗಳು ನಾಶವಾಗುತ್ತದೆ, ರಾಗ ದ್ವೇಷಗಳು ನಾಶವಾಗುತ್ತದೆ. ಆದ್ದರಿಂದ ನಾವು ಪುರಾಣ ಅಥವಾ ತತ್ವಜ್ಞಾನದ ತತ್ವವನ್ನು ಶ್ರವಣ ಮಾಡುವುದರ ಜೊತೆಗೆ ನಮಗೆ ವಿಹಿತವಾದ ಸತ್ಕರ್ಮಗಳನ್ನು ಶ್ರದ್ಧೆಯಿಂದ ಮಾಡಬೇಕು. ಆ ಕರ್ಮಗಳ ಜೊತೆಯಲ್ಲಿ ಶ್ರವಣ ಮಾಡಿದ್ರೆ ಅದು ಮನಸ್ಸಿನಲ್ಲಿ ಉಳ್ಕೊಳ್ಳುತ್ತೆ. ಯಾಕೆ? ಆ ಕರ್ಮ ನಮ್ಮ ಮನಸ್ಸಿನಲ್ಲಿರುವ ಈ ದೋಷಗಳನ್ನ ಸ್ವಚ್ಛ ಮಾಡುತ್ತೆ. ಕಡೆದು ಹಾಕುತ್ತೆ. ಆವಾಗ ತತ್ವ ಶ್ರವಣವಾದರೆ ಆ ತತ್ವ ದೃಢವಾಗಿ ನಿಲ್ಲುತ್ತದೆ ಸಂದೇಹ ಬರುವುದಿಲ್ಲ.",5571,6349,,,103
kn_kannada_22_0008,kannada_22,kn,Dvaita,8,"ಆದ್ದರಿಂದ ನಿಷ್ಕಾಮ ಕರ್ಮವನ್ನು ಯದುವರೆಗೆ ಮಾಡಬೇಕು ಅಂದ್ರೆ ಕೇಳಿದ ತತ್ವದ ಬಗ್ಗೆ ಸಂದೇಹ ಬರದೆ ಇರುವವರೆಗೆ ಅದು ದೃಢವಾಗಿ ನಿಲ್ಲುತು ಅಂದ್ರೆ ಅವಾಗ ಕರ್ಮವು ಸಫಲವಾಯಿತು ನೀನು ಮಾಡಿದ್ದು. ಆದ್ದರಿಂದ ಯದಾತೆ ಮೋಹ ಕಲಿನಂ ಬುದ್ಧಿಹಿ ವ್ಯತಿತರಿಷ್ಯತಿ ತದಾ ಗಂತಾಸಿ ನಿರ್ವೇದಂ ನಿತರಾಂ ಲಾಭಂ ಗಂತಾಸಿ ಆವಾಗ ಬುದ್ಧಿ ಶುದ್ಧವಾಗಿ ಚಿಳುವಳಿಕೆ ಸಂದೇಹ ಆಸ್ಪದವಾಗದಂತೆ ದೃಢವಾಗಿ ಹುಡುಕಿಕೊಳ್ಳುತ್ತದೆ. ನೋಡಿ ರಾಘವೇಂದ್ರ ಸ್ವಾಮಿಗಳು ಹೇಳುವ ಮಾತು ನಿವೃತ್ತ ಕರ್ಮಾನುಷ್ಠಾನ ರೂಪಹ ಯೋಗಹ ನಿಷ್ಕಾಮ ಕರ್ಮ ಅಂದ್ರು ನಿವೃತ್ತ ಕರ್ಮ ಅಂದ್ರು ಒಂದೇ ಅರ್ಥ. ನಿಷ್ಕಾಮ ಕರ್ಮದ ಅನುಷ್ಠಾನ ಎಂಬ ಯೋಗವು ನ ಸಾಕ್ಷಾತ್ ಜ್ಞಾನ ಹೇತುಹು. ನೇರವಾಗಿ ಜ್ಞಾನಕ್ಕೆ ಕಾರಣ ಅದು. ಶ್ರವಣಾದಿ ರೂಪ ಪ್ರಮಾಣಸ್ಯ ಅದೃಷ್ಟ ದ್ವಾರ ಸತ್ವ ಶುದ್ಧಿ ಉತ್ಪಾದನೆನ ಉಪಕಾರಕಸ್ಸನ್ ನಾವು ಅಪರೋಕ್ಷ ಜ್ಞಾನ ಬರಬೇಕಾದರೆ ತತ್ವ ಶ್ರವಣ ಮಾಡಬೇಕು, ಮನನ ಮಾಡಬೇಕು, ಧ್ಯಾನ ಮಾಡಬೇಕು. ಈ ಶ್ರವಣಾದಿಗಳನ್ನ ಮಾಡಬೇಕಾದರೆ ಅದೃಷ್ಟ ದ್ವಾರ ಸತ್ವ ಶುದ್ಧಿಯಾಗಬೇಕು. ಸತ್ವ ಅಂದ್ರೆ ಅಂತಃಕರಣ ನಮ್ಮ ಮನಸ್ಸು.",6350,7113,,,103
kn_kannada_22_0009,kannada_22,kn,Dvaita,9,ಅದು ಶುದ್ಧಿಯಾಗಬೇಕು ಅಂದ್ರೆ. ಅಲ್ಲಿರುವ ರಾಗ ದ್ವೇಷಾದಿಗಳು ನಾಶ ಆಗಬೇಕು. ಆ ನಾಶ ಮಾಡುವ ಕೆಲಸವನ್ನ ನಾವು ಮಾಡಿದ ಕರ್ಮದಿಂದ ಉಂಟಾದ ಪುಣ್ಯ ಮಾಡುತ್ತದೆ. ಅದೃಷ್ಟ ದ್ವಾರ ಅಂದ್ರೆ ಹಾಗೆ. ನಾವು ಸತ್ಕರ್ಮಾಚರಣೆ ಮಾಡಿದರೆ ಅದರ ಫಲವಾಗಿ ಪುಣ್ಯ ಹುಟ್ಟಿ ಆ ಪುಣ್ಯದ ಸಹಾಯದಿಂದ ನಮ್ಮ ಮನಸ್ಸಿನಲ್ಲಿರುವ ದುರ್ಗುಣಗಳು ನಾಶ ಆಗುತ್ತೆ. ಆವಾಗ ಶ್ರವಣ ಮನನಗಳನ್ನು ಮಾಡಿದರೆ ಸಂದೇಹ ಇಲ್ಲದೆ ದೃಢವಾಗುತ್ತೆ ಮಿಥ್ಯಾಜ್ಞಾನ ದೋಷ ನಿವೃತ್ತಿ ಪರ್ಯಂತಂ. ನಮ್ಮ ಮನಸ್ಸಿನಲ್ಲಿ ತಪ್ಪು ತಿಳುವಳಿಕೆ ಹೋಗುವವರೆಗೂ ತತ್ವಜ್ಞಾನ ಉದಯ ಪರ್ಯಂತಂಚ ತತ್ವದ ಬಗ್ಗೆ ದೃಢವಾದ ಜ್ಞಾನ ಹುಟ್ಟುವವರೆಗೆ ನೀನು ಕರ್ಮಾಚರಣೆಯನ್ನು ಮಾಡಬೇಕು ಹಾಗಾದರೆ. ನಿಷ್ಕಾಮ ಕರ್ಮದಿಂದ ಮನಸ್ಸಿನ ದೋಷಗಳು ನಾಶ. ಹೇಗೆ ನಾಶ? ಕರ್ಮ ಮಾಡ್ತಾ ಇದ್ರೆ ಅದು ನಾಶ ಆಗ್ತಾ ಹೋಗುತ್ತೆ ಅಂತಲ್ಲ. ಕರ್ಮ ಮಾಡ್ತಾ ಇದ್ರೆ ಪುಣ್ಯ ಹುಟ್ಟಿ ಆ ಪುಣ್ಯದ ಮೂಲಕ ಭಗವಂತ ಮನಸ್ಸಿನ ದೋಷಗಳನ್ನು ತೊಳೆಯುತ್ತಾನೆ ಆಗ ತತ್ವದ ಶ್ರವಣವಾದರೆ ಅದು ಸಂದೇಹ ಆಸ್ಪದವಾಗದೆ ದೃಢವಾಗುತ್ತದೆ. ಅದರಿಂದ ಧ್ಯಾನ ಸಾಧ್ಯವಾಗುತ್ತದೆ.,7114,7870,,,102
kn_kannada_22_0010,kannada_22,kn,Dvaita,10,ಧ್ಯಾನದಿಂದ ಭಗವಂತನ ಪರೋಕ್ಷ. ಆದ್ದರಿಂದ ನಾವೆಲ್ಲ ಬಹಳ ಶ್ರದ್ಧಾ ಭಕ್ತಿಯಿಂದ ದಿನದಲ್ಲಿ ಕೆಲವು ಹೊತ್ತು. ತತ್ವಜ್ಞಾನ ದೊಡ್ಡವರು ಮಾಡಿದ ಉಪನ್ಯಾಸ ಭಾಗವತಾದಿ ಕಥಾಶ್ರಮಣಕ್ಕೆ ತೊಡಗುತ್ತೇವೆ. ಮರೆ ಅಷ್ಟು ಮಾಡಿದ್ರೆ ತತ್ವಜ್ಞಾನ ದೃಢವಾಗಿ ನಿಲ್ಲೋದೇ ಇಲ್ಲ. ಅದರ ಜೊತೆಯಲ್ಲಿ ನಾವು ಮಾಡಬೇಕಾದ ಧಾರ್ಮಿಕ ಕರ್ತವ್ಯಗಳನ್ನು ನೆರವೇರಿಸಿ ಈ ಉಪನ್ಯಾಸ ಶ್ರವಣವನ್ನು ಮಾಡಿದರೆ ಅಲ್ಲಿಂದ ಬಂದ ಜ್ಞಾನ ದೃಢವಾಗಿ ನಮ್ಮ ಮನಸ್ಸಿನಲ್ಲಿ ನಿಲ್ಲುತ್ತದೆ. ಆದ್ದರಿಂದ ಕರ್ಮದ ಜೊತೆ ಬೆರೆತ ಶ್ರವಣವೇ ನಮ್ಮ ಮನಸ್ಸಿನಲ್ಲಿ ಸ್ಥಿರವಾಗಿ ತತ್ವಜ್ಞಾನವನ್ನು ಉದಿಸಬಲ್ಲದು. ಕರ್ಮ ಬಿಟ್ಟು ನಾನು ಶ್ರವಣ ಮಾಡುತ್ತೇನೆ ಅಂದ್ರೆ ಆ ಸಮಯದಲ್ಲಿ ಒಂದಿಷ್ಟು ಪುಣ್ಯಕ್ಕೆ ಕಾರಣ ಆಗಬಹುದು ಹೊರತು. ಅದರಿಂದ ತತ್ವಜ್ಞಾನ ದೃಢವಾಗಿ ನಿಲ್ಲುವುದಕ್ಕೆ ಸಾಧ್ಯವಿಲ್ಲ. ಅನ್ನೋ ಬಹಳ ಮುಖ್ಯವಾದ ಒಂದು ಅಂಶವನ್ನ ಶ್ರೀಕೃಷ್ಣ ಈ ಶ್ಲೋಕದಲ್ಲಿ ಹೇಳಿದ್ದಾನೆ. ಮತ್ತೊಮ್ಮೆ ಶ್ಲೋಕ. ಯದಾ ತೆ ಮೋಹಕಲಿಲಂ ಬುದ್ಧಿರ್ವ್ಯತಿತರಿಷ್ಯತಿ ತದಾ ಗಂತಾಸಿ ನಿರ್ವೇದಂ ಶೋತವ್ಯಸ್ಯ ಶುತಸ್ಯ ಚ ಮುಂದಿನ ಶ್ಲೋಕ ಶ್ರುತಿ ವಿಪ್ರತಿಪನ್ನಾತಿ ಯದಾಸ್ಥಾಸ್ಯತಿ ನಿಶ್ಚಲ ಸಮಾಧೌ ಅಚಲಾಬುದ್ಧಿಹಿ ತದಾಯೋಗಂ ಅವಾಪ್ಸ್ಯಸಿ ಪದ ವಿಭಾಗ ಶ್ರುತಿ ವಿಪ್ರತಿಪನ್ನ ಒಂದೇ ಪದ ತೇ ಯದಾ ಸ್ಥಾಸ್ಯತಿ ನಿಶ್ಚಲ ಸಮಾಧೌ ಅಚಲಾ ಬುದ್ಧಿಹಿ ತದಾ ಯೋಗಂ ಅವಾಪ್ಸ್ಯಸಿ ಶ್ರುತಿ ವಿಪ್ರತಿಪನ್ನ ಅದುವರೆಗೆ ಅಂದ್ರೆ ನಿಶ್ಚಯ ಕರ್ಮಾನುಷ್ಠಾನದಿಂದ ಶುದ್ಧವಾದ ಅಂತಃಕರಣದಲ್ಲಿ ತತ್ವ ನಿಶ್ಚಯವಾಗೋಕ್ಕಿಂತ ಮುಂಚೆ ನಿನ್ನ ಬುದ್ಧಿ ಶ್ರುತಿ ವಿಪ್ರತಿಪನ್ನ ಶ್ರುತಿಯ ಜೊತೆ ಜಗಳ ಆಡ್ತಾ ಇದೆ.,7871,8975,,,138
kn_kannada_22_0011,kannada_22,kn,Dvaita,11,"ವೇದ ಉಪನಿಷತ್ತುಗಳು ಏನು ದೇವರಿದ್ದಾನೆ ಅವನು ಇಂಥವನು ಅಂತ ಹೇಳ್ತಾ ಇದೆಯೋ. ಇಲ್ಲವೇ ಇಲ್ಲ, ಇದಾನೋ ಇಲ್ವೋ ಆ ಶ್ರುತಿಯ ಜಗತಿಗೆ ಕಾಂಟ್ರೋವರ್ಸಿ ವಿವಾದವನ್ನು ಮಾಡ್ತಾ ಇರುತ್ತೆ. ಕೃತಿಗೆ ವಿರುದ್ಧವಾದ ತೇ ಬುದ್ಧಿಹಿ ನಿನ್ನ ಜ್ಞಾನ ನಿನ್ನ ಮನಸ್ಸು ಯದಾ ನಿಶ್ಚಲಸ್ಥಾಸ್ಯತಿ ಅದುವರೆಗೆ ಶ್ರುತಿಗೆ ವಿರುದ್ಧವಾಗಿದ್ದ ನಿನ್ನ ಮನಸ್ಸು ಕರ್ಮಾನುಷ್ಠಾನದಿಂದ ಶುದ್ಧವಾದ ಅಂತಃಕರಣದಲ್ಲಿ ಜ್ಞಾನಿಗಳ ಉಪದೇಶದಿಂದ ಜ್ಞಾನ ಬಂದಾಗ ನಿಶ್ಚಲಾಸ್ಥಾಸ್ಯತಿ ಅದರಲ್ಲಿ ಡಿಲಿಮಾ ಇರೋದಿಲ್ಲ. ನಿರ್ಧಾರಾತ್ಮಕ ಸ್ಥಿತಿಯನ್ನು ತಲುಪುತ್ತದೋ ಆಗ ಸಮಾಧವು ಅಚಲ ಬುದ್ಧಿಹಿ ಆಗ ಸಮಾಧಿ ಅಂದ್ರೆ ಧ್ಯಾನ ಧ್ಯಾನದಲ್ಲಿ ನಿನ್ನ ಮನಸ್ಸು ಅಚಲ ಆ ಕಡೆ ಈ ಕಡೆ ಓಡಾಡದೆ ಏಕಾಗ್ರವಾಗಿ ನಿಲ್ಲುತ್ತದೆ. ಬಹಳ ಮುಖ್ಯವಾದ ಸಾಧನೆಯನ್ನು ಇಲ್ಲಿ ಹೇಳ್ತಾ ಇದ್ದಾನೆ. ನಮ್ಮ ಮನಸ್ಸು ಮೊದಲು ವೇದ ಉಪನಿಷತ್ತುಗಳ ಬಗ್ಗೆ. ತಕರಾರು ಮಾಡ್ತಾ ಇತ್ತು. ಆ ವಿವಾದವನ್ನ ನಿಲ್ಲಿಸಿ ಕರ್ಮಾನುಷ್ಠಾನದಿಂದ ಶುದ್ಧವಾದ ಮನಸ್ಸಿನಿಂದ ಧ್ಯಾನಿಗಳ ಉಪದೇಶ ಪಡೆದು ನಿಶ್ಚಲವಾಗ್ತದೋ. ತನ್ನ ಮೋಹವನ್ನು ಕಳೆದುಕೊಂಡು ನಿರ್ಧಾರಾತ್ಮಕವಾಗ್ತದೋ ನಿಶ್ಚಲಾಸ್ಥಾಸ್ಯತಿ ಆವಾಗ ಸಮಾಧೌ ನೀವು ಧ್ಯಾನಕ್ಕೆ ಕೊಡ್ತರೆ ಅಚಲಾಬುದ್ಧಿಹಿ ದೇವರ ಬಗ್ಗೆ ಅಲ್ಲದೆ ಬೇರೆ ವಿಷಯಗಳ ಬಗ್ಗೆ ಚಲನೆ ಇಲ್ಲದ ನಿಮ್ಮ ಮನಸ್ಸು ಆ ಸ್ಥಿತಿ ತಲುಪುತ್ತದೋ ತದಾ ಆಗ ಯೋಗಂ ಅವಾಪ್ಶ್ಯಸಿ.",8976,9920,,,121
kn_kannada_22_0012,kannada_22,kn,Dvaita,12,"ಯೋಗ ಅಂದ್ರೆ ಕರ್ಮಯೋಗ, ಕರ್ಮಯೋಗದ ಕರ್ಮ ಯೋಗವನ್ನು ಹೊಂದುತಿ ಅಂತ ಅರ್ಥ ಅಲ್ಲ, ಕರ್ಮ ಯೋಗದ ಫಲವನ್ನು ನೀನು ಹೊಂದಿದ್ದಿ ಅಂತ ಅರ್ಥ. ಹಾಗಾದರೆ ನಾವು ಮಾಡಿದ ಸತ್ಕರ್ಮ ಸಫಲವಾಗಿದೆ ಅಂತ ತಿಳಿಯೋದಕ್ಕೆ. ಒಂದು ಸೂಚನೆ ನಮ್ಮ ಮನಸ್ಸು ನಿಶ್ಚಲವಾಗಿ ಭಗವಂತನ ಧ್ಯಾನದಲ್ಲಿ ಆಸಕ್ತವಾಗಿದೆ. ಅದು ಎಷ್ಟು ಹೊತ್ತು ಎಷ್ಟು ಹೊತ್ತು ಎಷ್ಟು ಹೊತ್ತು ಹೆಚ್ಚೆಚ್ಚು ಹೊತ್ತುಗಳ ಕಾಲ ನಿಶ್ಚಲವಾಗುತ್ತದೋ ಅಷ್ಟಷ್ಟು ನಾವು ಮಾಡಿದ ಸತ್ಕರ್ಮದಿಂದ ಉಂಟಾದ ಪುಣ್ಯ. ನಮ್ಮ ಮನಸ್ಸಿನಲ್ಲಿರುವ ದೋಷವನ್ನು ತೊಳೆದಿದೆ ಅಂತ ಅರ್ಥ. ಹೀಗೆ ಸತ್ಕರ್ಮದಿಂದ ಮನಸ್ಸಿನ ದೋಷವನ್ನು ತೊಳೆದುಕೊಂಡು ಅದುವರೆಗೆ ವೇದದ ಬಗ್ಗೆ ವಿರುದ್ಧವಾದ ಬುದ್ಧಿಯು ನಿಶ್ಚಲವಾಗಿ ಸಮಾಜಿಯಲ್ಲಿ ಭಗವಂತನ ಬಗ್ಗೆ ಏಕಾಗ್ರತೆಗೊಳ್ಳುತ್ತದೋ ಆವಾಗ ನಿಮ್ಮ ಕರ್ಮಾನುಷ್ಠಾನ ಫಲ ಸಾರ್ಥಕವಾಯಿತು ಅಂತ ತಿಳ್ಕೊಳ್ಳಿ. ತದಾ ಯೋಗಂ ಅಂದ್ರೆ ಯೋಗ ಫಲಂ ಅವಾಪ್ಶ್ಯಸಿ ಹೊಂದುತಿ ನೀನು ಮತ್ತೊಮ್ಮೆ ಶ್ಲೋಕ ಶ್ರುತಿ ವಿಪ್ರತಿಪನ್ನಾತಿ ಯದಾಸ್ಥಾಸ್ಯತಿ ನಿಶ್ಚಲ ಸಮಾಧಾವಚಲಾ ಬುದ್ಧಿಹಿ ತದಾ ಯೋಗಮವಾಪ್ಸ್ಯಸಿ ಹೀಗೆ ಶ್ರೀಕೃಷ್ಣ ಒಂದು ಹಂತಕ್ಕೆ ನಮ್ಮ ಸಾಧನೆಯನ್ನು ತಂದು ಮುಟ್ಟಿಸಿದ್ದಾನೆ.",9921,10729,,,103
kn_kannada_22_0013,kannada_22,kn,Dvaita,13,ಯುದ್ಧದ ಬಗ್ಗೆ ಉಪದೇಶ ಕೊಡಬೇಕಾದ ಅರ್ಜುನನಿಗೆ ಶ್ರೀಕೃಷ್ಣ ಎಲ್ಲ ಸಾಧಕರಿಗೂ ಮುಟ್ಟುವ ಒಂದು ಕ್ಷ ಪ್ರಮೇಯವನ್ನು ನಿರೂಪಣೆ ಮಾಡಿದ್ದಾನೆ. ಇದಾದ ನಂತರ ಮುಂದೆ ಅರ್ಜುನನಿಗೆ ಹುಟ್ಟುವ ಜಿಜ್ಞಾಸೆಗೆ ಉತ್ತರವನ್ನು ಶ್ರೀಕೃಷ್ಣ ಕೊಡ್ತಾ ಇದ್ದಾನೆ. ಅರ್ಜುನ ಮಧ್ಯೆ ತನ್ನ ಜಿಜ್ಞಾಸೆಯನ್ನು ಮುಂದೆ ಇಡುತ್ತಾನೆ ಅದಕ್ಕೆ ಉತ್ತರ ಕೊಡ್ತಾನೆ. ಇಲ್ಲಿಗೆ ಇವತ್ತಿನ ಈ ಭಾಗದ ಪ್ರವಚನವನ್ನು ಮುಕ್ತಾಯಿಗೊಳಿಸೋಣ. ಈ ಪ್ರವಚನ ಭಾಗವನ್ನ ಶ್ರೀಯುತರಾದ ಮರವೇಕೆರೆ ಮುರಳೀಧರ ರಾಯರು ತಾವು ಆರ್ಥಿಕ ಸಹಕಾರವನ್ನ ನೀಡಿ ಸಹಕರಿಸಿದ್ದಾರೆ ಅವರಿಗೆ ಶ್ರೀಕೃಷ್ಣ ಆಯುರಾರೋಗ್ಯ ಭಾಗ್ಯವನ್ನು ಜ್ಞಾನ ಸಂಪತ್ತನ್ನು ಕೊಡಲಿ ಅಂತ ಪ್ರಾರ್ಥನೆ ಮಾಡೋಣ ಶ್ರೀಕೃಷ್ಣಾರ್ಪಣಮಸ್ತ.,10730,11241,,,62
kn_kannada_23_0000,kannada_23,kn,Dvaita,0,ಭಗವಂತನನ್ನು ಕಂಡವನ ಲಕ್ಷಣ ಏನು ಅಂತ. ನಮ್ಮ ಜೊತೆಗೆ ನೂರಾರು ಜನ ಇರ್ತಾರೆ. ಇವತ್ತು ಇದ್ದಾರೋ ಇಲ್ವೋ ನಮಗೆ ಗೊತ್ತಿಲ್ಲ. ಹಿಂದಿನ ಸಾಧಕ ವರ್ಗ ತುಂಬಾ ಇದ್ದಾಗ ಕೆಲವರು ದೇವರನ್ನು ಕಂಡವರು ಇರ್ತಾರೆ. ದೇವರನ್ನು ಕಾಣುವ ದಾರಿಯಲ್ಲಿ ಪ್ರಯತ್ನ ಮಾಡುವವರು ಇರ್ತಾರೆ. ದೇವರನ್ನ ಮೆಚ್ಚಿಸುವ ಆರಂಭದ ಹಂತದಲ್ಲಿ ಇರ್ತಾರೆ. ದೇವರಿಗೆ ವಿಮುಖರಾದವರು ಇರ್ತಾರೆ. ಈ ಗುಂಪಿನಲ್ಲಿ ದೇವರನ್ನು ಕಂಡ ಒಬ್ಬ ಅಪರೋಕ್ಷ ಜ್ಞಾನಿ ಅವನನ್ನು ನಾವು ಗುರುತಿಸುವುದು ಹೇಗೆ? ಅವನ ಡೆಫಿನೇಷನ್ ಅವನ ಲಕ್ಷಣವನ್ನು ಹೇಳು ಕೃಷ್ಣ ಕೇಶವ ಶ್ರೀ ಗುರುಭ್ಯೋ ನಮಃ ಹರಿಃ ಓಂ ಭಗವದ್ಗೀತೆಯ ಎರಡನೆಯ ಅಧ್ಯಾಯದಲ್ಲಿ ಯೋಗೇತು ಇಮಾಂ ಶ್ರುಣು ಅಂತ ಅರ್ಜುನನಿಗೆ ಶ್ರೀಕೃಷ್ಣ ಜ್ಞಾನೋಪಾಯದ ಬಗ್ಗೆ ಹೇಳುತ್ತೇನೆ ಅಂತ ಶುರುಮಾಡಿ ಆ ಜ್ಞಾನೋಪಾಯದ ಕುರಿತು ಹೇಳುತ್ತಾ ನಿಷ್ಕಾಮ ಕರ್ಮಾನುಷ್ಠಾನದಿಂದ ಅಂತಃಕರಣವು ಶುದ್ಧವಾಗಿ ಅಲ್ಲಿ ಶ್ರುತಿ ವಿಪ್ರತಿಪನ್ನವಾದ ಬುದ್ಧಿಯು ಅಂದ್ರೆ ಶ್ರುತಿ ಹೇಳಿದ್ದನ್ನ ವೇದ ವೇದಾಂತಗಳು ಹೇಳಿದ ತತ್ವಜ್ಞಾನದ ಬಗ್ಗೆ ಸಂದೇಹಕ್ಕೆ ಒಳಗಾಗುವ ಬುದ್ಧಿಯು. ಸ್ಥಿರವಾದ ಒಂದು ನಿರ್ಣಯವನ್ನು ಕೈಗೊಂಡು ದೇವರು ಇದ್ದೇ ಇದ್ದಾನೆ ಅಂತ ಖಾತ್ರಿಯಾದಾಗ ಧ್ಯಾನ ಮಾಡಿ.,0,830,,,109
kn_kannada_23_0001,kannada_23,kn,Dvaita,1,"ಆ ಧ್ಯಾನದ ಮೂಲಕ ಭಗವಂತನ ಅಪರೋಕ್ಷವನ್ನು ಪಡೆದುಕೊಳ್ಳಬೇಕು. ಹೀಗೆ ನಿಷ್ಕಾಮ ಕರ್ಮವನ್ನು ಎಲ್ಲಿವರೆಗೆ ಮಾಡಬೇಕು? ಅದರಿಂದಲೇನೇ ಭಗವಂತ ಸಿಗೋದಿಲ್ಲ. ಕರ್ಮದಿಂದ ಕರ್ಮಣಾ ಜ್ಞಾನ ಮಾತನೋತಿ. ಕರ್ಮದಿಂದ ಅದೃಷ್ಟದ ಮೂಲಕ ಜ್ಞಾನವನ್ನು ಪಡೆದು ಆಮೇಲೆ ಧ್ಯಾನ ಮಾಡಿ ಅದರ ಮೂಲಕ ಬ್ರಹ್ಮನ ಪರೋಕ್ಷ. ಇವಿಷ್ಟು ಯೋಗ, ಕರ್ಮಯೋಗ, ಜ್ಞಾನಯೋಗದ ಬಗ್ಗೆ ಶ್ರೀಕೃಷ್ಣ ಹಿಂದಿನ 53ನೇ ಶ್ಲೋಕದವರೆಗೆ ಹೇಳಿದ. ಇದರ ಮೇಲೆ ನಮಗೆ ನಿಮಗೆಲ್ಲ ಬರುವಂತೆ ಅರ್ಜುನ ಒಂದು ಸಂದೇಹವನ್ನು ಕೃಷ್ಣನ ಮುಂದೆ ಇಡುತ್ತಾನೆ. ಅದು ಅವನ ಸಂದೇಹ ಅಲ್ಲ ನಮಗೆ ಬರುವ ಸಂದೇಹ. ಅದನ್ನ ಭಗವದ್ಗೀತೆಯಲ್ಲಿ ಪ್ರಸ್ತುತಪಡಿಸುತ್ತಾರೆ ವೇದವ್ಯಾಸರು. 54ನೇ ಶ್ಲೋಕ ಅರ್ಜುನ ಉವಾಚ ಸ್ಥಿತಪ್ರಜ್ಞಸ್ಯ ಕಾ ಭಾಷಾ ಸಮಾಧಿಸ್ಥಸ್ಯ ಕೇಶವ ಸ್ಥಿತಧೀಹ್ ಕಿಂ ಪ್ರಭಾಷೇತ ಕಿಮಾಸೀತವ್ರಜೇತ ಕಿಂ ಪದವಿಭಾಗ ಸ್ಥಿತಪ್ರಜ್ಞಸ್ಯ ಕಾ ಭಾಷಾ ಸಮಾಧಿಸ್ಥಸ್ಯ ಕೇಶವ ಸ್ಥಿತಧೀಹಿ ಕಿಮ್ ಪ್ರಭಾಷೇತ ಕಿಮ್ ಆಸೀತ ವ್ರಜೇತ ಕಿಮ್ ಪದವಿಭಾಗ ಸುಲಭವಾಗಿದೆ. ಇಲ್ಲಿ ಭಾಷಾ ಅನ್ನೋ ಒಂದು ಶಬ್ದ ಬಂದಿದೆ. ನಮಗೆ ಈ ಶಬ್ದವನ್ನು ಕೇಳಿದ ಕೂಡಲೇ ಭಾಷೆ ಅಂತ ಕನ್ನಡದ ಭಾಷೆ ನೆನಪಾಗುತ್ತೆ.",831,1625,,,107
kn_kannada_23_0002,kannada_23,kn,Dvaita,2,"ಆದರೆ ಇಲ್ಲಿ ಭಾಷಾ ಅಂದರೆ ಭಾಷ್ಯತೆ ಅನಯಾಯಿತಿ ಭಾಷಾ. ಅಂದರೆ ಲಕ್ಷಣ ಡೆಫಿನೇಷನ್ ಅಂತ ಅರ್ಥ. ಭಾಷಾ ಅಂದ್ರೆ ಯಾವ ವಸ್ತುವನ್ನ ಸರಿಯಾಗಿ ತಿಳಿದುಕೊಂಡಾಗ ನಾವು ಅದನ್ನ ಹೆಸರೆತ್ತಿ ಕರಿಬಹುದು. ಅದು ಭಾಷಾ. ನಮ್ಮ ಮುಂದೆ ಅನೇಕ ಪ್ರಾಣಿಗಳಿರುತ್ತವೆ. ಹಸು ಇದೆ, ಎಮ್ಮೆ ಇದೆ, ಕುರಿ, ಆಡು, ಕುದುರೆ. ಹಸು ಅಂದ್ರೆ ಯಾವುದು? ಅಂದ್ರೆ ನೋಡು ಇಂತಹ ಕೊಂಬಿದ್ದು ಯಾವುದಕ್ಕೆ ಗಂಗೆ ತೊಗಲು ಬಾಲ ಇರ್ತದೋ ಅದನ್ನು ಹಸು ಇಂತಹ ಪರಿಚಯ ಮಾಡಿಕೊಟ್ಟರೆ. ಆ ಹಸು ಅನ್ನೋ ಶಬ್ದವನ್ನ ಸರಿಯಾಗಿ ಆ ಪ್ರಾಣಿಯಲ್ಲಿ ಪ್ರಯೋಗ ಮಾಡ್ತೀವಿ. ಅಲ್ಲಿಗೆ ಒಂದು ವಸ್ತುವನ್ನ ಹೆಸರೆತ್ತಿ ಕರೆಯೋದಕ್ಕೆ ಯಾವ ಧರ್ಮವು ಕಾರಣವಾಗ್ತದೋ ಅದನ್ನ ಭಾಷಾ ಅಂತ ಕರೀತೀವಿ. ಅಂದ್ರೆ ಅದಕ್ಕೆ ಶಾಸ್ತ್ರದಲ್ಲಿ ಲಕ್ಷಣ ಡೆಫಿನೇಷನ್ ಅಂತ ಹೇಳ್ತಾರೆ. ಇಲ್ಲಿ ಅರ್ಜುನ ಸ್ಥಿತಪ್ರಜ್ಞಸ್ಯ ಕಾ ಭಾಷಾ ಅಂತ ಕೇಳ್ತಿದ್ದಾನೆ. ಸ್ಥಿತಪ್ರಜ್ಞನ ಲಕ್ಷಣ ಏನು ಅಂತ ಅದಕ್ಕೆ ಅರ್ಥ. ಸ್ಥಿತಪ್ರಜ್ಞ ಅಂದ್ರೆ ಯಾರು? ನಾವು ಸಾಧಾರಣ ಸ್ವಲ್ಪ ಶಾಸ್ತ್ರ ಬಲ್ಲವರು.",1626,2339,,,101
kn_kannada_23_0003,kannada_23,kn,Dvaita,3,ಈ ಶಬ್ದವನ್ನು ಬಳಸುತ್ತಾರೆ. ನಾನು ಸ್ಥಿತಪ್ರಜ್ಞನಾಗಿ ಇರ್ತೇನೆ ಅಂತ. ಅಂದ್ರೆ ನಿಮ್ಮ ಯಾವ ವ್ಯವಹಾರಕ್ಕೂ ಕೈ ಹಾಕದೆ ನನ್ನ ಪಾಡಿಗೆ ನಾನಿರ್ತೇನೆ ಅಂತ. ಅರ್ಥ ಅಲ್ಲ ಅದಕ್ಕೆ. ಸ್ಥಿತಾ ಪ್ರಜ್ಞಾ ಯಸ್ಯ ಸಹ ಸ್ಥಿತ ಪ್ರಜ್ಞಃ. ಅಂದ್ರೆ ಸ್ಥಿತ ಅಂದ್ರೆ ಸ್ಥಿರ ಅಂತ ಅರ್ಥ. ಯಾರ ಪ್ರಜ್ಞಾ ಅಂದ್ರೆ ಅಪರೋಕ್ಷ ಜ್ಞಾನ. ಯಾರಿಗೆ ಅಪರೋಕ್ಷ ಜ್ಞಾನ ಸ್ಥಿರವಾಗಿ ಬಂದಿದೆಯೋ ಅವನ ಸ್ಥಿತ ಪ್ರಜ್ಞಾ. ಅಲ್ಲಿಗೆ ಭಗವಂತನನ್ನು ಕಂಡವ ಅಂತ ಅರ್ಥ. ಹಾಗಾದರೆ ಅರ್ಜುನನ ಪ್ರಶ್ನೆ ಏನು? ಭಗವಂತನನ್ನು ಕಂಡವನ ಲಕ್ಷಣ ಏನು? ನಮ್ಮ ಜೊತೆಗೆ ನೂರಾರು ಜನ ಇರ್ತಾರೆ. ಇವತ್ತು ಇದ್ದಾರೋ ಇಲ್ವೋ ನಮಗೆ ಗೊತ್ತಿಲ್ಲ. ಹಿಂದಿನ ಸಾಧಕ ವರ್ಗ ತುಂಬಾ ಇದ್ದಾಗ ಕೆಲವರು ದೇವರನ್ನು ಕಂಡವರು ಇರ್ತಾರೆ. ದೇವರನ್ನು ಕಾಣುವ ದಾರಿಯಲ್ಲಿ ಪ್ರಯತ್ನ ಮಾಡುವವರು ಇರ್ತಾರೆ. ದೇವರನ್ನ ಮೆಚ್ಚಿಸುವ ಆರಂಭದ ಹಂತದಲ್ಲಿ ಇರ್ತಾರೆ. ದೇವರಿಗೆ ವಿಮುಖರಾದವರು ಇರ್ತಾರೆ. ಈ ಗುಂಪಿನಲ್ಲಿ ದೇವರನ್ನು ಕಂಡ ಒಬ್ಬ ಅಪರೋಕ್ಷ ಜ್ಞಾನಿ ಅವನನ್ನು ನಾವು ಗುರುತಿಸುವುದು ಹೇಗೆ?,2340,3069,,,102
kn_kannada_23_0004,kannada_23,kn,Dvaita,4,"ಅವನ ಡೆಫಿನೇಷನ್, ಅವನ ಲಕ್ಷಣವನ್ನು ಹೇಳು ಕೃಷ್ಣ ಕೇಶವ ಅಂತ ಹೇಳಿ. ಆದ್ದರಿಂದ ನಾನು ದೇವರ ಅಪರೋಕ್ಷ ಇವನಿಗೆ ಆಗಿದೆ ಅಂತ ತಿಳಿದುಕೊಳ್ಳೋಕೆ ಅವನ ಗುಣಧರ್ಮಗಳು ಹೇಗಿರುತ್ತವೆ ಅಂತ ಸ್ವಲ್ಪ ಹೇಳು. ನನಗೆ ಒಂದು ಅಂಶ ಗೊತ್ತು ಸ್ಥಿತಪ್ರಜ್ಞಸ್ಯ ಕಾ ಭಾಷಾ ಸಮಾಧಿಸ್ಥಸ್ಯ ಕೇಶವ ಸಮಾಧಿ ಅಂದ್ರೆ ಧ್ಯಾನ ಸಮಾಧಿಸ್ಥ ಅಂದ್ರೆ ಧ್ಯಾನದಲ್ಲಿ ಮುಳುಗಿದವ ಅಂತ ಸ್ಥ ಅಂದ್ರೆ ಇರೋದು ಧ್ಯಾನದಲ್ಲಿ ತಲ್ಲೀನನಾದವ ಅಂತ. ಆ ಧ್ಯಾನ ಎರಡಿದೆ. ಒಂದು ನಾವು ನೀವೆಲ್ಲ ಮಾಡುವ ಧ್ಯಾನ. ದೇವರ ಮನೆಯಲ್ಲಿ ಬೆಳಿಗ್ಗೆ ಎದ್ದು ಧ್ಯಾನಕ್ಕೆ ಕೂತಿದ್ದೀವಿ. ಕೂತರೆ ನಮ್ಮ ಕಿವಿಗೆ ಮನೆಯಲ್ಲಿ ಆಗುವ ಪಟ್ಟಾಂಗಗಳೆಲ್ಲ ಕೇಳುತ್ತದೆ. ಅಡುಗೆ ಮನೆಯಲ್ಲಿ ಕುಕ್ಕರು ಕೂಗಿದ ಶಬ್ದವು ಕೇಳುತ್ತದೆ. ಹೀಗೆ ಬೇರೆ ಇಂದ್ರಿಯಗಳು ಎಚ್ಚರವಾಗಿದ್ದು. ಭಗವಂತನ ಕಡೆ ಮನಸ್ಸನ್ನು ಹರಿಸುವ ಸ್ಥಿತಿ ಇದು ನಮ್ಮ ಧ್ಯಾನ. ಇದನ್ನ ಸಂಪ್ರಜ್ಞಾತ ಸಮಾಧಿ ಅಂತ ಕರೀತಾರೆ. ಸಂಪ್ರಜ್ಞಾತ ಅಂದ್ರೆ ಹೊರಪ್ರಪಂಚದ ಜ್ಞಾನದ ಜೊತೆಗಿದ್ದು ನಾವು ಧ್ಯಾನದಲ್ಲಿ ಮುಳುಗಿದ್ದೇವೆ ಅಂತ ಅರ್ಥ.",3070,3803,,,100
kn_kannada_23_0005,kannada_23,kn,Dvaita,5,"ಅಸಂಪ್ರಜ್ಞಾತ ಸಮಾಧಿ ಅಂದ್ರೆ ಹೊರ ಪ್ರಪಂಚದ ಅರಿವೇ ಇಲ್ಲ. ಅಂದ್ರೆ ನಮಗೆ ಸ್ಪಷ್ಟತೆಗೋಸ್ಕರ ಒಬ್ಬನಿಗೆ ಅನಸ್ತೇಶಿಯಾ ಕೊಟ್ರೆ ಅವನಿಗೆ ಹೊರ ಪ್ರಪಂಚದಲ್ಲಿ ಏನು ನಡೀತೆ ಅಂತ ಗೊತ್ತಿಲ್ಲ. ಹೊರ ಪ್ರಪಂಚ ಬಿಡಿ ಅವನ ದೇಹವನ್ನೇ ಕೊಯ್ದರು ಅವನಿಗೆ ಗೊತ್ತಾಗಲ್ಲ, ನೋವಾಗಲ್ಲ. ಇದು ಅಸಂಪ್ರಜ್ಞಾತ ಸಮಾಧಿ. ನಾವು ಹಿರಣ್ಯಕಶುಪು ತಪಸ್ಸು ಮಾಡಿದ ಅವನ ಮೈಮೇಲೆ ಎಲ್ಲ ಹುತ್ತ ಬೆಳೆಯಿತು ಅಂತ ಹೇಳ್ತೀವಿ ನೋಡ್ರಿ. ಅದು ಅಸಂಪ್ರಜ್ಞಾತ ಸಮಾಧಿ. ಅವನು ಹಿರಣ್ಯಕಶಿಪು ಅಂದ್ರೆ ಆ ದೇಹದ ಒಳಗಡೆ ಇರುವ ಒಬ್ಬ ಆತ್ಮ. ಅವನು ಅಣು. ಎಲ್ಲೋ ಒಂದು ಎಲುಬಲ್ಲಿ ಆತ ಆಶ್ರಯಿಸಿಕೊಂಡಿದ್ದಾನೆ. ಹೊರ ದೇಹಕ್ಕೆ ಏನಾದರೂ ಅವನಿಗೆ ಗೊತ್ತಿಲ್ಲ. ಬ್ರಹ್ಮದೇವರು ಬಂದು ತೀರ್ಥ ಪ್ರೋಕ್ಷಣೆ ಮಾಡಿದಾಗ ಅವನಿಗೆ ಪಾಂಚಭೂತಿಕ ದೇಹ ಮತ್ತೆ ಸೃಷ್ಟಿಯಾಯಿತು. ಇದನ್ನ ಅಸಂಪ್ರಜ್ಞಾತ ಸಮಾಧಿ ಅಂತ ಕರೆಯುತ್ತಾರೆ. ಅದನ್ನ ರಾಯರು ರಾಘವಿಂದ ಸ್ವಾಮಿಗಳು ಹೇಳ್ತಾರೆ ಭೇರಿತಾಡನೆ ಮಾಡಿದರು ಹೊರಗಡೆ ದಾಡ್ ಇಷ್ಟದಾಗಿ ಜೋರು ನಗಾರಿ ಬಡೆದರೂ ಕೂಡ ಅವನಿಗೆ ಎಚ್ಚರ ಆಗುವುದಿಲ್ಲ.",3804,4540,,,100
kn_kannada_23_0006,kannada_23,kn,Dvaita,6,ಅಂತಹ ಸ್ಥಿತಿ ಅದು ಅಸಂಪ್ರಜ್ಞಾತ ಸಮಾಧಿ ಅಂತ. ಇದು ಅಪರೋಕ್ಷ ಜ್ಞಾನಿಯ ಲಕ್ಷಣ ಅಂತ ನನಗೆ ಗೊತ್ತು. ಈ ಸಮಾಧಿ ಸ್ಥಿತಿಗೆ ಹೋಗಬೇಕಾದರೆ ದೇವರನ್ನ ಕಾಣದ ಹೊರತು ಈ ಸ್ಥಿತಿ ಸಾಧ್ಯವಿಲ್ಲ. ಪರಮಾನಂದ ಮಗ್ನಹ ಅಂತ ದೇವರನ್ನು ನೋಡಿದಾಗ ಅವನಲ್ಲಿ ಗೌರವ ಮತ್ತು ಸ್ನೇಹ. ಇವೆರಡು ಬೆಳೆದಾಗ ಅದನ್ನು ಬಿಟ್ಟು ಈ ಹೊಲಸು ಪ್ರಪಂಚವನ್ನು ನೋಡುವ ಭಾವನೆ ನಮಗೆ ಬರೋದಿಲ್ಲ. ಅಲ್ಲಿ ತಲ್ಲೀನನಾಗಿರುತ್ತೇವೆ. ನಿಮಗೆ ಒಂದು ಮಹಾಭಾರತದ ಘಟನೆಯನ್ನು ಹೇಳುತ್ತೇನೆ. ಶ್ರೀಕೃಷ್ಣನನ್ನ ಅವನು ಸಂಧಾನಕ್ಕಾಗಿ ಕುರುಕುಲಕ್ಕೆ ಬಂದಾಗ ದುರ್ಯೋಧನ ಅವನನ್ನು ಕಟ್ಟಿ ಹಾಕಬೇಕು ಅಂತ ತೀರ್ಮಾನ ಮಾಡ್ತಾನೆ. ವಿಶ್ವರೂಪ ದರ್ಶನವನ್ನ ಮಾಡ್ತಾನೆ ಶ್ರೀಕೃಷ್ಣ. ವಿಶ್ವರೂಪವನ್ನ ತೋರುತ್ತಾನೆ. ಮೊದಲ ವಿಶ್ವರೂಪ ಪ್ರದರ್ಶನ ಅದು. ತಾಯಿಗೆ ಅಮ್ಮನಿಗೆ ಬಾಯಲ್ಲಿ ತೋರಿಸಿದ. ಇಲ್ಲಿ ಎಲ್ಲರಿಗೂ ತೋರಿಸಿದ. ಆ ವಿಶ್ವರೂಪವನ್ನು ನೋಡಿದ ಕೂಡಲೇ ದುರ್ಯೋಧನ ಕಣ್ಣು ಮುಚ್ಚಿಕೊಂಡ. ಸೂರ್ಯನನ್ನು ನೋಡಿದ್ರೆ ನಾವು ನೇರ ನೋಡಿದ್ರೆ ನೋಡೋಕೆ ಆಗಲ್ಲ ಕಣ್ಣು ಮುಚ್ಚಿಕೊತೀವಿ. ಆ ಸಂದರ್ಭದಲ್ಲಿ ಧೃತರಾಷ್ಟ್ರನಿಗೆ ದಿವ್ಯ ದೃಷ್ಟಿಯನ್ನು ಕೊಟ್ಟ.,4541,5326,,,101
kn_kannada_23_0007,kannada_23,kn,Dvaita,7,"ನಿನ್ನ ಮಗ ನನ್ನನ್ನು ಕಟ್ಟಕ್ಕೆ ಹೊರಟಿದ್ದಾನೆ, ನಾನು ಯಾರು ಅಂತ ನೋಡು ಮಗನಪ್ಪ ಧೃತರಾಷ್ಟ್ರ ಅಂತ ಅವನಿಗೆ ದಿವ್ಯ ದೃಷ್ಟಿ ಕೊಟ್ಟ. ಅವನು ಸಾಧಕ ಧೃತರಾಷ್ಟ್ರ. ಭಗವಂತನ ಆ ವಿಶ್ವರೂಪದ ದರ್ಶನ ಆಯಿತು. ಕೃಷ್ಣನಿಗೆ ಹೇಳ್ತಾನೆ, ಕೃಷ್ಣ ನನ್ನ ಕಣ್ಣನ್ನ ಮತ್ತೆ ಕುರುಡು ಮಾಡು. ನಿನ್ನ ಈ ಭವ್ಯವಾದ ರೂಪವನ್ನು ನೋಡಿದ ಮೇಲೆ ನಾನು ಹೊಲಸು ಪ್ರಪಂಚವನ್ನು ನೋಡಬಾರದು. ಅದನ್ನು ನೋಡುವ ಆಸೆ ಇಲ್ಲ ನನಗೆ. ನಾನು ಜೀವನದಲ್ಲಿ ಒಮ್ಮೆ ನನಗೆ ಕಣ್ಣು ಕೊಟ್ಟಿದ್ದೀಯಾ ನೀನು. ನಾನು ನೋಡಿದ್ದು ನಿನ್ನ ಈ ರೂಪವನ್ನ. ಇದು ಸ್ಥಿರವಾಗಿ ನನ್ನ ಮನಸ್ಸಲ್ಲಿ ನಿಲ್ಲಬೇಕು. ಬೇರೆ ಪ್ರಪಂಚವನ್ನ ನೋಡಿದರೆ ಅದು ಇದರ ಜೊತೆ ಮಿಕ್ಸ್ ಆಗಿಬಿಡುತ್ತದೆ. ಆದ್ದರಿಂದ ನಿನ್ನ ರೂಪದ ದರ್ಶನ ಮಾತ್ರ ನನಗೆ ಬರುವಂತೆ ನನ್ನನ್ನು ಕುರುಡು ಮಾಡು ಅಂತ ಕೇಳ್ತಾನೆ. ನಾನು ಯಾಕೆ ಈ ಸಂದರ್ಭವನ್ನು ಹೇಳಿದೆ ಅಂದ್ರೆ. ಯಾರು ಭಗವಂತನ ಅಪರೋಕ್ಷ ಜ್ಞಾನವನ್ನು ಪಡೀತಾನೋ ಅವನು ಭಗವಂತನ ಆ ರೂಪಕ್ಕೆ ಮನಸ್ಸು ಸೋತಿರ್ತಾನೆ.",5327,6022,,,101
kn_kannada_23_0008,kannada_23,kn,Dvaita,8,"ಪಂಚ ಅವನ ಮುಂದೆ ಆ ರೂಪದ ಮುಂದೆ ತುಚ್ಛವಾಗಿ ಕಾಣಿಸುತ್ತದೆ. ಹೀಗಾಗಿ ಸಮಾಧಿಸ್ಥಸ್ಯ ಅಂದ್ರೆ ಈ ಅಸಂಪ್ರಜ್ಞಾತ ಸಮಾಧಿಯಲ್ಲಿ ಇರುವವನು. ಅವನು ಅಪರೋಕ್ಷ ಜ್ಞಾನಿ. ಇದು ನನಗೆ ಗೊತ್ತು. ಆದರೆ ಅವನು ದಿನಕ್ಕೆ 24 ಗಂಟೆನೂ ಈ ಸಮಾಧಿಯಲ್ಲಿ ಇರಲ್ಲ ಅಲ್ಲ. ಕೆಲವು ಸತ್ಯ ಮನಸ್ಸಿನಿಂದ ತಪ್ಪು ಹೋಗ್ತಾನೆ ದೇವರು. ಆವಾಗ್ಲೂ ಅವನು ಪರೋಕ್ಷ ಜ್ಞಾನಿ ಅಂತ ನಾನು ಗುರುತಿಸಬೇಕು. ನಮ್ಮ ಜೊತೆಯಲ್ಲಿ ಆಡುವಾಗ, ಕೂಡುವಾಗ, ನಡೆಯುವಾಗ ಅವನು ಆ ಧ್ಯಾನದಲ್ಲಿ ಇರೋದಿಲ್ಲ. ಅಂತಹ ವ್ಯಕ್ತಿಗಳನ್ನ ನಾನು ಭಗವಂತನನ್ನು ನೋಡಿದವ ಅಂತ ಗುರುತಿಸಬೇಕು. ಆ ಗುರುತಿಸೋಕೆ ಬೇಕಾದ ಕೆಲವು ಲಕ್ಷಣಗಳನ್ನ ನನಗೆ ಹೇಳು ಶ್ರೀಕೃಷ್ಣ. ಸಮಾಧಿಯಲ್ಲಿ ಇರುವವನು ಅಂತ ಹೇಳಬೇಡ. ನಾನು ನೋಡಿದವರೆಲ್ಲ ಸಮಾಧಿಯಲ್ಲೇ ಇರ್ತಾರೆ ಅಂತ ಇಲ್ಲ. ಅಂದ ಸಮಾಧಿಸ್ಥನಾದವನು ಅಪರೋಕ್ಷ ಜ್ಞಾನಿ ಅಂತ ನನಗೆ ಗೊತ್ತು. ಅವನು ಸಮಾಧಿಯಿಂದ ಹೊರ ಬರುವಾಗಲೂ ಕೂಡ ಅವನು ಅಪರೋಕ್ಷ ಜ್ಞಾನಿ. ಎಲ್ಲರಂತೆ ಅಲ್ಲ ಅಂತ ನಾನು ಗುರುತಿಸಬೇಕಾದರೆ ಅವನ ಕೆಲವು ಲಕ್ಷಣಗಳನ್ನು ಹೇಳು.",6023,6747,,,101
kn_kannada_23_0009,kannada_23,kn,Dvaita,9,"ಮತ್ತೊಂದು ಜಿಜ್ಞಾಸೆಯನ್ನು ಮುಂದಿಡುತ್ತಾನೆ ಸ್ಥಿತಧೀಹಿ ಕಿಂ ಪ್ರಭಾಷೇತ. ಅರ್ಜುನನು ಭಗವಂತನ ಅಪರೋಕ್ಷವನ್ನ ಪಡೆದವ. ಅದಕ್ಕೆ ಹೇಳ್ತಾನೆ ಸ್ಥಿತ ಧೀಹಿ ಸಮಾಧಿಸ್ಥ ಅಂದ್ರು ಸ್ಥಿತ ಧೀಹಿ ಸ್ಥಿತ ಪ್ರಜ್ಞ ಅಂದ್ರು ಸ್ಥಿತ ಧೀಹಿ ಅಂದ್ರು ಒಂದೇ ಅರ್ಥ ಅಲ್ಲಿ ಪ್ರಜ್ಞಾ ಶಬ್ದ ಇದೆ. ಇಲ್ಲಿ ಅದಕ್ಕೆ ಪರ್ಯಾಯವಾದ ಧೀಹಿ ಅನ್ನೋ ಶಬ್ದ ಇದೆ. ಸ್ಥಿತ ಧೀಹಿ ಅಪರೋಕ್ಷ ಜ್ಞಾನಿಯು ಕಿಂ ಪ್ರಭಾಷೇತ? ಈ ಶಬ್ದಕ್ಕೆ ನಮಗೆ ಕಾಣಿಸೋದು ಏನು ಮಾತಾಡ್ತಾನೆ ಅಂತ. ಏನು ಮಾತಾಡ್ತಾನೆ ಅಲ್ಲ. ಯಾಕೋಸ್ಕರ ಮಾತಾಡ್ತಾನೆ? ಆ ಭಗವಂತನ ದಿವ್ಯ ರೂಪವನ್ನು ನೋಡಿದ ಮೇಲೆ ಪ್ರಪಂಚದ ಬಗ್ಗೆ ಮಾತನಾಡಬೇಕು ಅಂತ ಅನಿಸೋದಕ್ಕೆ ಸಾಧ್ಯವಿಲ್ಲ. ಆದರೆ ಅಂಥವನು ಕೂಡ ಸಮಾಧಿಯಿಂದ ಹೊರ ಬಂದರೆ ಪ್ರಾಪಂಚಿಕ ವ್ಯವಹಾರಗಳನ್ನ ಮಾಡ್ತಾನೆ ಅದು ಯಾತಕ್ಕೋಸ್ಕರ ಹೇಳು? ಹೇಗೆ ಮಾಡ್ತಾನೆ ಹೇಳು? ಕಿಂ ಪ್ರಭಾಷೇತ? ಕಿಂ ಆಸೀತ? ಅವನು ಕೂಡೋದು, ನಡೆಯೋದು ಇದನ್ನಾದರೂ ಯಾಕೆ ಮಾಡ್ತಾನೆ? ಆ ಸಮಾಧಿಯಲ್ಲೇ ಇರಬೇಕಲ್ಲ ಅವನು. ದೇವರ ರೂಪವನ್ನು ಬಿಟ್ಟು ಹೊರ ಬರಲಿಕ್ಕೆ ಮನಸ್ಸಾದರೂ ಹೇಗೆ ಬರುತ್ತದೆ ಅವನಿಗೆ?",6748,7503,,,105
kn_kannada_23_0010,kannada_23,kn,Dvaita,10,"ವ್ರಜೇತ ಕಿಂ? ಯಾಕೆ ಮಾತಾಡ್ತಾನೆ? ಯಾಕೆ ಸುಮ್ನೆ ಕೂಡುತ್ತಾನೆ? ಯಾಕೆ ನಡೀತಾನೆ? ಯಾಕೆ ಭಿಕ್ಷಾಟನೆ ಮಾಡ್ತಾನೆ? ಯಾಕೆ ಉಣಬೇಕು ಅವನು? ಆದರೆ ಇದನ್ನೆಲ್ಲಾ ಮಾಡ್ತಾರೆ. ಶುಕ ವಾಮದೇವಾದಿಗಳು ಅಪರೋಕ್ಷ ಜ್ಞಾನಿಗಳು ಆ ಸಮಾಧಿಯಿಂದ ಹೊರಬಂದ ಕೂಡಲೇ ಅವರಿಗೂ ಹೊಟ್ಟೆ ಹಸಿವು ಶುರುವಾಗುತ್ತೆ. ಭಿಕ್ಷಾಟನೆಗೆ ಹೊರಡುತ್ತಾರೆ. ಅವರು ಉಳಿದವರಿಗಿಂತ ಹೇಗೆ ವಿಭಿನ್ನರಾಗಿರುತ್ತಾರೆ, ಉಳಿದವರಂತೆ ಮಾತಾಡ್ತಾರೆ, ನಡೀತಾರೆ, ಕೂಡ್ತಾರೆ, ಉಣ್ತಾರೆ, ಭಿಕ್ಷೆ ಬೇಡ್ತಾರೆ. ಅವರ ಆ ವ್ಯವಹಾರಕ್ಕೂ ಉಳಿದವರ ವ್ಯವಹಾರಕ್ಕೂ ವ್ಯತ್ಯಾಸ ಏನು ಹೇಳು ಕೃಷ್ಣ ಅಂತ. ಇದು ನಮ್ಮ ಪರವಾಗಿ ಸ್ವಯಂ ಅರ್ಜುನ ಅಪರೋಕ್ಷ ಜ್ಞಾನಿಯಾಗಿ ಇದರ ಅನುಭವ ಇದ್ದರೂ ಕೃಷ್ಣನನ್ನ ಅರ್ಜುನ ಕೇಳ್ತಾ ಇದ್ದಾನೆ. ಇದು ಅರ್ಜುನನ ಪ್ರಶ್ನೆ ಮಧ್ಯದಲ್ಲಿ. ಉತ್ತಮ ಶ್ಲೋಕ ಅರ್ಜುನ ಉವಾಚ ಸ್ಥಿತಪ್ರಜ್ಞಸ್ಯ ಕಾ ಭಾಷಾ ಸಮಾಧಿಸ್ಥಸ್ಯ ಕೇಶವ ಸ್ಥಿತಧಿ ಕಿಂ ಪ್ರಭಾಷೇತ ಕಿಮಾಸೀತ ವ್ರಜೇತ ಕಿಂ ಮುಂದಿನ 55ನೇ ಶ್ಲೋಕದಿಂದ ಶ್ರೀಕೃಷ್ಣ ಒಂದು ನಾಲ್ಕೈದು ಶ್ಲೋಕಗಳಲ್ಲಿ ಅಸ್ತಿತಪ್ರಜ್ಞನ ಲಕ್ಷಣವನ್ನು ಹೇಳ್ತಾರೆ. ಅದು ನಮಗೊಂದು ಮಾರ್ಗದರ್ಶನ. ನಾವು ದೇವರನ್ನು ನೋಡುತ್ತೇವೋ ಇಲ್ವೋ ಆದರೆ ಈ ಲಕ್ಷಣ ಏನು ಹೇಳ್ತಾರೋ ಅದು ನಮಗೂ ಅಗತ್ಯ.",7504,8357,,,111
kn_kannada_23_0011,kannada_23,kn,Dvaita,11,ನೋಡಬೇಕಾದವರಿಗೂ ಅಗತ್ಯವಾದ ನೋಡಿದವರು ಮಾಡುವ ಕೆಲವು ಗುಣಧರ್ಮಗಳನ್ನ ಶ್ರೀಕೃಷ್ಣ ಅರ್ಜುನನ ಪ್ರಶ್ನೆಗೆ ಉತ್ತರವನ್ನಾಗಿ ಮುಂದೆ ಹೇಳ್ತಾನೆ. ಶ್ರೀ ಭಗವಾನ್ ಉವಾಚ ಪ್ರಜಹಾತಿ ಯದಾ ಕಾಮಾನ್ ಸರ್ವಾನ್ ಪಾರ್ಥವನೋಗತಾನ್ ಆತ್ಮನ್ಯೇವಾತ್ಮನಾ ತುಷ್ಟಃ ಸ್ಥಿತಪ್ರಜ್ಞಸ್ತದೋಚ್ಯತೆ ಪದವಿಭಗ ಪ್ರಜಹಾತಿ ಯದಾ ಕಾಮಾನ್ ಸರ್ವಾನ್ ಪಾರ್ಥ ಮನೋಗತಾನ್ ಆತ್ಮನಿ ಏವ ಆತ್ಮನಾ ತುಷ್ಟಃ ಸ್ಥಿತಪ್ರಜ್ಞಃ ತದಾ ಉಚ್ಯತೆ ಮೊದಲ ಲಕ್ಷಣ. ಯದಾ ಮನೋಗತಾನ್ ಸರ್ವಾನ್ ಕಾಮಾನ್ ಪ್ರಜಹಾತಿ ತದಾ ಸ್ಥಿತಪ್ರಜ್ಞ ಆಗ ಅವನು ಸ್ಥಿತಪ್ರಜ್ಞ ಅಂತ ಅನ್ನಿಸ್ತಾನೆ. ಮನೋಗತ ನಮ್ಮ ಮನಸ್ಸಿನಲ್ಲಿ ಅನೇಕ ಕಾಮನೆಗಳಿರುತ್ತವೆ. ನಾವು ಬೆಳೆದಂತೆ ಬೆಳೆದಂತೆ ಬೆಳೆದಂತೆ ಈ ಕಾಮನೆಗಳು ಬೆಳಿತಾ ಹೋಗ್ತದೆ. ಮಕ್ಕಳಲ್ಲಿ ಹಸಿವಾದಾಗ ಹಸಿವು ಅಂತ ಆಹಾರದ ಬಗ್ಗೆ ಯೋಚನೆ ಮಾಡುತ್ತೇವೆ. ಆದರೆ ನಾವು ಹಸಿವಾದಾಗ ಮಾತ್ರ ಅಲ್ಲ. ಹಸಿವು ಇಂಗಿದ ಮೇಲೂ ಕೂಡ ಬೆಳಿಗ್ಗೆ ಆಯ್ತು ಸಾಯಂಕಾಲಕ್ಕೆ ಬೇಕು ಅಂತೀವಿ. ಸಾಯಂಕಾಲ ಆಯ್ತು ನಾಳೆಗೆ ಬೇಕು. ನಾಳೆಗೆ ಮುಗಿದರೂ ನನ್ನ ಜೀವಮಾನಕ್ಕೆ ಬೇಕು. ಈ ಕಾಮನೆಗಳು ನಮ್ಮಲ್ಲಿ ಆರೋದೇ ಇಲ್ಲ.,8358,9126,,,100
kn_kannada_23_0012,kannada_23,kn,Dvaita,12,"ಅನೇಕ ಅಭಿಲಾಷೆಗಳು ನಮ್ಮ ಮನಸ್ಸಿನಲ್ಲಿ ಚಿಗುರುತಾ ಇರುತ್ತವೆ. ಯಾವುದರ ಕಾಮನೆಗಳು? ಭೋಗ್ಯ ವಸ್ತುಗಳ ಕಾಮನೆಗಳು ಮುಗಿಯೋದೇ ಇಲ್ಲ ಅದು. ದುಡ್ಡು ಬೇಕು ಅಂತ ಕಾಮನೆ, ದುಡ್ಡು ಬಂತು. ದುಡ್ಡು ಬಂದಮೇಲೆ ನಮ್ಮ ಮನೆಗೆ ಉಪಯೋಗ ಆಗುವ ಆ ಸಲಕರಣೆ ಬೇಕು. ಈ ಒಂದು ಬಂತು ಮತ್ತೊಂದು ಬೇಕು, ಮತ್ತೊಂದು ಬಂತು ಇನ್ನೊಂದು ಬೇಕು. ಹೀಗೆ ಮನಸ್ಸಿನಲ್ಲಿ ಭೋಗ್ಯ ವಸ್ತುಗಳ ಬಗ್ಗೆ ನಮ್ಮ ಜೀವನಕ್ಕೆ ಸುಖವಾಗಿ ಇರಬೇಕಾದರೆ ಆ ಸಲಕರಣೆಗಳ ಬಗ್ಗೆ ಅನಂತ ಕಾಮನೆಗಳು ಇರುತ್ತವೆ. ಇದು ಬಿಟ್ಟು ಇನ್ನು ಬೇರೆ ಬೇರೆ ನಮ್ಮ ಕಾಮನೆಗಳಿಗೆ ಇತಿಮಿತಿ ಇಲ್ಲ. ಅರುವಾನ್ ಮನೋಗತಾನ್ ಕಾಮಾನ್ ಯದಾ ಪ್ರಜಹಾತಿ ಅವನ ಮನಸ್ಸಿನಲ್ಲಿ ಯಾವುದೇ ಆಸೆಗಳು ಯಾವತ್ತೂ ಚಿಗುರೋದಿಲ್ವೋ ಎಲ್ಲ ಆಸೆಗಳನ್ನು ಕೃಷ್ಣಾರ್ಪಣ ಅಂದಿರ್ತಾನೋ ತದಾ ಸ್ಥಿತಪ್ರಜ್ಞಃ ಆಗ ಅವನನ್ನ ಸ್ಥಿತಪ್ರಜ್ಞ ಅಂತ ಕರೀತೀವಿ. ಬರೆ ಕಾಮನೆಗಳು ಮಾತ್ರ ಅಲ್ಲ. ಸಿಟ್ಟು ಇದೆ, ಅಸೂಯೆ ಇದೆ, ದ್ವೇಷ ಇದೆ, ಹೀಗೆ ಮನಸ್ಸಿನಲ್ಲಿರುವ ಈ ದುಷ್ಟ ಭಾವಗಳನ್ನೆಲ್ಲ ಯಾರು ಕಳೆದುಕೊಳ್ಳುತ್ತಾನೋ ಅವನನ್ನ ಸ್ಥಿತಪ್ರಜ್ಞ ಅಂತ ನಾವು ಕರೀತೀವಿ.",9127,9885,,,106
kn_kannada_23_0013,kannada_23,kn,Dvaita,13,"ಇದು ಮುಖ್ಯವಾದ ಒಂದು ಲಕ್ಷಣ. ಅವನಿಗೆ ಯಾವುದರ ಬಗ್ಗೆಯೂ ಅಭಿಲಾಷೆ ಇಲ್ಲ. ಅದು ಬೇಕೋ ಇದು ಬೇಕೋ ಊಟ ಬೇಕೋ ತಿಂಡಿ ಬೇಕೋ ಅಂದ್ರೆ ಕೊಟ್ಟೆ ತಿಂತೇನೆ ಅಂತಾನೆ ಅವನು. ತಿಂದ ಮೇಲೆ ಇನ್ನಷ್ಟು ಉಳಿತು ಇದನ್ನ ಇಡು ರಾತ್ರಿಗೆ ಅನ್ನೋದಿಲ್ಲ ಅವನು. ಹೀಗೆ ಮನಸ್ಸಿನಲ್ಲಿ ಸಕಲ ಕಾಮನೆಗಳನ್ನು ಕಳೆದುಕೊಂಡವ. ಅವನು ಸ್ಥಿತಪ್ರಜ್ಞ. ಭಾಗವತದಲ್ಲಿ ಶ್ರೀಕೃಷ್ಣನ ಪೂರ್ವಜ ಯಾದವರು ಅಂತ ಅವರಿಗೆ ಹೆಸರು. ಅವರ ಆರಂಭದ ಕುಲದ ಆರಂಭದ ವ್ಯಕ್ತಿ ಯದುರಾಜ ಅಂತ. ಆತ ತನ್ನ ಆಡಳಿತದಲ್ಲಿ ಒಂದು ಸತಿ ಸಂಚಾರಕ್ಕೆ ಹೊರಡುತ್ತಾನೆ. ಒಬ್ಬ ಅವಧೂತ ಒಂದು ಮರದ ಕೆಳಗಡೆ ಆನಂದವಾಗಿ ಕೂತಿದ್ದಾನೆ. ಅವನನ್ನು ನೋಡಿದ. ನಗುನಗ್ತಾ ಇದ್ದಾನೆ, ಅವನ ಮುಖ ನೋಡಿದ್ರೆ ಅವನಿಗೆ ಯಾವುದೇ ರೀತಿಯ ಟೆನ್ಶನ್, ಉದ್ವೇಗ ಕಾಣಿಸುವುದಿಲ್ಲ. ಹೋಗಿ ಕೇಳಿದ, ಎಲ್ಲಿ ನಿನ್ನ ಮನೆ ಅಂತ. ನಕ್ಕ, ನನಗೆ ಮನೆ ಇಲ್ಲ. ಮತ್ತೆ ಬಂಧುಗಳು ಯಾರಿಲ್ಲ. ಅವಾಗ ಯದುರಾಜ ಹೇಳ್ತಾನೆ. ಜನೇಷು ದಹ್ಯಮಾನೇಷು ಕಾಮಲೋಭದವಾಗ್ನಿನಾ ನದಹ್ಯಸೆ ತಥಾ ಬ್ರಹ್ಮನ್ ಅರೇ ಋಷಿ ಸಾಧಕನೇ ನಮ್ಮ ರಾಜ್ಯದಲ್ಲಿ ನಾನು ಇವಾಗ ನೂರಾರು ಜನರನ್ನು ನೋಡಿದ್ದೇವೆ.",9886,10658,,,111
kn_kannada_23_0014,kannada_23,kn,Dvaita,14,"ಎಲ್ಲರೂ ಬಿಸಿ ಬಿಸಿ ಬಿಸಿ ದಖ್ಯಮಾನೇಶು ತಲೆ ಮೇಲೆ ಬೆಂಕಿ ಬಿದ್ದಂತೆ ಓಡಾಡುತ್ತಿದ್ದಾರಪ್ಪ. ಯಾವುದರಿಂದ ಏನು ಬೆಂಕಿ ಕಾಮ ಲೋಭ ದವಾಗ್ನೆನ ಮನಸ್ಸಿನಲ್ಲಿ ನೂರಾರು ಆಸೆಗಳನ್ನು ತುಂಬಿಕೊಂಡು ದಾವಾಗ್ನಿ ಕಾಡ್ಗಿಚ್ಚು ತನ್ನ ಮೈಮೇಲೆ ಬಿದ್ದಿದೆ ಅನ್ನೋ ರೀತಿಯಲ್ಲಿ ಆ ಆಸೆಗಳನ್ನು ತಣಿಸೋಕೋಸ್ಕರ ಓಡಾಡ್ತಾ ಇದ್ದಾರೆ ಆದರೆ ನಿನಗೆ ಒಂದು ಯೋಚನೆಯೂ ಇಲ್ಲ ಮನೆ ಇಲ್ಲ ಅಂತಿ ರಾಮಣಿ ಇಲ್ಲ ಅಂತಿ ಯಾವ ಸಂಪರ್ಕವೂ ಇಲ್ಲದಿದ್ದರೂ ಕೂಡ ಅಯ್ಯೋ ಯಾವುದು ಇಲ್ವಲ್ಲ ಅಂತ ವ್ಯಥೆ ಪಡದೆ ನಗನಗ್ತಾ ಇದಿಯಲ್ಲ ಇದು ಹೇಗೆ ಸಾಧ್ಯ ಆಯ್ತು. ಅಪರೋಕ್ಷ ಜ್ಞಾನಿಗಳು ಹೀಗಿರುತ್ತಾರೆ. ಅವರಿಗೆ ದೇವರ ಬಗ್ಗೆ ಪೂರ್ಣ ನಂಬಿಕೆ ಇದೆ. ದೇವರಿಗೆ ನಾನು ಇನ್ನಷ್ಟು ಧ್ಯಾನ ಮಾಡಬೇಕು, ಅವನನ್ನು ನೋಡಬೇಕು, ಆನಂದ ಪಡಬೇಕು ಅಂತ ಅವನ ಸಂಕಲ್ಪ ಇದ್ರೆ. ನನಗೆ ಎಲ್ಲಿ ಹೇಗೆ ಇದ್ದರೂ ಕೂಡ ನನ್ನ ಈ ದೇಹವನ್ನು ಉಳಿಸುವ ಏರ್ಪಾಟು ಮಾಡುತ್ತಾನೆ. ಯೋಗಕ್ಷೇಮಂ ವಹಾಮ್ಯಹಂ ಅಂತ ಕೃಷ್ಣ ಏನು ಹೇಳಿದ್ದಾರೋ ಅದರ ಬಗ್ಗೆ ದೃಢವಾದ ನಂಬಿಕೆ ಅವರಿಗಿದೆ.",10659,11374,,,103
kn_kannada_23_0015,kannada_23,kn,Dvaita,15,ಅದನ್ನ ಯಾವುದರ ಬಗ್ಗೆಯೂ ಅಪೇಕ್ಷೆ ನಿರೀಕ್ಷೆಯನ್ನ ಅವರೇ ಇಟ್ಟುಕೊಳ್ಳುವುದಿಲ್ಲ. ಇದು ದೇವರನ್ನ ನೋಡಿದವನ ಒಂದು ಲಕ್ಷಣ ಅಂತ. ಪ್ರಜಹಾತಿ ಯದಾ ಕಾಮಾನ್ ಸರ್ವಾನ್ ಪಾರ್ಥ ಮನೋಗತಾನ್ ತದಾ ಸ್ಥಿತಪ್ರಜ್ಞಹ ಉಚ್ಯತೆ. ಅವನು ಆತ್ಮನ್ಯೇವ ಆತ್ಮನಾ ತುಷ್ಟಃ ಅವನು ನಗುನಗುತ್ತಾ ಹೇಗಿರ್ತಾನೆ ಅಂದ್ರೆ ಅವನು ಹೊರಗಡೆ ಹೊರಕಣ್ಣು ತೆಗಿತಾ ಇದ್ರೂ ಕೂಡ ಆತ್ಮನಿ ಅಂದ್ರೆ ಪರಮಾತ್ಮನಲ್ಲಿ ಆತ್ಮನ ಪರಮಾತ್ಮನ ಪ್ರಸಾದದಿಂದ ತುಷ್ಟಃ ಪುಷ್ಕಳವಾದ ಆನಂದ ಅವನಿಗಿದೆ. ಅಂದ್ರೆ ಪರಮಾತ್ಮನನ್ನೇ ಸಾಕ್ಷಿ ಇಂದ್ರಿಯದಿಂದ ನೋಡ್ತಾ ಅದು ಹೇಗೆ ಸಾಧ್ಯ ಆಯ್ತು ಅವನಿಗೆ ಉಳಿದವರಿಗೆ ಆಗದೇ ಇರೋದು ಆತ್ಮನ. ಇಲ್ಲಿ ಅನೇಕರು ಆತ್ಮನ ಅಂದ್ರೆ ಮನಸ್ಸಿನಿಂದ ಅಂತ ಅರ್ಥ ಮಾಡ್ತಾರೆ. ಆತ್ಮನ ಅಂದ್ರೆ ಭಗವಂತನ ಪ್ರಸಾದದಿಂದ ಭಗವಂತನಿಗೆ ಸಂಕಲ್ಪ ಇದ್ರೆ ಮಾತ್ರ ಅವನು ಅವನ ಒಳಗಡೆ ಮನಸ್ಸಿಗೆ ಕಾಣುತ್ತಾನೆ. ಸಾಕು ಇವನಿಗೆ ನಾನು ದರ್ಶನ ಕೊಟ್ಟಿದ್ದು ಅಂತ ಅನಿಸಿದ್ರೆ ಮರೆಯಾಗುತ್ತೆ ಆ ರೂಪ. ಹೀಗೆ ಅಪರೋಕ್ಷ ಜ್ಞಾನಿಗೆ ದೇವರು ಮೈದೋರು ಬೇಕಾದರೆ ಭಗವಂತ ಸಂಕಲ್ಪ ಮಾಡಬೇಕು ಇವನಿಗೆ ನಾನು ಕಾಣಿಸ್ತೇನೆ ಅಂತ ಅವ್ಯಕ್ತೈಕ ಸ್ವಭಾವ.,11375,12161,,,106
kn_kannada_23_0016,kannada_23,kn,Dvaita,16,ಅವನ ಸಂಕಲ್ಪ ಇಲ್ಲದೆ ಅವನಿಗೆ ಭಗವಂತ ಕಾಣಿಸೋದಕ್ಕೆ ಸಾಧ್ಯವಿಲ್ಲ. ಆತ್ಮನ ಭಗವಂತನ ಪ್ರಸಾದದಿಂದ ಆತ್ಮನಿ ಭಗವಂತನಲ್ಲೇ ತಲ್ಲೀನನಾಗಿ ತುಷ್ಟಃ ಸಂತುಷ್ಟನಾಗಿರುತ್ತಾನೆ. ನಗು ನಗುತ್ತಾ ಇರ್ತಾನೆ. ಇದು ಅಪರೋಕ್ಷ ಜ್ಞಾನಿಯ ಮತ್ತೊಂದು ಲಕ್ಷಣ. ಮನಸ್ಸಿನಲ್ಲಿ ಯಾವ ಕಾಮನೆಗಳನ್ನು ಇಟ್ಟುಕೊಳ್ಳುವುದಿಲ್ಲ. ಯಾವತ್ತೂ ಆತ್ಮಾನಂದದಲ್ಲಿ ಭಗವಂತನ ದರ್ಶನದಿಂದ ಸಿಗುವ ಆನಂದದಲ್ಲಿ. ನಗುತ್ತಾ ಇರ್ತಾನೆ. ಇದು ಅಪರೋಕ್ಷ ಜ್ಞಾನಿಯ ಲಕ್ಷಣ ಅಂತ ಶ್ರೀಕೃಷ್ಣ ಮೊದಲು ಹೇಳಿದ. ಮತ್ತೊಮ್ಮೆ ಶ್ಲೋಕ. ಪ್ರಜಹಾತಿ ಯದಾ ಕಾಮಾನ್ ಸರ್ವಾನ್ ಪಾರ್ಥ ಮನೋಗತಾನ್ ಆತ್ಮನ್ಯೇವಾತ್ಮನಾ ತುಷ್ಟಃ ಸ್ಥಿತಪ್ರಜ್ಞಸ್ತದೋಚ್ಯತೆ ಒಂದು ಶ್ಲೋಕದಲ್ಲಿ ಎರಡು ಲಕ್ಷಣಗಳನ್ನು ನೋಡಿದ್ದೇವೆ. ಮುಂದೆ ಇದನ್ನ ಶ್ರೀಕೃಷ್ಣ ಮುಂದುವರಿಸುತ್ತಾನೆ. ಅದನ್ನ ಮುಂದಿನ ಶ್ಲೋಕದಲ್ಲಿ ಮುಂದಿನ ಭಾಗದಲ್ಲಿ ನೋಡೋಣ. ಶ್ರೀಕೃಷ್ಣಾರ್ಪಣಮಸ್ತು. ಈ ಭಾಗದ ಪ್ರಾಯೋಜಕತ್ವವನ್ನ ಅಪೇಕ್ಷೆಪಟ್ಟು ಶ್ರೀಯುತ ಎಂ.ಸಿ. ಶ್ರೀಧರ ಮೂರ್ತಿ ಅವರ ಪತ್ನಿಯಾದ ಪರಿಮಳ ಶ್ರೀಧರ ಮೂರ್ತಿ ಇವರು. ಪ್ರಾಯೋಜಕರಾಗಿ ಈ ಭಾಗಕ್ಕೆ ಸಹಕರಿಸಿದ್ದಾರೆ. ಭಗವಂತ ಅವರಿಗೆ ಶ್ರೀಕೃಷ್ಣನ ವಿಶೇಷ ಅನುಗ್ರಹವಾಗುವಂತೆ ಆಗಿ. ಅವರ ಅಭಿಷ್ಟವನ್ನು ಕರುಣಿಸಲಿ ಜ್ಞಾನ ಭಕ್ತಿ ವೈರಾಗ್ಯಗಳನ್ನು ಶ್ರೀಕೃಷ್ಣ ನೀಡಲಿ ಅಂತ ಪ್ರಾರ್ಥನೆ ಮಾಡ್ತಾ ಶ್ರೀಕೃಷ್ಣಾರ್ಪಣಮಸ್ತು.,12162,13088,,,106
kn_kannada_24_0000,kannada_24,kn,Dvaita,0,"ಶ್ರೀ ಗುರುಭ್ಯೋ ನಮಃ ಹರಿಃ ಓಂ ಅರ್ಜುನನ ಪ್ರಶ್ನೆಗೆ ಉತ್ತರವಾಗಿ ಶ್ರೀಕೃಷ್ಣ ಸ್ಥಿತಪ್ರಜ್ಞನ ಲಕ್ಷಣವನ್ನು ಅಂದ್ರೆ ದೇವರನ್ನು ಕಂಡಿರುವ ಮಹಾತ್ಮರ ಲಕ್ಷಣವನ್ನು ಹೇಳ್ತಾ ಇದ್ದಾನೆ. ಮೊದಲನೆಯ ಶ್ಲೋಕದಲ್ಲಿ ಮನಸ್ಸಿನ ಅಭಿಲಾಷೆಗಳನ್ನೆಲ್ಲ ಬಿಟ್ಟು ಯಾರು ಆತ್ಮನನ್ನು ಕಾಣುತ್ತಾ ಭಗವಂತನ ಅನುಗ್ರಹದಿಂದ ಸಂತೃಪ್ತನಾಗಿರುತ್ತಾನೋ ಅವನು ಅಪರೋಕ್ಷ ಜ್ಞಾನಿ. ಮುಂದಿನ ಲಕ್ಷಣ ಎರಡನೇ ಅಧ್ಯಾಯದ 56ನೆಯ ಶ್ಲೋಕ. दुःखेष्ವನುद्वಿಗ್ನಮನಾಃ सुखेषु विगतस्पृहः वीतरागभयक्रोधः स्थितधीर्मुनिरुच्यते ಶ್ಲೋಕದ ಪದ ವಿಭಾಗ ದುಃಖೇಶು ಅನುದ್ವಿಗ್ನ ಮನಾಹ ಸುಖೇಶು ವಿಗತ ಸ್ಪೃಹಹ ವೀತ, ರಾಗ, ಭಯ, ಕ್ರೋಧಃ ಒಂದೇ ಪದ ಅದು. ಸ್ಥಿತ ಧೀಶಿ ಮುನಿಹಿ ಉಚ್ಯತೆ. ಇಲ್ಲಿ ಜ್ಞಾನಿಯನ್ನು ಅಪರೋಕ್ಷ ಜ್ಞಾನಿಯನ್ನು ಶ್ರೀಕೃಷ್ಣ ಮುನಿಹಿ ಅಂತ ಕರೆದಿದ್ದಾರೆ. ಋಷಿ ಮುನಿಗಳು ಅಂತ ನಾವು ಕರೆಯುತ್ತೇವೆ. ಋಷ ಜ್ಞಾನಿ ಋಷಿಗಳು ಅಂದ್ರೆ ಋಷ ಜ್ಞಾನಿ ಜ್ಞಾನಿಗಳು ಇನ್ನು ಅಪರೋಕ್ಷವನ್ನ ಪಡೆಯೋದಕ್ಕೆ ಸಾಧನೆಯನ್ನ ಮಾಡ್ತಾ ಇರುವವರು. ಮುನಿಹಿ ಅಂದ್ರೆ ಅಪರೋಕ್ಷ ಜ್ಞಾನವನ್ನು ಪಡೆದವರು ನಾರದ ಮುನಿಗಳು ಅಂತ ಕರೀತೇವೆ. ವಿಶ್ವಾಮಿತ್ರ ಋಷಿಗಳು ನಾರದ ಮುನಿಗಳು.",0,821,,,102
kn_kannada_24_0001,kannada_24,kn,Dvaita,1,"ಆ ಮುನಿ ಅನ್ನೋ ಶಬ್ದವನ್ನು ಇಲ್ಲಿ ಶ್ರೀಕೃಷ್ಣ ಅಪರೋಕ್ಷ ಜ್ಞಾನ ಅನ್ನೋ ಅರ್ಥದಲ್ಲಿ ಬಳಸಿದ್ದಾನೆ. ಅವನ ಸ್ವಭಾವ ದುಃಖೇಶು ಅನುದ್ವಿಗ್ನ ಮನಾಹ. ದುಃಖ ಬಂದಾಗ ಅವನ ಮನಸ್ಸು ಉದ್ವೇಗಕ್ಕೆ ಒಳಗಾಗುವುದಿಲ್ಲ. ನಾವು ದುಃಖವನ್ನ ತಾಪತ್ರಯ ಅಂತ ಕರೀತೀವಿ. ಆದಿ ಭೌತಿಕ, ಆದಿ ದೈವಿಕ, ಆಧ್ಯಾತ್ಮಿಕ. ಆಧ್ಯಾತ್ಮಿಕ ದುಃಖ ಅಂದ್ರೆ ನಮಗೆ ಪೂರ್ವ ಜನ್ಮದ ಪಾಪದಿಂದ ಬರುವ ಕಷ್ಟ ನಷ್ಟಗಳು. ಆಧ್ಯಾತ್ಮಿಕ ದುಃಖಗಳು. ಆದಿ ದೈವಿಕ ದುಃಖಗಳು ಅಂದ್ರೆ ದೇವತಾ ಶಾಪದಿಂದ ಅವರ ಮುನಿಷಿನಿಂದ ಬರುವ ದುಃಖಗಳು. ಆದಿ ಭೌತಿಕ ಅಂದ್ರೆ ಈ ಭೂಕಂಪ, ಮಳೆ. ಹುಲಿ, ಸಿಂಹ ಇವುಗಳಿಂದ ಬರುವ ದುಃಖಗಳು. ಈ ಮೂರೂ ವಿಧದ ದುಃಖಗಳಲ್ಲಿ ಅನುದ್ವಿಗ್ನ ಮನಃ ಮನಸ್ಸಿಗೆ ಉದ್ವೇಗವನ್ನ ಪಡುವವರಲ್ಲ ಅಂತ. ನಮಗೆ ಬೆಚ್ಚಗೆ ಮನೆಯಲ್ಲಿ ಇದ್ದವರು ನಾವು. ಚಳಿಯಾಯಿತು ಅಂದ್ರೆ ಬಿಸಿ ಮಾಡುವ ಸಾಧನಗಳಿವೆ. ಒಂದು ದಿವಸ ಮಳೆಯಲ್ಲಿ ನೆನೆದರೆ ದೇಹದ ಆರೋಗ್ಯ ಕೆಡುತ್ತದೆ. ಆರೋಗ್ಯ ಕೆಟ್ಟು, ಸೀನು, ತಲೆನೋವು, ಅಸಾಧ್ಯವಾದ ಜ್ವರ. ಮನಸ್ಸು ಉದ್ವೇಗಕ್ಕೆ ಒಳಗಾಗುತ್ತೆ.",822,1549,,,101
kn_kannada_24_0002,kannada_24,kn,Dvaita,2,"ಯಾರು ಬಂದು ಹತ್ತಿರ ಬಂದು ಮಾತಾಡಿದ್ರು ನಾವು ಕೆರಳುತ್ತೀವಿ. ಮಾತಾಡಬೇಡ ಹೋಗು ಅಂತ ಮನಸ್ಸು ಕೆರಳಿರುತ್ತದೆ ಅವಾಗ. ಹೀಗೆ ದುಃಖ ಬಂದಾಗ ಉದ್ವೇಗಗೊಳ್ಳುವ ಮನಸ್ಸು ನಮ್ಮದು. ಆದರೆ ಧ್ಯಾನಿಯಾದವನು ದುಃಖ ಬಂದಾಗ ಯಾವ ಉದ್ವೇಗಕ್ಕೂ ಒಳಗಾಗಲ್ಲ. ನಮ್ಮಲ್ಲಿ ಒಂದು ಮಾತಿದೆ ವಿಷಶಂಕಾ ಮರಣ ಹೇತುಹು ಅಂತ. ಹಾವು ಕಚ್ಚಬೇಕಾಗಿಲ್ಲ. ಕಾಲಿಗೆ ಏನೋ ಚೊಚ್ಚಿತು. ವಿಷದ ಹಾವು ಕಚ್ಚಿತು. ಪಕ್ಕದಲ್ಲಿ ಹಾವು ಹೋಗ್ತಾ ಇತ್ತು ಅದು ಕಚ್ಚಿತು ಅಂತ ಅವನಿಗೆ ಭ್ರಮೆ ಬಂತು. ಆ ಭ್ರಮೆ ಬಂದ್ರು ಸಾಕು ಅವನು ಸಾಯ್ತಾನೆ ಅಂತ. ಅಲ್ಲಿಗೆ ನಮ್ಮ ದೇಹಕ್ಕೆ ಬಾಧೆಗಳು ತಟ್ಟೋದಕ್ಕೆ ಆ ಸನ್ನಿವೇಶದಿಂದ ನಾವು ಉದ್ವೇಗಕ್ಕೆ ಒಳಗಾಗೋದೇ ಕಾರಣ. ನಾವು ಇತ್ತೀಚೆಗೆ ಒಂದು ಘೋರವಾದ ರೋಗ ನಮ್ಮ ಪ್ರಪಂಚವನ್ನು ಬಾಧಿಸಿತು ನೋಡ್ರಿ. ಆವಾಗ ವೈದ್ಯರ ಸೂಚನೆಯೇ ಆ ರೋಗ ಬಂದಾಗ ಉದ್ವೇಗ ತಗೊಳ್ಳಬೇಡಿ, ಟೆನ್ಶನ್ ತಗೊಂಡ್ರೆ ಅದು ನಿಮ್ಮನ್ನ ಮುಕ್ಕಿಬಿಡುತ್ತೆ ಅಂತ. ಹೀಗಾಗಿ. ಹೆಚ್ಚು ಜನ ಬಂದ ದುಃಖವನ್ನ ದುಪ್ಪಟ್ಟುಗೊಳಿಸಿಕೊಳ್ಳುವುದು ಮನಸ್ಸಿನ ಉದ್ವೇಗದಿಂದ, ಉದ್ವೇಗಕ್ಕೆ ಒಳಗಾಗ್ತಾರೆ.",1550,2302,,,102
kn_kannada_24_0003,kannada_24,kn,Dvaita,3,"ಜ್ಞಾನಿಯಾದವನು ಅವನು ಕೂತಿದ್ದಾನೆ. ಒಳಗಡೆ ಭಗವಂತನ ಚಿಂತನೆಯಲ್ಲಿ ಮುಳುಗಿದ್ದಾನೆ. ಇನ್ನು ಹೊರಗಡೆಯಿಂದ ದೇಹಕ್ಕೆ ಒಂದು ಚೇಳು ಕಚ್ಚಿತು. ಅವನು ತೆಗಿತಾನೆ ನಾವು ಸೊಳ್ಳೆ ಓಡಿಸ್ತೇವಲ್ಲ ತೆಗಿತಾನೆ ಆ ಕಡೆ ಹಾಕ್ತಾನೆ. ಚೇಳು ಕಚ್ಚಿತು, ಮೈ ಗಾಯ ಆಯಿತು, ಇನ್ನು ನೀರು ಗೀರು ಮುಟ್ಟಿ ಕೀವಾದರೆ ಯಾವ ಉದ್ವೇಗಕ್ಕೂ ಒಳಗಾಗುವುದಿಲ್ಲ. ಆ ಚೇಳಿನಿಂದ ಗಾಯ ಆಯಿತು ತನ್ನಷ್ಟಕ್ಕೆ ಉಪಶಮನ ಆಗುತ್ತೆ ಅದು. ಹೀಗೆ ಆಧ್ಯಾತ್ಮಿಕವಾದ ಆದಿದೈವಿಕ ಆದಿಭೌತಿಕ ಮೂರು ವಿಧದ ದುಃಖಗಳಲ್ಲಿ ಉದ್ವೇಗವನ್ನ ಹೊಂದದೆ ಸ್ಥಿರ ಮನಸ್ಕನಾಗಿರುತ್ತಾನೆ. ಯಾಕೆಂದ್ರೆ ಅವನಿಗೆ ಗೊತ್ತು ನಾನು ಸಾಯಬೇಕು ಅಂತ ಭಗವಂತನ ಸಂಕಲ್ಪ ಇದ್ರೆ ಏನು ಮಾಡಿದರೂ ಉಳಿಯೋಕೆ ಸಾಧ್ಯವಿಲ್ಲ ಅಂತ. ಆದ್ದರಿಂದ ತನ್ನ ದೇಹಕ್ಕೆ ಈತಿ ಬಾಧೆಗಳು ಬಂದಾಗ ಭಗವಂತನ ಸಂಕಲ್ಪ ಇದ್ದರೆ ದೇಹ ಉಳಿಯುತ್ತದೆ. ದೇಹ ಹೋಯಿತೋ ದೇವರಿದ್ದಾನೆ ಇನ್ನೊಂದು ದೇಹ ಕೊಡುತ್ತಾನೆ. ಈ ಧೈರ್ಯ ಭಗವಂತನ ಮೇಲಿನ ವಿಶ್ವಾಸ ಅವನಿಗೆ ಇರೋದ್ರಿಂದ ದುಃಖ ಬಂದಾಗ ಆತ ಉದ್ವೇಗಕ್ಕೆ ಒಳಗಾಗುವುದಿಲ್ಲ. ಸುಖೇಶು ವಿಗತ ಸ್ಪೃಹಃ ನಾವು ಇಡೀ ಜೀವನದ ನಮ್ಮ ಚಟುವಟಿಕೆಗಳು.",2303,3080,,,105
kn_kannada_24_0004,kannada_24,kn,Dvaita,4,"ಅದು ಸುಖದ ಸ್ಪೃಹೆಯಿಂದ ನಡೆಯುತ್ತದೆ. ಸುಖ ಬೇಕು ಅಂತ. ಬೆಳಿಗ್ಗೆ ಎದ್ದು ಬೇಗ ಊಟ ಮಾಡಿ ಹೊರಡೋದು. ಆಫೀಸ್ ಡ್ಯೂಟಿಯಲ್ಲಿ ಶ್ರದ್ಧೆ ಅಲ್ಲ. ಆ ಕೆಲಸ ಮಾಡಿದ್ರೆ ತಿಂಗಳ ಸಂಬಳ ಸಿಗ್ತದೆ, ಸಂಬಳದಿಂದ ಸುಖವಾಗಿರಬಹುದು ಅಂತ. ನೀವು ದೂರದರ್ಶನ ನೋಡಿ ಕುಡಿಯಿರಿ, ತಿನ್ನಿ, ಕೆಲಸ ಮಾಡ್ರಿ. ಎಲ್ಲದರ ಉದ್ದೇಶ ಹಿನ್ನೆಲೆ ಸುಖ. ಈ ಸುಖದ ಸ್ಪೃಹೆಯಿಂದ, ಆಸೆಯಿಂದ ನಮ್ಮದೇ ಒಂದು ಕಲ್ಪನೆ ಇಂಥದ್ದು ಸುಖ ಅಂತ. ನಮ್ಮ ಕಾಲ್ಪನಿಕ ಸುಖಗಳು ಅದು. ನೋಡಿ ಕಾಲ್ಪನಿಕ ಅನ್ನೋದಕ್ಕೆ ಕೆಲವರಿಗೆ ಮೆಣಸು ತಿಂದ್ರೆ ಆಗಲ್ಲ. ಕೆಲವರಿಗೆ ಮೆಣಸು ತಿಂದ್ರೆ ಬಹಳ ಸುಖ ಬಹಳ ಖುಷಿ ಪಡ್ತಾರೆ ಅವರು. ಇದೆಲ್ಲಾ ನಮ್ಮ ಸುಖ ಅನ್ನೋದು ನಮ್ಮ ಇಮ್ಯಾಜಿನೇಷನ್ ಒಂದು ಮನಸ್ಸಿನ ಕಲ್ಪನೆ. ಈ ಸುಖಕ್ಕಾಗಿ ಸ್ಪೃಹಾ ಅಂದ್ರೆ ನಾವು ಹಾರಾಡುತ್ತೇವೆ. ಸುಖ ಬಂದ್ರು ಹಾರಾಟ, ಸುಖ ಸಿಗಕ್ಕೂ ಹಾರಾಟ ನಮ್ದು. ಆದರೆ ಜ್ಞಾನಿಯಾದವನು ದುಃಖ ಬಂದರೂ ಉದ್ವೇಗಕ್ಕೆ ಒಳಗಾಗುವುದಿಲ್ಲ, ಸುಖ ಬರಬೇಕು ಅಂತ ಆತ ಪ್ರಯತ್ನನೂ ಪಡೋದಿಲ್ಲ.",3081,3779,,,101
kn_kannada_24_0005,kannada_24,kn,Dvaita,5,"ಬಂದಮೇಲೆ ಆ ಸುಖ ಬಂದ್ರೆ ನಾಳೆ ಇನ್ನೊಂದು ದುಃಖ ಇದೆ ಅಂತ ದುಃಖದಂತೆ ಸುಖವು ನನಗೆ. ಇಷ್ಟವಾದ ವಸ್ತು ಅಲ್ಲ, ದುಃಖ ಹೇಗೆ ಬೇಡವೋ, ಈ ವೈಶೈಕ ಪದಾರ್ಥದಿಂದ ಬರುವ ಸುಖವು ನನಗೆ ಅಗತ್ಯ ಇಲ್ಲ ಅನ್ನುವ. ಇದು ಜ್ಞಾನಿಯ ಮತ್ತೊಂದು ಲಕ್ಷಣ. ನೋಡಿ, ಯಾರ ಹೃದಯ ದೌರ್ಬಲ್ಯ ಇದೆಯೋ, ಹಾರ್ಟ್ ಪೇಷಂಟ್, ವೈದ್ಯರು ಹೇಳ್ತಾರೆ, ನೀವು ಅತಿಯಾದ ಸುಖಕ್ಕೂ ಒಳಗಾಗಬಾರದು ಅಂತ, ಈಲ್ಡ್ ಆಗಬಾರದು ಅಂತ. ಅವನಿಗೆ ದುಃಖ ಆದರೆ ದೊಡ್ಡ ಒಂದು ದುರ್ಘಟನೆ ನಡೆದರೂ ಅವನ ಹೃದಯಕ್ಕೆ ತೊಂದರೆ ಆಗುತ್ತೆ. ಸುಖದ ಅತಿರೇಕಕ್ಕೆ ಹೋದರೂ ಆ ಹೃದಯ ತೊಂದರೆ ಕೊಡುತ್ತದೆ. ಆದರೆ ಜ್ಞಾನಿಯಾದವನು ಸುಖಕ್ಕಾಗಿ ಹಾತೊರೆಯುವುದು ಇಲ್ಲ ದುಃಖ. ಬಂದ್ರೆ ಉದ್ವೇಗಗೊಳ್ಳುವುದು ಇಲ್ಲ ಸುಖೇಶು ವಿಗತಸ್ಪೃಹಃ ವಿಷ್ಣುಪುರಾಣದಲ್ಲಿ ಒಂದು ಘಟನೆ ಬರುತ್ತದೆ ಒಬ್ಬ ಇಂತಹ ಅಪರೋಕ್ಷ ಜ್ಞಾನಿ ಅವನು ಮಾರ್ಗದಲ್ಲಿ ಹೋಗ್ತಾ ಇದ್ದಾಗ ಗೃಹಸ್ಥನೊಬ್ಬ ಅವನನ್ನ ಮನೆಗೆ ಆಹ್ವಾನ ಮಾಡಿದ. ಅವನು ಇಂತಹ ಸಾಧು ಸಂತರನ್ನ ಮನೆಗೆ ಕರೆದು ಅವರಿಗೆ ಏನು ಇಷ್ಟವೋ ಆ ಪದಾರ್ಥಗಳನ್ನ ಮಾಡಿ ಹಾಕಿ ಅವರ ಆಶೀರ್ವಾದವನ್ನ ಪಡೆಯುವ ಕ್ರಮ ಒಂದು.",3780,4547,,,112
kn_kannada_24_0006,kannada_24,kn,Dvaita,6,"ಈ ಅವಧೂತ ಬಂದ, ಏನು ಬೇಕು ಅಂದ್ರೆ ನಿಂಗೆ ಇಷ್ಟ ಬಂದದ್ದು ಮಾಡು ಅಂತ. ಸುಗ್ರಾಸವಾದ ಊಟವನ್ನ ಅವನಿಗೆ ಬಡಿಸಿದ. ಪಡಿಸಿ ಆದಮೇಲೆ ಆ ಗೃಹಸ್ಥ ಕೇಳಿದ ನಮ್ಮ ಮನೆಗೆ ಅತಿಥಿಯಾಗಿ ಬಂದಿದ್ರಿ ನನ್ನ ಪೂರ್ವ ಜನ್ಮದ ಸುಕೃತ ನೀವು ಭೋಜನ ಆದಮೇಲೆ ತೃಪ್ತರಾಗಿ ಅರಳು ಆಶೀರ್ವಾದ ಮಾಡಬೇಕು ಅಂತ ಕೇಳಿದ. ಆ ಅವಧೂತ ಅಂದ ಯಾರು ಊಟ ಮಾಡಿದ್ದಾರೋ ಅವರ ಹತ್ತಿರ ಆಶೀರ್ವಾದ ಕೇಳ್ಕೋ ಅಂತ. ಅಲ್ಲ ನನ್ನ ಎದುರುಗಡೆ ದೇವಿ ಕೂತು ಊಟ ಮಾಡಿದ್ದೀರಿ. ಈ ಕೈಯಿಂದ ಬಾಯಿಗೆ ನೀನು ಕೊಟ್ಟಿದ್ದೆಲ್ಲ ಹೋಯಿತು ಬಾಯಿಯಿಂದ ಹೊಟ್ಟೆಗೆ ಹೋಯಿತು. ನಾನು ಊಟ ಮಾಡೇ ಇಲ್ಲ. ಅಂದ್ರೆ ಒಳ್ಳೆ ಊಟ ಹಾಕಿದಾಗ ಹೊಟ್ಟೆ ತುಂಬಿತು ಹರ್ರ ಅಂತ ತೆಗಿಬಿಟ್ಟು ಖುಷಿಯಾಯಿತು ಅಂತ. ಯಾವ ಉದ್ವೇಗಕ್ಕೂ ಒಳಗಾಗಲ್ಲ ಆತ್ಮ ಊಟ ಮಾಡೋದೇ ಇಲ್ಲ ದೇಹ ತಿಂದಿದ್ದು ಅದು. ಇದು ಜ್ಞಾನಿಗಳ ಸ್ವಭಾವ ಆಗಿರುತ್ತದೆ. ಸುಖ ದುಃಖಗಳಲ್ಲಿ ಏಕರೂಪತೆಯನ್ನು ಕಾಪಾಡಿಕೊಳ್ಳುತ್ತಾರೆ. ಭೌತಿಕ ಸುಖಕ್ಕೆ ಅವರು ಮಾರು ಹೋಗುವುದಿಲ್ಲ.",4548,5228,,,102
kn_kannada_24_0007,kannada_24,kn,Dvaita,7,"ವೀತ ರಾಗ ಭಯ ಕ್ರೋಧಃ ಹಿಂದೆ ಹೇಳಿದಂತೆ ಮನಸ್ಸಿನಲ್ಲಿ ಆಸೆ ಇರುವುದಿಲ್ಲ ವೀತ ರಾಗ. ಭಯ. ಕಾಡಿನಲ್ಲಿರುವವನು. ನಮಗೆ ಅಕಸ್ಮಾತ್ ಮೃಗಾಲಯಕ್ಕೆ ಹೋಗಿ ಸಿಂಹ ಘರ್ ಅಂದ್ರು ಹೆದರಿಕೆ ಬರುತ್ತೆ. ಕಾಡಿನಲ್ಲಿದ್ದರೂ ಹಿಂಸ್ರ ಪ್ರಾಣಿಗಳಿಗೆ ಭಯಪಡುವುದಿಲ್ಲ. ಕ್ರೋಧಃ ಯಾವುದೇ ವಿಷಮ ಸನ್ನಿವೇಶಕ್ಕೆ ಒಳಗಾದರೂ ಸಿಟ್ಟಾಗಲ್ಲ. ಅಲ್ಲಿಗೆ ಮನಸ್ಸಿನ ಸ್ಥಿಮಿತವನ್ನ ಕಳೆದುಕೊಳ್ಳುವ ಕೆಲವು ವೃತ್ತಿಗಳು ಇದು. ರಾಗ, ಭಯ, ಸಿಟ್ಟು ಯಾವುದನ್ನು ಮನಸ್ಸಿನಲ್ಲಿ ಇಟ್ಟುಕೊಳ್ಳುವುದಿಲ್ಲ. ಇದರಲ್ಲಿ ಒಂದು ಅಂಶವನ್ನ ಕೃಷ್ಣನೇ ಮುಂದೆ ಸ್ಪಷ್ಟಪಡಿಸುತ್ತಾನೆ. ಮನಸ್ಸಿನಲ್ಲಿ ರಾಗ ಏನಿದೆಯೋ, ರಾಗ ಅಂದ್ರೆ ಆಸೆ. ಅದು ಬೇಕು, ಇದು ಬೇಕು ಅಂತ ಆಸೆ. ಇದು ಒಬ್ಬ ಸಾಧಕ ಕಳೆದುಕೊಳ್ಳುತ್ತಾನೆ. ಆದರೆ ರಸವರ್ಜಂ. ಈ ನೋಡಬೇಕು ಅನ್ನೋ ಚಪಲ ಇರೋದಿಲ್ಲ. ಆದರೆ. ನಾಲಿಗೆಯ ರುಚಿಯ ಬಗ್ಗೆ ಅಪೇಕ್ಷೆ ಅದು ಸಾಧಾರಣ ಸಾಧಕರಿಗೂ ಇರುತ್ತದೆ. ರಸೋಪಿ ಅಸ್ಯ ಪರಂ ದೃಷ್ಟ್ವಾ ನಿವರ್ತತಿ. ಆ ನಾಲಿಗೆಯ ರುಚಿಯ ಬಗ್ಗೆ ಅಪೇಕ್ಷೆ ಇದೆಯಲ್ಲ, ಭಗವಂತನ ಅಪರೋಕ್ಷ ಜ್ಞಾನ ಆದರೆ ಮಾತ್ರ ಹೋಗೋದು ಅಂತ.",5229,5982,,,101
kn_kannada_24_0008,kannada_24,kn,Dvaita,8,"ಅಲ್ಲಿಗೆ ನಮ್ಮ ಇಂದ್ರಿಯಗಳಲ್ಲಿ ತುಂಬಾ ಸೆಡೆತವನ್ನು ಕೊಡುವ ಇಂದ್ರಿಯ ಅಂದ್ರೆ ಜಿಹ್ವಾ ಚಾಪಲ್ಯ ಅಂತ ನಾವು ಹೇಳ್ತೀವಲ್ಲ ಅದು ಅಂತ ಇದು ಕೃಷ್ಣನ ಅಭಿಪ್ರಾಯ ಅದು. ಹೀಗೆ ಯಾರು ಮನಸ್ಸಿನಲ್ಲಿ ರಾಗ, ದ್ವೇಷ, ಭಯ ಇಂತಹ ದುರ್ಭಾವನೆಗಳನ್ನು ಮೂಡೋದಕ್ಕೆ ಅಂಕುರಿಸೋದಕ್ಕೆ ಅವಕಾಶ ಕೊಡೋದಿಲ್ವೋ ಅಂತಹ ಸ್ಥಿತ ಧೀಶಿ ಸ್ಥಿತಪ್ರಜ್ಞನಾದವನು ಮುನಿಹಿ ಇತ್ಯುಚ್ಯತೆ ಅವನಿಗೆ ಮುನಿ ಅಂತ ಹೆಸರು ಹೀಗೆ ಅಪರೋಕ್ಷ ಜ್ಞಾನಿಗಳ ಮತ್ತೊಂದು ಸ್ವಭಾವ ಇದು. ಮನಸ್ಸಿನ ದೌರ್ಬಲ್ಯಗಳಿಗೆ ಅವರು ಒಳಗಾಗುವುದಿಲ್ಲ. ಮತ್ತೊಮ್ಮೆ ಶ್ಲೋಕ ದುಃಖೇಶ್ವನುದ್ವಿಗ್ನಮನಾಃ ಸುಖೇಶು ವಿಗತಸ್ಪೃಹಃ ವೀತರಾಗ ಭಯ ಕ್ರೋಧಃ ಸ್ಥಿತಧೀಹಿ ಮುನಿರುಚ್ಯತೆ 57ನೇ ಶ್ಲೋಕ ಯಸ್ಸರ್ವತ್ರಾನಭಿಸ್ನೇಹಃ ತತ್ತತ್ ಪ್ರಾಪ್ಯ ಶುಭಾಶುಭಂ ನಾಭಿನಂದತಿ ನದ್ವೇಷ್ಟಿ ತಸ್ಯ ಪ್ರಜ್ಞಾ ಪ್ರತಿಷ್ಠಿತಾ ಪದವಿಭಾಗ ಯಹ ಸರ್ವತ್ರ ಅನಭಿಸ್ನೇಹಃ ತತ್ ತತ್ ಪ್ರಾಪ್ಯ ಶುಭಾಶುಭಂ ನ ಅಭಿನಂದತಿ ನ ದ್ವೇಷ್ಟಿ ತಸ್ಯ ಪ್ರಜ್ಞಾ ಪ್ರತಿಷ್ಠಿತಾ ಹಿಂದೆ ಹೇಳಿದ್ದನ್ನೇ ಎರಡು ಅಂಶವನ್ನು ತೆಗೆದುಕೊಂಡು ಶ್ರೀಕೃಷ್ಣ ವಿವರಣೆ ಮಾಡುತ್ತಾನೆ. ಯಹ ಯಾರು ಸರ್ವತ್ರ. ಪ್ರಪಂಚದಲ್ಲಿರುವ ಎಲ್ಲ ವಸ್ತು ವ್ಯಕ್ತಿಗಳ ಬಗ್ಗೆ ಅನಭಿಸ್ನೇಹ ಅಟ್ಯಾಚ್ಮೆಂಟ್ ಕಳೆದುಕೊಂಡಿರ್ತಾನೋ ಸ್ನೇಹ ಅಂದ್ರೆ ಅಭಿಮಾನ ಅಂತ ಅರ್ಥ ಜ್ಞಾನಿಗಳಿಗೆ ಸ್ನೇಹ ಇರುತ್ತದೆ.",5983,6899,,,114
kn_kannada_24_0009,kannada_24,kn,Dvaita,9,"ಆದರೆ ಓವರ್ ಅಟ್ಯಾಚ್ಮೆಂಟ್ ಇರೋದಿಲ್ಲ ಅವರಿಗೆ. ಅಂದ್ರೆ ಯಾರ ಸಂಪರ್ಕಕ್ಕೆ ಒಳಗಾಗ್ತಾರೋ ಆ ಸಂಪರ್ಕ ಆಕಸ್ಮಿಕವಾಗಿ ಕಡೆದು ಹೋದರೆ ಅವರು ವ್ಯಥೆ ಪಡೋದಿಲ್ಲ. ನಾವು ವ್ಯಥೆ ಪಡುತ್ತೇವೆ. ನಮ್ಮ ಬಂಧುಗಳು, ನಮ್ಮ ಆತ್ಮೀಯರು, ನಿರಂತರ ನಮ್ಮಲ್ಲಿ ಸಂಪರ್ಕ ಇರುವವರು. ಅವರು ಕಾಣೆಯಾದರೆ ನಾವು ಉದ್ವೇಗಕ್ಕೆ ಒಳಗಾಗ್ತೇವೆ. ಯಹ ಸರ್ವತ್ರ ಅನಭಿಸ್ನೇಹಃ ಯಾರು ಪ್ರಾಪಂಚಿಕ ವಸ್ತು ವ್ಯಕ್ತಿಗಳಲ್ಲಿ ಅಭಿಮಾನವನ್ನು ಇಟ್ಟುಕೊಳ್ಳುವುದಿಲ್ಲವೋ ತತ್ತತ್ ಪ್ರಾಪ್ಯ ಶುಭಾಶುಭಂ ನಾಭಿನಂದತಿ ನ ದ್ವೇಷ್ಟಿ ಅವನಿಗೆ ಶುಭವಾಯಿತು. ಓ ಇವತ್ತು ದೇವರು ಕೊಟ್ಟ ಅಂತ ಅದನ್ನ ಪ್ರಶಂಸೆ ಮಾಡೋದಿಲ್ಲ, ಅಭಿನಂದನೆ ಮಾಡೋದಿಲ್ಲ. ಥ್ಯಾಂಕ್ಸ್. ಇಲ್ಲ ಅವನ ಬಾಯಲ್ಲಿ ಇಲ್ಲ. ಅಶುಭಂ. ಇವತ್ತು ಅವನಿಗೆ ಮನಸ್ಸಿಗೆ ಹಿಡಿಸದ ಏನೋ ಒಂದು ದುರ್ಘಟನೆ ನಡೀತು. ನದ್ವೇಷ್ಟಿ. ಆ ದುರ್ಘಟನೆಯನ್ನ ಯಾರಿಂದ ಆತ ಅನುಭವಿಸಿದನೋ, ಆ ವ್ಯಕ್ತಿಯ ಬಗ್ಗೆ, ಆ ವಸ್ತುವಿನ ಬಗ್ಗೆ, ಆ ಪ್ರಾಣಿಯ ಬಗ್ಗೆ ದ್ವೇಷ ಇಟ್ಟುಕೊಳ್ಳುವುದಿಲ್ಲ. ದೊಡ್ಡ ಗುಣ ಇದು. ನಾವು ಉಪಕಾರ ಮಾಡಿದವರನ್ನು ಬೇಕಾದರೆ ಮರೆತುಬಿಡುತ್ತೇವೆ. ಆದರೆ ನಮಗೆ ಅಪಕಾರ ಮಾಡಿದರೆ ಜೀವಮಾನ ಇಡೀ ಅವರ ದ್ವೇಷವನ್ನು ಕಟ್ಟಿಕೊಂಡು.",6900,7723,,,108
kn_kannada_24_0010,kannada_24,kn,Dvaita,10,ಸಾಧಿಸ್ತೀವಿ ನಾವು. ಆದರೆ ಜ್ಞಾನಿಯಾದವನು ತನಗೆ ಯಾರಿಂದ ತೊಂದರೆಯಾಯಿತೋ ನದ್ವೇಷ್ಟಿ. ನ ಅಭಿನಂದತಿ ನದ್ವೇಷ್ಟಿ. ಶುಭವನ್ನು ಹೊಂದಿ ಅವರ ಬಗ್ಗೆ ಅಭಿನಂದನೆಯನ್ನು ಮಾಡಲ್ಲ. ಅಶುಭವನ್ನು ಮಾಡಿದವನ ಮೇಲೆ ದ್ವೇಷವನ್ನು ಮಾಡೋದಿಲ್ಲ. ಭಗವಂತನ ಸಂಕಲ್ಪದಂತೆ ಇದು ನಡೆಯಿತು ಅಂತ ಆತ ಯಾರು ತನಗೆ ಉಪಕಾರ ಮಾಡಿದರೋ ಅದರ ಒಳಗಡೆ ಇದ್ದು ದೇವರು ಪ್ರೇರಣೆ ಮಾಡಿದ ಅವನು ಕೊಟ್ಟ ಅನ್ಕೋತಾರೆ. ಯಾರು ತನಗೆ ತೊಂದರೆ ಕೊಟ್ರೋ ಭಗವಂತ ಅವನ ಒಳಗಡೆ ಇದ್ದು ಪ್ರೇರೇಪಣೆ ಮಾಡಿ ನನ್ನ ಪಾಪ ಕರ್ಮಕ್ಕೆ ಅನುಗುಣವಾಗಿ ಈ ದುಃಖವನ್ನು ಕೊಟ್ಟಿದ್ದಾನೆ ಅಂತ ಹೇಳಿ. ಎರಡಕ್ಕೂ ಸಿದ್ಧನಾಗಿದ್ದು ಸುಖ ಮಾಡಿದವನ ಬಗ್ಗೆ ಅಭಿನಂದನೆಯೂ ಇಲ್ಲ ದುಃಖ ಕೊಟ್ಟವನ ಬಗ್ಗೆ ದ್ವೇಷವೂ ಇಲ್ಲದೆ ಇರ್ತಾನೋ ತಸ್ಯ ಅಂತಹ ವ್ಯಕ್ತಿಗೆ ಪ್ರಜ್ಞಾ ಅಪರೋಕ್ಷ ಜ್ಞಾನವು ಪ್ರತಿಷ್ಠಿತ. ಬಂದಿದೆ ಅಂತ ಅರ್ಥ. ಇದು ಅಪರೋಕ್ಷ ಜ್ಞಾನಿಯನ್ನು ಗುರುತಿಸುವ ಮತ್ತೊಂದು ಬಗೆ. ಮತ್ತೊಮ್ಮೆ ಶ್ಲೋಕ ಯಸ್ಸರ್ವತ್ರಾನಭಿಸ್ನೇಹಃ ತತ್ತತ್ ಪ್ರಾಪ್ಯ ಶುಭಾಶುಭಂ ನಾಭಿನಂದತಿ ನದ್ವೇಷ್ಟಿ ತಸ್ಯ ಪ್ರಜ್ಞಾ ಪ್ರತಿಷ್ಠಿತಾ ಭಗವದ್ಗೀತೆಯಲ್ಲಿ ಶ್ರೀಕೃಷ್ಣ ಅರ್ಜುನನ ಪ್ರಶ್ನೆಗೆ ಉತ್ತರವಾಗಿ ಜ್ಞಾನಿಯ ಕೆಲವು ಲಕ್ಷಣಗಳನ್ನು ಇದುವರೆಗೆ ನಿರೂಪಣೆ ಮಾಡಿದ್ದಾನೆ.,7724,8585,,,111
kn_kannada_24_0011,kannada_24,kn,Dvaita,11,ಮುಂದೆಯೂ ಕೆಲವು ಶ್ಲೋಕಗಳಲ್ಲಿ ಅಪರೋಕ್ಷ ಜ್ಞಾನಿಯ ಲೋಕ ವ್ಯವಹಾರದ ಬಗ್ಗೆ ತಿಳಿಸಿಕೊಡ್ತಾನೆ ಶ್ರೀಕೃಷ್ಣ. ಇದು ಅಪರೋಕ್ಷ ಜ್ಞಾನಿಗಳಿಗೆ ಅಂತ ನಾವು. ಭಾವಿಸಬಾರದು. ನಾವು ಸಾಧಕರು. ಈ ಭಾವನೆಗಳು ನಮಗೂ ಜೀವನಕ್ಕೆ ಅಗತ್ಯವಾದ ಮೌಲ್ಯಗಳು ಇದು. ದೇವರಾಪರೋಕ್ಷ ಅದು ಆಗುತ್ತೋ ಬಿಡುತ್ತೋ ಆದರೆ ಕೃಷ್ಣ ಹೇಳಿದ ಈ ದಾರಿಯಲ್ಲಿ ನಮಗೆ ಸಾಧ್ಯವಾದಷ್ಟು ನಾವು ಈ ಗುಣಗಳನ್ನು ಅಳವಡಿಸಿಕೊಂಡರೆ ಸಂಸಾರದಲ್ಲಿ ನೆಮ್ಮದಿಯಿಂದ ಮನಸ್ಸು ಕೆಡಿಸಿಕೊಳ್ಳದೆ ಸ್ಥಿರ ಮನಸ್ಕರಾಗಿ ನಾವು ಬಾಳಬಹುದು. ಇದು ಜೀವನದ ಮೌಲ್ಯಗಳು ಅನ್ನೋದನ್ನ ಹೇಳ್ತಾ ಈ ಭಾಗವನ್ನ ಇಲ್ಲಿ. ಶ್ರೀಕೃಷ್ಣನಿಗೆ ಅರ್ಪಿಸೋಣ. ಈ ಭಾಗದ ಪ್ರಾಯೋಜಕತ್ವವನ್ನ ಅಪೇಕ್ಷೆಪಟ್ಟು ಶ್ರೀಯುತ ಎಂ.ಸಿ. ಶ್ರೀಧರ ಮೂರ್ತಿ ಅವರ ಪತ್ನಿಯಾದ ಪರಿಮಳ ಶ್ರೀಧರ ಮೂರ್ತಿ ಇವರು. ಪ್ರಾಯೋಜಕರಾಗಿ ಈ ಭಾಗಕ್ಕೆ ಸಹಕರಿಸಿದ್ದಾರೆ. ಭಗವಂತ ಅವರಿಗೆ ಶ್ರೀಕೃಷ್ಣನ ವಿಶೇಷ ಅನುಗ್ರಹವಾಗುವಂತೆ ಆಗಿ. ಅವರ ಅಭಿಷ್ಟವನ್ನು ಕರುಣಿಸಲಿ ಜ್ಞಾನ ಭಕ್ತಿ ವೈರಾಗ್ಯಗಳನ್ನು ಶ್ರೀಕೃಷ್ಣ ನೀಡಲಿ ಅಂತ ಪ್ರಾರ್ಥನೆ ಮಾಡ್ತಾ ಶ್ರೀಕೃಷ್ಣಾರ್ಪಣಮಸ್ತೆ.,8586,9344,,,94
kn_kannada_25_0000,kannada_25,kn,Dvaita,0,"ಗುರುಭ್ಯೋ ನಮಃ ಹರಿಃ ಓಂ ಅರ್ಜುನ ಶ್ರೀಕೃಷ್ಣನ ನಿಷ್ಕಾಮ ಕರ್ಮದ ಉಪದೇಶವನ್ನು ಕೇಳಿ ಅದರಿಂದ ಭಗವಂತನ ಪ್ರಸಾದ ಭಗವತ್ ದರ್ಶನ ಮೋಕ್ಷ. ಇವುಗಳನ್ನು ತಿಳಿದು ಭಗವಂತನನ್ನು ಕಂಡ ಅಪರೋಕ್ಷ ಜ್ಞಾನಿಯ ಲಕ್ಷಣವನ್ನು ಅಂದ್ರೆ ಸ್ಥಿತಪ್ರಜ್ಞನ ಲಕ್ಷಣವನ್ನು ಕೇಳಿದ್ದ. ಸಮಾಧಿಸ್ಥಸ್ಯ ಅವನು ಧ್ಯಾನಾವಸ್ಥೆಯಲ್ಲಿ ಇರುತ್ತಾನೆ ಅನ್ನೋದು ನನಗೆ ತಿಳಿದಿದೆ. ಆದರೆ ಸರ್ವದಾ ಧ್ಯಾನಾವಸ್ಥೆಯಲ್ಲಿ ಆತ ಇರೋದಿಲ್ಲ. ಅವನು ಪ್ರಾಪಂಚಿಕ ವ್ಯವಹಾರದಲ್ಲಿ ತೊಡಗಿದಾಗಲೂ ಅವನು ಸ್ಥಿತಪ್ರಜ್ಞ ಅಪರೋಕ್ಷ ಜ್ಞಾನಿ ಅಂತ. ಗುರುತಿಸುವಂತೆ ಅವನ ಲಕ್ಷಣವನ್ನು ಹೇಳಬೇಕು ಎನ್ನುವ ಅರ್ಜುನನ ಪ್ರಾರ್ಥನೆಯಂತೆ ಶ್ರೀಕೃಷ್ಣ 55, 56, 57 ಶ್ಲೋಕಗಳಲ್ಲಿ ಮೂರು ಶ್ಲೋಕಗಳಲ್ಲಿ ಸ್ಥಿತಪ್ರಜ್ಞನ ಲಕ್ಷಣವನ್ನು ನಿರೂಪಿಸಿದ್ದಾನೆ. ಅವುಗಳ ಮುಖ್ಯ ಅಭಿಪ್ರಾಯ ಯಾರು ವಿಷಯದ ಸೆಳೆತಕ್ಕೆ ಒಳಗಾಗದೆ ಮನಸ್ಸಿನ ಕಾಮ, ಕ್ರೋಧ, ಆಸೆ, ಸಿಟ್ಟು ಇವೆರಡನ್ನ ಗೆದ್ದಿರ್ತಾನೋ ಆದರೂ ವಿಷಯಾನ್ ಇಂದ್ರಿಯೈಶ್ಚರನ್ ತನ್ನ ದೇಹ ಧಾರಣೆಗಾಗಿ ಪ್ರಪಂಚದಲ್ಲಿ ವಿಷಯ ಭೋಗವನ್ನು ಮಾಡುತ್ತಿರುತ್ತಾನೋ ಅವನು ಸ್ಥಿತಪ್ರಜ್ಞ. ವೀತ, ರಾಗ, ಭಯ, ಕ್ರೋಧ. ನಮ್ಮ ಮನೋದೌರ್ಬಲ್ಯಗಳು ರಾಗ, ಕ್ರೋಧ, ಭಯ ಇವುಗಳನ್ನ ಗೆದ್ದು.",0,832,,,102
kn_kannada_25_0001,kannada_25,kn,Dvaita,1,"ಸಂತುಷ್ಟನಾಗಿ ದೇಹ ಧಾರಣೆಗೆ ಬೇಕಾದಷ್ಟು ವಿಷಯ ಪದಾರ್ಥಗಳ ಸೇವನೆಯನ್ನು ಮಾಡುತ್ತಾ ಇರುವವನು ಸ್ಥಿತಪ್ರಜ್ಞ ಅವನಿಗೆ ಭಗವಂತನ ಅಪರೋಕ್ಷ ಜ್ಞಾನ ಆಗಿದೆ ಅಂತ ಅರ್ಥ. ಈ ಅಭಿಪ್ರಾಯವನ್ನು ಮೂರು ಶ್ಲೋಕಗಳಲ್ಲಿ ಹೇಳಿದ. ನಾಲ್ಕನೇ ಶ್ಲೋಕ ಅಂದ್ರೆ 58ನೆಯ ಶ್ಲೋಕ ಯದಾ ಸಂಹರತೇಚಾಯಂ ಕೂರ್ಮೋಂಗಾನೀವ ಸರ್ವಶಃ ಇಂದ್ರಿಯಾಣೀಂದ್ರಿಯಾರ್ಥೇಭ್ಯಃ ತಸ್ಯ ಪ್ರಜ್ಞಾ ಪ್ರತಿಷ್ಠಿತಾ ಪದವಿಭಾಗ ಸ್ಪಷ್ಟ ಇದೆ ಯದಾ ಸಂಹರತೆ ಚ ಅಯಂ ಕೂರ್ಮಃ ಅಂಗಾನಿ ಇವ ಸರ್ವಶಃ ಇಂದ್ರಿಯಾಣಿ ಇಂದ್ರಿಯಾರ್ಥೆಭ್ಯಃ ತಸ್ಯ ಪ್ರಜ್ಞಾ ಪ್ರತಿಷ್ಠಿತಾ ಅಯಂ ಈ ಸ್ಥಿತಪ್ರಜ್ಞನು ಇಂದ್ರಿಯಾಣಿ ಇಂದ್ರಿಯಾರ್ಥೇಭ್ಯಃ ಸರ್ವಶಃ ಸಂಹರತೆ ತನ್ನ ಇಂದ್ರಿಯಗಳನ್ನು ಅಂದ್ರೆ ಜ್ಞಾನೇಂದ್ರಿಯಗಳನ್ನು ಕಣ್ಣು, ಕಿವಿ, ಮೂಗು, ನಾಲಿಗೆ, ಚರ್ಮ ಈ ಇಂದ್ರಿಯಗಳನ್ನು ಇಂದ್ರಿಯ ಅರ್ಥೇಭ್ಯಃ ಆಯಾಯ ಇಂದ್ರಿಯಗಳಿಗೆ ಮೀಸಲಾದ ಅರ್ಥಗಳು ಅಂದ್ರೆ ವಿಷಯಗಳಿವೆ. ಕಣ್ಣು ಬಣ್ಣವನ್ನು ಗ್ರಹಿಸುತ್ತದೆ, ವಸ್ತುಗಳನ್ನು ತಿಳಿಸಿಕೊಡುತ್ತದೆ. ಕಿವಿ ಇಂಪಾದ ಶಬ್ದಗಳನ್ನು ಕಠೋರವಾದ ಶಬ್ದಗಳನ್ನು ಕೇಳುತ್ತೆ. ಮೂಗು ದುರ್ವಾಸನೆ ಸುವಾಸನೆಗಳನ್ನು ಗ್ರಹಿಸುತ್ತದೆ. ನಾಲಿಗೆ ಬೇಕಾದ ಬೇಡವಾದ ರಸವನ್ನು ಗ್ರಹಿಸುತ್ತದೆ. ತ್ವಗೇಂದ್ರಿಯ ಚರ್ಮದಲ್ಲಿರುವ ಇಂದ್ರಿಯ ಬಿಸಿ ತಂಡಿ ಇವುಗಳನ್ನ ತಿಳಿಸಿಕೊಡುತ್ತದೆ.",833,1724,,,104
kn_kannada_25_0002,kannada_25,kn,Dvaita,2,"ಇದು ಇಂದ್ರಿಯಾರ್ಥಗಳು. ಆಯಾಯ ಇಂದ್ರಿಯಗಳು ಗ್ರಹಿಸುವ ವಸ್ತುಗಳು. ಜ್ಞಾನಿಯಾದವನು ಆ ಅರ್ಥಗಳಿಂದ ಆ ವಿಷಯ ಪದಾರ್ಥಗಳಿಂದ ತನ್ನ ಐದು ಇಂದ್ರಿಯಗಳನ್ನು ಸಂಹಾರತೆ ಉಪಸಂಹಾರ ಮಾಡ್ತಾನೆ. ನಮಗೂ ಜ್ಞಾನಿಗಳಿಗೂ ಇರುವ ವ್ಯತ್ಯಾಸ ನಮ್ಮ ಇಂದ್ರಿಯಗಳು ವಿಷಯಗಳ ಸೆಳೆತಕ್ಕೆ ಒಳಗಾಗ್ತವೆ. ಕಣ್ಣು ಸುಂದರವಾದ ಒಂದು ವಸ್ತುವನ್ನು ನೋಡಿದರೆ ಅದು ಬೇಕು ಅನ್ನುತ್ತೆ ಮನಸ್ಸು. ಕಿವಿ ಇಂಪಾದ ಶಬ್ದವನ್ನು ಕೇಳಿದರೆ ಮತ್ತೆ ಮತ್ತೆ ಕೇಳಬೇಕು ಅಂತ ಮನಸ್ಸು ಹಾತೊರಿಯುತ್ತದೆ. ಹೀಗೆ ಸಾಮಾನ್ಯ ಜನ. ಅವರು ಅರ್ಥಗಳ ಸೆಳೆತಕ್ಕೆ ಒಳಗಾಗ್ತಾರೆ, ಅವರ ಇಂದ್ರಿಯಗಳು ವಿಷಯಗಳ ಸೆಳೆತಕ್ಕೆ ಒಳಗಾಗ್ತವೆ. ಆದರೆ ಜ್ಞಾನಿಯಾದವನು ವಿಷಯ ಸೆಳೆತಕ್ಕೆ ಒಳಗಾಗುವುದಿಲ್ಲ. ಎಷ್ಟೇ ಸುಂದರವಾದ ವಸ್ತು ಅವನ ಎದುರುಗಡೆ ಇದ್ದರೂ ಅದನ್ನ ಬೇಕು ಅಂತ ಆತ ಬಯಸೋದಿಲ್ಲ. ಈ ಸ್ವಭಾವ ಭಗವಂತನನ್ನು ನೋಡಿದ ಅಪರೋಕ್ಷ ಜ್ಞಾನಿಯಲ್ಲೂ ಇದೆ. ಭಗವಂತನನ್ನ ನೋಡಬೇಕಾದ ಸಾಧಕ ಇನ್ನು ಅಪರೋಕ್ಷ ಜ್ಞಾನ ಬಂದಿಲ್ಲ. ಸಾಧನೆಯ ಹಂತದಲ್ಲಿದ್ದಾನೆ. ಅವನಿಗೂ ವಿಷಯ ವೈರಾಗ್ಯ ಇರೋದ್ರಿಂದ ವಿಷಯಗಳ ಸೆಳೆತಕ್ಕೆ ಅವನ ಇಂದ್ರಿಯಗಳು ಒಳಗಾಗೋದಿಲ್ಲ. ಆದರೆ ಒಂದು ವ್ಯತ್ಯಾಸ ಇದೆ.",1725,2526,,,103
kn_kannada_25_0003,kannada_25,kn,Dvaita,3,"ಸಾಧಕ ಪ್ರಯತ್ನಪಟ್ಟು ತನ್ನ ಇಂದ್ರಿಯಗಳನ್ನು ವಿಷಯಗಳ ಕಡೆಗೆ ಹೋಗದಂತೆ ತಡೆದಿರುತ್ತಾನೆ. ಅಪರೋಕ್ಷ ಜ್ಞಾನಿಯಾದವನು ಅನಾಯಾಸವಾಗಿ ತನ್ನ ಇಂದ್ರಿಯಗಳು ವಿಷಯಗಳ ಸೆಳೆತಕ್ಕೆ ಒಳಗಾಗದೆ ಇರುವಂತೆ ಇರ್ತಾನೆ. ಅದೊಂದು ದೊಡ್ಡ ಪ್ರಯಾಸವೇ ಅಲ್ಲ. ಸಾಧಕ ನಾನು ಇಂತಹ ಕಡೆಗೆ ಹೋದರೆ. ವಿಷಯದ ಆಸಕ್ತಿಗೆ ಒಳಗಾಗ್ತೇನೆ, ಕಾಡಿಗೆ ಹೋಗುವುದು ಉತ್ತಮ ಅಂತ ಬಯಸಿ ಪ್ರಯತ್ನಪಟ್ಟು ಇಂದ್ರಿಯಗಳನ್ನ ಗೆಲ್ತಾನೆ. ಆದರೆ ಅಪರೋಕ್ಷ ಜ್ಞಾನಿಯಾದವನಿಗೆ ವಿಷಯ ಪದಾರ್ಥಗಳ ಮಧ್ಯದಲ್ಲಿ ಇದ್ದರೂ ಅನಾಯಾಸವಾಗಿ ಆತ ತನ್ನ ಇಂದ್ರಿಯಗಳು ಅವುಗಳ ಸೆಳೆತಕ್ಕೆ ಒಳಗಾಗದಂತೆ ನೋಡಿಕೊಳ್ಳುತ್ತಾನೆ. ಅದಕ್ಕೆ ಶ್ರೀಕೃಷ್ಣ ಇಲ್ಲಿ ಒಂದು ಉದಾಹರಣೆಯನ್ನು ಕೊಟ್ಟಿದ್ದಾನೆ. ಕೂರ್ಮೋಂಗಾನಿವ. ಕೂರ್ಮಹ ಅಂದ್ರೆ ಆಮೆ. ಅಂಗಾನಿ ಅಂದ್ರೆ ಅವಯವ. ಅದು ಒಂದು ಚಿಪ್ಪಿನ ಒಳಗಡೆ ಇರುತ್ತದೆ. ಶತ್ರುಗಳು, ಹಕ್ಕಿಗಳು, ಹದ್ದುಗಳು ಅದರ ಮೇಲೆ ಆಕ್ರಮಣ ಮಾಡಿದ್ರೆ ಅದು ತನ್ನ ತಲೆ, ಎರಡು ಕೈ, ಎರಡು ಕಾಲುಗಳನ್ನ ಚಡಕ್ ಅಂತ ಒಳಗಡೆ ಸೇರಿಕೊಂಡು ಒಂದು ಚಿಪ್ಪಿನ ಮುದ್ದೆಯಾಗಿ ಬಿಡುತ್ತದೆ. ಯಾರು ಇಲ್ಲ ಅಂದ್ರೆ ನೀರಿನಲ್ಲಿ ಸ್ವೇಚ್ಛೆಯಿಂದ ಕೈ ಕಾಲುಗಳನ್ನ ಬಿಡಿಸಿ ತಲೆ ಹೊರಹಾಕಿ ನೀರಿನಲ್ಲಿ ತೇಲುತ್ತದೆ.",2527,3358,,,105
kn_kannada_25_0004,kannada_25,kn,Dvaita,4,"ಆ ಆಮೆಗೆ ತನ್ನ ಅವಯವಗಳನ್ನು ಹೊರ ಚಾಚೋದು ಮತ್ತು ಒಳಗಡೆ ಸೆಳೆದುಕೊಳ್ಳುವುದು ಎಷ್ಟು ಸುಲಭವೋ ಜ್ಞಾನಿಯಾದವನು ಆಯಾಸವಿಲ್ಲದೆ ಆ ಆಮೆಯಂತೆ. ವಿಷಯಗಳ ಮಧ್ಯದಲ್ಲಿ ಇದ್ದರೂ ತನ್ನ ಇಂದ್ರಿಯಗಳ ವಿಷಯದ ಆಕರ್ಷಣೆಗೆ ಒಳಗಾಗದಂತೆ ಇರುತ್ತಾನೆ. ಇದು ಅಪರೋಕ್ಷ ಜ್ಞಾನಿಗೆ ಮಾತ್ರ ಸಾಧ್ಯವಾದ ಅವನ ಲಕ್ಷಣ. ಹೀಗೆ ವಿಷಯಗಳ ಜೊತೆಯೇ ಜೊತೆಯಲ್ಲೇ ಇದ್ದರೂ ಅನಾಯಾಸವಾಗಿ ತನ್ನ ಇಂದ್ರಿಯಗಳನ್ನು ಹಿಡಿದಿಟ್ಟುಕೊಳ್ಳಬಲ್ಲ ಸಾಮರ್ಥ್ಯ ಯಾರಿಗಿದೆಯೋ ಅವನು ಅಪರೋಕ್ಷ ಜ್ಞಾನಿ ಅಂತ ಅರ್ಥ. ಸಾಧಕ ಇಷ್ಟು ಸುಲಭವಾಗಿ ವಿಷಯದಿಂದ ತನ್ನ ಇಂದ್ರಿಯಗಳನ್ನು ಸೆಳೆದುಕೊಳ್ಳಲಾರ. ಅದಕ್ಕಾಗಿ ಅವನು ಶ್ರಮ ಪಡಬೇಕಾಗುತ್ತೆ. ಇವನು ಇರಾಯಾಸವಾಗಿ ಅವನನ್ನು ಸಾಧಿಸುತ್ತಾನೆ. ವಿಷಯದ ಸೆಳೆತವನ್ನು ತಪ್ಪಿಸಿಕೊಂಡು ತಾನು ಒಳಸುಖವನ್ನು, ಅಂತಃಸುಖವನ್ನು ಅನುಭವಿಸುತ್ತಾನೆ. ಮತ್ತೊಮ್ಮೆ ಶ್ಲೋಕ. ಯಜಾ ಸಂಹರತೆ ಚಾಯಂ ಕೂರ್ಮೋಂಗಾನೀವ ಸರ್ವಶಃ ಇಂದ್ರಿಯಾಣಿಂದ್ರಿಯಾರ್ಥೆಭ್ಯಃ ತಸ್ಯ ಪ್ರಜ್ಞಾ ಪ್ರತಿಷ್ಠಿತಾ ಕೊನೆನಲ್ಲಿ ಅಂತಹ ಜ್ಞಾನಿಗೆ ಪ್ರಜ್ಞೆಯು ಪ್ರತಿಷ್ಠಿತಾ ಅಂದ್ರೆ ಅಪರೋಕ್ಷ ಜ್ಞಾನದ ಪ್ರತಿಷ್ಠೆಯನ್ನು ಹೊಂದಿದ್ದಾನೆ ಅಂತ ಹೀಗೆ. ನಾಲ್ಕು ಶ್ಲೋಕಗಳಲ್ಲಿ ಅಪರೋಕ್ಷ ಜ್ಞಾನಿಯ ಲಕ್ಷಣವನ್ನು ಶ್ರೀಕೃಷ್ಣ ನಿರೂಪಿಸಿದ್ದಾನೆ. ಇದನ್ನೆಲ್ಲಾ ಕೇಳಿದಾಗ ಅಪರೋಕ್ಷ ಜ್ಞಾನದಿಂದ ಈ ಇಂದ್ರಿಯ ಜಯವನ್ನು ಅಂದ್ರೆ ನಮ್ಮ ಇಂದ್ರಿಯಗಳ ಹಿಡಿತವನ್ನು ನಾವು ಸಾಧಿಸಬಹುದು ಅಂತಾದರೆ ಎಲ್ಲರೂ ಇದಕ್ಕೆ ಪ್ರಯತ್ನ ಪಡಬಹುದಲ್ಲ ಭಗವಂತನನ್ನು ಅಪರೋಕ್ಷ ಮಾಡಿಕೊಳ್ಳೋದಕ್ಕೆ.",3359,4402,,,120
kn_kannada_25_0005,kannada_25,kn,Dvaita,5,ರಾಘವೇಂದ್ರ ಸ್ವಾಮಿಗಳು ಕೇಳ್ತಾರೆ ಕಾಮಾದಿ ಉಪದ್ರವ ಪರಿಹಾರಾರ್ಥಂ ಕಿಂ ದಂದಹ್ಯಮಾನ ಶಿರಾಹ ಬಂಭ್ರಮೀತಿ ಮನಸ್ಸಿನಲ್ಲಿ ತುಂಬಲಾರದ ಕಾಮನೆಗಳನ್ನು ತುಂಬಿಕೊಂಡು ತಲೆ ಮೇಲೆ ಬೆಂಕಿ ಬಿದ್ದಂತೆ ಈ ಜನ ಯಾಕೆ ಓಡಾಡುತ್ತಾ ಇದ್ದಾರೆ? ಧ್ಯಾನದಿಂದ ಭಗವಂತನನ್ನು ಅಪರೋಕ್ಷೀಕರಿಸಿಕೊಂಡರೆ ಎಲ್ಲ ಕಾಮನೆಗಳು ತೀರುತ್ತವೆ. ಮನಸ್ಸಿನಲ್ಲಿ ಹುಟ್ಟೋದೇ ಇಲ್ಲ. ಇಷ್ಟು ಸುಲಭವಾದ ಒಂದು ಮಾರ್ಗ ಇದ್ದಾಗ ಎಲ್ಲರೂ ಯಾಕೆ ಅಪರೋಕ್ಷ ಧ್ಯಾನಕ್ಕೆ ಪ್ರಯತ್ನ ಪಡೋದಿಲ್ಲ ಅನ್ನೋ ಪ್ರಶ್ನೆಗೆ. 59ನೆಯ ಮುಂದಿನ ಶ್ಲೋಕದಲ್ಲಿ ಶ್ರೀಕೃಷ್ಣ ಉತ್ತರವನ್ನು ಕೊಡ್ತಾ ಇದ್ದಾನೆ. ಮುಂದಿನ ಶ್ಲೋಕ ವಿಷಯಾವಿನಿವರ್ತಂತೆ ನಿರಾಹಾರಸ್ಯ ದೇಹಿನಃ ರಸವರ್ಜ್ಯಂ ರಸೋಪ್ಯಸ್ಯ ಪರಂ ದೃಷ್ಟ್ವಾ ನಿವರ್ತತೆ ಪದವಿಭಾಗ ವಿಷಯಾಃ ವಿನಿವರ್ತಂತೆ ನಿರಾಹಾರಸ್ಯ ದೇಶಿನಃ ರಸವರ್ಜ್ಯಂ ರಸಃ ಅಪಿ ಅಸ್ಯ ಪರಂ ದೃಷ್ಟ್ವಾ ನಿವರ್ತತೆ ಇದಕ್ಕೆ ಶ್ರೀಕೃಷ್ಣ ಇಲ್ಲಿ ಕೊಡುವ ಉತ್ತರ ಆ ಅಪರೋಕ್ಷ ಜ್ಞಾನ ಸುಲಭವಾಗಿ ಸಾಧ್ಯವಲ್ಲ. ಇಂದ್ರಿಯ ಜಯವನ್ನು ಸಂಪಾದನೆ ಮಾಡಿದರೆ ಮಾತ್ರ ಭಗವಂತನ ಅಪರೋಕ್ಷ ಜ್ಞಾನ ಬರಲಿಕ್ಕೆ ಸಾಧ್ಯ. ಇಂದ್ರಿಯ ಜಯ ಅಂದ್ರೆ ಇಂದ್ರಿಯಗಳ ಮೇಲೆ ಹತೋಟಿ.,4403,5200,,,100
kn_kannada_25_0006,kannada_25,kn,Dvaita,6,"ಅದು ಹೇಗೆ ಸಾಧ್ಯ ಅಂದ್ರೆ ವಿಷಯಾಹ. ವಿನಿವರ್ತಂತೆ ನಿರಾಹಾರಸ್ಯ ದೇಹಿನಃ ನಿರಾಹಾರನಾದ ದೇಹಿ ಅಂದ್ರೆ ದೇಹದ ಒಳಗಡೆ ಇರುವ ಆತ್ಮ. ಅವನು ನಿರಾಹಾರನಾಗಿದ್ದರೆ ವಿಷಯಾಹ ಅಂದ್ರೆ ಆಯಾಯ ಇಂದ್ರಿಯಗಳಿಗೆ ಸಂಬಂಧಪಟ್ಟ ವಿಷಯ ಪದಾರ್ಥಗಳು ವಿನಿವರ್ತಂತೆ ಅಂದ್ರೆ ವಿಷಯ ಪದಾರ್ಥಗಳ ಸೆಳೆತ ಕಡಿಮೆಯಾಗ್ತದೆ. ವಿನಿವರ್ತಂತೆ ಅಂದ್ರೆ ತಾವೇ ತಾವಾಗಿ ಹಿಂದಕ್ಕೆ ಹೋಗ್ತವೆ. ಇಲ್ಲಿ ವಿಷಯಾಹ ಅನ್ನೋ ಪದದಿಂದ ಇಂದ್ರಿಯಗಳಲ್ಲಿ ಇರುವ ಭೋಗ ಶಕ್ತಿ ಅಂತ ಅರ್ಥ. ಇಂದ್ರಿಯಗಳಲ್ಲಿ ವಿಷಯ ಪದಾರ್ಥಗಳನ್ನು ಭೋಗಿಸುವ ಶಕ್ತಿ ಏನಿದೆಯೋ ಇದು ಕಡಿಮೆ ಆಗ್ತದೆ. ಯಾವಾಗ ನಿರಾಹಾರಸ್ಯ ನಾವು ಉಪವಾಸವಿದ್ದಾಗ ಇಂದ್ರಿಯಗಳ ಶಕ್ತಿ ಕುಂದುತ್ತದೆ. ಉಳಿದ ದಿವಸ ಉಣ್ಣೋದಕ್ಕೆ, ತಿನ್ನೋದಕ್ಕೆ, ಕೇಳೋದಕ್ಕೆ ಎಷ್ಟು ಉತ್ಸಾಹ ಇರುತ್ತದೋ, ಏಕಾದಶಿ ಉಪವಾಸ ದಿವಸ ಅಷ್ಟು ಉತ್ಸಾಹ ಇಂದ್ರಿಯಗಳಿಗೆ ಇರೋದಿಲ್ಲ. ಏಕಾದಶಿ ಒಂದು ದಿವಸ ಅಲ್ಲ, ನಿರಂತರ ಉಪವಾಸವಿದ್ದಲ್ಲಿ. ಇಂದ್ರಿಯಗಳಿಗೆ ಇರುವ ಭೋಗ ಶಕ್ತಿ ಅದು ಕಡಿಮೆಯಾಗುತ್ತೆ. ಹೀಗೆ ಇಂದ್ರಿಯ ಜಯವನ್ನು ಸಂಪಾದನೆ ಮಾಡಬೇಕಾದರೆ ಅಂದ್ರೆ ಇಂದ್ರಿಯಗಳು ಅವುಗಳಿಗೆ ಸಂಬಂಧಪಟ್ಟ ವಿಷಯಗಳ ಆಕರ್ಷಣೆಗೆ ಒಳಗಾಗದೆ ಇರುವಂತೆ ಮಾಡಬೇಕಾದರೆ ಅವುಗಳಲ್ಲಿರುವ ಭೋಗ ಶಕ್ತಿ ಕುಂದಬೇಕು.",5201,6055,,,107
kn_kannada_25_0007,kannada_25,kn,Dvaita,7,"ಆ ಶಕ್ತಿ ಕುಂದಬೇಕಾದರೆ ನಿರಂತರ ಉಪವಾಸವನ್ನು ನಡೆಸಬೇಕು. ನಿರಾಹಾರಸ್ಯ ದೇಹಿನಃ ವಿಷಯಾಃ ವಿನಿವರ್ತಂತೆ. ನಿರಾಹಾರನಾಗಿರುವ ಮನುಷ್ಯನ ಇಂದ್ರಿಯಗಳ ಭೋಗಶಕ್ತಿ ಕ್ಷಯವೊಕ್ಕೊಳ್ಳುತ್ತವೆ. ಆದರೆ ರಸವರ್ಜ್ಯಂ ರಸ ಅಂದ್ರೆ ಆಸಕ್ತಿ ಆಸೆ. ಇದು ಒಳಗಿನ ಮನಸ್ಸಿನಲ್ಲಿ ಇರುವಂತದ್ದು. ರಸವರ್ಜ್ಯಂ. ಮನಸ್ಸಿನಲ್ಲಿರುವ ಆಸೆ ಮಾತ್ರ. ಅದು ಹೋಗೋದಿಲ್ಲ. ಉಳಿದ ಕಣ್ಣು, ಕಿವಿ, ಮೂಗು ಮೊದಲಾದ ಬಾಹ್ಯೇಂದ್ರಿಯಗಳ ಶಕ್ತಿ ಉಪವಾಸದಿಂದ ಕ್ಷಯವಾಗಬಹುದು. ಆದರೆ ಎಷ್ಟೇ ಉಪವಾಸವಿರಿ ಮನಸ್ಸಿನಲ್ಲಿ ಅದು ಬೇಕು ಇದು ಬೇಕು ಅನ್ನೋ ಆಸೆ ಅದು ಕ್ಷೀಣ ಆಗೋದಿಲ್ಲ. ಅದು ಪ್ರಜ್ವಲಿಸುತ್ತಾನೆ ಇರುತ್ತದೆ. ಇದು ಯಾವತ್ತು ಹೋಗುತ್ತೆ? ರಸೋಪಿ ಅಸ್ಯ ಪರಂ ದೃಷ್ಟ್ವಾ ನಿವರ್ತತೆ. ಮನಸ್ಸಿನ ಅಭಿಲಾಷೆ, ಆಸಕ್ತಿ, ಕಾಮ ಅದು ಕಡಿಮೆಯಾಗಬೇಕಾದರೆ ಪರಂ ದೃಷ್ಟ್ವ ಪರಮಾತ್ಮನ ಅಪರೋಕ್ಷ ಜ್ಞಾನವಾದಾಗ ಮಾತ್ರ ಮನಸ್ಸಿನ ಆಸೆ ಕುಂದುತ್ತದೆ. ಅಥವಾ ಮನಸ್ಸಿನಲ್ಲಿರುವ ಅಭಿಲಾಷೆ ರಸ ಅಂದ್ರೆ ರಸನೇಂದ್ರಿಯ ರಸನೇಂದ್ರಿಯ ಅಂದ್ರೆ ನಾಲಿಗೆ ನಾಲಿಗೆಯ ಭೋಗಶಕ್ತಿ ರಸದ ಬಗ್ಗೆ ಅಭಿಲಾಷೆ, ರುಚಿಯ ಬಗ್ಗೆ ಅಭಿಲಾಷೆ. ಇವೆರಡು ನಿರಾಹಾರ ಆಗಿ ಇರೋದ್ರಿಂದ ಕಡಿಮೆ ಆಗೋದಿಲ್ಲ.",6056,6865,,,102
kn_kannada_25_0008,kannada_25,kn,Dvaita,8,"ನೀವು ಉಪವಾಸವಿದ್ದರೂ ನಾಲಿಗೆಯ ರುಚಿ. ಮತ್ತೆ ಮನಸ್ಸಿನ ಆಸಕ್ತಿ ಇದೆರಡು ಕಡಿಮೆಯಾಗುವುದಿಲ್ಲ. ನಾಲಿಗೆಯ ಚಾಪಲ್ಯ, ಜಿಹ್ವಾ ಚಾಪಲ್ಯ ಮತ್ತು ಮನಸ್ಸಿನಲ್ಲಿರುವ ವಿಷಯ ಕಾಮನೆ. ಇವೆರಡು ನಿವೃತ್ತಿಯಾಗಬೇಕಾದರೆ ಪರಂ ದೃಷ್ಟ್ವ ಭಗವಂತನ ಅಪರೋಕ್ಷ ಜ್ಞಾನ ಆಗಲೇಬೇಕು. ಹಾಗಾದರೆ ಶ್ರೀಕೃಷ್ಣ ಇಲ್ಲಿ ಹೇಳಿದ. ವಿಷಯದ ಅಭಿಲಾಷೆಯನ್ನ ಕಡಿಮೆ ಮಾಡಿಕೊಳ್ಳುವುದು ಸುಲಭದ ಕೆಲಸ ಅಲ್ಲ. ಅರ್ಥಾತ್ ಇಂದ್ರಿಯ ಜಯ ಅಷ್ಟು ಸುಲಭವಲ್ಲ. ಎಲ್ಲರೂ ಮಾಡಬಹುದಾದ ಸುಲಭವಾದ ಕೆಲಸ ಅಲ್ಲ ಅದು. ಮತ್ತೆ ನಿರಂತರ ಉಪವಾಸ ಇರಬೇಕು. ಸಾಧ್ಯನಾ? ಈ ದೇಹ ಧಾರಣೆಯೇ ಸಾಧ್ಯವಿಲ್ಲ. ನಿರಂತರ ಉಪವಾಸವಿದ್ದಾಗ ಇಷ್ಟು ಮಾಡಿದ್ರು ಉಪವಾಸ ಕೂತರು ನಾಲಿಗೆಯ ಶಕ್ತಿ ಕುಂದೋದಿಲ್ಲ, ಮನಸ್ಸಿನ ಅಭಿಲಾಷೆಗಳು ಕಡಿಮೆಯಾಗೋದಿಲ್ಲ. ಅಲ್ಲಿಗೆ ಅಷ್ಟು ಉಪವಾಸ ಮಾಡಿದ್ರೂ ಕೂಡ ಉಳಿದ ಇಂದ್ರಿಯಗಳ ಭೋಗ ಶಕ್ತಿ ಕಡಿಮೆ ಆಯಿತೆ ಹೊರತು ಆ ಇಂದ್ರಿಯಗಳಿಗೆಲ್ಲ ಪ್ರೇರಕ ಶಕ್ತಿಯಾಗಿರುವ ಮನಸ್ಸಿನ ಅಭಿಲಾಷೆ ಏನಿದೆಯೋ ಅದು ಹೋಗೋದಿಲ್ಲ. ಅದು ಹೋಗಬೇಕಾದರೆ ಭಗವಂತನ ಅಪರೋಕ್ಷ ಜ್ಞಾನವೇ ಬೇಕು. ಅಲ್ಲಿಗೆ ಇಂದ್ರಿಯ ಜಯವನ್ನು ಸಂಪಾದನೆ ಮಾಡೋದು ಅಷ್ಟು ಸುಲಭವಲ್ಲ.",6866,7659,,,102
kn_kannada_25_0009,kannada_25,kn,Dvaita,9,"ಆದ್ದರಿಂದ ಎಲ್ಲರೂ ಅಪರೋಕ್ಷ ಜ್ಞಾನವನ್ನು ಪಡೆಯುವುದಕ್ಕೆ ಸಾಧ್ಯವಿಲ್ಲ. ಅಪರೋಕ್ಷ ಜ್ಞಾನದಿಂದ ಮನಸ್ಸಿನ ಎಲ್ಲ ಕಾಮನೆಗಳು ನಾಶ ಆಗುತ್ತೆ, ಇಂದ್ರಿಯ ಜಲ ಸುಲಭ ಹೌದು. ಆದರೆ ಅಪರೋಕ್ಷ ಜ್ಞಾನ ಗಳಿಸಬೇಕಾದರೆ ಪೂರ್ವಭಾವಿಯಾಗಿ ಇಂದ್ರಿಯ ಜಯವನ್ನು ಸಂಪಾದಿಸಬೇಕು, ಇಲ್ಲದಿದ್ದರೆ ಮನಸ್ಸು ಏಕಾಗ್ರಗೊಳ್ಳುವುದಿಲ್ಲ. ಆ ಇಂದ್ರಿಯ ಜಯಕ್ಕೆ ಭಗವಂತನ ಅಪರೋಕ್ಷ ಬಿಟ್ಟರೆ ಇರುವ ಸಾಧನ ನಿರಾಹಾರ ಮತ್ತು ನಾಲಿಗೆಯ ರುಚಿ ಮತ್ತು ಮನಸ್ಸಿನ ಕಾಮನೆಗಳು ಇವುಗಳು ತಣಿಯಬೇಕಾದರೆ ಭಗವಂತ ಪರೋಕ್ಷ. ಆದ್ದರಿಂದ ಅಷ್ಟು ಸುಲಭವಾದ ಮಾರ್ಗ ಅಲ್ಲಾದ್ದರಿಂದ. ನಾವು ಮನಸ್ಸಿನ ಕಾಮನೆಗಳನ್ನು ತುಂಬಿಕೊಂಡು ಅದನ್ನು ಪೂರೈಸುವುದಕ್ಕೋಸ್ಕರ ಬೆಳಗಿನಿಂದ ರಾತ್ರಿಯವರೆಗೆ ನಿರಂತರ ಶ್ರಮ ಪಡೆಯುವುದು ಅನಿವಾರ್ಯವಾಗಿದೆ. ಆದ್ದರಿಂದ ಸುಲಭವಾದ ದಾರಿ ಅಪರೋಕ್ಷ ಜ್ಞಾನಕ್ಕೆ ಇಲ್ಲ ಅನ್ನೋದನ್ನ ಶ್ರೀಕೃಷ್ಣ ಈ ಶ್ಲೋಕದಲ್ಲಿ ಹೇಳಿದ್ದಾನೆ. ಈ ಶ್ಲೋಕದ ತಾತ್ಪರ್ಯವನ್ನು ರಾಘವೇಂದ್ರ ಸ್ವಾಮಿಗಳು ಅಯಮರ್ಥಃ ಅಂತ ಬಹಳ ಸುಂದರವಾಗಿ ಬಿಡಿಸಿದ್ದಾರೆ. ಯದಾ ಬಾಹ್ಯೇಂದ್ರಿಯಾಣಿ ವಿಷಯ ಸನ್ನಿಧಾನೇಪಿ ನತೈಹಿ ಸನ್ನಿಕೃಷ್ಯತೆ. ನಮ್ಮ ಬಾಹ್ಯೇಂದ್ರಿಯಗಳು ಕಣ್ಣು ಕಿವಿ ಮೊದಲಾದವು. ನಮ್ಮ ಅಕ್ಕಪಕ್ಕದಲ್ಲಿ ವಿಷಯ ಪದಾರ್ಥಗಳಿದ್ದರೂ ನಮ್ಮ ಕಣ್ಣಿನಿಂದ ಸುಂದರವಾದ ವಸ್ತುವನ್ನು ನೋಡ್ತಾ ಇರ್ತೀವಿ.",7660,8568,,,106
kn_kannada_25_0010,kannada_25,kn,Dvaita,10,"ಕಿವಿಯಿಂದ ಇಂಪಾದ ಸಂಗೀತವನ್ನು ಆಲಿಸ್ತಾ ಇರ್ತೀವಿ. ಹೀಗೆ. ವಿಷಯದ ಸನ್ನಿಧಾನ ಇದ್ದರೂ ಕೂಡ ನ ತೈಹಿ ಸನ್ನಿಕೃಷ್ಯತೆ ಆ ಕಡೆ ನೋಡೋದೇ ಇಲ್ಲ ಈತ ಒಳ್ಳೆಯ ವಸ್ತು ಎದುರುಗಡೆ ಇದೆ ಅಂದ ಕೂಡಲೇ ಅದರ ಕಡೆಗೆ ದೃಷ್ಟಿಯನ್ನೇ ಹರಿಸೋದಿಲ್ಲ. ಅಥವಾ ಸನ್ನಿಕೃಷ್ಟಾನ್ಯಪಿ ಮನಃ ತದಾಭಿಮುಖ್ಯೇನ ನ ಹರತಿ. ಅಥವಾ ಕಣ್ಣಿಗೆ ಅಕಸ್ಮಾತ್ ಬಿತ್ತು ಒಳ್ಳೆಯ ದೃಶ್ಯ. ಆದರೆ ಮನಸ್ಸು ಅದರಲ್ಲಿ ಆಕರ್ಷಣೆಗೊಳ್ಳುವುದಿಲ್ಲ. ಅಥವಾ ಅಪಹೃತೇಪಿ ಮನಸಿ ನ ವಿಷಯರಾಗಹ ಜಾಯತೆ. ಮನಸ್ಸು ಬೇಕು ಅನ್ನಿಸ್ತು. ಇಂದ್ರಿಯಗಳು ನೋಡ್ತಾ ಇದ್ದಾವೆ. ಮನಸ್ಸಿಗೂ ತಗೊಳ್ಳೋಣ ಅಂತ ಅಭಿಲಾಷೆಯಾಗಿದೆ, ಆದರೆ ವಿಷಯ ರಾಗಹ ನ ಜಾಯತೆ. ಮನಸ್ಸಿಗೆ ಚೆನ್ನಾಗಿದೆ ಅಂತ ಅನಿಸ್ತು, ಆದರೆ ಅದನ್ನು ತಗೊಳ್ಳಬೇಕು ಅನ್ನೋ ಅದಮ್ಯ ಇಚ್ಛೆ ಅದಕ್ಕೆ ಬರಲಿಲ್ಲ. ರಾಗಹ ನ ಜಾಯತೆ ಮನಸ್ಸಿನಲ್ಲಿ. ಮೊದಲನೇ ಹಂತ ವಿಷಯಗಳ ಕಡೆ ಗಮನನೇ ಕೊಡೋದಿಲ್ಲ. ಇಂದ್ರಿಯಗಳು. ಇಂದ್ರಿಯಗಳು ಕೊಟ್ರು ಕೂಡ ವಿಷಯಗಳಿಗೆ ಹರಿದರು ಕೂಡ ಮನಸ್ಸು ಅದನ್ನ ಬಯಸೋದಿಲ್ಲ. ಮನಸ್ಸು ಬಯಸಿದ್ರು ಅದರ ಬಗ್ಗೆ ಆಕರ್ಷಣೆಯನ್ನು ಹೊಂದುವುದಿಲ್ಲ.",8569,9321,,,103
kn_kannada_25_0011,kannada_25,kn,Dvaita,11,ಇದು ತದಾ ಆತ್ಮನಃ ಕ್ಷೋಭೋ ಅಪಹೃತೇಪಿ ಮನಸ್ಸಿ ನ ವಿಷಯರಾಗೋ ಜಾಯತೆ ತದಾ ನಾತ್ಮನ ಕ್ಷೋಭೋ ಭವತಿ. ಈ ಹಂತದಲ್ಲಿ ಆತ್ಮನಿಗೆ ಅದರಿಂದ ತೊಂದರೆಯಾಗುವುದಿಲ್ಲ. ಈ ಮೂರು ಹಂತಗಳು ವಿಷಯದ ಸಂಬಂಧನ್ನೇ ಕಳೆದುಕೊಳ್ಳುತ್ತದೆ. ಅಥವಾ ವಿಷಯದ ಸಂಬಂಧಕ್ಕೆ ಒಳಗಾದರೂ ಇಂದ್ರಿಯಗಳು ಮನಸ್ಸು ತಟಸ್ಥವಾಗಿರುತ್ತದೆ. ಅಥವಾ ಮನಸ್ಸು ಆ ಕಡೆ ಆಕರ್ಷಣೆಗೊಂಡ್ರು ಬೇಕೇ ಬೇಕು ಅಂತ ಅಭಿಲಾಷೆಯನ್ನು ಪಡೋದಿಲ್ಲ. ಇದು ವಿಜಿಚೇಂದ್ರಿಯ ಅಂತ ಕರೆಸಿಕೊಳ್ಳುತ್ತಾನೆ. ಇದರಿಂದ ವಿಷಯದ ಸನ್ನಿಧಾನದಿಂದ ಆತ್ಮನಿಗೆ ಆಗುವ ಕ್ಷೋಭೆ ಗಲಿಬಿಲಿ ಏನಿದೆಯೋ ಇದು ತಪ್ಪುತ್ತೆ. ಸೋಯಂ ಸಂಗ್ರಹೇಣ ದ್ವಿಧಾ ಭವತಿ. ಇಂದ್ರಿಯದ ನಿಗ್ರಹ ಈ ಮೂರು ಹಂತದ ನಿಗ್ರಹ ಎರಡು ರೀತಿಯಿಂದ ಆಗ್ತದೆ. ಬಾಖ್ಯೇಂದ್ರಿಯಾಣಾಂ ಶಕ್ತಿ ಕ್ಷಯಾತ್ ಮನಸಹ ರಾಗ ಕ್ಷಯಾಚ್ಯ ಬಾಖ್ಯೇಂದ್ರಿಯಗಳ ಶಕ್ತಿ ಕುಂದಬೇಕು ಒಂದು. ಎರಡನೆಯದು ಮನಸ್ಸಿನಲ್ಲಿ ಅಭಿಲಾಷೆ ತಣಿಯಬೇಕು. ಏತದ್ವಯಂ ಇವೆರಡೂ ಜಿಜ್ಞಾಸೋಹು ನಿರಾಹಾರತ್ವೇನ. ಇವೆರಡು ಇಂದ್ರಿಯಗಳ ಶಕ್ತಿ ಕುಂದೋದು ಮತ್ತು ಮನಸ್ಸಿನ ಅಭಿಲಾಷೆ ತಣಿಯೋದು. ಇದು ಜಿಜ್ಞಾಸೋ ಇನ್ನು ಜ್ಞಾನವನ್ನು ಹೊಂದಿನ ಸಾಧನ ಮಟ್ಟದಲ್ಲಿ ಇದ್ದಾನೆ ಅವನಿಗೆ ನಿರಾಹಾರತ್ವೇನ ನಿರಂತರ ಉಪವಾಸದಿಂದ ಜ್ಞಾನಿನಃ ಸಾಧನೆಯ ಮಟ್ಟವನ್ನು ತಲುಪಿ ಬ್ರಹ್ಮ ದರ್ಶನವನ್ನು ಪಡೆದ ವ್ಯಕ್ತಿಗೆ ಬ್ರಹ್ಮ ದರ್ಶನೇನ ಭವತಿ.,9322,10240,,,117
kn_kannada_25_0012,kannada_25,kn,Dvaita,12,"ಹೀಗೆ ಬ್ರಹ್ಮ ದರ್ಶನದಿಂದ ಮನಸ್ಸಿನ ರಾಗಕ್ಷಯ ಆಗುತ್ತೆ. ಸಾಧಕನಿಗೆ ನಿರಾಹಾರದಿಂದ ಇಂದ್ರಿಯಗಳ ಶಕ್ತಿ ಕುಂದುತ್ತದೆ. ಹೀಗೆ ಇಂದ್ರಿಯ ಜಯವು ಎರಡು ರೀತಿಯಿಂದ ಸಾಧ್ಯ. ಬ್ರಹ್ಮ ದರ್ಶನದಿಂದ ಮನಸ್ಸಿನ ರಾಗವೇ ಕ್ಷಯ ಆಗುವುದರಿಂದ ಅದು ಉತ್ತಮ ಪಟ್ಟದ ಸಾಧನೆ. ಅದನ್ನ ಪಡಿಬೇಕಾದರೆ ಮೊದಲು ಇಂದ್ರಿಯ ಜಯವನ್ನು ಸಂಪಾದಿಸಿರಬೇಕು. ಇದು ಈ ಶ್ಲೋಕದ ತಾತ್ಪರ್ಯ. ಈ ಮಟ್ಟವನ್ನು ಸಾಧಕನು ಸಾಧ್ಯವಾದಷ್ಟು ಮಟ್ಟಿಗೆ ಸಾಧಿಸಿಕೊಳ್ಳಬೇಕು ಅದಕ್ಕೇನು ಉಪಾಯ ಅಂತ ಶ್ರೀಕೃಷ್ಣ ಮುಂದೆ ಸಾಧಕನಿಗೆ ಬೇಕಾದ ಉಪಾಯಗಳನ್ನು ಹೇಳುತ್ತಾನೆ. ಮತ್ತೊಮ್ಮೆ ಶ್ಲೋಕ ವಿಷಯಾವಿನಿವರ್ತಂತೆ ನಿರಾಹಾರಸ್ಯ ದೇಹಿನಃ ರಸವರ್ಜ್ಯಂ ರಸೋಪ್ಯಸ್ಯ ಪರಂ ದೃಷ್ಟ್ವಾ ನಿವರ್ತತೆ ಹೀಗೆ ಇಂದ್ರಿಯ ಜಯದ ಬಗ್ಗೆ ಅದು ಕಷ್ಟ ಸಾಧ್ಯ ಅಂತ ಹೇಳಿ. ಹಾಗಾದರೆ ಅದು ಅಸಾಧ್ಯವೋ ಅಂದ್ರೆ ಅದಕ್ಕೆ ಮುಂದಿನ ಶ್ಲೋಕಗಳಲ್ಲಿ ಶ್ರೀಕೃಷ್ಣ ಉತ್ತರವನ್ನು ಹೇಳುತ್ತಾನೆ ಅದನ್ನು ಮುಂದಿನ ಭಾಗದಲ್ಲಿ ನೋಡೋಣ ಶ್ರೀಕೃಷ್ಣಾರ್ಪಣ ಈ ಗೀತಾ ಶ್ಲೋಕಗಳ ಅರ್ಥ ಚಿಂತನೆಯನ್ನ ಶ್ರೀ ಎಂ.ಸಿ. ಶ್ರೀಧರಮೂರ್ತಿ, ಶ್ರೀಮತಿ ಪರಿಮಳ ಶ್ರೀಧರಮೂರ್ತಿ ಇವರು ಪ್ರಾಯೋಜಿಸಿದ್ದಾರೆ.",10241,11028,,,99
kn_kannada_25_0013,kannada_25,kn,Dvaita,13,ಶ್ರೀಕೃಷ್ಣ ಅವರಿಗೆ ಸಕಲ ಅಭಿಷ್ಟಗಳನ್ನು ನೀಡಿ ಅನುಗ್ರಹಿಸಲಿ ಅಂತ ಪ್ರಾರ್ಥನೆ ಮಾಡು.,11029,11099,,,9
kn_kannada_26_0000,kannada_26,kn,Dvaita,0,"ಗುರುಭ್ಯೋ ನಮಃ ಹರಿಃ ಓಂ ಇಂದ್ರಿಯ ಜಯಕ್ಕೆ ಒಂದು ನಿರಂತರ ಉಪವಾಸ ಅಥವಾ ಬ್ರಹ್ಮ ದರ್ಶನ ಇವೆರಡು ಬೇಕು ಅಂತ ಶ್ರೀಕೃಷ್ಣ ಹೇಳಿದ. ಇದರ ಮೇಲೆ ಹೀಗೊಂದು ಪ್ರಶ್ನೆ ಇದೆ. ಯೋಗಶಾಸ್ತ್ರದಲ್ಲಿ ಧ್ಯಾನ, ಧಾರಣ, ಪ್ರತ್ಯಾಹಾರ ಹೀಗೆ ಅನೇಕ ಉಪಾಯಗಳು. ಇಂದ್ರಿಯ ಜಯಕ್ಕೆ ಇವೆ. ಪ್ರತ್ಯಾಹಾರ ಅಂದ್ರೆ ವಿಷಯಗಳ ಕಡೆಯಿಂದ ಇಂದ್ರಿಯಗಳನ್ನ ಸೆಳೆದಿಟ್ಟುಕೊಳ್ಳುವುದು ಬಲಾತ್ಕಾರವಾಗಿ ಪ್ರಯತ್ನಪೂರ್ವಕವಾಗಿ. ಹೀಗೆ ಪ್ರತ್ಯಾಹಾರದಿಂದ ಇಂದ್ರಿಯ ಜಯವನ್ನು ಸಂಪಾದಿಸಬಹುದು. ಇನ್ನು ಬ್ರಹ್ಮ ದರ್ಶನದ ಬದಲು ನಿತ್ಯಾನಿತ್ಯ ವಸ್ತು ವಿವೇಕ. ಈ ವಿಷಯ ಪದಾರ್ಥಗಳಿಂದ ಬರುವ ಸುಖ ಅದು ತಾತ್ಕಾಲಿಕ. ಆಂತರಿಕ ಸುಖ ಅದು ಶಾಶ್ವತ. ಹೀಗೆ ವಿಷಯ ಪದಾರ್ಥಗಳ ಬಗ್ಗೆ ಜುಗುಪ್ಸೆಯನ್ನು ಹೊಂದಿ ಇಂದ್ರಿಯಗಳ ಸೆಳೆತವನ್ನು ತಡೆದಿಟ್ಟುಕೊಳ್ಳಬಹುದು. ಬ್ರಹ್ಮನ ಅಪರೋಕ್ಷ ಜ್ಞಾನದ ಬದಲು ನಿತ್ಯಾನಿತ್ಯ ವಸ್ತು ವಿವೇಕ. ನಿರಂತರ ಉಪವಾಸದ ಬದಲು ಪ್ರತ್ಯಾಹಾರ. ಅಂದರೆ ನಾವು ವಿಷಯ ವಸ್ತುಗಳು ಇರುವ ಕಡೆಗೆ ಹೋಗದೆ ಏಕಾಂತದಲ್ಲಿ ನಾವು ನಾವಾಗೆ ಇದ್ದು. ಪ್ರತ್ಯಾಹಾರ ಉಪಾಯದಿಂದ ಇಂದ್ರಿಯಗಳನ್ನು ಗೆಲ್ಲಬಹುದು. ಇವೆರಡು ಪ್ರತಿನಿಧಿಗಳನ್ನಾಗಿ ಬಳಸಿ ಇಂದ್ರಿಯ ಜಯವು ಸಾಧ್ಯವೋ ಅದನ್ನು ಶ್ರೀಕೃಷ್ಣ ಸಾಧ್ಯ ಇಲ್ಲ ಅಂತ ತೋರಿಸಿಕೊಡುತ್ತಾನೆ.",0,868,,,110
kn_kannada_26_0001,kannada_26,kn,Dvaita,1,"ಮುಂದಿನ ಶ್ಲೋಕದಲ್ಲಿ 60ನೇ ಶ್ಲೋಕ ಯತತೋಹ್ಯಪಿ ಕೌಂತೇಯ ಪುರುಷಸ್ಯಪಿ ಪಶ್ಚಿತಃ ಇಂದ್ರಿಯಾಣಿ ಪ್ರಮಾಧೀನಿ ಹರಂತಿ ಪ್ರಸಭಂ ಮನಃ ಪದವಿಭಾಗ ಯತತಃ ಶಿ ಆಪಿ ಕೌಂತೇಯ ಪುರುಷಸ್ಯ ವಿಪಶ್ಚಿತಃ ಇಂದ್ರಿಯಾಣಿ ಪ್ರಮಾಥೀನಿ ಹರಂತಿ ಪ್ರಸಭಂ ಮನಃ ಯತತಃ ಯತತಃ ಅಂದ್ರೆ ಯತ್ನ ಮಾಡಿದವನಿಗೂ ಅಂದ್ರೆ ಸಾಧಾರಣ ಪ್ರಯತ್ನ ಪ್ರತ್ಯಾಹಾರ ರೂಪವಾದ ಪ್ರಯತ್ನ ಮಾಡಿದವನಿಗೂ ವಿಷಯ ಪದಾರ್ಥಗಳ ಅನರ್ಥಕ್ಕೆ ಹೆದರಿ ತಾನು ಬಚ್ಚಿಟ್ಟುಕೊಂಡು ಏಕಾಂತದಲ್ಲಿ ಇರುವ ಪ್ರಯತ್ನ ಮಾಡಿದ ವಿಪಶ್ಚಿತಹ ಪುರುಷಸ್ಯ ವಿಪಶ್ಚಿತಃ ಅಂದ್ರೆ ಸಾಮಾನ್ಯ ಜ್ಞಾನ ಇದೆ ಅವನಿಗೆ. ದೇವರ ಬಗ್ಗೆ ತಿಳುವಳಿಕೆ ಇದೆ. ಹೊರತು ಇನ್ನು ಅಪರೋಕ್ಷ ಜ್ಞಾನ ಶಾಸ್ತ್ರ ಓದಿ ಆತ ತಿಳುವಳಿಕೆಯನ್ನು ಪಡೆದಿಲ್ಲ. ಹೀಗೆ. ವಿಷಯಕ್ಕೆ ಬೆನ್ನು ಹಾಕಿ ಪ್ರತ್ಯಾಹಾರ ಉಪಾಯ ಮಾಡುತ್ತಾ ಇರುವ ಸಾಮಾನ್ಯ ಜ್ಞಾನಿಯಾದ ಪುರುಷಸ್ಯ ಪುರಿಷೇತೆ ಈ ದೇಹದ ಮೇಲೆ ಅಭಿಮಾನವಿಟ್ಟುಕೊಂಡಿರುವ ವ್ಯಕ್ತಿಗೆ. ಕೌಂತೇಯಾ ಕೃಷ್ಣ ಅರ್ಜುನನೇ ಪ್ರಮಾಚೀನಿ ಇಂದ್ರಿಯಾಣಿ ಪ್ರಸಭಂ ಮನಃ ಹರಂತಿ ಅಂಥವನ ಇಂದ್ರಿಯಗಳನ್ನು ಮನಸ್ಸು ಹರಂತಿ, ಮನಸ್ಸನ್ನ ಇಂದ್ರಿಯಗಳು ಸೆಳಿತವೆ.",869,1642,,,100
kn_kannada_26_0002,kannada_26,kn,Dvaita,2,"ಅವನು ಕಷ್ಟಪಟ್ಟು ಪ್ರಯತ್ನದಿಂದ ಮನಸ್ಸನ್ನ ಗಟ್ಟಿ ಮಾಡಿ ವಿಷಯ ಪದಾರ್ಥಗಳು ಬರದಂತೆ ಬಾಗಿಲು ಹಾಕಿ ಕೂತಿದ್ದಾನೆ. ಆದರೆ ಆ ಮನಸ್ಸು ಜ್ವಲಿಸ್ತಾ ಇದೆ. ಬೇಕು ಬೇಕು ಅಂತ ಅಭಿಲಾಷೆಯಲ್ಲಿ ತುಂಬಿದೆ. ಹೀಗಾಗಿ ಬಲಾತ್ಕಾರದಿಂದ ವಿಷಯ ಪದಾರ್ಥಗಳನ್ನ ಬಿಟ್ಟು ದೂರವಿದ್ರು. ಪ್ರಮಾಚೀನಿ ಇಂದ್ರಿಯಾಣಿ ಪ್ರಮಥನಶೀಲಾನಿ ಪ್ರಮಾಚೀನಿ ಅಂದ್ರೆ ಆತ್ಮನ ಕ್ಷೋಭೆಯನ್ನುಂಟು ಮಾಡುವ ಸ್ವಭಾವ ಇಂದ್ರಿಯಗಳಿಗೆ. ಕಣ್ಣು ಅದು ಬೇಕು ಅನ್ನುತ್ತೆ, ಕಿವಿ ಇದು ಬೇಕು ಅನ್ನುತ್ತೆ, ತ್ವಗಿಂದ್ರಿಯ ಮತ್ತೊಂದು ಬೇಕು ಅನ್ನುತ್ತೆ, ನಾಲಿಗೆ ಇನ್ನೊಂದು ಬೇಕು ಅನ್ನುತ್ತೆ. ಹೀಗೆ ಒಂದೊಂದು ಒಂದೊಂದು ಇಂದ್ರಿಯಗಳು ಒಂದೊಂದು ಕಡೆ ಮನಸ್ಸನ್ನು ಎಳೆದು ಆ ಮೂಲಕ ಆತ್ಮನಿಗೆ ಕ್ಷೋಭಯನ್ನು ಉಂಟುಮಾಡುವ ಸ್ವಭಾವದ ಇಂದ್ರಿಯಗಳು. ಬಲಾತ್ಕಾರವಾಗಿ ಅವುಗಳ ಬಾಗಿಲನ್ನು ಮುಚ್ಚಿ ಕೂತಿದ್ರೆ ಮನಸ್ಸು ಪ್ರಜ್ವಲಿಸ್ತಾ ಇರ್ತದಲ್ಲ. ಆ ಮನಸ್ಸನ್ನು ಏನಾದರೂ ಮಾಡಿ ಈ ಇಂದ್ರಿಯಗಳು ಸೆಳೆಯುತ್ತವೆ. ನಾವು ನೋಡ್ತೀವಿ. ಗಟ್ಟಿ ಮನಸ್ಸು ಮಾಡಿ ಇದು ಮೊದಲಾಗಿ ಏಕಾದಶಿ ಉಪವಾಸಕ್ಕೆ ನಿರ್ಧಾರ ಮಾಡಿದ್ರು ಸಾಯಂಕಾಲ ಹೊಟ್ಟೆ ಹಸಿವನ್ನ ತಡೆಯಲಾಗದೆ. ಒಂದು ಚೂರು ತಗೊಳ್ಳೋಣ ಅಂತ ಅನ್ಕೊಂಡು ಹೊಟ್ಟೆ ತುಂಬಿಸಿಕೊಳ್ತೀವಿ ನಾವು.",1643,2490,,,107
kn_kannada_26_0003,kannada_26,kn,Dvaita,3,"ಅನೇಕ ಸಾಧಕರು ಪ್ರಪಂಚದ ಗೊಡವೆ ಬೇಡ ಅಂತ ಬ್ರಹ್ಮಚರ್ಯದಲ್ಲಿ ಇದ್ದವರು. ಹೊರ ಪ್ರಪಂಚಕ್ಕೆ ಬರದೆ ಏಕಾಂತದಲ್ಲಿದ್ದವರು ಇದ್ದಕ್ಕಿದ್ದಂಗೆ ಹೊರ ಪ್ರಪಂಚಕ್ಕೆ ಬಂದು ತಮ್ಮ ಸಾಧನೆಯನ್ನೇ ಮರೆತು ಪ್ರಾಪಂಚಿಕ ವಿಷಯ ಭೋಗದಲ್ಲಿ ಆಸಕ್ತರಾಗಿರುವ ಅನೇಕರನ್ನು ನಾವು ಕಂಡಿದ್ದೇವೆ. ಸನ್ಯಾಸದಿಂದ ಈಚೆ ಬಂದವರು, ಬ್ರಹ್ಮಚರ್ಯವನ್ನು ತೊರೆದವರು ಇವರೆಲ್ಲ. ಅವರ ಮನಸ್ಸು ಇನ್ನೂ ಕಾಮದ ಅಂದ್ರೆ ಅಭಿಲಾಷೆಯ ಮಟ್ಟವನ್ನ ತಣಿಸಿಕೊಂಡಿಲ್ಲ. ಹಾಗಾಗಿ ಅದು ಒಳಗಡೆ ಪ್ರಜ್ವಲಿಸ್ತಾ ಇರುತ್ತವೆ, ಅಂತಹ ಮನಸ್ಸನ್ನ ಈ ಇಂದ್ರಿಯಗಳು ಬಲಾತ್ಕಾರವಾಗಿ ಸೆಳೆದು ಅವನ ಇಂದ್ರಿಯ ನಿಗ್ರಹದ ಪ್ರಯತ್ನವನ್ನ ವ್ಯರ್ಥಗೊಳಿಸುತ್ತವೆ. ಆದ್ದರಿಂದ ಸಾಧಾರಣ ಪ್ರಯತ್ನದಿಂದ ಈ ಇಂದ್ರಿಯ ಜಯ ಸಾಧ್ಯವಿಲ್ಲ. ಯತತೋಹ್ಯಪಿ ಕೌಂತೇಯ ಪುರುಷಸ್ಯ ವಿಪಶ್ಚಿತಃ ಇಂದ್ರಿಯಾಣಿ ಪ್ರಮಾಧೀನಿ ಹರಂತಿ ಪ್ರಸಭಂ ಮನಃ ಪ್ರಸಭಂ ಅಂದ್ರೆ ಬಲಾತ್ಕಾರವಾಗಿ ಮನಸ್ಸನ್ನು ಇಂದ್ರಿಯಗಳು ಸೆಳೆಯುತ್ತವೆ. ಎಷ್ಟು ಮನಸ್ಸನ್ನ ನಿಗ್ರಹ ಮಾಡಿದ್ರೂ ಕಣ್ಣು, ನಾಲಿಗೆ ಬೇಕೇ ಬೇಕು ಅಂತ ಒತ್ತಾಯ ಮಾಡಿ ವಿಷಯದ ಕಡೆಗೆ ಆ ಮನಸ್ಸನ್ನ ಹರಿಸುವಂತೆ ಮಾಡುತ್ತದೆ. ಹಾಗಾದರೆ ಸಾಧ್ಯವೇ ಇಲ್ವೋ ಇಂದ್ರಿಯ ಜಯ ತಾನೇ ಸರ್ವಾಣಿ ಸಂಯಮ್ಯ ಯುಕ್ತ ಆಸೀತ ಮತ್ಪರಹ ವಶೇಹಿ ಯಸ್ಯೇಂದ್ರಿಯಾಣಿ ತಸ್ಯ ಪ್ರಜ್ಞಾ ಪ್ರತಿಷ್ಠಿತಾ ಪದವಿಭಾಗ ತಾನಿ ಸರ್ವಾಣಿ ಸಂಯಮ್ಯ ಯುಕ್ತಃ ಆಸೀತ ಮತ್ಪರಃ ವಶೇ ಶಿ ಯಸ್ಯ ಇಂದ್ರಿಯಾಣಿ ತಸ್ಯ ಪ್ರಜ್ಞಾ ಪ್ರತಿಷ್ಠಿತಾ ತಾನಿ ಇಂದ್ರಿಯಾಣಿ ಸಂಯಮ್ಯ ಮತ್ಪರಃ ಯುಕ್ತಃ ಆಸೀತ ಇಂದ್ರಿಯಗಳು ಪರಾಂಚಿ ಖಾನಿ ವ್ಯತೃಣಾತ್ ಸ್ವಯಂಭೂ ಯಾವತ್ತು ಬಹಿರ್ಮುಖಗಳು ಅವುಗಳನ್ನ ಮನಸ್ಸೆಂಬ ಕಡಿಬಾಣದಿಂದ ಜಗ್ಗಿ ಹಿಡಿದು ಸಂಯಮ್ಯ.",2491,3632,,,144
kn_kannada_26_0004,kannada_26,kn,Dvaita,4,ಜಗ್ಗಿ ಹಿಡಿದರೂ ಅವು ಹೋಗುವ ಸ್ವಭಾವದವುಗಳೇ. ಅದಕ್ಕೇನು ಮಾಡಬೇಕು ಅಂದ್ರೆ ಆ ಇಂದ್ರಿಯವನ್ನು ಮನಸ್ಸಿನಲ್ಲಿ ಹಿಡಿದಿಟ್ಟಿರುವುದರ ಜೊತೆ ಆ ಮನಸ್ಸಿನಲ್ಲಿ ಜ್ಞಾನದ ಕಿಡಿಯನ್ನು ಹೊತ್ತಿಸಬೇಕು. ಮತ್ಪರಹ. ಏನದು ಜ್ಞಾನ? ಅಹಮೇವ ಪರಹ ಯಸ್ಯಾಸೌ. ಭಗವಂತನೇ ಸರ್ವೋತ್ತಮ. ಅವನು ನನ್ನನ್ನು ಉದ್ದಾರ ಮಾಡುತ್ತಾನೆ. ಕ್ಷುಲ್ಲಕವಾದ ಈ ವಿಷಯ ಪದಾರ್ಥಗಳ ಸೆಳೆತಕ್ಕೆ ನಾನು ಒಳಗಾಗಬಾರದು. ಅವನ ಅನುಗ್ರಹವನ್ನು ನಾನು ಸಂಪಾದನೆ ಮಾಡಬೇಕು. ಹೀಗೆ ಮತ್ಪರಹ. ವಿಷ್ಣು ಸರ್ವೋತ್ತಮತ್ವ ಜ್ಞಾನವುಳ್ಳವನಾಗಿ ಯುಕ್ತಃ ಯುಕ್ತಃ ಅಂದ್ರೆ ಇಲ್ಲಿ ಯುಜು ಧಾತುವಿನಿಂದ ಬಂದ ರೂಪ ಯುಕ್ತಃ ಅಂದ್ರೆ ಸಮಾಜಿ ಅವಸ್ಥೆಗೆ ಒಳಗಾಗಿ ಅಂತ ಅರ್ಥ. ಅಲ್ಲಿಗೆ ಭಗವಂತನ ಸರ್ವೋತ್ತಮತ್ವ ಜ್ಞಾನ ಪೂರ್ವಕ ಅವನ ನಿರಂತರ ಧ್ಯಾನವನ್ನ ಮಾಡೋ ಪ್ರಯತ್ನ ಮಾಡಿದ್ರೆ ಆವಾಗ ಮನಸ್ಸನ್ನ ಇಂದ್ರಿಯಗಳು ಸೆಳೆಯೋದಕ್ಕೆ ಆಗೋದಿಲ್ಲ. ಅಲ್ಲಿಗೆ ಸಾಮಾನ್ಯ ಪ್ರಯತ್ನಕ್ಕೆ ಇಂದ್ರಿಯಗಳನ್ನು ಗೆಲ್ಲೋದು ಅಸಾಧ್ಯವಾದರೂ ಕೂಡ ಧ್ಯಾನದ ಜೊತೆ ಧ್ಯಾನವನ್ನ ಬೆರೆಸಿದಾಗ ಆ ಇಂದ್ರಿಯಗಳನ್ನ ಹಿಡಿದಿಟ್ಟುಕೊಳ್ಳಬಹುದು. ಮನಸ್ಸನ್ನ ಅವುಗಳು ಸೆಳೆಯುವ ಬದಲು ಅವುಗಳನ್ನ ಮನಸ್ಸು ಸೆಳೆಯುವಂತೆ ಮಾಡಬೇಕಾದರೆ ಅಂದ್ರೆ ನಮ್ಮ ಮನಸ್ಸಿನ ಹಿಡಿತದಲ್ಲಿ ಅವುಗಳು ಇರುವಂತೆ ಆಗಬೇಕಾದರೆ ಆ ಮನಸ್ಸಿಗೆ ಎರಡು ಸಂಸ್ಕಾರಗಳನ್ನು ನೀಡಬೇಕು.,3633,4547,,,112
kn_kannada_26_0005,kannada_26,kn,Dvaita,5,ಒಂದು ಭಗವಂತನೇ ಸರ್ವೋತ್ತಮ ಅವನನ್ನ ಮೆಚ್ಚಿಸುವುದೇ ನನ್ನ ಜೀವನದ ಗುರಿ ಅನ್ನೋ ಅದಮ್ಯ ಸಂಕಲ್ಪ ಇರಬೇಕು. ಎರಡನೆಯದು ಅವನ ದರ್ಶನಕ್ಕಾಗಿ ನಮ್ಮ ಮನಸ್ಸನ್ನ ಅವನಲ್ಲಿ ಏಕಾಗ್ರಗೊಳಿಸಬೇಕು. ಹೀಗೆ ಯುಕ್ತಃ ಮತ್ಪರಃ ವಿಷ್ಣು ಸರ್ವೋತ್ತಮತ್ವ ಜ್ಞಾನ ಅವನ ಧ್ಯಾನ ಇವುಗಳಿಂದ ವಶೇಷಿ ಯಸ್ಯ ಇಂದ್ರಿಯಾಣಿ ಯಾರ ವಶೆ ಅಧೀನದಲ್ಲಿ ಇಂದ್ರಿಯಾಣಿ ಇಂದ್ರಿಯಗಳು ಇರುತ್ತವೋ ತಸ್ಯ ಪ್ರಜ್ಞಾ ಪ್ರತಿಷ್ಠಿತ ಅಂತವನಿಗೆ ಅಪರೋಕ್ಷ ಜ್ಞಾನ ನೆಲೆಗೊಳ್ಳುತ್ತದೆ ಸಿಗುತ್ತದೆ ಹೀಗೆ. ಹಿಂದಿನ ಶ್ಲೋಕದಲ್ಲಿ ನಿರಾಹಾರದಿಂದ ಇಂದ್ರಿಯಗಳ ಶಕ್ತಿಯನ್ನು ಕುಂದಿಸಬೇಕು ಅಂತ ಕೃಷ್ಣ ಹೇಳಿದ. ಆದರೆ ಇದು ಅಸಾಧ್ಯವಾದ ಮಾತು. ನಿರಾಹಾರದಲ್ಲಿದ್ದರೆ ಒಂದು ದಿವಸ ಎರಡು ದಿವಸ ಉಪವಾಸ ಅಲ್ಲ. ನಿರಂತರ ಉಪವಾಸವಿದ್ದರೆ ಇಂದ್ರಿಯಗಳ ಶಕ್ತಿ ಕುಂದುತ್ತೆ. ಅದು ಇಂದ್ರಿಯಗಳ ಶಕ್ತಿ ಮಾತ್ರ ಮನಸ್ಸಿನ ಸೆಳೆತ ಹಾಗೆ ಇರುತ್ತದೆ. ಆದ್ದರಿಂದ ಅದು ಅಸಾಧ್ಯವಾದ ಮಾತು. ಅದು ವಸ್ತುಸ್ಥಿತಿಯನ್ನಷ್ಟೇ ಹೇಳಿದ್ದು ಹೊರತು ಅದು ಪ್ರಾಕ್ಟಿಕಲ್ ಅಲ್ಲ. ನಮ್ಮ ಜೀವನದಲ್ಲಿ ಸಾಧಿಸೋಕೆ ಆಗುವಂತ ವಿಷಯ ಅಲ್ಲ. ಇನ್ನು ಅಪರೋಕ್ಷ ಜ್ಞಾನ. ಅಪರೋಕ್ಷ ಜ್ಞಾನ ಬರೋಕ್ಕಿಂತ ಮುಂಚೆ ಇಂದ್ರಿಯ ನಿಗ್ರಹ ಇದ್ರೆ ಮಾತ್ರ ಧ್ಯಾನದಿಂದ ಅಪರೋಕ್ಷ ಜ್ಞಾನವನ್ನು ಗಳಿಸುವುದು ಸಾಧ್ಯ.,4548,5423,,,112
kn_kannada_26_0006,kannada_26,kn,Dvaita,6,"ಆದ್ದರಿಂದ ಅಪರೋಕ್ಷ ಜ್ಞಾನವು ಮೊದಲು ಇರೋದಿಲ್ಲ. ಇನ್ನು ನಿರಂತರ ಉಪವಾಸವು ಸಾಧ್ಯ ಅಲ್ಲ. ಮತ್ತೆ ಹೇಗೆ ಇಂದ್ರಿಯಗಳನ್ನ ಜಯಿಸೋದು ಅಂದ್ರೆ ಅದರ ಮನಸ್ಸಿನಲ್ಲಿ ಮತ್ಪರಹ ಜ್ಞಾನ ಮತ್ತು ನಿರಂತರ ಧ್ಯಾನದ ಪ್ರಯತ್ನ. ಇವೆರಡರಿಂದ ಇಂದ್ರಿಯಗಳ ಅದಮ್ಯ ಭೋಗ ಲಾಲಸೆಯನ್ನ ಮನಸ್ಸಿನಿಂದ ಹಿಡಿದು ಅವುಗಳನ್ನ ನಿಯಂತ್ರಣಕ್ಕೆ ತರಬಹುದು. ಮತ್ತೊಮ್ಮೆ ಶ್ಲೋಕ ತಾನಿ ಸರ್ವಾಣಿ ಸಂಯಮ್ಯ ಯುಕ್ತ ಆಸೀತ ಮತ್ಪರಹ ವಶೇಹಿ ಯಸ್ಯೇಂದ್ರಿಯಾಣಿ ತಸ್ಯ ಪ್ರಜ್ಞಾ ಪ್ರತಿಷ್ಠಿತಾ ಮುಂದೆ ಇಂದ್ರಿಯ ಸೋಲೋದು ಯಾವಾಗ ಅಂದ್ರೆ ಮನಸ್ಸಿನಲ್ಲಿ ಸ್ಥಿತಪ್ರಜ್ಞನ ಲಕ್ಷಣ ಹೇಳುವಾಗ ಎರಡು ಅಂಶಗಳನ್ನು ಶ್ರೀಕೃಷ್ಣ ಹೇಳಿದ. ಒಂದು ಕ್ರೋಧ, ಇನ್ನೊಂದು ಕಾಮ. ಕಾಮ ಅಂದ್ರೆ ವಿಷಯ ಲಾಲಸೆ. ಕ್ರೋಧ ಅಂದ್ರೆ ಸಿಟ್ಟು. ಇವೆರಡು ಮನೋದೌರ್ಬಲ್ಯಗಳನ್ನ ಬಿಡಬೇಕು ಅಂತ. ಆ ಕಾಮವನ್ನ ಬಿಡಬೇಕಾದರೆ ಏನು ಮಾಡಬೇಕು? ಎಲ್ಲಿಂದ ಕಾಮಕ್ಕೆ ಕಾರಣ ಯಾವುದು? ಕಾಮದಿಂದ ಆಗುವ ಅನರ್ಥ ಏನು ಅನ್ನೋದನ್ನ ಮುಂದಿನ ಶ್ಲೋಕದಲ್ಲಿ ಶ್ರೀಕೃಷ್ಣ ಹೇಳ್ತಾನೆ. ಸಾಧಕನಿಗೆ ತುಂಬಾ ಮುಖ್ಯವಾದ ವಿಷಯ ಇದು. ಧ್ಯಾಯತೋ ವಿಷಯಾನ್ ಪುಂಸಃ ಸಂಗಸ್ತೇಷೂಪಜಾಯತೆ ಸಂಗಾಸ್ಸಂಜಾಯತೆ ಕಾಮಃ ಕಾಮಾತ್ ಕ್ರೋಧೋಭಿಜಾಯತೆ ಎರಡು ಶ್ಲೋಕಗಳನ್ನ ಒಟ್ಟು ಸೇರಿ ನೋಡಬೇಕು.",5424,6277,,,110
kn_kannada_26_0007,kannada_26,kn,Dvaita,7,ಕ್ರೋಧಾದ್ಭವತಿ ಸಮ್ಮೋಹಃ ಸಮ್ಮೋಹಾತ್ ಸ್ಮೃತಿ ವಿಭ್ರಮಃ ಸ್ಮೃತಿ ಭ್ರಂಶಾತ್ ಬುದ್ಧಿ ನಾಶಃ ಬುದ್ಧಿ ನಾಶಾತ್ ಪ್ರಣಶ್ಯತಿ. ಕಾಮ ಮನಸ್ಸಿನಲ್ಲಿ ಹೇಗೆ ಹುಟ್ಟುತ್ತದೆ ಅದರಿಂದಾಗುವ ಅನರ್ಥ ಏನು ಅನ್ನೋದನ್ನ ಒಂದರ ನಂತರ ಒಂದು ಅನರ್ಥಗಳನ್ನು ಹೇಳುತ್ತಾ ಬಹಳ ಪ್ರಾಯೋಗಿಕವಾಗಿ ಶ್ರೀಕೃಷ್ಣ ಕಾಮ ತ್ಯಾಗವನ್ನು ಸಮರ್ಥನೆ ಮಾಡಿದ್ದಾನೆ. ಪದ ವಿಭಾಗ ಧ್ಯಾಯತಃ ವಿಷಯಾನ್ ಪುಂಸಹ ಸಂಗಹ ತೇಶು ಉಪಜಾಯತೆ ಸಂಗಾತ್ ಸಂಜಾಯತೆ ಕಾಮಃ ಕಾಮಾತ್ ಕ್ರೋಧಃ ಅಭಿಜಾಯತೆ ಕ್ರೋಧಾತ್ ಭವತಿ ಸಮ್ಮೋಹಃ ಸಮ್ಮೋಹಾತ್ ಸ್ಮೃತಿವಿಭ್ರಮಃ ಸ್ಮೃತಿಭ್ರಂಶಾತ್ ಬುದ್ಧಿನಾಶಃ ಬುದ್ಧಿನಾಶಾತ್ ಪ್ರಣಶ್ಯತಿ ವಿಷಯಾನ್ ಧ್ಯಾಯತ್ತಃ ತೆಶು ಸಂಗಹ ಜಾಯತೆ ಮನಸ್ಸಿನಲ್ಲಿ ನಿರಂತರ ವಿಷಯಗಳ ಬಗ್ಗೆ ಯೋಚಿಸ್ತಾ ಇದ್ರೆ ಅವುಗಳಲ್ಲಿ ಆಸಕ್ತಿ ಹುಟ್ಟುತ್ತದೆ. ಸಂಘ ಅಂದ್ರೆ ಆಸಕ್ತಿ. ನಾವು ಮಕ್ಕಳು ಅಥವಾ ಯುವಕರು ನಿರಂತರ ತಮಗೆ ಬೇಕಾದ ವಸ್ತುವನ್ನ ಯೋಚಿಸ್ತಾನೇ ಇದ್ರೆ ರಾತ್ರಿ ಹಗಲು ಮನಸ್ಸಿಗೆ ಪುರುಸೋತು ಸಿಕ್ಕಾಗಲೆಲ್ಲ ಆಕರ್ಷಕ ಪದಾರ್ಥವನ್ನೇ ನೆನೆಸ್ತಾ ಇದ್ರೆ ದಿನ ದಿನ ದಿನ ದಿನ ಕಳೆದಂತೆ ಅದರಲ್ಲಿ ಆಸಕ್ತಿ ಹೆಚ್ಚುತ್ತದೆ. ಯಾವ ವಸ್ತುವನ್ನು ವಿಷಯ ಪದಾರ್ಥವನ್ನು ಮನಸ್ಸಿನಲ್ಲಿ ನಿರಂತರ ನೆನೆಸ್ತಾ ಇರ್ತೇವೋ ಧ್ಯಾಯತಃ ದೇವರನ್ನು ಧ್ಯಾನಿಸುವ ಬದಲು ವಿಷಯ ಪದಾರ್ಥಗಳನ್ನು ಧ್ಯಾನಿಸ್ತಾ ಇದ್ರೆ ಸಂಗಹ ಜಾಯತೆ.,6278,7201,,,117
kn_kannada_26_0008,kannada_26,kn,Dvaita,8,ಅದರಿಂದ ಆ ವಸ್ತುವಿನಲ್ಲಿ ಆಸಕ್ತಿ ಹುಟ್ಟುತ್ತದೆ. ಇದರಿಂದ ಸಂಗಾ ಸಂಜಾಯತೆ ಕಾಮಹ. ಅವುಗಳಲ್ಲಿ ಯಾವತ್ತು ಆಸಕ್ತಿ ಹುಡಿತೋ ಅದರಲ್ಲಿ ಕಾಮ ಹುಡುತ್ತದೆ. ಕಾಮ ಅಂದ್ರೆ ಆ ಆಸಕ್ತಿ ಹೆಚ್ಚುತ್ತದೆ. ಆಸಕ್ತಿ ಅಂದ್ರೆ ಬೇಕು ಅಂತ ಅಭಿಲಾಷೆ. ಕಾಮಹ ಅಂದ್ರೆ ಅದಿಲ್ಲದೆ ಸಾಧ್ಯವೇ ಇಲ್ಲ. ಏನಾದರೂ ಮಾಡಿ ಅದನ್ನು ಪಡೆದುಕೊಳ್ಳಬೇಕು ಅನ್ನೋ ಹಂತಕ್ಕೆ ನಾವು ತಲುಪುತ್ತೇವೆ. ಇದು ಸಂಘ. ಸಂಗದಿಂದ ಮುಂದಿನ ಹಂತ ಕಾಮ. ಸಂಗದ ಪರಾಕಾಷ್ಠೆ ಸಂಗದಲ್ಲಿ ಅದು ಬೇಕು ಅಂತ ಅಷ್ಟೇ ಇರುತ್ತದೆ. ಕಾಮದಲ್ಲಿ ಅದು ಇಲ್ಲದೆ ಸಾಧ್ಯವೇ ಇಲ್ಲ ಅಂತ ಅನಿಸುತ್ತದೆ. ಆಮೇಲೆ ಕಾಮಾತ್ ಕ್ರೋಧೋಭಿಜಾಯತೆ. ಆ ಹಂತಕ್ಕೆ ಕಾಮದ ಹಂತಕ್ಕೆ ನಾವು ತಲುಪಿದಾಗ ಅದು ಸಿಗಲಿಲ್ಲ ಯಾರೋ ತೊಂದರೆ ಮಾಡಿದ್ರು ಸಿಟ್ಟು ಬರುತ್ತದೆ. ಅದಮ್ಯವಾದ ಸಂಕಲ್ಪ ಆ ವಸ್ತುವನ್ನು ಪಡಿಬೇಕು ಅಂತಿದ್ದಾಗ ಮಧ್ಯೆ ಯಾರು ತಡೆ ಒಡುತ್ತಾರೋ ಅವರ ಮೇಲೆ ಸಿಟ್ಟು ಬರುತ್ತೆ. ಕಾಮಾತ್ ಕ್ರೋಧೋಭಿಜಾಯತೆ ಚಿಕ್ಕ ಮಕ್ಕಳಲ್ಲೂ ನಾವು ನೋಡ್ತೀವಿ. ಮೊಬೈಲ್ ನೋಡಬೇಕು ಅಂತ ಅವರು ಇನ್ನಿಲ್ಲದ ಆಸೆಯಲ್ಲಿದ್ದು ತಂದೆ ತಾಯಿ ಅದನ್ನ ತಡೆದರೆ ಅವು ಏನು ಮಾಡೋಕು ಸಿದ್ಧ ಇರುತ್ತವೆ.,7202,7991,,,111
kn_kannada_26_0009,kannada_26,kn,Dvaita,9,"ಕಾಮಾತ್ ಕ್ರೋಧೋಭಿಜಾಯತೆ. ಕ್ರೋಧಾದ್ಭವತಿ ಸಮ್ಮೋಹಃ ಮುಂದಿನ ಹಂತ ಸಿಟ್ಟಿನಿಂದ ಸಮ್ಮೋಹಃ ಮಾಡಬಾರದ ಕೆಲಸವನ್ನು ಮಾಡುವ ಇಚ್ಛೆ ಮನಸ್ಸಿನಲ್ಲಿ ಬರುತ್ತದೆ ಸಮ್ಮೋಹ ಅಂದ್ರೆ ಅಂದ್ರೆ ಪರ ವಿತ್ತಾಪಹರಣಾದಿ ಅನರ್ಥೇ ಧರ್ಮ ಬುದ್ಧಿಹಿ ಮಿಥ್ಯಾ ಜ್ಞಾನಂ. ಆ ಕ್ರೋಧದಿಂದ ಮತ್ತೊಬ್ಬರ ಹಣವನ್ನು ಅವರ ಆಸ್ತಿಯನ್ನು ಕಬಳಿಸುವ ವಿಷಯದಲ್ಲಿ ಅದು ತಪ್ಪು ಅಂತ ಗೊತ್ತಿದ್ದರೂ ಕೂಡ ಅದು ಮಾಡಬಹುದು ಅಂತ ಅಕಾರ್ಯೇಚ್ಛ. ಯಾವುದನ್ನ ನಾವು ಇದುವರೆಗೆ ಮಾಡಬಾರದು ಅಂತ ಸುಮ್ಮನೆ ಕೂತಿದ್ದವೋ, ಕ್ರೋಧ ಬಂದಾಗ ಆ ಮಾಡಬಾರದ ಕೆಲಸಕ್ಕೆ ನಾವು ಸಿದ್ಧರಾಗ್ತೇವೆ. ಸಮ್ಮೋಹಾತ್ ಸ್ಮೃತಿ ವಿಭ್ರಮಃ ಯಾವತ್ತು ಈ ಸಮ್ಮೋಹಾವಸ್ಥೆಗೆ ಮಾಡಬಾರದ ಕೆಲಸವನ್ನು ಮಾಡಬೇಕು ಅಂತ ನಿರ್ಧಾರ ಮಾಡ್ತೀವೋ ಆವಾಗ ತಂದೆ ತಾಯಿ ಶಾಸ್ತ್ರ ಹೇಳಿರ್ತಾರೆ ಇಂತಹ ಕೆಟ್ಟ ಕೆಲಸವನ್ನು ಮಾಡಬೇಡೋ ಇನ್ನೊಬ್ಬರಿಗೆ ತೊಂದರೆ ಕೊಡಬಾರದು ಅಂತ ಅದು ಮರೆತು ಹೋಗುತ್ತೆ ಸ್ಮೃತಿ ವಿಭ್ರಮಃ ಸ್ಮೃತಿಭ್ರಂಶಾತ್ ಬುದ್ಧಿನಾಶಃ ಆ ಯಾವತ್ತೂ ಮಾಡಬಾರದು ಅನ್ನೋ ಹಿರಿಯರು ಹೇಳಿದ ಮಾತು ಶಾಸ್ತ್ರದ ನಿಷೇಧ ನಮಗೆ ಮರಿತದೋ ಇದರಿಂದ ಬುದ್ಧಿನಾಶಃ ಇದನ್ನು ಮಾಡಬಾರದು ಅನ್ನೋ ಪ್ರಜ್ಞೆ ನಮ್ಮಲ್ಲಿ ಹೋಗುತ್ತದೆ.",7992,8809,,,106
kn_kannada_26_0010,kannada_26,kn,Dvaita,10,"ಬುದ್ಧಿ ನಾಶಾತ್ ಪ್ರಣಶ್ಯತಿ. ಅಲ್ಲಿಗೆ ಇದನ್ನು ಮಾಡಿದರೆ ಏನು ಅಂತ ನಮ್ಮ ಮನಸ್ಸು ಕೇಳುತ್ತದೆ. ಮಾಡೇ ಬಿಡೋಣ ಅನ್ನಿಸುತ್ತೆ. ಮಾಡಬಾರದು ಅನ್ನೋದು ಮರೆತು ಹೋಗುತ್ತೆ, ಮಾಡಬಾರದನ್ನ ಮಾಡ್ತೇವೆ. ಮಾಡಬಾರದನ್ನ ಮಾಡಿದ್ದರಿಂದ ಪಡಬಾರದನ್ನ ಪಡ್ತೀವಿ ನಾವು. ನರಕಕ್ಕೆ ಬಿಡ್ತಾನೆ. ಪ್ರತಿಭ್ರಂಶಾತ್ ಬುದ್ಧಿನಾಶಃ ಬುದ್ಧಿನಾಶಾತ್ ಪ್ರಣಶ್ಯತಿ. ಇದು. ಕಾಮದಿಂದ ಆಗುವ ಅನರ್ಥಗಳು. ಕಾಮ ಉಂಟಾಗುವುದು ಹೇಗೆ ಅಂದ್ರೆ ಸಂಗಾತ್ ಸಂಜಾಯತೆ ಕಾಮಃ. ಆ ಸಂಗ ಉಂಟಾಗುವುದು ಹೇಗೆ ಅಂದ್ರೆ ಧ್ಯಾಯತೋ ವಿಷಯಾನ್ ಪುಂಸಹ. ಅಲ್ಲಿಗೆ ಮೂಲ ಮನಸ್ಸಿನಲ್ಲಿ ಯಾವುದನ್ನ ಹೆಚ್ಚು ಎಷ್ಟು ಕಾಲ ನಾವು ಯೋಚನೆ ಮಾಡುತ್ತೇವೋ ಅದರಲ್ಲಿ ಸಂಘ ಆಗುತ್ತೆ ಅಂದ್ರೆ ಆಸಕ್ತಿ ಬೆಳೆಯುತ್ತದೆ, ಆಸಕ್ತಿಯಿಂದ ಅದಮ್ಯ ಇಚ್ಛೆ ಉಂಟಾಗುತ್ತದೆ, ಅದಮ್ಯ ಇಚ್ಛೆಯಿಂದ ಮಾಡಬಾರದನ್ನ ಮಾಡುತ್ತೇವೆ. ವಿಧಿ ನಿಷೇಧ ಶಾಸ್ತ್ರಗಳು ಮರೆತು ಹೋಗ್ತವೆ, ಹಿರಿಯರು ಹೇಳಿದ ಬುದ್ಧಿವಾದ ಮರೀತೇವೆ, ಮಾಡಿದ್ರೆ ಪಾಪ ಬರುತ್ತದೆ ಅನ್ನೋ ಪ್ರಜ್ಞೆಯನ್ನ ಕಳೆದುಕೊಳ್ಳುತ್ತೇವೆ, ಆ ಕೆಟ್ಟ ಕೆಲಸ ಮಾಡುತ್ತೇವೆ ಅನ್ನೋ ಅರ್ಥಕ್ಕೆ ಈಡಾಗ್ತೇವೆ. ಹೀಗೆ. ಎಲ್ಲದಕ್ಕೂ ಮೊದಲು ವಿಷಯ ಪದಾರ್ಥಗಳ ಬಗ್ಗೆ ಯೋಚನೆ ಮಾಡುವುದನ್ನ ಕಡಿಮೆ ಮಾಡು.",8810,9652,,,106
kn_kannada_26_0011,kannada_26,kn,Dvaita,11,"ಇದರಿಂದ ಒಂದೊಂದೊಂದು ಸರಮಾಲೆ ಒಂದರ ನಂತರ ಒಂದು ಬೆಳೆದು ನೀನು ಅನರ್ಥಕ್ಕೆ ಈಡಾಗ್ತೀಯ. ಆದ್ದರಿಂದ. ಕಾಮವನ್ನ ಬಿಡದ ಹೊರತು ಭಗವತ್ ಚಿಂತನೆ ಸಾಧ್ಯವಿಲ್ಲ. ಕಾಮವು ದೊಡ್ಡ ಅನರ್ಥಕ್ಕೆ ಕಾರಣ. ಮತ್ತೊಮ್ಮೆ ಶ್ಲೋಕ ಧ್ಯಾಯತೋ ವಿಷಯಾನ್ ಪುಂಸಹ ಸಂಗಸ್ತೇಷೋಪಜಾಯತೇ ಸಂಗಾ ಸಂಜಾಯತೇ ಕಾಮಃ ಕಾಮಾತ್ ಕ್ರೋಧೋಭಿಜಾಯತೆ ಕ್ರೋಧಾತ್ ಭವತಿ ಸಮ್ಮೋಹಃ ಸಮ್ಮೋಹಾತ್ ಸ್ಮೃತಿ ವಿಭ್ರಮಃ ಸ್ಮೃತಿ ಭ್ರಂಶಾತ್ ಬುದ್ಧಿ ನಾಶಃ ಬುದ್ಧಿ ನಾಶಾತ್ ಪ್ರಣಶ್ಯತಿ ಹೀಗೆ ಕಾಮ ಎಲ್ಲಿಂದ ಹುಟ್ಟುತ್ತದೆ, ಕಾಮದಿಂದ ಎಲ್ಲಿಗೆ ಹೋಗ್ತೇವೆ ನಾವು ಅನ್ನೋದನ್ನ ಹೇಳುವ ಮೂಲಕ ಮನಸ್ಸಿನ ಕಾಮ ಕ್ರೋಧಗಳ ಜಯ ಅನಿವಾರ್ಯ ಅನ್ನೋದನ್ನ ಶ್ರೀಕೃಷ್ಣ ಇಲ್ಲಿ ಹೇಳಿದ್ದಾನೆ. ಮುಂದೆ ಏನು ಮಾಡಬೇಕು ಅವನು ಈ ಕಾಮವನ್ನು ಹುಟ್ಟದೆ ಇರುವಂತೆ ಮಾಡಬೇಕಾದರೆ ಅನ್ನೋದನ್ನ ಶ್ರೀಕೃಷ್ಣ ಮುಂದೆ ಹೇಳುತ್ತಾನೆ. ಶ್ರೀಕೃಷ್ಣಾರ್ಪಣಮಸ್ತು. ಈ ಗೀತಾ ಶ್ಲೋಕಗಳ ಅರ್ಥ ಚಿಂತನೆಯನ್ನ ಶ್ರೀ ಎಂ.ಸಿ. ಶ್ರೀಧರಮೂರ್ತಿ, ಶ್ರೀಮತಿ ಪರಿಮಳ ಶ್ರೀಧರಮೂರ್ತಿ ಇವರು ಪ್ರಾಯೋಜಿಸಿದ್ದಾರೆ. ಶ್ರೀಕೃಷ್ಣ ಅವರಿಗೆ ಸಕಲ ಅಭಿಷ್ಟಗಳನ್ನು ನೀಡಿ ಅನುಗ್ರಹಿಸಲಿ ಅಂತ ಪ್ರಾರ್ಥನೆ ಮಾಡು.",9653,10447,,,101
kn_kannada_27_0000,kannada_27,kn,Dvaita,0,"ಗುರುಭ್ಯೋ ನಮಃ ಹರಿಃ ಓಂ ಶ್ರೀಕೃಷ್ಣ ಕಾಮ ಕ್ರೋಧಗಳಿಂದ ಆಗುವ ಅಂತಿಮ ಅನರ್ಥ ಅವೆರಡಕ್ಕೆ ಕಾರಣ. ಇದನ್ನ ಹಿಂದಿನ ಶ್ಲೋಕದಲ್ಲಿ ನಿರೂಪಣೆ ಮಾಡಿದ್ದಾನೆ. ಈ ಕಾಮ ಕ್ರೋಧಗಳನ್ನ ಬಿಡಬೇಕು ಅನ್ನೋದು ಅವರ ತಾತ್ಪರ್ಯ. ಅದರಿಂದ ಆಗುವ ಲಾಭ ಏನು ಅನ್ನೋದನ್ನ ಶ್ರೀಕೃಷ್ಣ ಈ ಶ್ಲೋಕದಲ್ಲಿ ಹೇಳಿದ್ದಾನೆ. ತಿಳಿಸ್ತಾ ಇದ್ದಾನೆ. 64ನೇ ಶ್ಲೋಕ ರಾಗ ದ್ವೇಷ ವಿಯುಕ್ತೈಸ್ತು ವಿಷಯಾನಿಂದ್ರಿಯೈಶ್ಚರನ್ ಆತ್ಮವಶ್ಯೇರ್ವಿಧೇಯಾತ್ಮ ಪ್ರಸಾದಮಧಿಗಚ್ಛತಿ ಪದವಿಭಾಗ ರಾಗದ್ವೇಷವಿಯುಕ್ತೈಃ ತು ವಿಷಯಾನ್ ಇಂದ್ರಿಯೈಹಿ ಚರನ್ ಆತ್ಮವಶ್ಯೈಹಿ ವಿಧೇಯಾತ್ಮ ಪ್ರಸಾದಮ್ ಅಧಿಗಚ್ಛತಿ ಮನಸ್ಸಿನ ಕಾಮ ಮತ್ತು ಕ್ರೋಧ, ಆಸೆ ಮತ್ತು ಸಿಟ್ಟು ಇವೆರಡನ್ನ ಕಳೆದುಕೊಂಡರೆ ಮುಂದಿನ ಹಂತ ಏನು? ರಾಗದ್ವೇಷವಿಯುಕ್ತೈಃ ಆತ್ಮವಶ್ಯೈಃ ಇಂದ್ರಿಯೈಃ ವಿಷಯಾನ್ ಚರನ್ ಮನಸ್ಸಿನ ರಾಗ ಮತ್ತು ದ್ವೇಷಗಳನ್ನು ಕಳೆದುಕೊಂಡು ಆತ್ಮವಶ್ಯೈಹಿ ಆತ್ಮ ಅಂದ್ರೆ ಮನಸ್ಸು ಮನಸ್ಸಿನ ಅಧೀನವಾದ ಇಂದ್ರಿಯೈಹಿ ಇಂದ್ರಿಯ ಹೇಳಿದಂತೆ ಅವನ ಮನಸ್ಸಿಲ್ಲ. ಮನಸ್ಸು ಹೇಳಿದಂತೆ ಇಂದ್ರಿಯಗಳು ಇವೆ. ಹೀಗೆ ಆತ್ಮವಶ್ಯೈಹಿ ಆತ್ಮ ಮನಃ ವಿಧೇಯಾತ್ಮ. ವಿಧೇಯಃ ಆತ್ಮ ಮನಃ ಯಸ್ಯ ಆ ಮನಸ್ಸು ಅವನ ಹಿಡಿತದಲ್ಲಿದೆ, ಸಾಧಕನ ಹಿಡಿತದಲ್ಲಿದೆ.",0,837,,,105
kn_kannada_27_0001,kannada_27,kn,Dvaita,1,"ಮನಸ್ಸಿನ ಹಿಡಿತದಲ್ಲಿ ಇಂದ್ರಿಯಗಳಿವೆ ಆತ್ಮವಶ್ಯೈಹಿ. ಅಥವಾ ಆತ್ಮ ಅಂದ್ರೆ ಪರಮಾತ್ಮ. ಅವನ ಅನುಗ್ರಹದಿಂದ ಇಂದ್ರಿಯಗಳನ್ನು ಮನಸ್ಸಿನ ಹಿಡಿತದಲ್ಲಿ ಇಟ್ಟುಕೊಂಡವ. ಅಂತಹ ಇಂದ್ರಿಯಗಳಿಂದ ವಿಷಯಾನ್ ಚರನ್. ವಿಷಯಾನ್ ಅಂದ್ರೆ ಭೋಗ್ಯ ವಸ್ತುಗಳನ್ನು ಚರನ್. ಅನುಭವಿಸುತ್ತಾ ಯಾರು ಇಂದ್ರಿಯಗಳ ಕಡೆಗೆ ತನ್ನ ಮನಸ್ಸನ್ನ ಬಿಡದೆ ಮನಸ್ಸಿನ ಅಧೀನದಲ್ಲಿ ಇಂದ್ರಿಯಗಳನ್ನಿಟ್ಟುಕೊಂಡು ವಿಜಯಾತ್ಮನಾಗಿ ಮನಸ್ಸನ್ನ ತನ್ನ ಅಧೀನದಲ್ಲಿ ಇಟ್ಟುಕೊಂಡವನಾಗಿ ವಿಷಯ ಪದಾರ್ಥಗಳ ಸೇವನೆಯನ್ನು ಮಾಡುತ್ತಾನೋ ಅಂದ್ರೆ ನಮ್ಮಂತೆನೆ ಆತ ಉಣುತ್ತಾನೆ, ತಿನ್ನುತ್ತಾನೆ, ನೋಡುತ್ತಾನೆ, ಕೇಳುತ್ತಾನೆ. ನಮ್ಮಂತೆನೆ ವಿಷಯ ಪದಾರ್ಥಗಳನ್ನು ಸೇವಿಸುತ್ತಾನೆ. ಆದರೆ ನಾವು ರುಚಿಯಾದ ವಸ್ತುಗಳನ್ನು ಸವಿದಾಗ ಬಾಯಿ ಚಪ್ಪರಿಸುತ್ತೇವೆ. ಅವನು ಬಾಯಿ ಚಪ್ಪರಿಸುವುದಿಲ್ಲ. ಸುಂದರವಾದ ದೃಶ್ಯವನ್ನು ನೋಡಿದಾಗ ಹಾರಿ ಕುಣಿತೀವಿ. ಅವನು ಕುಡಿಯುವುದಿಲ್ಲ. ರಾಘವೇಂದ್ರ ಸ್ವಾಮಿಗಳು ಹೇಳ್ತಾರೆ, ದೇಹ ಧಾರಣೆ ಆಗಬೇಕು ಅನ್ನೋ ದೃಷ್ಟಿಯಿಂದ ಆತ ಭೋಗ್ಯ ವಸ್ತುಗಳನ್ನು ಸೇವಿಸುತ್ತಾನೆ ಹೊರತು. ನನಗೆ ಇದರಿಂದ ಒಂದು ಖುಷಿ ಆಗ್ತದೆ ಮನಸ್ಸಿಗೆ ಅನ್ನೋ ಕಾರಣದಿಂದ ಆತ ಭೋಗ್ಯ ಪದಾರ್ಥಗಳನ್ನು ಅನುಭವಿಸುವುದಿಲ್ಲ. ಉದಾಹರಣೆಗೆ ನಾವು ಎಲೆಗೆ ಪದಾರ್ಥಗಳನ್ನ ಬಡಿಸಿದಾಗ ನಾಲಿಗೆಯಿಂದ ಸವಿಯುತ್ತೇವೆ, ಇದಕ್ಕೆ ಉಪ್ಪು ಕಮ್ಮಿ, ಇದಕ್ಕೆ ಖಾರ ಕಡಿಮೆ, ಇದಕ್ಕೆ ಸೀ ಅನ್ನು ಇಂಚರಿಸಬೇಕು.",838,1811,,,112
kn_kannada_27_0002,kannada_27,kn,Dvaita,2,"ನಮಗೆ ಅಪೇಕ್ಷಿತವಾದಂತೆ ಆ ಪದಾರ್ಥಗಳನ್ನ ಪರಿಷ್ಕರಿಸಿಕೊಂಡು ಚಪ್ಪರಿಸಿ ತಿನ್ನುತ್ತೇವೆ. ಆದರೆ ಅದೇ ಒಬ್ಬ ಸಾಧಕನಿಗೆ ಅಂದ್ರೆ ಕಾಮ ಕ್ರೋಧಗಳನ್ನ ಜಯಿಸಿದ ವ್ಯಕ್ತಿಗೆ ನೀವು ಉಣಬಡಿಸಿದರೆ ಉಪ್ಪು ಕಮ್ಮಿ ಅಂತ ಹೇಳೋದಿಲ್ಲ, ಖಾರ ಬೇಕು ಅನ್ನೋದಿಲ್ಲ, ಸಿಹಿ ಹಾಕಿ ಅಂತ ಹೇಳೋದಿಲ್ಲ, ಏನು ಹಾಕಿದೀರೋ. ಅವನು ತಿಂತಾನೆ ಅದನ್ನ. ಯಾಕೆ ತಿಂತಾನೆ? ತಿನ್ನದೆ ಇದ್ರೆ ಈ ದೇಹ ಉಳಿಯೋದಿಲ್ಲ. ದೇಹ ಉಳಿಯದೆ ಇದ್ರೆ ಸಾಧನೆ ಮಾಡ್ಲಿಕ್ಕೆ ಆಗೋದಿಲ್ಲ. ಹಾಗಾದರೆ ಆತನು ತಿನ್ನುತ್ತಾನೆ ನಾವು ತಿನ್ನುತ್ತೇವೆ. ನಾವು ತಿನ್ನುತ್ತೇವೆ ರುಚಿಗೋಸ್ಕರ ತಿಂತೇವೆ. ಸಾಧಕನೊಬ್ಬ ಕಾಮ ಕ್ರೋಧಗಳನ್ನ ಕಳೆದುಕೊಂಡ ಸಾಧಕನೊಬ್ಬ ತಿನ್ನುತ್ತಾನೆ ನನ್ನ ದೇಹ ಈ ಸಾಧನ ದೇಹ ಉಳಿಬೇಕು ಅಂತ ತಿನ್ನುತ್ತಾನೆ. ಹೀಗೆ. ಆತ್ಮವಶ್ಯೈಹಿ ಇಂದ್ರಿಯೈಹಿ ವಿಷಯಾಂಚರನ್ ತನ್ನ ಅಧೀನವಾದ ಮನಸ್ಸಿನ ಅಧೀನವಾದ ಇಂದ್ರಿಯಗಳಿಂದ ವಿಷಯ ಪದಾರ್ಥಗಳನ್ನ ಭೋಗಿಸುತ್ತಾ ಪ್ರಸಾದಂ ಅಧಿಕಚ್ಛತಿ. ಇದು ಒಂದು ಹೊಸ ಸಾಧನೆಯನ್ನ ಶ್ರೀಕೃಷ್ಣ ಇಲ್ಲಿ ಹೇಳಿದ. ಪ್ರಸಾದ ಅಂತ. ಪ್ರಸಾದ ಅನ್ನೋ ಶಬ್ದವನ್ನ ಶಾಸ್ತ್ರದಲ್ಲಿ ಭಗವಂತನ ಅನುಗ್ರಹ ಅನ್ನೋ ಅರ್ಥದಲ್ಲಿ ಬಳಸ್ತಾರೆ ಸಾಮಾನ್ಯವಾಗಿ.",1812,2621,,,103
kn_kannada_27_0003,kannada_27,kn,Dvaita,3,"ಆದರೆ ಭಗವದ್ಗೀತೆಯಲ್ಲಿ ಈ ಶಬ್ದ ಮನಸ್ಸಿನ ಪ್ರಸನ್ನತೆ ಅಂತ ಅರ್ಥ. ನೋಡಿ ನಾವು ತಿನ್ನೋಕ್ಕೋಸ್ಕರ ತಿಂತೇವೆ. ರುಚಿಗೋಸ್ಕರ ಸವಿತೀವಿ. ರುಚಿಯಾಗಿದ್ರೆ ನಮ್ಮ ಅವಶ್ಯಕತೆಗೆ ಮೀರಿ ಲಿಮಿಟ್ ಮೀರಿ ತಿಂತೀವಿ. ಅದರಿಂದ ಚಡಪಡಿಸುತ್ತೇವೆ ಆಮೇಲೆ. ಶಿಶಿಯಾದ ಪದಾರ್ಥಗಳನ್ನು, ಖಾರವಾದ ಪದಾರ್ಥಗಳನ್ನು ನಾಲಿಗೆ ರುಚಿಯಾಗಿದೆ ಅಂತ ತುಂಬಲಾರದಷ್ಟು ತುಂಬಿಸುತ್ತೇವೆ. ಇದರಿಂದ ಮುಂದೆ ಅನರ್ಥಕ್ಕೆ ಈಡಾಗ್ತೀವಿ. ನಮ್ಮ ಮನಸ್ಸಿಗೆ ಪ್ರಸನ್ನತೆಯನ್ನು ಅದು ತಂದುಕೊಡುವುದಿಲ್ಲ. ಆದರೆ ಒಬ್ಬ ಸಾಧಕ ರಾಗವನ್ನು ಬಿಟ್ಟಿರುವುದರಿಂದ ವಿಷಯದ ಬಗ್ಗೆ ಅಭಿಲಾಷೆಯನ್ನು ಆತ ಬಿಟ್ಟಿರುವುದರಿಂದ ದೇಹ ಧಾರಣೆಗೆ ಎಷ್ಟು ಬೇಕೋ ಅಷ್ಟೇ ತಿಂತಾನೆ ಅವನು. ಯಾವತಾ ಭುಕ್ತೇನ ಕ್ಷುಣ್ಣಿವೃತ್ತಿಹಿ ತಾವದೇವ ಭೋಕ್ತವ್ಯಂ ತದೇವ ಮಿತ ಭೋಜನಂ ಎಷ್ಟು ಊಟ ಮಾಡಿದ್ದರಿಂದ ಹಸಿದ ಹೊಟ್ಟೆ ತಣಿತದೋ ಅಷ್ಟು ಮಾತ್ರ ಊಟ ಮಾಡಬೇಕು ಸವಿಗೋಸ್ಕರ ಹೊಟ್ಟೆ ತುಂಬಿಸಬಾರದು ಈ ಭಾವನೆ ಇರೋದ್ರಿಂದ ಅವನು ದೇಹ ಧಾರಣೆಗೆ ವಿಷಯವನ್ನು ಭೋಗಿಸುತ್ತಾನೆ. ಇದರಿಂದಾಗಿ ಪ್ರಸಾದಮಧಿಗಚ್ಛತಿ. ಪ್ರಸಾದ ಅಂದ್ರೆ ಇಂದ್ರಿಯಾಣಾಂ ಪ್ರಯತ್ನಂ ವಿನಾ ವಿಷಯ ಅಗತಿಹಿ. ಇದು ಪ್ರಸಾದ ಶಬ್ದದ ಅರ್ಥ.",2622,3433,,,101
kn_kannada_27_0004,kannada_27,kn,Dvaita,4,"ನಮ್ಮ ಪ್ರಯತ್ನವೇ ಇಲ್ಲದೆ ಇಂದ್ರಿಯಗಳು ತಾವೇ ತಾವಾಗಿ ವಿಷಯದ ಸಳೆತವನ್ನು ಕಳೆದುಕೊಳ್ಳುವುದು ಇದು ಪ್ರಸಾದ. ನಾವು ಬಲಾತ್ಕಾರ ಮಾಡಿ ಇಂದ್ರಿಯವನ್ನು ಸೆಳೆದುಕೊಂಡರೆ ಒಂದೊಮ್ಮೆ ನಮ್ಮ ಮೇಲೆ ಅವರು ಬಲಾತ್ಕಾರ ಮಾಡಿ ಮನಸ್ಸನ್ನ ಅವು ಸಿಳೆಯುತ್ತವೆ. ಆದರೆ ಯಾರು ಕಾಮ ಕ್ರೋಧಗಳನ್ನ ಮನಸ್ಸಿನಲ್ಲಿ ಬಿಟ್ಟಿರ್ತಾನೋ ಅವನು ಪ್ರಸಾದಂ ಪ್ರಯತ್ನ ಇಲ್ಲದೆ ಇಂದ್ರಿಯಗಳ ಸೆಳೆತಕ್ಕೆ ಒಳಗಾಗುವುದಿಲ್ಲ ಅಂದ್ರೆ ಆತ ವಿಷಯವನ್ನು ರುಚಿಯಾಗಿದೆ ಖುಷಿಯಾಗುತ್ತೆ ಅನ್ನೋದಕ್ಕೋಸ್ಕರ ಬಳಸಿಕೊಳ್ತಾ ಇಲ್ಲ. ಅದನ್ನ ತಿನ್ನದೆ ಇದ್ರೆ ನಾನು ಉಳಿಯಲ್ಲ ಅನ್ಕೊಂಡು ವಿಷಯ ಸೇವನೆ ಮಾಡ್ತಾನೆ. ಹೀಗಾಗಿ. ಆತ ವಿಷಯದ ಆಕರ್ಷಣೆಯನ್ನ ಕಾಮವನ್ನ ಕಳೆದುಕೊಂಡಿರುವುದರಿಂದ ಪ್ರಸಾದವನ್ನು ಅಂದ್ರೆ ಪ್ರಯತ್ನ ಇಲ್ಲದೆ ಇಂದ್ರಿಯಗಳ ಸೆಳೆತವನ್ನು ಕಡಿದುಕೊಂಡು ಅನಾಯಾಸವಾಗಿ ಇಂದ್ರಿಯಗಳ ಸೆಳೆತವನ್ನು ಕಳೆದುಕೊಳ್ಳುವಂತವನಾಗ್ತಾನೆ. ಇದು ಪ್ರಸಾದ ಶಬ್ದದ ಅರ್ಥ. ಮನಸ್ಸಿನ ಪ್ಲೀಸ್, ಪ್ರಸನ್ನತೆ ಅಲ್ಲ. ಭಗವಂತನ ಅನುಗ್ರಹ ಅದು ಅಲ್ಲ. ಮತ್ತೆ ಪ್ರಯತ್ನ ಇಲ್ಲದೆ ಇಂದ್ರಿಯಗಳ ಸೆಳೆತಕ್ಕೆ ಒಳಗಾಗದ ಸ್ಥಿತಿ ಇದು ಪ್ರಸಾದ ಅಂತ ಅರ್ಥ. ಹಾಗಾದರೆ ಕಾಮ ಕ್ರೋಧಗಳ ಜಯ ಕಾಮ ಕ್ರೋಧಗಳ ಜಯದಿಂದ ವಿಷಯಾಕರ್ಷಣೆಗೆ ಒಳಗಾಗದೆ ದೇಹ ಧಾರಣೆಗೆ ಬೇಕಾದಷ್ಟೇ ಆಹಾರದ ಸೇವನೆ ಇದರಿಂದ ಪ್ರಸಾದ ಪ್ರಯತ್ನ ಇಲ್ಲದೆ ಇಂದ್ರಿಯ ಜಯ.",3434,4357,,,115
kn_kannada_27_0005,kannada_27,kn,Dvaita,5,ಇದು ಸಾಧಕನ ಮೂರನೇ ಹಂತ. ಕಾಮ ಕ್ರೋಧದಿಂದ ಆಗುವ ಸಿಗುವ ಫಲ. ಕಾಮ ಕ್ರೋಧದ ಜಯದಿಂದ ಸಿಗುವ ಫಲ ಪ್ರಸಾದ. ಪ್ರಯತ್ನ ಇಲ್ಲದೆ ಇಂದ್ರಿಯಗಳ ಸೆಳೆತಕ್ಕೆ ಒಳಗಾಗದೆ ಅವುಗಳು ಹಿಡಿತದಲ್ಲಿರೋದು. ಮತ್ತೊಮ್ಮೆ ಶ್ಲೋಕ ರಾಗ ದ್ವೇಷ ವಿಯುಕ್ತೈಸ್ತು ವಿಷಯಾನ್ ಇಂದ್ರಿಯೈಶ್ಚರನ್ ಆತ್ಮವಶ್ಯೈಹಿ ವಿಧೇಯಾತ್ಮ ಪ್ರಸಾದಂ ಅಧಿಗಚ್ಛತಿ ಕಾಮ ಕ್ರೋಧ ಇಲ್ಲದೆ ಇರೋದ್ರಿಂದ ಇಂದ್ರಿಯಗಳು ಆತ್ಮವಶ್ಯ ತನ್ನ ಅಧೀನದಲ್ಲಿ ಇರುತ್ತವೆ. ಅಧೀನದಲ್ಲಿ ಇರೋದ್ರಿಂದ ವಿಷಯ ಪದಾರ್ಥಗಳನ್ನು ಅನುಭವಿಸಿದ್ರು ಆತ ಪ್ರಸಾದ ಸ್ಥಿತಿಯನ್ನು ತಲುಪುತ್ತಾನೆ. ಆಯ್ತು ಪ್ರಸಾದದ ಸ್ಥಿತಿಯನ್ನು ತಲುಪಿದ ಅಂದ್ರೆ ವಿಷಯದ ಆಕರ್ಷಣೆಯನ್ನು ಸ್ವಾಭಾವಿಕವಾಗಿ ಕಳೆದುಕೊಂಡ ಅದರಿಂದ. ಮುಂದೆ ಹೇಳ್ತಾನೆ ಅದರ ಫಲವನ್ನು ಶ್ರೀಕೃಷ್ಣ ಪ್ರಸಾದೆ ಸರ್ವ ದುಃಖಾನಾಂ ಹಾನಿರಸ್ಯೋಪಜಾಯತೆ ಪ್ರಸನ್ನ ಚೇತಸೋಹ್ಯಾಶು ಬುದ್ಧಿ ಪರಿಯವತಿಷ್ಠತಿ ಪದವಿಭಾಗ ಪ್ರಸಾದೆ ಸರ್ವ ದುಃಖಾನಾಂ ಹಾನಿಹಿ ಅಸ್ಯ ಉಪಜಾಯತೆ ಪ್ರಸನ್ನ ಚೇತಸಃ ಶಿ ಆಶು ಬುದ್ಧಿಹಿ ಪರಿಯವತಿಷ್ಠತಿ ಪ್ರಸಾದೆ ಪ್ರಸಾದದ ಸ್ಥಿತಿಯಲ್ಲಿ ಸರ್ವ ದುಃಖಾನಾಂ ಹಾನಿಹಿ ಅಸ್ಯ ಉಪಜಾಯತೆ ಆ ಪ್ರಸಾದ ಸ್ಥಿತಿಯನ್ನ ತಲುಪಿದರೆ ಅವನಿಗೆ ಸಕಲ ದುಃಖಗಳ ನಾಶ ಉಂಟಾಗುತ್ತೆ.,4358,5192,,,104
kn_kannada_27_0006,kannada_27,kn,Dvaita,6,"ನಮಗೆ ದುಃಖ ಬರೋದು ಯಾವುದರಿಂದ? ನಮ್ಮ ಇಂದ್ರಿಯಗಳ ಆಕರ್ಷಣೆಗೆ ಒಳಗಾಗಿ ಇಂದ್ರಿಯಗಳು ಹೇಳಿದ್ದನ್ನ ಭೋಗಿಸಿ ಅದು ದೇಹಕ್ಕೆ ಆಗುತ್ತೋ ಆಗಲ್ವೋ ಅನ್ನೋದನ್ನ ಲೆಕ್ಕಿಸದೆ ಪರಿಗಣಿಸದೆ ಅವುಗಳ ಸೇವನೆಯನ್ನು ನಾವು ಮಾಡ್ತೀವಿ. ಇದರಿಂದ ಅನುಭವಿಸುವ ಸಮಯದಲ್ಲಷ್ಟೇ ನಮಗೆ ಸುಖ, ಆಮೇಲೆ ಅದರಿಂದ ದುಃಖವನ್ನು ಅನುಭವಿಸುತ್ತೇವೆ. ಅಥವಾ ಅದರ ಆಕರ್ಷಣೆಗೆ ಒಳಗಾಗಿರುವುದರಿಂದ ಅದು ಸಿಗದೆ ಇದ್ದಾಗ ಚಡಪಡಿಸುತ್ತೇವೆ. ಆದರೆ ವಿಷಯದ ಆಕರ್ಷಣೆಯನ್ನು ಕಳೆದುಕೊಂಡ ಪ್ರಸಾದದ ಸ್ಥಿತಿಯನ್ನು ತಲುಪಿದ ವ್ಯಕ್ತಿಗೆ ಸರ್ವ ದುಃಖಾನಾಂ ಹಾನಿಹಿ. ವಿಷಯ ಪದಾರ್ಥಗಳ ಭೋಗದಿಂದ ಬೇಕು ಅಂತ ಆಸೆಯಿಂದ ಕಾಮದಿಂದ ಮಾಡಿ ಭೋಗದಿಂದ ಏನು ದುಃಖಗಳು ಬರಬೇಕು ಅವನ್ನೆಲ್ಲ ಕಳೆದುಕೊಳ್ಳುತ್ತಾನೆ. ಪ್ರಾಯಃ ನಾವು ನೀವೆಲ್ಲ. ಈ ನಗರಗಳಲ್ಲಿ ಇದ್ದು ಮಾಡಿಕೊಳ್ಳುವ ಕೆಲಸವೇ ಇದು. ವಿಷಯ ಪದಾರ್ಥಗಳ ಮಧ್ಯೆ ಇದ್ದೇವೆ. ಹೊಸ್ತು ಹೊಸ್ತು ಹೊಸ್ತು ಏನು ಬಂತು ಭೋಗ್ಯ ಪದಾರ್ಥಗಳು ಅದನ್ನು ಬೇಕು ಅಂತ ಮನೆಯಲ್ಲಿ ತುಂಬಿಸಿಕೊಳ್ಳುತ್ತೇವೆ. ಇದರಿಂದ ಅನೇಕ ತೊಂದರೆಗಳಿಗೆ ನಾವೇ ನಮ್ಮನ್ನ ಈಡು ಮಾಡಿಕೊಳ್ಳುತ್ತೇವೆ. ಯಾರಿಗೆ ಈ ವಿಷಯ ಪದಾರ್ಥಗಳ ಸೆಳೆತ ಇರೋದಿಲ್ಲವೋ ಅವನಿಗೆ ಅದರಿಂದ ಆಗುವ ಅಲ್ಪ ಸುಖವೂ ಅಗತ್ಯ ಇಲ್ಲ.",5193,6040,,,109
kn_kannada_27_0007,kannada_27,kn,Dvaita,7,"ಅದರಿಂದ ಆಗುವ ತೊಂದರೆಯಂತೂ ಇರೋದೇ ಇಲ್ಲ. ಹೀಗೆ. ಪ್ರಸಾದೆ ಸರ್ವ ದುಃಖಾನಾಂ ಹಾನಿಹಿ ಅಸ್ಯ ಸಾಧಕನಿಗೆ ಉಪಜಾಯತೆ. ಆಯ್ತು. ಅದರಿಂದ ಮುಂದೆ ಪ್ರಸನ್ನ ಚೇತಸೋ ಹ್ಯಾಶು ಆಶು ಅಂದ್ರೆ ಬೇಗನೆ. ಯಾರಿಗೆ ಪ್ರಸನ್ನ ಚೇತಸ್ಸು ಅಂದ್ರೆ ವಿಷಯದ ಸೆಳೆತ ಇಲ್ಲದ ಇಲ್ಲಿ ಪ್ರಸಾದ ಅಂದ್ರೆ ವಿಷಯದ ಸೆಳೆತಕ್ಕೆ ಒಳಗಾಗದ ಮನಸ್ಸು. ಯಾರಿಗೆ ಇರ್ತದೋ ಅವನ ಬುದ್ಧಿಹಿ ಪರಿಯವತಿಷ್ಠತಿ ಅವನಿಗೆ ಬುದ್ಧಿ ಅಂದ್ರೆ ಭಗವಂತನ ಜ್ಞಾನ ಪರಿಯವತಿಷ್ಠತಿ ಚಂದ ಆಗುತ್ತೆ. ವಿಷಯ ಪದಾರ್ಥಗಳ ಸೆಳೆತಕ್ಕೆ ಒಳಗಾಗದೆ ಅದರ ದುಃಖವನ್ನು ಕಳೆದುಕೊಂಡ ವ್ಯಕ್ತಿಗೆ ಭಗವಂತ ತನ್ನ ಜ್ಞಾನವನ್ನು ತಾನೇ ಉಂಟುಮಾಡಿಕೊಳ್ಳುತ್ತಾನೆ. ಅದೇ ವಿಷಯ ಭೋಗಗಳ ಕಡೆಗೆ ಅವುಗಳ ಸೆಳೆತಕ್ಕೆ ಒಳಗಾಗಿ ದೇವರ ಜ್ಞಾನಕ್ಕೆ ಪ್ರಯತ್ನಪಟ್ಟು ಶಾಸ್ತ್ರಗಳನ್ನು ಓದಿದ್ರೂ ಕೂಡ ಆ ಜ್ಞಾನವು ಅವನಿಗೆ ಬರದೇ ಇರುವಂತೆ ಭಗವಂತ ಮಾಡ್ತಾನೆ. ಆದ್ದರಿಂದ ಮುಖ್ಯವಾಗಿ ಶಾಸ್ತ್ರದಿಂದ ಬಂದ ಜ್ಞಾನ ಸ್ಥಿರವಾಗಿ ಸಂದೇಹ ಇಲ್ಲದೆ ನಿಶ್ಚಲವಾಗಿ ಉಳಿಯಬೇಕಾದರೆ ವಿಷಯ ಪದಾರ್ಥಗಳ ಸೆಳೆತವನ್ನು ನಾವು ಕಳೆದುಕೊಳ್ಳಬೇಕು. ಅದಕ್ಕೋಸ್ಕರ ಶಾಸ್ತ್ರ ಓದುವವರು ಕಟ್ಟುನಿಟ್ಟಿನಲ್ಲಿ ವ್ರತ, ಉಪವಾಸ, ಮಿತವಾದ ಭೋಜನ, ಕಂಡ ಕಂಡಲ್ಲಿ ಕಂಡದ್ದನ್ನೆಲ್ಲ ತಿನ್ನೋದು ಇವುಗಳನ್ನ ಮಾಡದೆ ನೀತಿ ನಿಯಮಗಳಿಗೆ ಕಟ್ಟುಪಾಡುಗಳಿಗೆ ಒಳಗಾಗುವ ಅನಿವಾರ್ಯತೆ ಹಾಗಿದ್ದಾಗ ಮಾತ್ರ ಶಾಸ್ತ್ರದಿಂದ ಗಳಿಸಿದ ಜ್ಞಾನ ಮನಸ್ಸಿನಲ್ಲಿ ನೆಲೆಗೊಳ್ಳುತ್ತದೆ.",6041,7022,,,123
kn_kannada_27_0008,kannada_27,kn,Dvaita,8,"ಅದಿಲ್ಲದೆ ಒಂದು ಕಡೆ ಶಾಸ್ತ್ರವನ್ನು ಓದ್ತಾ ಇರೋದು. ಒಂದು ಕಡೆ ವಿಧಿ ನಿಷೇಧಗಳನ್ನ ಕಡೆಗಣಿಸಿ ವಿಷಯ ಪದಾರ್ಥಗಳ ಭೋಗವನ್ನು ಮಾಡ್ತಾ ಇರೋದು. ಹೀಗಾದ್ರೆ ತತ್ವ ನಿಶ್ಚಯ ಉಂಟಾಗುವುದಿಲ್ಲ. ಆದ್ದರಿಂದ ಈ ಪ್ರಸನ್ನ ಚಿತ್ತತೆ ಏನಿದೆಯೋ ಇದು ತುಂಬಾ ಅವಶ್ಯಕ. ಮುತ್ತಮಿ ಶ್ಲೋಕ ಪ್ರಸಾದೆ ಸರ್ವ ದುಃಖಾನಾಂ ಹಾನಿರಸ್ಯೋಪಜಾಯತೆ ಪ್ರಸನ್ನ ಚೇತ ಸೋಹ್ಯಾಶು ಬುದ್ಧಿ ಪರಿಯವತಿಷ್ಠತಿ ಇದನ್ನ ನಿಷೇಧ ಮುಖದಿಂದ ಶ್ರೀಕೃಷ್ಣ ಮುಂದಿನ ಶ್ಲೋಕದಲ್ಲಿ ಹೇಳಿದ್ದಾನೆ. ನಾಸ್ತಿ ಬುದ್ಧಿರಯುಕ್ತಸ್ಯ ನಚಾಯುಕ್ತಸ್ಯ ಭಾವನಾ ನಚಾ ಭಾವಯತ್ ಅಶಾಂತಿಹಿ ಅಶಾಂತಸ್ಯ ಕುತಸ್ಸುಖಂ ಪದವಿಭಾಗ ನಾಸ್ತಿ ಬುದ್ಧಿಹಿ ಅಯುಕ್ತಸ್ಯ ನ ಚ ಅಯುಕ್ತಸ್ಯ ಭಾವನಾ ನ ಚ ಅಭಾವಯತ್ತಹ ಶಾಂತಿಶಿ ಅಶಾಂತಸ್ಯ ಕುತಹ ಸುಖಂ ರಾಘವೇಂದ್ರ ಸ್ವಾಮಿಗಳು ಈ ಶ್ಲೋಕವನ್ನ ಹೀಗೆ ಆರಂಭಿಸಿದ್ದಾರೆ. ಅಪರೋಕ್ಷ ಜ್ಞಾನ ಬರಬೇಕಾದರೆ ಈ ಕಾಮ ಕ್ರೋಧಗಳ ತ್ಯಾಗ ಪ್ರಸಾದ ಇದರ ಅಗತ್ಯ ಏನು? ಆತ್ಮವಾರೇ ದೃಷ್ಟವ್ಯಃ ಶ್ರೋತವ್ಯಃ ಮಂತವ್ಯಃ ಇದಿಧ್ಯಾಸಿತವೇ. ಶಾಸ್ತ್ರ ಶ್ರವಣ ಮಾಡಬೇಕು, ಜ್ಞಾನ ಬರುತ್ತದೆ. ಅದನ್ನ ಯುಕ್ತಿಯಿಂದ ದೃಢಪಡಿಸಿಕೊಳ್ಳಬೇಕು, ಧ್ಯಾನ ಮಾಡಬೇಕು, ಧ್ಯಾನದಿಂದ ದ್ರಷ್ಟವ್ಯಃ.",7023,7835,,,104
kn_kannada_27_0009,kannada_27,kn,Dvaita,9,"ಭಗವಂತನ ಪರೋಕ್ಷ ಆಗುತ್ತೆ. ನೀವು ಹೇಳಿದ ಈ ಪ್ರಸಾದ ಇವುಗಳ ಅಗತ್ಯ ಏನು? ಅದಕ್ಕೆ ಶ್ರೀಕೃಷ್ಣನ ಉತ್ತರ ನಾಸ್ತಿ ಬುದ್ಧಿಹಿ ಅಯುಕ್ತಸ್ಯ ಯುಕ್ತ ಅಂದ್ರೆ ಮನಸ್ಸಿನ ಏಕಾಗ್ರತೆ ಇರುವವನು. ಅಯುಕ್ತ ಅಂದ್ರೆ ಏಕಾಗ್ರವಾದ ನಿಶ್ಚಲವಾದ ಮನಸ್ಸು ಇಲ್ಲದೆ ಇರುವವನಿಗೆ ಬುದ್ಧಿ ನಾಸ್ತಿ. ಬುದ್ಧಿ ಅಂದ್ರೆ ಪರೋಕ್ಷ ಜ್ಞಾನ ಹುಟ್ಟಲ್ಲ. ಯಾರಿಗೆ ಮನಸ್ಸು ಚಂಚಲವಾಗಿದೆಯೋ ವಿಷಯದ ಸೆಳೆತಕ್ಕೆ ಒಳಗಾಗಿ ಗಲಿಬಿಲಿಗೊಂಡಿದ್ದಾನೋ ಅವನಿಗೆ ಶಾಸ್ತ್ರದ ಪರೋಕ್ಷ ಜ್ಞಾನ ಬರೋದಿಲ್ಲ. ನಚಾಯುಕ್ತಸ್ಯ ಭಾವನಾ ಅಲ್ಲಿಗೆ ಅಯುಕ್ತಸ್ಯ ಬುದ್ಧಿಹಿ ನಾಸ್ತಿ. ಇದರ ಮೊದಲು ನಾವು ಪ್ರಸಕ್ತವಾದದ್ದು ಪ್ರಸಾದ. ಯಾರ ಮನಸ್ಸು ವಿಷಯದ ಸೆಡತಕ್ಕೆ ಒಳಗಾಗುವುದಿಲ್ಲವೋ ಅವನಿಗೆ ಧ್ಯಾನ ಇಲ್ಲ, ಮನಸ್ಸಿನ ಏಕಾಗ್ರತೆ ಇಲ್ಲ. ಯಾರು ವಿಷಯದ ಸೆಳೆತಕ್ಕೆ ಒಳಗಾಗುವುದಿಲ್ಲವೋ ಅವನಿಗೆ ಯುಕ್ತಿ ಅಂದ್ರೆ ಮನಸ್ಸಿನ ಏಕಾಗ್ರತೆ ಇರುತ್ತದೆ. ಯಾರಿಗೆ ಏಕಾಗ್ರತೆ ಇಲ್ಲವೋ ಅವನಿಗೆ ಬುದ್ಧಿ ಅಂದ್ರೆ ಪರೋಕ್ಷ ಜ್ಞಾನ ಬರೋದಿಲ್ಲ. ನಚ ಅಯುಕ್ತಸ್ಯ ಭಾವನ. ಅಲ್ಲಿಗೆ ವಿಷಯಾಸಕ್ತಿ ಇದ್ರೆ ಅವಾಗ ಏಕಾಗ್ರತೆ ಇಲ್ಲ. ಏಕಾಗ್ರತೆ ಇಲ್ಲದೆ ಇದ್ರೆ ನ ಭಾವನಾ, ಭಾವನಾ ಅಂದ್ರೆ ಧ್ಯಾನ.",7836,8644,,,105
kn_kannada_27_0010,kannada_27,kn,Dvaita,10,ಧ್ಯಾನ ಸಾಧ್ಯ ಆಗಲ್ಲ. ವಿಷಯ ಪದಾರ್ಥಗಳ ಸೆಡತಕ್ಕೆ ಒಳಗಾಗಿ ಮನಸ್ಸಿಗೆ ಶಾಂತಿಯನ್ನ ಹೊಂದದೆ ನೀವು ಮನಸ್ಸಿನ ಏಕಾಗ್ರತೆಯನ್ನು ಕಳೆದುಕೊಂಡು ಧ್ಯಾನಕ್ಕೆ ಕೂತರೆ ಧ್ಯಾನದಲ್ಲಿ ದೇವರು ಕಾಣಿಸದೆ ಪ್ರಪಂಚ ಎಲ್ಲಾ ಕಾಣಿಸುತ್ತದೆ. ಆದ್ದರಿಂದ ವಿಷಯದ ಸೆಳೆತ ಇಲ್ಲದೆ ಇದ್ದಾಗ ಶಾಸ್ತ್ರದ ನಿಶ್ಚಲ ಜ್ಞಾನ ಬರುತ್ತದೆ. ಶಾಸ್ತ್ರದ ನಿಶ್ಚಲ ಜ್ಞಾನ ಬಂದ್ರೆ ಅವಾಗ ಮನಸ್ಸು ಚಂಚಲ ಆಗೋದಿಲ್ಲ. ಮನಸ್ಸಿನಲ್ಲಿ ಚಾಂಚಲ್ಯ ಕಳೆದುಕೊಂಡ್ರೆ ಭಾವನಾ ಧ್ಯಾನ ಬರ್ತದೆ. ಅಯುಕ್ತಸ್ಯ ಬುದ್ಧಿಹಿ ನಚಾ. ನಚ ಅಯುಕ್ತಸ್ಯ ಭಾವನಾ ನಾಸ್ತಿ ಬುದ್ಧಿರಯುಕ್ತಸ್ಯ ಅಂದ್ರೆ ಪ್ರಸನ್ನತೆ ಪ್ರಸಾದ ಇಲ್ಲದೆ ಬುದ್ಧಿ ಇಲ್ಲ ಬುದ್ಧಿ ಇಲ್ಲದೆ ಯುಕ್ತಿ ಇಲ್ಲ ಅಂದ್ರೆ ಏಕಾಗ್ರತೆ ಇಲ್ಲ ಏಕಾಗ್ರತೆ ಇಲ್ಲದೆ ಧ್ಯಾನ ಇಲ್ಲ ಪೇಡ ಧ್ಯಾನ ನಚಾ ಭಾವಯತ ಶಾಂತಿಹಿ ಯಾರಿಗೆ ಧ್ಯಾನ ಇಲ್ವೋ ಯಾರು ಧ್ಯಾನವನ್ನು ಮಾಡಲ್ವೋ ಅವನಿಗೆ ಶಾಂತಿಹಿ ಮೋಕ್ಷ ಇಲ್ಲ ಅಶಾಂತಸ್ಯ ಕುತ ಸುಖಂ ಮೋಕ್ಷ ಇಲ್ಲದವನಿಗೆ ನಿರಂತರ ಸುಖ ದುಃಖ ಇಲ್ಲದ ನಿರಂತರ ಸುಖ ಕುತಃ ಹೇಗೆ ನಿರೀಕ್ಷಿಸುವುದಕ್ಕೆ ಸಾಧ್ಯ ಆದ್ದರಿಂದ ಕಾಮ ಕ್ರೋಧವನ್ನು ಬಿಡುವುದರಿಂದ ವಿಷಯದ ಸೆಳೆತ ಪ್ರಯತ್ನ ಇಲ್ಲದೆ ಕಡಿಮೆಯಾಗುತ್ತೆ.,8645,9460,,,109
kn_kannada_27_0011,kannada_27,kn,Dvaita,11,"ವಿಷಯದ ಸೆಳೆತ ಕಳೆದುಕೊಂಡರೆ ಪ್ರಸಾದಃ ಪ್ರಸಾದದಿಂದ ಪರೋಕ್ಷ ಜ್ಞಾನ ಪರೋಕ್ಷ ಜ್ಞಾನದಿಂದ ಏಕಾಗ್ರತೆ ಏಕಾಗ್ರತೆಯಿಂದ ಧ್ಯಾನ ಧ್ಯಾನದಿಂದ ಭಗವಂತನ ಅಪರೋಕ್ಷ. ಆದ್ದರಿಂದ ಮೋಕ್ಷ, ಆದ್ದರಿಂದ ಸುಖ. ಹೀಗೆ ಶಾಶ್ವತವಾದ ಸುಖ ದೊರೆಯಬೇಕಾದರೆ ಅದಕ್ಕೆ ಮೂಲಭೂತವಾದದ್ದು ಮನಸ್ಸಿನಲ್ಲಿರುವ ರಾಗ ದ್ವೇಷಗಳ ಪರಿಮಾರ್ಜನೆ ಅದನ್ನ ಕಳೆದುಕೊಳ್ಳಬೇಕು. ಮತ್ತೊಮ್ಮೆ ಶ್ಲೋಕ ನಾಸ್ತಿ ಬುದ್ಧಿರಯುಕ್ತಸ್ಯ ನಚಾಯುಕ್ತಸ್ಯ ಭಾವನಾ ನಚಾ ಭಾವಯತ್ತ ಶಾಂತಿಹಿ ಅಶಾಂತಸ್ಯ ಕುತ ಸುಖಂ ಇದನ್ನ ಇನ್ನೊಂದು ರೂಪದಿಂದ ಶ್ರೀಕೃಷ್ಣ ನಿರೂಪಣೆ ಮಾಡ್ತಾ ಇದ್ದಾನೆ. ಅಯುಕ್ತನಾದವನಿಗೆ ಏಕಾಗ್ರತೆ ಇಲ್ಲದವನಿಗೆ ಭಾವನೆ ಇಲ್ಲ ಧ್ಯಾನ ಇಲ್ಲ ಅನ್ನೋದನ್ನ ಇಂದ್ರಿಯಾಣಾಂ ಹಿಚರತಾಂ ಯನ್ಮನೋನುವಿಧೀಯತೆ ತದಸ್ಯಹರತಿ ಪ್ರಜ್ಞಾಂ ವಾಯುರ್ನಾವವಿಮಾಂ ಭಸಿ ಪದವಿಭಾಗ ಇಂದ್ರಿಯಾಣಾಂ ಹಿ ಚರತಾಂ ಯತ್ ಮನಃ ಅನುವಿಧಿಯತೆ ತತ್ ಅಸ್ಯ ಹರತಿ ಪ್ರಜ್ಞಾಂ ವಾಯುಹು ನಾವಂ ಇವ ಅಂಭಸಿ ಚರತಾಮಿಂದ್ರಿಯಾಣಾಂ ವಿಷಯಗಳ ಸೆಳೆತಕ್ಕೆ ಒಳಗಾಗಿ ಆ ಕಡೆ ಹರಿಯುವ ಇಂದ್ರಿಯಗಳ ಜೊತೆಯಲ್ಲಿ ಮನಃ ಅನುವಿಧೀಯತೆ ಅದನ್ನ ಹಿಂಬಾಲಿಸುತ್ತದೆ ಮನಸ್ಸು. ವಿಷಯಗಳ ಸೆಳೆತಕ್ಕೆ ಒಳಗಾಗಿ ಇಂದ್ರಿಯಗಳು ಹೋದರೆ ಅದನ್ನ ಮನಸ್ಸು ಫಾಲೋ ಮಾಡುತ್ತೆ.",9461,10302,,,103
kn_kannada_27_0012,kannada_27,kn,Dvaita,12,ತದಸ್ಯ ಹರತಿ ಪ್ರಜ್ಞಾಂ. ಯಾವತ್ತು ಮನಸ್ಸು ಆ ಕಡೆ ಸೆಳೆತಕ್ಕೆ ಒಳಗಾಯಿತೋ ಅವನಿಗೆ ಪ್ರಜ್ಞಾ ಅಂದ್ರೆ ಶಾಸ್ತ್ರದಿಂದ ಗಳಿಸಿರುವ ಜ್ಞಾನ ಹರತಿ. ಭಗವಂತ ಅದನ್ನ ನಾಶ ಮಾಡ್ತಾನೆ. ಹೇಗೆ ಅಂದ್ರೆ ವಾಯುರ್ ನಾವಂ ಇವ ಅಂಭಸಿ. ಅಂಭಸಿ ಅಂದ್ರೆ ನೀರಿನಲ್ಲಿ. ಒಂದು ಹಡಗು ತೇಲುತ್ತಾ ಇದೆ ದೋಣಿ. ಅದನ್ನ ಜೋರು ಗಾಳಿ ಬಂದ್ರೆ ಅದು ನಾವಿಕನ ಹಿಡಿತ ಹೇಗೆ ತಪ್ಪುತ್ತದೋ ಹಾಗೆ ಇಂದ್ರಿಯಗಳೆಂಬ ಗಾಳಿಗಳು. ಮನಸ್ಸೆಂಬ ಹಡಗನ್ನ ದಾರಿ ತಪ್ಪಿಸುತ್ತವೆ. ಇದರಿಂದ ಪ್ರಜ್ಞೆ ಶಾಸ್ತ್ರದಿಂದ ಗಣಿಸಿದ ಜ್ಞಾನ ಅವನ ಉಪಯೋಗಕ್ಕೆ ಬರೋದಿಲ್ಲ. ಬರದೇ ಇರುವಂತೆ ಭಗವಂತ ಮಾಡ್ತಾನೆ. ಆದ್ದರಿಂದ. ಶಾಸ್ತ್ರಜ್ಞಾನ ಪರಿಪಕ್ವವಾಗಿ ಉಳಿಬೇಕು ಅಂತಾದರೆ ಆವಾಗ ಇಂದ್ರಿಯಗಳ ಜಯ ಅನಿವಾರ್ಯ. ಮತ್ತೊಮ್ಮೆ ಶ್ಲೋಕ ಇಂದ್ರಿಯಾಣಾಂ ಹಿ ಚರತಾಂ ಯನ್ಮನೋನು ವಿಧೀಯತೆ. ತದಸ್ಯ ಹರತಿ ಪ್ರಜ್ಞಾಂ ವಾಯುರ್ನಾವವಿಭಾಂಭಸಿ ಶ್ರೀಕೃಷ್ಣಾರ್ಪಣ ವಸ್ತು ಮುಂದೆ ಆ ಇಂದ್ರಿಯಗಳನ್ನ ಜಯಿಸಿ ಏನು ಫಲವನ್ನು ನಾವು ಪಡೆಯಬಹುದು ಅನ್ನೋದನ್ನ ಶ್ರೀಕೃಷ್ಣ ಹೇಳ್ತಾನೆ ಅದನ್ನ ಮುಂದೆ ನೋಡೋಣ ಶ್ರೀಕೃಷ್ಣಾರ್ಪಣಮಸ್ತು ಈ ಗೀತಾ ಶ್ಲೋಕಗಳ ಅರ್ಥ ಚಿಂತನೆಯನ್ನ ಶ್ರೀ ಎಂ.,10303,11096,,,106
kn_kannada_27_0013,kannada_27,kn,Dvaita,13,"ಸಿ. ಶ್ರೀಧರಮೂರ್ತಿ, ಶ್ರೀಮತಿ ಪರಿಮಳ ಶ್ರೀಧರಮೂರ್ತಿ ಇವರು ಪ್ರಾಯೋಜಿಸಿದ್ದಾರೆ. ಶ್ರೀಕೃಷ್ಣ ಅವರಿಗೆ ಸಕಲ ಅಭಿಷ್ಟಗಳನ್ನು ನೀಡಿ ಅನುಗ್ರಹಿಸಲಿ ಅಂತ ಪ್ರಾರ್ಥನೆ ಮಾಡುತ್ತೇನೆ.",11096,11240,,,16
kn_kannada_28_0000,kannada_28,kn,Dvaita,0,ಯೋಗಃ ಯೋಗಃ ಅಂದ್ರೆ ಮನಸ್ಸಿನ ಏಕಾಗ್ರತೆ. ಆ ಮನಸ್ಸಿನ ಏಕಾಗ್ರತೆ ಇದ್ರೆ ಧ್ಯಾನ. ಧ್ಯಾನ ಇಲ್ಲದೆ ಅಪರೋಕ್ಷ ಜ್ಞಾನ ಇಲ್ಲ. ಅಪರೋಕ್ಷ ಜ್ಞಾನ ಇಲ್ಲದೆ ಶಾಂತಿ ಮೋಕ್ಷ ಇಲ್ಲ. ಮೋಕ್ಷ ಇಲ್ಲದೆ ಸುಖ ಇಲ್ಲ. ಶ್ರೀ ಗುರುಭ್ಯೋ ನಮಃ ಹರಿಃ ಓಂ ಅಪರೋಕ್ಷ ಜ್ಞಾನಿಯ ಲಕ್ಷಣವನ್ನು ಹೇಳುತ್ತಾ ಅಪರೋಕ್ಷ ಜ್ಞಾನ ಬರಬೇಕಾದರೆ ಪರೋಕ್ಷ ಜ್ಞಾನ ಶಾಸ್ತ್ರ ಪ್ರವಚನಗಳಿಂದ ಉಂಟಾಗುವ ಜ್ಞಾನ ಅದು ಅಗತ್ಯ. ಆ ಜ್ಞಾನ ಸಂದೇಹವಿಲ್ಲದೆ ಸ್ಥಿರವಾಗಬೇಕಾದರೆ ಇಂದ್ರಿಯ ನಿಗ್ರಹ ಆವಶ್ಯಕವಾದದ್ದು ಎನ್ನುವ ಒಂದು ಮುಖ್ಯ ಅಭಿಪ್ರಾಯವನ್ನು ಶ್ರೀಕೃಷ್ಣ ನಿರೂಪಿಸಿದ. ಪ್ರಸಾದೆ ಸರ್ವ ದುಃಖಾನಾಂ ಹಾನಿಹಿ ಅಸ್ಯ ಉಪಜಾಯತೆ. ಪ್ರಸಾದ ಎಂಬ ಒಂದು ಶಬ್ದವನ್ನು ಹೊಸ ಅರ್ಥದಲ್ಲಿ ಭಗವದ್ಗೀತೆ ಇಲ್ಲಿ ಉಪಯೋಗಿಸಿದೆ. ನಮ್ಮ ಪ್ರಯತ್ನ ಇಲ್ಲದೆ ಅನಾಯಾಸವಾಗಿ ನಮ್ಮ ಪಂಚೇಂದ್ರಿಯಗಳು ಮತ್ತು ಮನಸ್ಸು ವಿಷಯ ಪದಾರ್ಥಗಳ ಆಕರ್ಷಣೆಗೆ ಒಳಗಾಗದೆ ಇರುವ ಸ್ಥಿತಿ. ಇದು ಪ್ರಸಾದ. ಇದರಿಂದ ಸರ್ವ ದುಃಖಾನಾಂ ಹಾನಿಹಿ ಉಪಜಾಯತಿ. ಸರ್ವ ದುಃಖ ಹಾನಿ ಅಂದ್ರೆ ಮೋಕ್ಷ. ನಾವು ಇದಕ್ಕೆ ವಿರುದ್ಧವಾದ ಭಾವನೆಯಲ್ಲಿ ಇರುತ್ತೇವೆ.,0,766,,,104
kn_kannada_28_0001,kannada_28,kn,Dvaita,1,"ನಮಗೆ ಸರ್ವ ಸುಖ ಬರಬೇಕು ದುಃಖ ಬರಬಾರದು ಅಂತಿದ್ರೆ ನಮ್ಮ ಇಂದ್ರಿಯಗಳು ಬಯಸುವ ಪದಾರ್ಥಗಳು. ಸಲಕರಣೆಗಳು, ವಿಷಯ ಪದಾರ್ಥಗಳು, ಭೋಗ್ಯ ವಸ್ತುಗಳು ಬೇಕಾದಂತೆ ಇದ್ರೆ ಅದು ಸುಖ ಅಂತ. ನಾವು ಬಯಸಿದರೆ ಶ್ರೀಕೃಷ್ಣ ಹೇಳುವ ಮಾತು. ಅವುಗಳನ್ನ ಬಿಟ್ಟಿದ್ರೆ ಸರ್ವ ದುಃಖಸ್ಯ ಶಾಂತಿಹಿ. ಪ್ರಸಾದೆ ಸರ್ವ ದುಃಖಾನಾಂ. ಸರ್ವ ದುಃಖಗಳ ನಾಶ ಆಗೋದು ಪ್ರಸಾದದಿಂದ ಹೊರತು. ಅಂದ್ರೆ ಇಂದ್ರಿಯ ನಿಗ್ರಹದಿಂದ ಹೊರತು. ಇಂದ್ರಿಯಗಳನ್ನ ಭೋಗ್ಯ ವಸ್ತುಗಳಲ್ಲಿ ಯಥೇಷ್ಟ ವಿನಿಯೋಗ ಮಾಡುವುದರಿಂದ ಸರ್ವ ದುಃಖದ ಹಾನಿಯಾಗುವುದಿಲ್ಲ, ದುಃಖ ಹೆಚ್ಚುತ್ತದೆ. ಇದು ನಮ್ಮ ಸಾಮಾನ್ಯ ದೃಷ್ಟಿಗೂ ಆಧ್ಯಾತ್ಮಿಕ ದೃಷ್ಟಿಗೂ ಇರುವ ವ್ಯತ್ಯಾಸ. ಅದು ಹೇಗೆ? ಪ್ರಸಾದ ಮಾತ್ರದಿಂದ ಇಂದ್ರಿಯಗಳು ಸ್ವಾಭಾವಿಕವಾಗಿ ವಿಷಯದ ಆಕರ್ಷಣೆಗೆ ಒಳಗಾಗದೆ ಇರೋ ಮಾತ್ರದಿಂದ. ಸರ್ವ ದುಃಖದ ನಾಶ ಹೇಗಾಗುತ್ತೆ ಅಂದ್ರೆ ಪ್ರಸಾದ ಇದ್ರೆ ಅಂದ್ರೆ ಇಂದ್ರಿಯಗಳಿಗೆ ಬಾಹ್ಯ ವಿಷಯಗಳ ಸೆಳೆತ ಇಲ್ಲದೆ ಇದ್ರೆ ಆವಾಗ ಯೋಗಃ ಯೋಗಃ ಅಂದ್ರೆ ಮನಸ್ಸಿನ ಏಕಾಗ್ರತೆ. ಆ ಮನಸ್ಸಿನ ಏಕಾಗ್ರತೆ ಇದ್ರೆ ಭಾವನಾ ಧ್ಯಾನ.",767,1517,,,100
kn_kannada_28_0002,kannada_28,kn,Dvaita,2,ನಚ ಅಭಾವಯತಃ ಬುದ್ಧಿಹಿ ಧ್ಯಾನ ಇಲ್ಲದೆ ಅಪರೋಕ್ಷ ಜ್ಞಾನ ಇಲ್ಲ ಅಪರೋಕ್ಷ ಜ್ಞಾನ ಇಲ್ಲದೆ ಶಾಂತಿ ಮೋಕ್ಷ ಇಲ್ಲ ಮೋಕ್ಷ ಇಲ್ಲದೆ ಸುಖ ಇಲ್ಲ ಹೀಗೆ ಇಂದ್ರಿಯಗಳ ನಿಗ್ರಹ ಒಂದರ ನಂತರ ಒಂದರಂತೆ ನಮ್ಮ ಸುಖಸ್ಥಿತಿಗೆ ಮೋಕ್ಷದ ಸ್ಥಿತಿಗೆ ಕಾರಣವಾಗುತ್ತದೆ. ಅದೇ ಅದಕ್ಕೆ ವಿರುದ್ಧವಾಗಿ ಇಂದ್ರಿಯಗಳು ವಿಷಯದ ಸೆಳೆತಕ್ಕೆ ಒಳಗಾದರೆ ಇಂದ್ರಿಯಾಣಾಂ ಹಿ ಚರತಾಂ ಯನ್ ಮನೋ ಅನುವಿಜೀಯತೆ. ಇಂದ್ರಿಯಗಳು ವಿಷಯದ ಕಡೆಗೆ ಸ್ವಚ್ಛಂದವಾಗಿ ಹರಿದರೆ ಕರು ಹೋದಲ್ಲಿ ತಾಯಿ ಬರುವಂತೆ ಮನಸ್ಸು ಸಹಜವಾಗಿ ವಿಷಯ ಪದಾರ್ಥಗಳಲ್ಲಿ ಆಸಕ್ತವಾಗುತ್ತದೆ. ಅದಕ್ಕೆ ಶ್ರೀಕೃಷ್ಣ ಕೊಟ್ಟ ಉದಾಹರಣೆ ವಾಯುಹು ನಾವಂ ಇವ ಅಂಭಸಿ ಗಾಳಿಯ ಸೆಳೆತಕ್ಕೆ ಸಮುದ್ರದಲ್ಲಿರುವ ನಾವೇ ಒಳಗಾಗುವಂತೆ ಗಾಳಿ ನಾವಿಕನ ಪ್ರಯತ್ನಕ್ಕೆ ಮೀರಿ ನಾವೆಯನ್ನು ಬೇಕಾದಂತೆ ಬೇಕಾದ ದಿಕ್ಕಿಗೆ ಹೊಯ್ತದೆ. ನಾವಿಕನ ಹಿಡಿತದಿಂದ ತಪ್ಪಿಸಿಕೊಳ್ಳುತ್ತದೆ. ಅದರಂತೆ ನಾವೆಯ ಸ್ಥಾನದಲ್ಲಿ ಮನಸ್ಸು. ಗಾಳಿಯ ಸ್ಥಾನದಲ್ಲಿ ಇಂದ್ರಿಯಗಳು. ಇಂದ್ರಿಯಗಳು ಮನಸ್ಸಿನ ಏಕಾಗ್ರತೆಯನ್ನು ತಪ್ಪಿಸುತ್ತವೆ. ವಿಷಯ ಪದಾರ್ಥಗಳಲ್ಲಿ ಅದು ಬಿದ್ದರೆ ಮನಸ್ಸನ್ನ ಸೆಳೆದು ನಾವೇ ಅಂತೆ ದಿಕ್ಕಾಪಾಲಾಗಿ ಚಲಿಸುವಂತೆ ಮಾಡುತ್ತದೆ.,1518,2339,,,103
kn_kannada_28_0003,kannada_28,kn,Dvaita,3,ಆದ್ದರಿಂದ ಇಂದ್ರಿಯ ನಿಗ್ರಹ ತೀರ ಅನಿವಾರ್ಯ ಅನ್ನೋದನ್ನ ಶ್ರೀಕೃಷ್ಣ ಹೇಳಿ ಅರ್ಜುನನ ಜ್ಞಾನಿ ಲಕ್ಷಣದ ಪ್ರಶ್ನೆಗೆ ಉತ್ತರವಾಗಿ ಇವೆಲ್ಲ ಮಾತುಗಳು ಬಂದಿವೆ. ಅದನ್ನ ಮುಂದಿನ 68ನೇ ಶ್ಲೋಕದಲ್ಲಿ ಶ್ರೀಕೃಷ್ಣ ಉಪಸಂಹಾರ ಮಾಡ್ತಾ ಇದ್ದಾನೆ. ತಸ್ಮಾದ್ಯಸ್ಯ ಮಹಾಬಾಹೋ ನಿಗೃಹೀತಾನಿ ಸರ್ವಶಃ ಇಂದ್ರಿಯಾಣೀಂದ್ರಿಯಾರ್ಥೇಭ್ಯಃ ತಸ್ಯ ಪ್ರಜ್ಞಾ ಪ್ರತಿಷ್ಠಿತಾ ಪದವಿಭಾಗ ತಸ್ಮಾತ್ ಯಸ್ಯ ಮಹಾಬಾಹೋ ನಿಗೃಹೀತಾನಿ ಸರ್ವಶಃ ಇಂದ್ರಿಯಾಣಿ ಇಂದ್ರಿಯಾರ್ಥೆಭ್ಯಃ ತಸ್ಯ ಪ್ರಜ್ಞಾ ಪ್ರತಿಷ್ಠಿತಾ ತಸ್ಮಾತ್ ಹಿಂದೆ ಹೇಳಿದಂತೆ ಮನೋನಿಗ್ರಹವಿಲ್ಲದೆ ಏಕಾಗ್ರತೆ ಇಲ್ಲ. ಏಕಾಗ್ರತೆ ಇಲ್ಲದವನಿಗೆ ಧ್ಯಾನ ಸಾಧ್ಯವಾಗುವುದಿಲ್ಲ. ಧ್ಯಾನವಿಲ್ಲದೆ ಇದ್ದರೆ ಭಗವಂತನ ಅಪರೋಕ್ಷ ಇಲ್ಲ ತಸ್ಮಾತ್ ಆದ್ದರಿಂದ ಯಸ್ಯ ಇಂದ್ರಿಯಾಣಿ ಸರ್ವಶಃ ನಿಗೃಹೀತಾನಿ ಯಾವುದರಿಂದ ಇಂದ್ರಿಯಾರ್ಥೇಭ್ಯಃ ಯಾರ ಇಂದ್ರಿಯಗಳು ಸಂಪೂರ್ಣವಾಗಿ ಇಂದ್ರಿಯಕ್ಕೆ ವಿಷಯಗಳಿಂದ ಇಂದ್ರಿಯಾರ್ಥೇಭ್ಯಃ ಇಂದ್ರಿಯಗಳ ಅರ್ಥ. ಅಂದ್ರೆ ನಮ್ಮ ಕಣ್ಣು ಮೊದಲಾದ ಇಂದ್ರಿಯಗಳು ಗ್ರಹಿಸುವ ಪದಾರ್ಥಗಳು ಅವುಗಳಿಂದ ನಿಗೃಹೀತಾನಿ ನಿಗ್ರಹಿಸಲ್ಪಟ್ಟಿವೆಯೋ ಯಾರ ಇಂದ್ರಿಯಗಳು ವಿಷಯ ಪದಾರ್ಥಗಳ ಕಡೆಗೆ ಹರಿಯುವಿಕೆಯನ್ನ ತಡೆದು ನಿಲ್ಲಿಸಲ್ಪಟ್ಟಿವೆಯೋ ಅರ್ಥಾತ್ ಯಾರು ಇಂದ್ರಿಯ ನಿಗ್ರಹವುಳ್ಳವನೋ ತಸ್ಯ ಪ್ರಜ್ಞಾ ಪ್ರತಿಷ್ಠಿತ ಅಂಥವನಿಗೆ ಅಪರೋಕ್ಷ ಜ್ಞಾನ ಸ್ಥಿರವಾಗಿ ಉಳಿಯುವುದು.,2340,3290,,,104
kn_kannada_28_0004,kannada_28,kn,Dvaita,4,"ಇಂದ್ರಿಯ ನಿಗ್ರಹವಿದ್ದರೆ ಮಾತ್ರ ಅಪರೋಕ್ಷ ಜ್ಞಾನ ಅನ್ನೋದು ಈ ಶ್ಲೋಕದ ಮುಖ್ಯ ತಾತ್ಪರ್ಯ. ಹಿಂದೆಲ್ಲಾ ಇಂದ್ರಿಯ ನಿಗ್ರಹ ಇದ್ರೆ ಏನಾಗುತ್ತೆ? ಇಲ್ಲದೆ ಇದ್ದರೆ ಏನಾಗುತ್ತೆ ಅನ್ನೋದನ್ನ ಹೇಳಿ ಅದರ ಫಲಶ್ರುತಿಯನ್ನು ಶ್ರೀಕೃಷ್ಣ ಈ ಶ್ಲೋಕದಲ್ಲಿ ಮಹಾಬಾಹೋ ಅಂತ ಅರ್ಜುನನಿಗೆ ಮಹಾಬಾಹು ಅಂದ್ರೆ ಮಹಾ ಪರಾಕ್ರಮಿ ಅಂತ ಸಂಬೋಧನೆ ಮಾಡ್ತಾ ಇಂದ್ರಿಯ ನಿಗ್ರಹ ಇದ್ರೆ ಮಾತ್ರ ಪ್ರಜ್ಞಾ ನಮ್ಮ ಬುದ್ಧಿಯು ಪ್ರತಿಷ್ಠೆಯನ್ನು ಅಂದ್ರೆ ಅಪರೋಕ್ಷ ಜ್ಞಾನವನ್ನು ಹೊಂದುವುದಕ್ಕೆ ಸಾಧ್ಯ ಅಂತ ಇಲ್ಲಿ. ಅದಕ್ಕೊಂದು ಪೂರ್ಣ ವಿರಾಮವನ್ನು ಹೇಳಿದ್ದರ ಉಪಸಂಹಾರವನ್ನು ಮಾಡಿದ್ದಾನೆ ಶ್ರೀಕೃಷ್ಣ. ಮತ್ತೊಮ್ಮೆ ಶ್ಲೋಕ ತಸ್ಮಾದ್ಯಸ್ಯ ಮಹಾಬಾಹೋ ನಿಗೃಹೀತಾನಿ ಸರ್ವಶಃ ಇಂದ್ರಿಯಾಣೀಂದ್ರಿಯಾರ್ಥೇಭ್ಯಃ ತಸ್ಯ ಪ್ರಜ್ಞಾ ಪ್ರತಿಷ್ಠಿತಾ ಅರ್ಜುನ ಜ್ಞಾನಿಯ ಲಕ್ಷಣವನ್ನಷ್ಟೇ ಕೇಳದೆ ಅದರ ಜೊತೆಯಲ್ಲಿ ಕಿಮಾಸೀತ ವ್ರಜೇತವಾ ಅವನು ಭಗವಂತನನ್ನು ಅಪರೋಕ್ಷವಾಗಿ ನೋಡ್ತಾ ಇದ್ರೆ ಅಂತಹ ಅಪರೋಕ್ಷ ಜ್ಞಾನಿ ಲೌಕಿಕ ವ್ಯವಹಾರಗಳನ್ನು ಯಾಕೆ ನಡೆಸುತ್ತಾನೆ? ಅವನು ನಡ್ಕೊಂಡು ಹೋಗ್ತಾನೆ, ಭಿಕ್ಷೆ ಬೇಡ್ತಾನೆ, ಮತ್ತೊಬ್ಬರ ಜೊತೆ ಸಂಭಾಷಣೆ ನಡೆಸುತ್ತಾನೆ. ಚಿತಧಿ ಕಿಂ ಪ್ರಭಾಷೇತ ಕಿಂ ಅಂದ್ರೆ ಯಾತಕ್ಕೋಸ್ಕರ ಆತ ಲೌಕಿಕ ವ್ಯವಹಾರಗಳನ್ನ ನಡೆಸುತ್ತಾನೆ ಅಂತ.",3291,4176,,,107
kn_kannada_28_0005,kannada_28,kn,Dvaita,5,"ಅದಕ್ಕೆ ಮುಂದಿನ ಶ್ಲೋಕದಲ್ಲಿ ಶ್ರೀಕೃಷ್ಣ ಉತ್ತರವನ್ನ ಕೊಡ್ತಾನೆ. ಮುಂದಿನ ಶ್ಲೋಕ. ಯಾನಿಶಾ ಸರ್ವಭೂತಾನಾಂ ತಸ್ಯಾಂ ಜಾಗರ್ತಿ ಸಂಯಮಿ ಯಸ್ಸ್ಯಾಂ ಜಾಗೃತಿಭೂತಾನಿ ಸಾನಿಶಾ ಪಶ್ಯತೋ ಮುನೇಹಿ ಪದವಿಭಾಗ ಯಾ ನಿಶಾ ಸರ್ವಭೂತಾನಾಂ ತಸ್ಯಾಂ ಜಾಗರ್ತಿ ಸಂಯಮಿ ಯಸ್ಯಾಂ ಜಾಗ್ರತಿ ಭೂತಾನಿ ಸಾ ನಿಶಾ ಪಶ್ಯತಹ ಮುನೇಹಿ ಬಹಳ ಚಮತ್ಕಾರವಾಗಿ ಜ್ಞಾನಿಯ ಮನೋಭಾವಕ್ಕೂ ಸಾಮಾನ್ಯ ಜನರ ಮನೋಭಾವಕ್ಕೂ ವ್ಯತ್ಯಾಸವನ್ನು ಶ್ರೀಕೃಷ್ಣ ಇಲ್ಲಿ ತಿಳಿಸಿಕೊಟ್ಟಿದ್ದಾನೆ. ನಿಶಾ ಅನ್ನೋ ಶಬ್ದವನ್ನ ಆಡಿದ್ದಾನೆ. ನಿಶಾ ಅಂದ್ರೆ ರಾತ್ರಿ. ಸಾಮಾನ್ಯ ಜನರಿಗೆ ಯಾವುದು ರಾತ್ರಿಯೋ ಅದು. ಇಂದ್ರಿಯ ನಿಗ್ರಹವುಳ್ಳ ಒಬ್ಬ ಸಾಧಕನಿಗೆ ಹಗಲು. ಸಾಮಾನ್ಯ ಜನರಿಗೆ ಯಾವುದು ಹಗಲು ಅದು ಇಂದ್ರಿಯ ನಿಗ್ರಹವಿರುವ ಸಾಧಕನಿಗೆ ರಾತ್ರಿ. ಜ್ಞಾನಿಗಳ ಹಗಲು ನಮಗೆ ರಾತ್ರಿ, ನಮ್ಮ ರಾತ್ರಿ ಜ್ಞಾನಿಗಳಿಗೆ ಹಗಲು. ಅಂದ್ರೆ ನಾವು ಮಲಗಿರುವಾಗ ಜ್ಞಾನಿ ಎಚ್ಚರದಲ್ಲಿ ಇರ್ತಾನೆ. ಅವನು ಎಚ್ಚರದಲ್ಲಿದ್ದಾಗ ನಾವು ಮಲಗುತ್ತೇವೆ ಅನ್ನೋ ಅರ್ಥದಲ್ಲಿ ಅಲ್ಲ. ನಿಶಾ ಅಂದ್ರೆ ರಾತ್ರಿ. ರಾತ್ರಿಯ ಸ್ವಭಾವ ಸೂರ್ಯ ಉದಯವಾದರೆ ಪ್ರಪಂಚ ಎಲ್ಲ ನಮಗೆ ಮಾಡುತ್ತದೆ.",4177,4967,,,101
kn_kannada_28_0006,kannada_28,kn,Dvaita,6,"ನಾವು ಚಟುವಟಿಕೆಯಿಂದ ಇರ್ತೀವಿ. ಸೂರ್ಯ ಕಂಚಿದ ಕತ್ತಲಾಯಿತು, ಲೋಕ ಎಲ್ಲ ಸ್ತಬ್ಧ. ಹಾಗಾದರೆ ನಿಶಾ ಅಂದ್ರೆ ನಮ್ಮ ಚಟುವಟಿಕೆ ಇಲ್ಲದ ಕಾಣದ ಸ್ಥಿತಿ. ಏನು ಕಾಣದ ಒಂದು ಸ್ಥಿತಿ. ಇದು ನಿಶಾ. ನಮಗೆ ಏನು ಕಾಣದ ಒಂದು ವಸ್ತು ಅಂದ್ರೆ ಅದು ದೇವರು. ಸರ್ವಭೂತಾನಾಂ ಯಾ ನಿಶಾ. ಎಲ್ಲಾ ಚೇತನರಿಗೂ ಜಂತುಗಳಿಗೂ ಯಾವುದು ರಾತ್ರಿಯೋ ಅಂದ್ರೆ ರಾತ್ರಿಯಲ್ಲಿ ನಾವು ಯಾವುದನ್ನು ಕಾಣದೆ ಇರುವಂತಹ ಸ್ಥಿತಿ ಬರ್ತದೋ ಹಾಗೆ ಎಲ್ಲ ಜಂತುಗಳಿಗೆ ಯಾವುದು ರಾತ್ರಿ ಕಾಣದೆ ಇರುವ ಸ್ಥಿತಿ ವಸ್ತು ಅದು ದೇವರು. ಹಾಗಾದರೆ ಎಲ್ಲ ಪ್ರಾಣಿಗಳಿಗೆ ರಾತ್ರಿಯಂತಿರುವ ಭಗವಂತ ಅವನಲ್ಲಿ ತಸ್ಯಾಂ ಜಾಗರ್ತಿ ಸಂಯಮಿ. ಆ ಭಗವಂತನ ಬಗ್ಗೆ ಸಂಯಮಿ ಯಮ ಅಂದ್ರೆ ನಿಗ್ರಹ ಸಂಯಮ ಅಂದ್ರೆ ಪೂರ್ಣ ನಿಗ್ರಹ ಇಂದ್ರಿಯಗಳನ್ನು ನಿಗ್ರಹಿಸಿದ ಮುನೇಹೆ ಪರೋಕ್ಷ ಜ್ಞಾನವನ್ನು ಪಡೆದು ಪಶ್ಯತಃ ಅಪರೋಕ್ಷ ಜ್ಞಾನವನ್ನು ಹೊಂದಿದ ಒಬ್ಬ ಸಾಧಕನಿಗೆ ಅವನಿಗೆ ಅದು ಜಾಗರ್ತಿ, ಅವನು ಎಚ್ಚರದಲ್ಲಿ ಇರ್ತಾನೆ. ಎಲ್ಲ ಪ್ರಾಣಿಗಳಿಗೂ ಯಾವುದು ರಾತ್ರಿಯಂತೆ ಕಾಣೋದಿಲ್ಲವೋ, ರಾತ್ರಿಯಲ್ಲಿ ಯಾವ ವಸ್ತುವು ಕಾಣದೆ ಇರುವಂತೆ ಯಾವ ಭಗವಂತ ಕಾಣೋದಿಲ್ಲವೋ, ಆ ಭಗವಂತನಲ್ಲಿ ಸಂಯಮಿ ಜಾಗರ್ತಿ ಎಚ್ಚರವಾಗಿರುತ್ತಾನೆ ಅಂದ್ರೆ ನಮಗೆ ರಾತ್ರಿಯಂತಿರುವ ಭಗವಂತನನ್ನು ಕಣ್ಬಿಟ್ಟು ನೋಡುತ್ತಾನೆ ಜ್ಞಾನಿಯಾದವನು ಸಂಯಮಿಯಾದವನು.",4968,5880,,,122
kn_kannada_28_0007,kannada_28,kn,Dvaita,7,"ಯಸ್ಯಾಂ ಜಾಗೃತಿ ಭೂತಾನಿ ಯಾವುದರಲ್ಲಿ ಭೂತಾನಿ ನಾವು ನೀವೆಲ್ಲ ಜಾಗೃತಿ ಎಚ್ಚರದಿಂದಿರುತ್ತೇವೋ ನಮಗೆ ಸೂರ್ಯನ ಉದಯ ಆಯಿತು ಅಂದ್ರೆ ಇವತ್ತಿನ ಲೋಕ ಯಾತ್ರೆ ಆರಂಭವಾಯಿತು. ಸಂಪಾದನೆ ಹೇಗೆ? ಮತ್ತೊಬ್ಬರನ್ನು ದೋಚಿಯೋ ಅಥವಾ ನಮ್ಮ ಕರ್ತವ್ಯವನ್ನು ನಿರ್ವಹಿಸಿಯೋ? ಕಷ್ಟಪಟ್ಟು ಕತ್ತೆಯಂತೆ ದುಡಿದೋ ಹೀಗೆ ಹೊಟ್ಟೆ ಪಾಡಿಗಾಗಿ ವಿಷಯ ಪದಾರ್ಥಗಳ ಸಂಚಯನಕ್ಕೆ ನಾವು ತೊಡಗುತ್ತೇವೆ. ಎಸ್ ಶ್ಯಾಮ್ ಯಾವ ವಿಷಯ ಪದಾರ್ಥ ಎಂಬ ಹಗಲಿನಲ್ಲಿ ಭೂತಾನಿ ನಾವು ನೀವೆಲ್ಲ ಜಾಗ್ರತಿ ಎಚ್ಚರದಿಂದಿರ್ತೀವೋ ಬೇಕು ಬೇಕು ಅಂತ ಹಾತೊರೆಯುತ್ತಿರ್ತೀವೋ ಯಾವ ಎಚ್ಚರದ ಪ್ರಪಂಚದಲ್ಲಿ ಸಾ ಮುನೇಹೆ ಪಶ್ಯತಃ ನಿಶಾ ಅದು ಪರೋಕ್ಷ ಜ್ಞಾನವನ್ನು ಪಡೆದು ಅಪರೋಕ್ಷ ಜ್ಞಾನವನ್ನು ಪಡೆದ ಸಾಧಕನಿಗೆ ರಾತ್ರಿಯಂತೆ ಕತ್ತಲು ಅವುಗಳ ಬಗ್ಗೆ ಪರಿಜ್ಞಾನವೇ ಇರೋದಿಲ್ಲ. ಅಲ್ಲಿಗೆ ನಾವು ಯಾವುದರ ಬಗ್ಗೆ ಆಸಕ್ತಿಯನ್ನ ತಾಳಿರ್ತೀವೋ ಕಣ್ಣು, ಕಿವಿ, ನಾಲಿಗೆ ಇವುಗಳ ಚಾಪಲ್ಯವನ್ನ ತೀರಿಸುವುದಕ್ಕಾಗಿ ವಿಷಯ ಪದಾರ್ಥಗಳ ಮಧ್ಯದಲ್ಲಿ ಮುಳುಗಿರ್ತೀವೋ ಅದರ ಬಗ್ಗೆ ರಾತ್ರಿಯಂತೆ ಜ್ಞಾನಿಯಾದವನು ಗೊಡವೆಗೆ ಹೋಗದೆ ರಾತ್ರಿಯಲ್ಲಿ ನಾವು ಏನನ್ನು ನೋಡದೆ ಇರ್ತೀವೋ ಹಾಗೆ ಅದರ ಬಗ್ಗೆ ಕಣ್ಣೆತ್ತಿಯೂ ನೋಡೋದಿಲ್ಲ.",5881,6717,,,106
kn_kannada_28_0008,kannada_28,kn,Dvaita,8,"ಆದರೆ ನಾವು ಯಾವುದನ್ನು ಕಣ್ಣೆತ್ತಿ ನೋಡೋದಿಲ್ಲವೋ ದೇವರು ಅದರ ಬಗ್ಗೆ ಜ್ಞಾನಿ ಎಚ್ಚರವಾಗಿರುತ್ತಾನೆ ಅದು ಬೇಕು ಅಂತಾನೆ ನಾವು ಬೇಕು ಅಂದಿದ್ದನ್ನು ಅವನು ಬೇಡ ಅಂತಾನೆ ಇದು ಜ್ಞಾನಿಯ ಸ್ಥಿತಿಗೂ ನಮ್ಮ ಸ್ಥಿತಿಗೂ ಇರುವ ವ್ಯತ್ಯಾಸ. ಅಂತೂ ಆತ ಲೋಕ ಯಾತ್ರೆಯನ್ನ ಮತ್ತೊಬ್ಬರ ಜೊತೆ ಸಂವಾದ ಉಣ್ಣೋದು, ತಿನ್ನೋದು, ನಡೆಯೋದು ಯಾಕೆ ಮಾಡ್ತಾನೆ ಅಂದ್ರೆ ಅಪರೋಕ್ಷ ಜ್ಞಾನ ಅವನಿಗೆ ಸ್ವಲ್ಪ ಕಾಲ ತಿರೋಹಿತವಾದಾಗ ದೇಹದ ಪ್ರಜ್ಞೆ ಮರಳಿ ಬರುತ್ತದೆ. ದೇಹದ ನೀರಡಿಕೆ, ಹಸಿವು ಇವುಗಳನ್ನ ನೀಗೋದಕ್ಕಾಗಿ ಮೈಮೇಲೆ ಎಚ್ಚರವಿಲ್ಲದೆ ಅದಕ್ಕಾಗಿ ಹಾ ತೊರೆಯದೆ ಆತ ಆಹಾರ ಸೇವನೆಗೆ ತೊಡಗುತ್ತಾನೆ. ನಾವು ಅದರಲ್ಲಿ ಆಸಕ್ತಿ ಇಟ್ಟು ಆ ಚಟುವಟಿಕೆಗಳನ್ನ ನಡೆಸಿದರೆ ಅನಾಸಕ್ತನಾಗಿ ದೇಹದ ಪೋಷಣೆಗೋಸ್ಕರ ಆತ ಆಹಾರ ವಿಹಾರಗಳಲ್ಲಿ ತೊಡಗುತ್ತಾನೆ ಇದು. ನಿಶಾ ವಿಷಯ ಪದಾರ್ಥಗಳು ಕತ್ತಲು ಜ್ಞಾನಿಗೆ ಅಂದ್ರೆ ಕತ್ತಲಿನಂತೆ ಆತ ಮೈಮೇಲೆ ಎಚ್ಚರ ಇಲ್ಲದೆ ಆ ವಿಷಯ ಭೋಗಗಳನ್ನು ನಡೆಸುತ್ತಾನೆ ಅಂತ ಅನ್ನುವ ಶ್ರೀಕೃಷ್ಣನ ಅಭಿಪ್ರಾಯ. ಅಲ್ಲಿಗೆ ನಾವು ಕಾಣದ್ದನ್ನು ಜ್ಞಾನಿ ಕಾಣುತ್ತಾನೆ, ನಾವು ಕಂಡಿದ್ದರ ಬಗ್ಗೆ ಆತ ಕಣ್ಣು ಮುಚ್ಚಿ ಇರುತ್ತಾನೆ.",6718,7524,,,109
kn_kannada_28_0009,kannada_28,kn,Dvaita,9,"ಇದು ನಮಗೂ ಜ್ಞಾನಿಗೂ ಇರುವ ವ್ಯತ್ಯಾಸ ಅನ್ನೋದನ್ನ ಬಹಳ ಸುಂದರವಾಗಿ ಹಗಲು ರಾತ್ರಿಯ ದೃಷ್ಟಾಂತವನ್ನು ಕೊಟ್ಟು ಶ್ರೀಕೃಷ್ಣ ಇಲ್ಲಿ ಬಿಡಿಸಿದ್ದಾನೆ. ಮತ್ತೊಮ್ಮೆ ಶ್ಲೋಕ ಯಾ ನಿಶಾ ಸರ್ವಭೂತಾನಾಂ ತಸ್ಯಾಂ ಜಾಗರ್ತಿ ಸಂಯಮಿ ಯಸ್ಯಾಂ ಜಾಗೃತಿ ಭೂತಾನಿ ಸಾ ನಿಶಾ ಪಶ್ಯತೋ ಮುನೇಹ ಜ್ಞಾನಿ ವಿಷಯ ಪದಾರ್ಥಗಳನ್ನು ಉಣ್ಣೋದು, ತಿನ್ನೋದು, ನೋಡೋದು, ಕೇಳೋದು ಇವುಗಳನ್ನ ನಮ್ಮಂತೆ ಅವನು ಮಾಡ್ತಾ ಇದ್ರು ಅವನ ಮನೋಭಾವಕ್ಕೂ ನಮ್ಮ ಮನೋಭಾವಕ್ಕೂ ಇರುವ ವ್ಯತ್ಯಾಸವನ್ನು ಒಳ್ಳೆಯ ದೃಷ್ಟಾಂತವನ್ನು ಕೊಟ್ಟು ಶ್ರೀಕೃಷ್ಣ ಈ ಅಧ್ಯಾಯದ 70ನೇ ಶ್ಲೋಕದಲ್ಲಿ ನಿರೂಪಣೆ ಮಾಡುತ್ತಿದ್ದಾನೆ. ಮುಂದಿನ ಶ್ಲೋಕ. ಆಪೂರ್ಯಮಾಣಮಚಲಪ್ರತಿಷ್ಠಂ ಸಮುದ್ರಮಾಪ ಪ್ರವಿಷಂತಿ ಯದ್ವತ್ ತದ್ವತ್ ಕಾಮಾಯಂ ಪ್ರವಿಷಂತಿ ಸರ್ವೇ ಸಶಾಂತಿಮಾಪ್ನೋತಿ ನಕಾಮಕಾಮಿ ಒಳ್ಳೆಯ ಉದಾಹರಣೆಯ ಮೂಲಕ ಒಬ್ಬ ತತ್ವಜ್ಞಾನಿಯ ಮನೋಭಾವವನ್ನು ಶ್ರೀಕೃಷ್ಣ ಇಲ್ಲಿ ನಿರೂಪಿಸಿದ್ದಾನೆ. ಇದರ ವಿವರಣೆಯನ್ನು ಮುಂದಿನ ಭಾಗದಲ್ಲಿ ನೋಡೋಣ. ಶ್ರೀಕೃಷ್ಣಾರ್ಪಣಮಸ್ತು. ಭಗವದ್ಗೀತೆಯ ಈ ಭಾಗದ ಪ್ರಾಯೋಜಕತ್ವವನ್ನು ಶ್ರೀಯುತರಾದ ಟಿ.ಎನ್. ಗೋವಿಂದರಾವ್ ಮತ್ತು ಶ್ರೀಮತಿ ಕೌಸಲ್ಯಾಬಾಯಿ ಇವರ ಸ್ಮರಣಾರ್ಥ ಕುಟುಂಬದವರು ನಡೆಸಿಕೊಟ್ಟಿದ್ದಾರೆ.",7525,8369,,,99
kn_kannada_28_0010,kannada_28,kn,Dvaita,10,ದಿವಂಗತರಿಗೆ ಶ್ರೇಯಸ್ಸಾಗುವಂತೆ ಹಾಗೂ ಅವರ ಕುಟುಂಬದವರಿಗೆ ಭಗವಂತನ ವಿಶೇಷ ಅನುಗ್ರಹವಾಗುವಂತೆ ಪ್ರಾರ್ಥಿಸೋಣ. ಶ್ರೀ ಕೃಷ್ಣಾರ್ಪಣಮಸ್ತೆ.,8370,8482,,,11
kn_kannada_29_0000,kannada_29,kn,Dvaita,0,"ಅಜ್ಞಾನದಿಂದ ಮುಂದಿನ ಜನ್ಮವನ್ನು ಆತ ಪಡೆಯುವುದಿಲ್ಲ. ಅವನ ಪ್ರಾರಬ್ಧ ಕರ್ಮ ನಾಶವಾಗಿದ್ದರೆ ಅದೇ ಕೊನೆಯ ಶರೀರ ಆಗಿರುತ್ತದೆ. ನಾ ಏ ನಾಮ್ ಈ ಸ್ಥಿತಿಯನ್ನ ತಲುಪಿ ಮೋಹಕ್ಕೆ ಒಳಗಾಗುವುದಿಲ್ಲ ಅಷ್ಟು ದೊಡ್ಡ ಸ್ಥಿತಿ ಈ ಬ್ರಾಹ್ಮಿ ಸ್ಥಿತಿ. ಶ್ರೀ ಗುರುಭ್ಯೋ ನಮಃ ಹರಿಃ ಓಂ ಎಪ್ಪತ್ತನೇ ಶ್ಲೋಕ ಆಪೂರ್ಯಮಾಣಮಚಲ ಪ್ರತಿಷ್ಠಂ ಸಮುದ್ರಮಾಪಪ್ರವಿಷಂತಿ ಯದ್ವತ್ ತದ್ವತ್ಕಾಮಾಯಂ ಪ್ರವಿಷಂತಿ ಸರ್ವೇ ಸಶಾಂತಿಮಾಪ್ನೋತಿ ನಕಾಮಕಾಮಿ ಪದವಿಭಾಗ ಆಪೂರ್ಯಮಾಣಂ ಅಚಲಪ್ರತಿಷ್ಠಂ ಸಮುದ್ರಂ ಆಪಹ ಪ್ರವಿಷಂತಿ ಯದ್ವತ್ ತದ್ವತ್ ಕಾಮಾಹ ಯಂ ಪ್ರವಿಷಂತಿ ಸರ್ವೇ ಸಹ ಶಾಂತಿಂ ಆಪ್. ನೋತಿ ನ ಕಾಮಕಾಮಿ ಯಾರು ಸುಖವನ್ನು ಅನುಭವಿಸುತ್ತಾನೆ ಯಾರಿಗೆ ಸುಖ ಇಲ್ಲ ಅನ್ನೋದನ್ನ ಸಮುದ್ರದ ದೃಷ್ಟಾಂತದಿಂದ ಶ್ರೀಕೃಷ್ಣ ಇಲ್ಲಿ ನಿರೂಪಣೆ ಮಾಡಿದ್ದಾನೆ. ಸಮುದ್ರಂ ಆಪಃ ಪ್ರವಿಷಂತಿ. ಸಮುದ್ರವನ್ನು ಎಲ್ಲ ನದಿಯ ನೀರುಗಳು ಹೋಗಿ ಸೇರುತ್ತವೆ. ಅದು ಮಳೆಗಾಲ ಇರಲಿ, ಬೇಸಿಗೆಗಾಲ ಇರಲಿ. ಎಲ್ಲ ನದಿಗಳ ಗುರಿ ಸಮುದ್ರ ಸೇರೋದು. ಆದರೆ ಆ ಸಮುದ್ರ ಅಚಲ ಪ್ರತಿಷ್ಠಂ ನೀರು ಬಂತು ಮಳೆಗಾಲದಲ್ಲಿ ನನಗೆ ತುಂಬಾ ನೀರು ಸೇರಿಕೊಳ್ಳುತ್ತು ಅಂತ ಅದು ಕುಣಿದು ಕುಪ್ಪಳಿಸುವುದಿಲ್ಲ ಅಚಲ.",0,821,,,110
kn_kannada_29_0001,kannada_29,kn,Dvaita,1,"ಯಾವುದೇ ಉದ್ವೇಗ ಪಡದೆ ತನ್ನಷ್ಟಕ್ಕೆ ತಾನಿರುತ್ತದೆ, ಅಚಲವಾಗಿ ಇರುತ್ತದೆ ಪ್ರತಿಷ್ಠಂ. ಅದರಂತೆ ಬೇಸಿಗೆಗಾಲದಲ್ಲಿ ನದಿಗಳು ಬರಲಿಲ್ಲ ಅನ್ಕೊಂಡು ಅದು ಒಣಗಿ ಹೋಗೋದು ಇಲ್ಲ. ಮಳೆಗಾಲದಲ್ಲಿ ತುಂಬಿ ಹರಿಯುವ ನದಿಗಳು ಸೇರಿದರೂ ಉಬ್ಬಿ ಖುಷಿ ಪಡೋದಿಲ್ಲ. ಬೇಸಿಗೆಗಾಲದಲ್ಲಿ ನದಿಗಳು ಬರಲಿಲ್ಲ ಅನ್ಕೊಂಡು. ತಾನು ಒಣಗೋದಿಲ್ಲ. ಅಚಲ ಪ್ರತಿಷ್ಠಂ ಆಪೂರ್ಯಮಾಣಂ ಸಮುದ್ರಂ ಅಚಲ ಪ್ರತಿಷ್ಠಂ ಸಮುದ್ರಂ ತುಂಬಿಕೊಂಡಿರುವ ಸಮುದ್ರ ನೀರು ಬಂದಾಗ ಅಚಲ ಪ್ರತಿಷ್ಠವಾಗಿ ಯಾವುದೇ ಉದ್ವೇಗಕ್ಕೆ ಒಳಗಾಗದಿದ್ದಾಗಿ ಆ ಶಾಂತತೆಯನ್ನೇ ಕಾಪಾಡಿಕೊಂಡು ಸಮುದ್ರವನ್ನು ಅಂತಹ ಸಮುದ್ರವನ್ನು ಆಪಹ ಯದ್ವತ್ ಪ್ರವಿಷಂತಿ ನೀರು ಹೇಗೆ ಸೇರಿಕೊಳ್ಳುತ್ತದೋ ಅಂದ್ರೆ ನೀರು ಬಂತು ಅಂತ ಉದ್ರೇಕಗೊಳ್ಳದೆ, ನೀರು ಬರಲಿಲ್ಲ ಅಂತ ಒಣಗದೆ ಅಥವಾ ನೀರು ಬರೋದಕ್ಕಾಗಿ ತಾನು ಪ್ರಯತ್ನವನ್ನ ಪಡದೆ ಅದು ಸಮಸ್ಥಿತಿಯನ್ನ ಕಾಯ್ದುಕೊಂಡಿರ್ತದೋ ಸಮುದ್ರ. ತದ್ವತ್ ಯಂ ಕಾಮಾಹ ಸರ್ವೇ ಪ್ರವಿಷಂತಿ ಅದರಂತೆ ಯಾರನ್ನು ಕಾಮಾಹ ಅಂದ್ರೆ ವಿಷಯ ಪದಾರ್ಥಗಳು ಪ್ರವಿಷಂತಿ. ವಿಷಯ ಪದಾರ್ಥಗಳು ಅಂದ್ರೆ ನಾವು ಅನುಭವಿಸುವ ಭೋಗ್ಯ ವಸ್ತುಗಳು. ಈ ಭೋಗ್ಯ ವಸ್ತುಗಳು ಯಾರಲ್ಲಿ ಸೇರಿಕೊಳ್ಳುತ್ತಾವೋ ಸಮುದ್ರದಂತೆ ಆ ಭೋಗ್ಯ ವಸ್ತುಗಳು ಅಥವಾ ಉಣ್ಣುವ ಪದಾರ್ಥ.",822,1689,,,109
kn_kannada_29_0002,kannada_29,kn,Dvaita,2,"ಕೇಳುವ ಇಂಪಾದ ಧ್ವನಿ ಇವುಗಳು ಬರಬೇಕು ಅಂತ ಪ್ರಯತ್ನ ಪಡದೆ ತಾನಾಗಿ ಬಂದ್ರೂ ಅದಕ್ಕೆ ಉಬ್ಬದೆ ಅದು ಸಿಗದೆ ಇದ್ದರೂ ಅದಕ್ಕೆ ತಲೆ ಕೆಡಿಸಿಕೊಳ್ಳದೆ ಏಕ ಪ್ರಕಾರವಾದ ಮನಸ್ಥಿತಿಯನ್ನು ಯಾರು ಹೊಂದಿರುತ್ತಾನೋ ಯಂ ಪ್ರವಿಷಂತಿ ಸರ್ವೇ ಯಾವ ತತ್ವಜ್ಞಾನಿಯನ್ನು ವಿಷಯ ಪದಾರ್ಥಗಳು ಪ್ರವೇಶ ಮಾಡುತ್ತಾವೋ ನದಿ ನೀರು ಸಮುದ್ರಕ್ಕೆ ಪ್ರವೇಶ ಮಾಡಿದಂತೆ ಭೋಗ್ಯ ವಸ್ತುಗಳು ಯಾರನ್ನ ಪ್ರವೇಶ ಮಾಡುತ್ತವೋ? ಭೋಗ್ಯ ವಸ್ತುಗಳು ಪ್ರವೇಶ ಮಾಡೋದು ಅಂದ್ರೆ ತಿನ್ನಬೇಕಾದ್ದನ್ನ ತಿನ್ನೋದು, ನೋಡಬೇಕಾದ್ದನ್ನ ನೋಡೋದು, ಕೇಳಬೇಕಾದ್ದನ್ನ ಕೇಳೋದು. ಇದು ಭೋಗ್ಯ ವಸ್ತುಗಳು ಪ್ರವೇಶ ಮಾಡೋದು. ಅದು ಸಿಕ್ತು ಅನ್ಕೊಂಡು ಆತ ಇವತ್ತು ಸುಗ್ರಾಸವಾದ ಭೋಜನ ಸಿಕ್ಕಿದೆ ಅಂತ ಮೈ ಮರೆಯೋದಿಲ್ಲ. ಅಥವಾ ಇವತ್ತು ಯಾವ ತಿನ್ನುವ ಪದಾರ್ಥಗಳು ಸಿಗಲಿಲ್ಲ ಅಂತ ತಲೆ ಕೆಡಿಸಿಕೊಂಡು ಬೇಸರ ಪಟ್ಟುಕೊಳ್ಳುವುದಿಲ್ಲ. ಸಮುದ್ರದಂತೆ ಅಚಲ ಪ್ರತಿಷ್ಠನಾಗಿರುತ್ತಾನೋ ಸಹ ಶಾಂತಿ ಮಾಪ್ನೋತಿ. ಸಾಧಾರಣ ದೃಷ್ಟಿಯಲ್ಲಿ ನೋಡೋದಾದ್ರೆ ಆತನೇ ಶಾಂತ. ಶಾಸ್ತ್ರೀಯ ದೃಷ್ಟಿಯಲ್ಲಿ ನೋಡಿದ್ರೆ ಸಹ ಮುಕ್ತಿ ಮಾಪ್ನೋತಿ. ವಿಷಯ ಪದಾರ್ಥದ ಸೆಳೆತಕ್ಕೆ ಒಳಗಾಗದೆ ಭಗವತ್ ಪ್ರಜ್ಞೆಯನ್ನು ಹೊಂದಿದ ವ್ಯಕ್ತಿ ಮೋಕ್ಷವನ್ನು ಹೊಂದುತ್ತಾನೆ.",1690,2540,,,107
kn_kannada_29_0003,kannada_29,kn,Dvaita,3,ನ ಕಾಮ ಕಾಮಿ. ಕಾಮ ಅಂದ್ರೆ ವಿಷಯ ಪದಾರ್ಥಗಳನ್ನು ಕಾಮಿ ಬೇಕು ಬೇಕು ಅಂತ ಬಯಸುವವನಿಗೆ ನ ಶಾಂತಿಹಿ. ಮನಸ್ಸಿನ ನೆಮ್ಮದಿ ಇಲ್ಲ. ಬೇಕು ಬೇಕೇ ಇರುತ್ತದೆ ಹೊರತು ಎಷ್ಟು ತಂದ್ರು ಸಾಕಾಗೋದಿಲ್ಲ ಅದು. ಆದ್ದರಿಂದ ಬೇಕು ಬೇಕು ಅಂತ ಬಯಸುವವನು ಶಾಂತಿಯನ್ನು ಹೊಂದೋದಿಲ್ಲ. ಬೇಡ ಅಂತ ಬಂದವನು ಬಂದ್ರು ಸಿಗ್ಗದೆ ಕುಗ್ಗದೆ ಏಕಪ್ರಕಾರನಾಗಿದ್ದು ಮನಸ್ಸಿನ ನೆಮ್ಮದಿಯನ್ನು ಕಳೆದುಕೊಳ್ಳುವುದಿಲ್ಲ. ಇದು ಇಂದ್ರಿಯ ನಿಗ್ರಹ ಇರುವವ ಇಲ್ಲದೆ ಇರುವವ ಇವರಲ್ಲಿರುವ ವ್ಯತ್ಯಾಸ. ಸಮುದ್ರ ಒಳ್ಳೆಯ ದೃಷ್ಟಾಂತ. ಮತ್ತೊಮ್ಮೆ ಶ್ಲೋಕ ಆ ಪೂರ್ಯಮಾಣಮಚಲ ಪ್ರತಿಷ್ಠಂ ಸಮುದ್ರಮಾಪ ಪ್ರವಿಷಂತಿ ಯದ್ವತ್ ತದ್ವತ್ಕಾಮಾಯಂ ಪ್ರವಿಷಂತಿ ಸರ್ವೇ ಸಶಾಂತಿಮಾಪ್ನೋತಿ ನಕಾಮಕಾಮಿ ಮುಂದಿನ ಶ್ಲೋಕ ಹಿಂದೆ ಹೇಳಿದ್ದನ್ನೇ ವಿವರಿಸ್ತಾ ಇದೆ. ವಿಹಾಯಕಾಮಾನ್ಯಃ ಸರ್ವಾನ್ ಪುಮಾಂಶ್ಚರತಿನಿಸ್ಪೃಹಃ ನಿರ್ಮಮಹ ನಿರಹಂಕಾರಹ ಸಶಾಂತಿಮಧಿಗಚ್ಛತಿ ಉಪಾಂತ್ಯ ಶ್ಲೋಕ ಇದು. ವಿಹಾಯ ಕಾಮಾನ್ ಯಹ ಸರ್ವಾನ್ ಪುಮಾನ್ ಚರತಿ ನಿಸ್ಪೃಹಃ ನಿರ್ಮಮಃ ನಿರಹಂಕಾರಃ ಸಹ ಶಾಂತಿಂ ಅಧಿಕಚ್ಛತಿ ಇಲ್ಲಿ ಎಲ್ಲಾ ಶಾಂತಿ ಶಾಂತಿ ಅಂದ್ರೆ ಮೋಕ್ಷ ಅಂತ ಅರ್ಥ.,2541,3324,,,101
kn_kannada_29_0004,kannada_29,kn,Dvaita,4,"ಯಹ ಪುಮಾನ್ ಕಾಮಾನ್ ಸರ್ವಾನ್ ಕಾಮಾನ್ ವಿಹಾಯ ಯಾವ ವ್ಯಕ್ತಿಯು ನಿಷಿದ್ಧವಾದ ಬಯಕೆಗಳನ್ನ ಬಿಟ್ಟು ಅದು ಬೇಕು ಇದು ಬೇಕು ಅಂತ ಶಾಸ್ತ್ರ ನಿಷಿದ್ಧವಾದ ಬಯಕೆಗಳನ್ನ ಬಿಟ್ಟು ಚರತಿ ಸರ್ವಾನ್ ಕಾಮಾನ್ ಚರತಿ. ಚರತಿ ಅಂದ್ರೆ ಚರಗತಿ ಭಕ್ಷಣಯೋ ಅನುಭವಿಸ್ತಾನೆ ಅಂತ ಅರ್ಥ. ಕಿವಿಗೆ ಬೇಕಾದ್ದನ್ನು ಕೇಳುತ್ತಾನೆ, ನಾಲಿಗೆಗೆ ರುಚಿಯಾದದ್ದನ್ನು ತಿನ್ನುತ್ತಾನೆ, ಆದರೆ ನಿಷಿದ್ಧವಾದ ವಸ್ತುಗಳ ಅಪೇಕ್ಷೆ ಅವನಿಗೆ ಇರೋದಿಲ್ಲ. ನಿಷಿದ್ಧವಾದ ವಸ್ತುಗಳ ಬಗ್ಗೆ ಆಸೆಯನ್ನ ಬಿಟ್ಟು ಯಾರು ವಿಷಯ ಪದಾರ್ಥಗಳನ್ನು ಸೇವಿಸ್ತಾನೋ ಆದರೆ ಅವನಿಗೆ ಮೂರು ಭಾವನೆಗಳು ಅರ್ಹತೆಗಳು ಬೇಕು. ಏನದು ನಿಸ್ಪೃಹಃ ಅದರ ಬಗ್ಗೆ ಬದ್ಧತೆ ಅಂದ್ರೆ ಅದು ಇಲ್ಲದೆ ನಾನು ಇರೋದಿಲ್ಲ, ಅದು ಇದ್ರೆ ಮಾತ್ರ ನನ್ನ ಬದುಕು ಅನ್ನುವ ಸ್ಪೃಹಾ ಅಪೇಕ್ಷೆ ಇರಬಾರದು. ನಿರ್ಮಮಹ ಇದು ನನ್ನದು ನನಗೆ ತಿನ್ನೋಕೆ ಹಕ್ಕಿದೆ. ಮಮತಾ ಇರಬಾರದು. ನಿರಹಂಕಾರಹ ಅದನ್ನ ಅನುಭವಿಸುವಾಗ ನಾನು ಸಂಪಾದಿಸಿದ್ದು ನಾನು ಉಳುತ್ತಾ ಇದ್ದೇನೆ ಅಂತ ಅಹಂಭಾವ ಇರಬಾರದು. ನಿಸ್ಪೃಹಃ ನಿರ್ಮಮಃ ನಿರಹಂಕಾರಃ ಅದರ ಬಗ್ಗೆ ತಾದಾತ್ಮ್ಯ ಉತ್ಕಟವಾದ ಅಪೇಕ್ಷೆ ಇಟ್ಟುಕೊಳ್ಳದೆ ಇದು ನನ್ನದು ಅಂತ ಸ್ವಾಮಿತ್ವ ಭ್ರಮೆ ಇಲ್ಲದೆ ನಿರಹಂಕಾರಃ ನಾನು ತಿನ್ನುತ್ತೇನೆ.",3325,4180,,,114
kn_kannada_29_0005,kannada_29,kn,Dvaita,5,ಎಂತಹ ಹಮ್ಮಿಲ್ಲದೆ ಭಗವಂತ ನನ್ನ ಪೂರ್ವ ಕರ್ಮಕ್ಕೆ ಅನುಗುಣವಾಗಿ ಇದನ್ನ ನನ್ನ ಮುಂದೆ ಇರಿಸಿದ್ದಾನೆ ಅವನ ಅಪೇಕ್ಷೆ ಇದೆ ಅವನಿಂದಾಗಿ ನಾನು ಇದನ್ನು ಅನುಭವಿಸುತ್ತಾ ಇದ್ದೇನೆ ಅನ್ನೋ ಅನುಸಂಧಾನ ಇಟ್ಟುಕೊಂಡು. ಯಾರು ವಿಷಯ ಪದಾರ್ಥಗಳ ಸೇವನೆಯನ್ನು ಮಾಡ್ತಾನೋ ಸಹ ಶಾಂತಿ ಮಾಪ್ನೋತಿ. ಶಾಂತಿಂ ಅಧಿಗಚ್ಛತಿ ಅಂತವನು ಮೋಕ್ಷಕ್ಕೆ ಅರ್ಹನಾಗ್ತಾನೆ. ಸಾಮಾನ್ಯ ದೃಷ್ಟಿಯಲ್ಲಿ ಹೇಳೋದಾದ್ರೆ ಇಂಥವನು ಪ್ರಸನ್ನ ಚಿತ್ತನಾಗಿ ಈ ಪ್ರಪಂಚದಲ್ಲಿ ಬಾಳೋದು ಸಾಧ್ಯ. ಹಾ ತೊರೆದು ಮುಗಿಬಿದ್ದು ಸಿಕ್ಕಿದಾಗ ಗಪಗಪ ಅಂತ ಎಲ್ಲೆ ಇಲ್ಲದೆ ತಿಂದು ನನ್ನದು ಅಂತ ಅಧಿಕಾರದ ದರ್ಪದಲ್ಲಿರುವವನಿಗೆ ಯಾವತ್ತೂ ಮನಶಾಂತಿ ಇರೋದಿಲ್ಲ ಅನ್ನೋ ಅರ್ಥವನ್ನು ಈ ಶ್ಲೋಕದಿಂದ ನಾವು ತಿಳಿದುಕೊಳ್ಳಬಹುದು. ಮತ್ತೊಮ್ಮೆ ಶ್ಲೋಕ. ವಿಹಾಯ ಕಾಮಾನ್ಯಃ ಸರ್ವಾನ್ ಪುಮಾಂಶ್ಚರತಿ ನಿಸ್ಪೃಹಃ ನಿರ್ಮಮಃ ನಿರಹಂಕಾರಃ ಸಶಾಂತಿಮಧಿಗಚ್ಛತಿ ಕೊನೆಯ ಶ್ಲೋಕ ಏಷಾ ಬ್ರಾಹ್ಮೀ ಸ್ಥಿತಿ ಪಾರ್ಥ ನೈನಾಂ ಪ್ರಾಪ್ಯ ವಿಮುಹ್ಯತಿ ಸ್ಥಿತ್ವಾಸ್ಯಾಂ ಅಂತಕಾಲೇಪಿ ಬ್ರಹ್ಮ ನಿರ್ವಾಣ ವೃಚ್ಛತಿ ಇಂಥ ಇಂದ್ರಿಯ ನಿಗ್ರಹದಿಂದ ಸಿಗುವ ಫಲವನ್ನು ಶ್ರೀಕೃಷ್ಣ ಇಲ್ಲಿ ನಿರೂಪಣೆ ಮಾಡಿದ್ದಾನೆ.,4181,4987,,,100
kn_kannada_29_0006,kannada_29,kn,Dvaita,6,"ಪದ ವಿಭಾಗ ಏಷಾ ಬ್ರಾಹ್ಮಿ ಸ್ಥಿತಿಶಿ ಪಾರ್ಥ ನ ಯೇನಾಂ ಪ್ರಾಪ್ಯ ವಿಮುಶ್ಯತಿ ಸ್ಥಿತ್ವಾ ಅಸ್ಯಾಂ ಅಂತಕಾಲೇ ಅಪಿ ಬ್ರಹ್ಮ ಅದು ಪ್ರತ್ಯೇಕ ಪದ ನಿರ್ವಾಣಂ ರುಚ್ಛತಿ. ಏಷಾ ಬ್ರಾಹ್ಮಿ ಸ್ಥಿತಿಹಿ. ಬ್ರಾಹ್ಮಿ ಅಂದ್ರೆ ಬ್ರಹ್ಮನಿಗೆ ಸಂಬಂಧಪಟ್ಟ ಸ್ಥಿತಿ, ಮನೋಭಾವ ಅಂತ ಅರ್ಥ. ಏಷಾ ಅಂದ್ರೆ ಇದುವರೆಗೆ ಹೇಳಿದ್ದು. ಯಾನಿಶಾ ಸರ್ವಭೂತಾನಾಂ ಅನ್ನೋದರಿಂದ ನಿರ್ಮಮನಾಗಿ ವಿಷಯ ಪದಾರ್ಥಗಳ ಸೆಳೆದಕ್ಕೆ ಒಳಗಾಗದೆ ವಿಷಯ ಪದಾರ್ಥಗಳನ್ನ ದೇಹ ಧಾರಣೆಗೋಸ್ಕರ ಸೇರುವ ಸ್ಥಿತಿ ಏನಿದೆಯೋ ಇದನ್ನ ಬ್ರಾಹ್ಮಿ ಸ್ಥಿತಿ. ಅವನು ವಿಷಯದ ಆಕರ್ಷಣೆಗೆ ಒಳಗಾಗದೆ ಬ್ರಹ್ಮನ ಆಕರ್ಷಣೆಗೆ ಒಳಗಾಗಿದ್ದಾನೆ ಆದ್ದರಿಂದ ಇದನ್ನ ಬ್ರಾಹ್ಮಿ ಸ್ಥಿತಿ ಅಂತ ಕರೀತಾರೆ. ನ ಏ ನಾಂ ಪ್ರಾಪ್ಯ ವಿಮುಹ್ಯತಿ. ಈ ಸ್ಥಿತಿಯನ್ನ ತಲುಪಿದ ವ್ಯಕ್ತಿ ಮತ್ತೊಮ್ಮೆ ಮೋಹಕ್ಕೆ ಒಳಗಾಗುವುದಿಲ್ಲ ಅಂದ್ರೆ. ಅಜ್ಞಾನದಿಂದ ಮುಂದಿನ ಜನ್ಮವನ್ನು ಆತ ಪಡೆಯುವುದಿಲ್ಲ. ಅವನ ಪ್ರಾರಬ್ಧ ಕರ್ಮ ನಾಶವಾಗಿದ್ದರೆ ಅದೇ ಕೊನೆಯ ಶರೀರ ಆಗಿರುತ್ತದೆ. ನಾ ಏ ನಾಮ್ ಈ ಸ್ಥಿತಿಯನ್ನ ತಲುಪಿ ಮೋಹಕ್ಕೆ ಒಳಗಾಗುವುದಿಲ್ಲ ಅಷ್ಟು ದೊಡ್ಡ ಸ್ಥಿತಿ ಈ ಬ್ರಾಹ್ಮಿ ಸ್ಥಿತಿ.",4988,5775,,,106
kn_kannada_29_0007,kannada_29,kn,Dvaita,7,"ಅಸ್ಯಾಂ ಈ ಸ್ಥಿತಿಯಲ್ಲಿ ಅಂತಕಾಲೇಪಿ ಸ್ಥಿತ್ವ. ಪ್ರಾರಬ್ಧವಶಾತ್ ಬಂದಿರುವ ಈ ದೇಹದ ಅಂತ್ಯಕಾಲ, ಕೊನೆಯ ಕಾಲ. ಸಾಧಾರಣ ಮರಣಕಾಲದಲ್ಲಿ ನಮ್ಮ ಮನಸ್ಸು ವಿಚಲಿತಗೊಂಡು ಯಾವ ಯೋಚನೆಯನ್ನು ಮಾಡದಂತಹ ಸಂದರ್ಭದಲ್ಲಿ ಇರುತ್ತದೆ. ಆದರೆ, ಬ್ರಹ್ಮಜ್ಞಾನಿಗೆ ಸಂಯಮಿಗೆ ವಿಷಯ ಪದಾರ್ಥಗಳನ್ನು ತೊರೆದು ಭಗವಂತನ ಪ್ರಜ್ಞೆಯಲ್ಲಿ ಜಾಗೃತನಾದವನಿಗೆ ಅಂತಃಕಾಲದಲ್ಲೂ ಈ ಸ್ಥಿತಿ ಬ್ರಹ್ಮನ ಧ್ಯಾನದ ಸ್ಥಿತಿ ಇರುತ್ತದೆ. ಅಸ್ಯಾಂ ಅಂತಕಾಲೇಪಿ ಸ್ಥಿತ್ವ ದೇಹ ತ್ಯಾಗ ಮಾಡುವ ಕಾಲದಲ್ಲೂ ಈ ಸ್ಥಿತಿಯಲ್ಲೇ ಇದ್ದು ಆತ ದೇಹವನ್ನು ತ್ಯಾಗ ಮಾಡಿದರೆ ನಿರ್ವಾಣಂ ಬ್ರಹ್ಮ ರಿಚ್ಛತಿ. ವಾಣ ಅಂದ್ರೆ ಬಾಣ, ಬಾಣ ಅಂದ್ರೆ ದೇಹ, ನಿರ್ಬಾಣ ಅಂದ್ರೆ. ದೇಹವಿಲ್ಲದ ನಮ್ಮ ನಿಮ್ಮಂತೆ ಪ್ರಾಕೃತ ದೇಹವಿರದ ಬ್ರಹ್ಮ ಪರಮಾತ್ಮನ ಬಳಿಗೆ ಪರಮಾತ್ಮನನ್ನು ರುಚ್ಛತಿ ತಲುಪುತ್ತಾನೆ. ಹೀಗೆ ಜೀವನದಲ್ಲಿ ಇಂದ್ರಿಯ ನಿಗ್ರಹವನ್ನ ತಾಳಿ ಧ್ಯಾನದ ಸ್ಥಿತಿಯನ್ನ ತಲುಪಿ ಬ್ರಹ್ಮಾಪರೋಕ್ಷವನ್ನ ತಾಳಿದ ಒಬ್ಬ ತತ್ವಜ್ಞಾನಿಯು ತನ್ನ ಜೀವನದ ಕೊನೆಯಲ್ಲೂ ಆ ಬ್ರಹ್ಮನ ಸ್ಮರಣೆಯನ್ನೇ ಮಾಡ್ತಾ ದೇಹ ತ್ಯಾಗ ಮಾಡಿ ಪ್ರಾಕೃತ ಶರೀರ ರಹಿತನಾದ ಬ್ರಹ್ಮನ ಬಳಿ ಸೇರುತ್ತಾನೆ.",5776,6575,,,102
kn_kannada_29_0008,kannada_29,kn,Dvaita,8,"ಇದು ಇಂದ್ರಿಯ ನಿಗ್ರಹಿಗೆ ತತ್ವಜ್ಞಾನಿಗೆ ಸಿಗುವ ಫಲ ಅನ್ನೋದನ್ನ ಈ ದ್ವಿತೀಯಾ ಅಧ್ಯಾಯದಲ್ಲಿ ಇದಕ್ಕೆ ಸಾಂಖ್ಯ ಯೋಗ ಅಂತ ಹೆಸರು. ಸಾಂಖ್ಯ ಯೋಗ ಅನ್ನೋದಕ್ಕೆ ಸಾಂಖ್ಯ ಅಂದ್ರೆ ಶುದ್ಧಾತ್ಮ ತತ್ವ ವಿಜ್ಞಾನಂ ಆತ್ಮನ ಬಗ್ಗೆ ಶುದ್ಧವಾದ ಪರಿಜ್ಞಾನ. ಅಂದರೆ ನಾವು ಈ ದೇಹದ ಜೊತೆ ಸಂಕೀರ್ಣವಾಗಿ ಆತ್ಮನನ್ನು ತಿಳಿದಿರುತ್ತೇವೆ. ಆದರೆ ಜೀವ ಬೇರೆ, ನಾನು ಬೇರೆ, ದೇಹ ಬೇರೆ. ನಾನು ನಾನೇ ಮಾಡುತ್ತೇನೆ ಎಲ್ಲವನ್ನು ಅಂತ ಅನ್ಕೊಂಡಿರ್ತೀವಿ. ಆದರೆ ನಮಗೆ ನಿಯಾಮಕನಾದ ಒಂದು ಪರಮ ಚೇತನ ಇದೆ. ಅದಕ್ಕೆ ಅಧೀನವಾಗಿ ನಾವು ನಮ್ಮ ಚಟುವಟಿಕೆಗಳನ್ನು ನಡೆಸುತ್ತೇವೆ. ಇದು ಶುದ್ಧ ಆತ್ಮ ಪರಿಜ್ಞಾನ. ದೇಹಕ್ಕಿಂತ ಜಡಕ್ಕಿಂತ ಭಿನ್ನವಾದ ಒಬ್ಬ ಶುದ್ಧ ಚೇತನ. ಅವನು ಪರಮ ಚೇತನನ ಅಧೀನ. ಈ ಜ್ಞಾನವನ್ನು ಸಾಂಖ್ಯ ಅಂತ ಕರೀತಾರೆ. ಸಾಂಖ್ಯ ಯೋಗ ಅಂದ್ರೆ ಸಾಂಖ್ಯವೇ ಒಂದು ಯೋಗ. ಯೋಗ ಅಂದ್ರೆ ಉಪಾಯ. ಭಗವಂತನನ್ನ ಪಡೆಯೋದಕ್ಕೆ, ನೋಡೋದಕ್ಕೆ, ಅವನ ಬಳಿ ಸೇರೋದಕ್ಕೆ. ಒಂದು ಸಾಧನ ಈ ಸಾಂಖ್ಯ. ಅಲ್ಲಿಗೆ ಸಾಂಖ್ಯ ಎಂಬ ಉಪಾಯ.",6576,7288,,,103
kn_kannada_29_0009,kannada_29,kn,Dvaita,9,"ಶುದ್ಧಾತ್ಮ ತತ್ವಜ್ಞಾನ ಎಂಬ ಸಾಧನೆಯನ್ನ ಈ ಎರಡನೇ ಅಧ್ಯಾಯದಲ್ಲಿ ನಿರೂಪಣೆ ಮಾಡಲಾಗಿದೆ, ಆದ್ದರಿಂದ ಇದಕ್ಕೆ ಸಾಂಖ್ಯ ಯೋಗ ಅಂತ ಹೆಸರು. ಇದು ಒಂದು ಅರ್ಥದಲ್ಲಿ ಈ ಅಧ್ಯಾಯಕ್ಕೆ ಅನ್ವರ್ಥವಾದ ಹೆಸರು. ಆ ಶುದ್ಧಾತ್ಮ ತತ್ವಜ್ಞಾನವನ್ನು ನಾಸತೋ ವಿದ್ಯತೆ ಭಾವಃ ಅನ್ನೋ ಶ್ಲೋಕಗಳಿಂದ ಆರಂಭದಲ್ಲಿ ಶ್ರೀಕೃಷ್ಣ ನಿರೂಪಣೆ ಮಾಡಿದ್ದಾನೆ. ಇನ್ನು ಅದರ ನಂತರ ಯೋಗೇತು ಇಮಾಂ ಶ್ರುಣು ಏಶಾತೆ ಅಭಿಹಿತಾ ಸಾಂಖ್ಯೆ. ನಾನು ಸಾಂಖ್ಯದ ಬಗ್ಗೆ ಹೇಳಿ ಈಗ ಯೋಗದ ಬಗ್ಗೆ ಕೆಲವು ಮಾತುಗಳನ್ನು ಹೇಳುತ್ತೇನೆ ಅಂತ ಶ್ರೀಕೃಷ್ಣ ಶುರು ಮಾಡಿದ್ದಾನೆ. ಯೋಗ ಅಂದ್ರೆ ಸಾಧನ. ಸಾಂಖ್ಯ ಯೋಗ ಅಂದ್ರೆ ಜ್ಞಾನಕ್ಕೆ ಸಾಧನ ಅಂತ ಅರ್ಥ. ಶುದ್ಧವಾದ ಆತ್ಮತತ್ವ ಜ್ಞಾನಕ್ಕೆ ಯಾವುದು ಕಾರಣವೋ, ಸಾಧನವೋ ಅದನ್ನ ನಿರೂಪಣೆ ಮಾಡ್ತಾ ಇದೆ ಈ ದ್ವಿತೀಯ ಅಧ್ಯಾಯ. ಅಲ್ಲಿಗೆ ಮೊದಲನೇ ಅರ್ಥದಲ್ಲಿ ಸಾಂಖ್ಯವೇ ಪರಮಾತ್ಮನನ್ನು ಸೇರುವುದಕ್ಕೆ ಇರುವ ಒಂದು ಸಾಧನ. ಎರಡನೇ ಈ ಅರ್ಥದಲ್ಲಿ ಶುದ್ಧ ಆತ್ಮನ ಅಂದ್ರೆ ಜೀವಾತ್ಮ ಮತ್ತು ಪರಮಾತ್ಮನ ತತ್ವಜ್ಞಾನಕ್ಕೆ ಯಾವುದು ಸಾಧನವೋ ಅದನ್ನ ಈ ದ್ವಿತೀಯ ಅಧ್ಯಾಯದಲ್ಲಿ ಹೇಳಿದೆ.",7289,8058,,,106
kn_kannada_29_0010,kannada_29,kn,Dvaita,10,ಹೆಚ್ಚಿನ ಭಾಗ ಅದನ್ನೇ ಹೇಳಿದ್ದು ಶ್ರೀಕೃಷ್ಣ. ಅವನು ಹೇಳಿದ ಸಾಧನ ನಿಷ್ಕಾಮ ಕರ್ಮ. ನಾವು ಶಾಸ್ತ್ರಭಿಷಿತವಾದ ಕರ್ತವ್ಯಗಳನ್ನು ಲೌಕಿಕವಾದ ಫಲದ ಅಪೇಕ್ಷೆ ಇಲ್ಲದೆ ಭಗವಂತನ ತೃಪ್ತಿಗಾಗಿ ಅವನ ಆದೇಶ ಅವನು ಹೇಳಿದ್ದನ್ನ ನಾನು ಮಾಡಿದ್ದೇನೆ. ಶ್ರೀ ಕೃಷ್ಣ ಪ್ರಿಯತಾಂ ಅಂತ ಅವನ ಪ್ರೀತಿಯ ಉದ್ದೇಶದಿಂದ ನಮ್ಮ ಶಾಸ್ತ್ರ ವಿಹಿತ ಕರ್ಮಗಳನ್ನು ನೆರವೇರಿಸುವುದು ಏನಿದೆಯೋ ಇದು ನಿಷ್ಕಾಮ ಕರ್ಮ ಯೋಗ. ಅದನ್ನ ಶ್ರೀಕೃಷ್ಣ ಮುಖ್ಯವಾಗಿ ಇಲ್ಲಿ ಹೇಳ್ತಾ ಕೊನೆ ಕೊನೆಯಲ್ಲಿ ಅಧ್ಯಾಯದ ಕೊನೆಯಲ್ಲಿ ಆ ನಿಷ್ಕಾಮ ಕರ್ಮ ಅನುಷ್ಠಾನಕ್ಕೆ ಭಗವಂತನ ಪರಿಜ್ಞಾನ ಬೇಕು. ಭಗವಂತನ ತತ್ವಜ್ಞಾನದ ಜೊತೆ ಸೇರಿದಾಗ ಮಾತ್ರ ಅವನ ತೃಪ್ತಿಗಾಗಿ ನಾನು ಕರ್ಮವನ್ನು ಮಾಡುತ್ತೇನೆ ಅನ್ನೋ ನಿಷ್ಕಾಮತೆ ಬರೋದು ಸಾಧ್ಯ ನಮಗೆ. ಆ ಭಗವತ್ ತತ್ವಜ್ಞಾನ ಬೇಕಾದರೆ ಲೌಕಿಕ ಆಕರ್ಷಣೆ ನಮ್ಮ ಮನಸ್ಸಿನಲ್ಲಿ ಕಡಿಮೆಯಾಗಬೇಕು. ಲೌಕಿಕ ಆಕರ್ಷಣೆ ಅಂದರೆ ಇಂದ್ರಿಯಗಳ ಪರಾಧೀನತೆ. ಇಂದ್ರಿಯಗಳಿಗೆ ನಾವು ಅಧೀನರಾಗಿರೋದು. ಆ ಇಂದ್ರಿಯದ ಅಧೀನತೆಯನ್ನ ಕಳೆದುಕೊಳ್ಳುವುದು ಅಂದ್ರೆ ಇಂದ್ರಿಯದ ಸಂಯಮ. ಅಂದ್ರೆ ಇಂದ್ರಿಯ ನಿಗ್ರಹ.,8059,8831,,,100
kn_kannada_29_0011,kannada_29,kn,Dvaita,11,ಹೀಗೆ ಇಂದ್ರಿಯಗಳನ್ನ ವಿಷಯಗಳ ಕಡೆಯಿಂದ ಸೆಳೆದು. ಮನಸ್ಸನ್ನ ನಿಗ್ರಹಿಸಿ ಭಗವತ್ ಪ್ರಜ್ಞೆಯನ್ನ ಶಾಸ್ತ್ರದಿಂದ ಪರೋಕ್ಷ ಜ್ಞಾನವನ್ನ ಗಳಿಸಿಕೊಂಡು ನಿಷ್ಕಾಮವಾಗಿ ಭಗವತ್ ಪ್ರೀತಿಗಾಗಿ ಕರ್ಮಾನುಷ್ಠಾನವನ್ನ ಮಾಡಿದರೆ ನಾವು ಬ್ರಾಹ್ಮಿ ಸ್ಥಿತಿಯನ್ನ ತಲುಪುತ್ತೇವೆ. ಬ್ರಾಹ್ಮಿ ಸ್ಥಿತಿಯನ್ನ ತಲುಪಿದ ಮೇಲೆ ದೇಹ ತ್ಯಾಗ ಮಾಡಿದ ಸಮಯದಲ್ಲಿ ಮಾಡುವ ಸಮಯದಲ್ಲೂ ಕೂಡ ಆ ಸ್ಥಿತಿಯಲ್ಲಿ ಇರುವುದು ನಮಗೆ ಸಾಧ್ಯವಾಗುತ್ತದೆ. ಅದರಿಂದ ನೇರ ಪರಮಾತ್ಮನ ಬಳಿ ಸೇರುವ ಮೋಕ್ಷದ ಸಂಪತ್ತು. ನಮಗೆ ದೊರೆಯುತ್ತದೆ ಅನ್ನೋದನ್ನ ಶ್ರೀಕೃಷ್ಣ ಈ ದ್ವಿತೀಯಾಧ್ಯಾಯದಲ್ಲಿ ಹೇಳಿದ್ದಾನೆ. ಹೀಗೆ ಎರಡು ಅರ್ಥದಲ್ಲಿ ಇದು ಸಾಂಖ್ಯ ಯೋಗ. ಇದನ್ನ ನಿರೂಪಣೆ ಮಾಡಿದ್ದಾನೆ. ಮತ್ತೊಮ್ಮೆ ಶ್ಲೋಕ ಏಶಾ ಬ್ರಾಹ್ಮೀ ಸ್ಥಿತಿ ಪಾರ್ಥ ಥ ನೈನಾಂ ಪ್ರಾಪ್ಯ ವಿಮುಹ್ಯತಿ ಸ್ಥಿತ್ವಾ ಸ್ಯಾವಂತಕಾಲೇಪಿ ಬ್ರಹ್ಮನಿರ್ವಾಣಮೃಚ್ಛತಿ ಓಂ ತಸ್ಸದಿತಿ ಶ್ರೀಮದ್ಭಗವದ್ಗೀತಾಸು ಉಪನಿಷತ್ಸು ಬ್ರಹ್ಮ ವಿದ್ಯಾಯಾಂ ಯೋಗಶಾಸ್ತ್ರೇ ಶ್ರೀ ಕೃಷ್ಣಾರ್ಜುನ ಸಂವಾದೇ ಸಾಂಖ್ಯ ಯೋಗೋ ನಾಮ ದ್ವಿತೀಯೋಧ್ಯಾಯಃ ಶ್ರೀ ಕೃಷ್ಣಾರ್ಪಣಮಸ್ತು ಭಗವದ್ಗೀತೆಯ ಈ ಭಾಗದ ಪ್ರಾಯೋಜಕತ್ವವನ್ನು ಶ್ರೀಯುತರಾದ ಟಿ.ಎನ್. ಗೋವಿಂದರಾವ್ ಮತ್ತು ಶ್ರೀಮತಿ ಕೌಸಲ್ಯಾಬಾಯಿ ಇವರ ಸ್ಮರಣಾರ್ಥ ಕುಟುಂಬದವರು ನಡೆಸಿಕೊಟ್ಟಿದ್ದಾರೆ.,8832,9731,,,104
kn_kannada_29_0012,kannada_29,kn,Dvaita,12,ದಿವಂಗತರಿಗೆ ಶ್ರೇಯಸ್ಸಾಗುವಂತೆ ಹಾಗೂ ಅವರ ಕುಟುಂಬದವರಿಗೆ ಭಗವಂತನ ವಿಶೇಷ ಅನುಗ್ರಹವಾಗುವಂತೆ ಪ್ರಾರ್ಥಿಸೋಣ. ಶ್ರೀ ಕೃಷ್ಣಾರ್ಪಣಮಸ್ತ್ವ.,9732,9845,,,11
en_video_01_0000,video_01,en,Advaita,0,"Gita, and I made some introductory remarks about the Bhagavad Gita. 18 chapters, but the first chapter is, it just sets the stage. The teachings do not really start in the first chapter. So we will not be doing the first chapter. We all know those who have studied the Bhagavad Gita that in the first chapter, it sets the stage for this great teaching. The two groups of the same clan, the Pandavas and the Kauravas, the same dynasty actually, in ancient India, they are engaged in civil war. The Pandavas to sort of oversimplify, the Pandavas are the good guys and the Kauravas are the bad guys.",0,596,,,109
en_video_01_0001,video_01,en,Advaita,1,"And Arjuna is one of the five Pandava brothers. And Krishna, who is an incarnation of God, an Avatara, Krishna is his driver, chauffeur. He drives the, he drives Arjuna's chariot in this great battle. And before the battle begins, Arjuna asks Sri Krishna that, um, take me out there in the middle of the two arrayed armies. I want to see who's, who's foolish enough to come and fight with me. He's full of bravado and confidence. But once he goes there and he sees all his relatives because it's a civil war. So the people they're going to fight are their own relatives.",597,1167,,,105
en_video_01_0002,video_01,en,Advaita,2,"Um, two factions of the same royal house. And so he has great qualms about the battle which is about to ensue, though it is a righteous war because the Gaurav was a really nasty guy. Now, Arjuna says that maybe we shouldn't fight this war. I don't want to fight this war. I want to give up and withdraw from this war. And now Sri Krishna is going to engage him to do his duty and so starts the teaching. Remember, the teaching is ostensibly about a civil war fought. a long time in prehistoric times in India. And but it's not really about a civil war, it's not really about some princes of different royal houses fighting a war.",1168,1797,,,121
en_video_01_0003,video_01,en,Advaita,3,"What use or interest would that be to us? What it is really about is our spiritual battle. Each one of us has to fight this battle of life daily. Everyone has this challenge facing. It could be a challenge in your, it could be a challenge to get along with difficult people every day. It could be a difficult job, it could be a bad financial situation, it could be ill health, it could be loneliness, it could be whatever. or a combination of all these factors. And all of us at different times in life, this is the battle which faces us.",1798,2336,,,104
en_video_01_0004,video_01,en,Advaita,4,"Every day you wake up in the morning, this is the battlefield in front of us. This is what actually Sri Krishna is speaking about. So his message, his spiritual teaching is an eternal teaching. It is immediately applicable to us, each one of us. In fact, one of the great Swamis in the past, in our order, he was a very great teacher of Vedanta, Bhaskareswarananda, who founded the Ramakrishna Math in Nagpur. Yes, Nagpur. Um, I never saw him, but from all our seniors, those who saw him, he was evidently a remarkable teacher. So they maintained notes, handwritten notes of his teachings, and I had access to some of those notes.",2337,2967,,,114
en_video_01_0005,video_01,en,Advaita,5,"Remarkable, the notes of the first class on the Bhagavad Gita. He taught it many times. So on one of these cycles, the first class he gave on the Bhagavad Gita. And so this is how he starts off. He tells those and those who are around sitting in the class were young monks, the novices. He tells them, Remember these three things when you study the Gita. First, I have come here because I need it. Keep the need, the purpose vibrating in Sanskrit prayojanam. Keep the purpose of this study vibrating in your heart. Why am I here?",2968,3497,,,100
en_video_01_0006,video_01,en,Advaita,6,"Why am I listening to the Gita? I need it. It will be of great help, strength, peace, wisdom for me. That's why I need it, that's why I am here. So so that that the exact words he said was keep the prayojanam vibrating in your mind. Prayojanam is the need, the benefit, the purpose that should be vibrating in the mind when we study. Not that I'm always thinking about it, then you won't listen to what I'm saying, but it gives me the orientation, the proper orientation, why I'm studying this. The second thing keep in mind is, who is teaching?",3498,4043,,,104
en_video_01_0007,video_01,en,Advaita,7,"Who is the teacher? Who is the speaker here? It is Sri Krishna. It's not your philosophy professor. It's not a Pandit or a scholar, not somebody who is airing his or her own particular philosophical opinion. It is an incarnation of the Lord himself who is speaking. It gives it an entirely different dimension, the way we should receive these teachings. If you would hotline to God and ask him, I wish I could talk to God. I I want to know what God would say to me. Here is what God would say to you. You'd say I've said it, look it up in the Gita.",4044,4592,,,108
en_video_01_0008,video_01,en,Advaita,8,"This is what God, not to Arjuna, to me. So remember who's teaching the second thing, the teacher. It is Sri Krishna. And the third thing is, it speaks to life. So, what does it mean to me? How do I use it in life? That's also something that we should keep in mind. Um, the purpose, keep the need vibrating in mind. There is, yeah, there's a place here to sit. You can, you can come up here. Come up here. Could you just make, make space for, yeah. Yeah. Who is teaching and the practical use in my life?",4593,5096,,,101
en_video_01_0009,video_01,en,Advaita,9,"What does it mean for me in my life? Yeah. There are, by the way, I mentioned it last time and this time also I'll mention it. There are many, many translations of the Gita available. I was happy to hear that in the summer in Yale University, New Haven, they had a special course on the Bhagavad Gita. Um, I think a 6-week course was offered by a professor and they have also started a project to collect all the translations. I think only the English translations of the Bhagavad Gita, all that are available. So they want to have a library of the Gita at Yale University.",5097,5670,,,109
en_video_01_0010,video_01,en,Advaita,10,"Just by the way, not that it's directly relevant. Just a couple of weeks back, I was in Washington D.C. There was what they called a global Gita convention and a 2-day convention on the Gita. And more than a 1000 people showed up. So that's interesting. There's a huge hall in George Mason University in Washington D.C. Now, there are many, many translations of the Gita available, and I'm informed by our book sales counter here that here itself we have several translations available. I would recommend these. Swami Tapasyananda's Gita. If you don't have a Gita already, many of you already have it, but just so just take a look after the class.",5671,6318,,,115
en_video_01_0011,video_01,en,Advaita,11,"This is, I think, the best you can get in one volume where you have the original Sanskrit with a transliteration. That means you need not know the Devanagari script to read it. You can read it in the Roman script itself. Uh, that's there and with a very terse but compact but insightful explanation. So Swami Tapasyananda was one of our, he was one of the vice presidents of the order several decades ago and one of the most profound scholars. we had. So his Gita is there. One which I have used often Swami Swaroopananda's Gita is the smaller one.",6319,6867,,,102
en_video_01_0012,video_01,en,Advaita,12,"It just has the original verse. and the English word by word meaning and maybe an occasional one or two lines of notes. So that's a small smaller version. Swaroopanandaji's Gita, you can take a look at that. One, there are many ancient commentaries on the Bhagavad Gita, the one I will rely on over the next years. I don't know how long it will take. I remember in in in Uttarkashi, a class was starting. on Mandukya Karika which we are doing in Wednesdays. I I was not there in the class but I heard an old tape recording of the class, the first class.",6868,7421,,,106
en_video_01_0013,video_01,en,Advaita,13,"An old Swami who was teaching, somebody in the class asked, How long is this going to take to complete the text? And the Swami said, well, that to complete is not the purpose. The purpose is enlightenment, right? So complete, never say that I'm reading the, one of my teachers told me, never say I've read the Bhagavad Gita, always say I'm reading the Bhagavad Gita. So the purpose is not to complete it. As long as the breath flows, you're breathing in and out, the class will continue. That means in Hindi he said, jab tak swas chalegi, chalegi padhai.",7422,7976,,,102
en_video_01_0014,video_01,en,Advaita,14,"As long as the breath is flowing, the class will continue. And another Swami much more, much less accommodating. He was starting a class on Sanskrit grammar. One of the most boring things you can, except for Pandits. Pandits love it, but everybody else finds it very boring. I hear the same thing about those who have taken Latin grammar. So, Sanskrit grammar. He's starting a class on Sanskrit grammar in Uttarkashi in the Himalayas. And the first class somebody asked, how long is this going to take? And Swami said, who said that? Leave, leave right now. Just go away right now.",7977,8558,,,103
en_video_01_0015,video_01,en,Advaita,15,"Don't come back to the class. No, but yes, but here we have a fixed time. This is Manhattan. We can't go on like that. But as, so in this duration, I will use many sources. So people ask me, which book are you using? So I will use many sources, especially many ancient commentaries, but the central one which I'll rely on is Adi Shankaracharya's commentary, who wrote this 1400 years ago. There are good English translations available. Two of them are here. Swami Gambhiranandaji's translation. Um, it it has the original verse and an English translation of the Sanskrit commentary.",8559,9141,,,102
en_video_01_0016,video_01,en,Advaita,16,"The Sanskrit commentary itself is not there in in the uh. Gambhirananda edition. In the, there's another translation of Shankaracharya's commentary by Professor Krishna Warrier. Um, it can be ordered on request. For those who know Sanskrit, so it has the original Sanskrit and an English translation also. If you want a detailed explanation, long running commentary on the Bhagavad Gita, I can do no better than to recommend. Swami Ranganathanandaji, that runs to three volumes. So that's there. Each verse with a detailed commentary on that. And there are many, many more, many more. For example, the one I'm holding right now, doesn't mean that you're going to start looking for this because I might hold another one next time you come.",9142,9880,,,123
en_video_01_0017,video_01,en,Advaita,17,"So this is, for example, a Gita with the commentary of Sridhar Swami, who was one of the medieval commentators. He wrote a very simple Sanskrit commentary 700, 800 years ago. Um, he is actually well known for his commentary on the Bhagavatam, Srimad Bhagavatam. Anyway. First chapter of the Bhagavad Gita, after 18 chapters, the first chapter just sets the stage. Arjuna says, for these reasons, I shall not fight the war. Though he had come there to fight the war, now he says I won't. I I want I want to quit. And the second chapter onwards, the teaching starts.",9881,10445,,,102
en_video_01_0018,video_01,en,Advaita,18,"In fact, the teaching starts with the 10th verse of the second, after from the 10th verse onwards of the second chapter. So, um, In fact, if you look at Shankaracharya's commentary, Adi Shankaracharya's commentary, that starts with the 10th verse of the second chapter. He does not deal with the first chapter nor with the first 10 verses of the second chapter. After the 10th verse of the second chapter, directly when Sri Krishna starts teaching, he starts his commentary. But we'll start with the second chapter itself. The first chapter, each of the chapters has a name, and each of the names ends with yoga.",10446,11058,,,107
en_video_01_0019,video_01,en,Advaita,19,"So for example, second chapter is Sankhya Yoga. Um, the first chapter is called Arjuna Vishada Yoga. The yoga of Arjuna's depression. Depression yoga is, I'm sure it's not a yoga you've heard of. of all different kinds of yoga. Remember, this yoga is by yoga we mean here a spiritual path. Not downward dog. Not the yoga postures in the asana. That's also a path, but that's the physical part of it. This is a spiritual path and various Paths of spiritual development are taught by Krishna to Arjuna. 18 chapters, each of them is called a yoga, but does not mean there are 18 yogas.",11059,11641,,,107
en_video_01_0020,video_01,en,Advaita,20,"They they are many different teachings regarding these yogas across the chapters. But even in one sense, Depression, unhappiness. It's not in itself a spiritual thing. Unhappiness in itself is not a spiritual thing, it becomes spiritual. Arjuna transforms his depression, his misery, his unhappiness, his frustration with the situation into a gateway to spirituality. Why? What he does is, he surrenders, he asks Krishna to guide him. Here I am, I'm caught in this terrible situation. I don't know what to do, I am very unhappy. Please tell me what I should do. If we do that with our unhappiness, then our unhappiness is a doorway to spirituality.",11642,12290,,,109
en_video_01_0021,video_01,en,Advaita,21,"It will lead to spiritual growth and spiritual development. Take it to God. Ask God, this I'm unhappy, it's terrible, what can I do now? So, Then unhappiness becomes a yoga. Arjuna, it simply means the word itself comes from Riju, the Sanskrit term Riju. I'll be throwing around Sanskrit terms but I'll always translate. If I do not translate, you're free to raise your hand and ask me to translate. I, um, I remember I used to teach Vedanta in Hollywood in a class, in a small group, you know, in the library there. And there's this gentleman, um, who was a very interesting person.",12291,12874,,,106
en_video_01_0022,video_01,en,Advaita,22,"He was totally innocent of Sanskrit. Um, he would sit at the back and he would wildly wave his hands and I I would know that's a flag that I'm giving too much Sanskrit. So I would stop and translate. Um. So Arjuna, the word is related to the Sanskrit Riju, which means straightforward. Simple, straightforward. Sri Ramakrishna says, if a person is simple, straightforward, That is a very good spiritual sign. Such persons you will know that simplicity is a sign that it is the last birth. He has said that. Sharalota means the word, oh, very interesting, the word.",12875,13439,,,101
en_video_01_0023,video_01,en,Advaita,23,"In Bengali or in Sanskrit or Hindi, Saral or Saralata. It means simplicity, it also means straight. Literally, a straight line would be sharal. So, and simplicity also. So, Arjuna, the word also has the same etymological root. There is a because it's a Gita, it's set in the Mahabharata and the Mahabharata is literally the greatest story ever told. So once in a while stories will come in and that's good. So there's a story just preceding the war. Krishna, how did he come to be Arjuna's chariot driver? One day he was taking his usual, the great Indian siesta, the afternoon siesta, Sri Krishna.",13440,14038,,,106
en_video_01_0024,video_01,en,Advaita,24,"And the two, two parties to the war, two sides, Arjuna representing his side, the Pandava side, and Duryodhana, the main villain, representing his side, the Kaurava. They arrived almost simultaneously to Krishna's doorstep to ask for his help in the upcoming war. Now Duryodhana is arrogant. He goes and sits in the Comfort comfy chair which happens to be near Krishna's head. And Arjuna who is full of humility and respect, he goes and sits at the at the foot of the bed near Krishna near Krishna's feet. Now it so happens that when Krishna wakes up, he opens his eyes and whom does he see first?",14039,14636,,,108
en_video_01_0025,video_01,en,Advaita,25,"He sees, he sees Arjuna. And he says, Arjuna, you are here, what do you want? before he can Arjuna can say anything, Duryodhana sees that the disaster is going to happen. So he says, just a minute, I'm here and Krishna looks around and by the way I'm not making it up, it's in the Mahabharat itself. I was reading the original verses just yesterday. So he looks up, looks back and sees Duryodhana sitting there. And then he launches into this, this soliloquy or Krishna says to both of them, I do not doubt that you were here first, oh Prince Duryodhana, but I also did see Arjuna first.",14637,15224,,,111
en_video_01_0026,video_01,en,Advaita,26,"Hence, I shall help both of you. Of course, he wants to help Arjuna. And so you are free to ask me. I offer these two to you. One is my powerful army, because Krishna is also king. It's called the Narayani Sena, the Narayani army. I'm going to offer this army. full of well-trained warriors, brave in battle. That's one thing I offer. The other thing I offer is myself, alone, unarmed. I will not pick up, I will not fight and kill anybody in this war. I will not pick up a weapon even. Now you choose. I will ask Arjuna to choose first because the rules are you ask the younger person to choose first and Arjuna is younger.",15225,15849,,,122
en_video_01_0027,video_01,en,Advaita,27,"Now you can imagine Duryodhana you're thinking oh no. But Arjuna to his delight, Duryodhana's delight. Arjuna says I choose you my Lord. And Duryodhana of course is delighted. He was thinking what a fool. Uh, I I I've got the army and Arjuna has got just one person, Krishna, no matter how great, he's not going to fight anyway. So he thinks he has got the better part of the deal and he leaves happily. Arjuna also leaves happily. But one has chosen God. The other one has chosen the world. And we all know what happened, those who know the story of the war.",15850,16409,,,106
en_video_01_0028,video_01,en,Advaita,28,"Wherever if you have God on your side, always know that you are going to succeed in every respect. Especially in the one which matters most in the in the spiritual respect. If you're the world on your side, it will slip away from your fingers. It always has. The very word for the world in Sanskrit, Jagat means Gacchati, that which goes. Wealth goes, youth goes, power goes, fame goes, health goes. All of it goes because it is Jagat, that which goes. So that's how Krishna came to be driving a chariot, Arjuna's chariot. And now Arjuna is seeming to back out of the whole deal.",16410,16989,,,108
en_video_01_0029,video_01,en,Advaita,29,"And he says to Krishna, I won't fight because of these reasons. So here it starts the second chapter. Second chapter is called Sankhya Yoga. Just, um, a comment about this before we start. What does Sankhya Yoga mean? Um, Sankhya is the name of a philosophy. But that's not what it means here. Among the six orthodox schools of Hindu thought, Nyaya, Vaisheshika, Sankhya, Yoga. Yoga itself is a school of philosophy. Patanjali's yoga system. And then Purva Mimamsa and Vedanta. These are the six orthodox schools in one way of classification. Among these six is the Sankhya system of philosophy of Kapila.",16990,17595,,,104
en_video_01_0030,video_01,en,Advaita,30,"Having said that, that's not what it means here. Here in the second chapter, Sankhya means the path of knowledge, Viveka. To discriminate between, to analyze, to see that in this non, this world that which goes, Jagat, non-eternal world. What is real? What is eternal? What is worth having here? What is worthwhile? What is real? What is finally what is the goal? What is the whole point of it all? The one who realizes this, To isolate the reality from the unreal, the unchanging from the changing. This is called Viveka. Another name for this is Sankhya. Viveka means to discriminate, to separate.",17596,18195,,,105
en_video_01_0031,video_01,en,Advaita,31,"Another name is Sankhya. Basically Sankhya Yoga here means the way of knowledge. In fact, Sri Krishna's central teaching of the entire Bhagavad Gita is given in the second chapter. What Krishna wants to point out, the teaching about the Atman, who or what we really are, that's the central teaching. Entire Bhagavad Gita. That's given in the second chapter. In fact, the second chapter has four parts. First is Arjuna will become a disciple of Krishna. Then Krishna starts teaching. The teaching is in three parts. One first part is the central part of the teaching where Krishna tells Arjuna what he is, what we all really are.",18196,18824,,,109
en_video_01_0032,video_01,en,Advaita,32,"What's the truth about ourselves and this universe? Second part is spiritual practices. Third part is Arjun asks a question, suppose I become enlightened, this what you are teaching me, suppose I do it and I get enlightenment, what difference will it make? It's a very good question. A very specific question. This enlightened person, how is this person different from us? You know, specifics, how does this person walk and talk and interact with others and so on. So these are the parts of the second chapter. And the teaching is really complete in the second chapter. Complete means the essence.",18825,19422,,,102
en_video_01_0033,video_01,en,Advaita,33,"So what are the other 16 chapters? Arjuna asks questions. And those questions you will see are not unnecessary, they are our questions. By the time we have finished the second chapter, we will have that question and you will immediately see to your amazement and delight, Arjun asks that question. And so starts another chapter and another chapter and another chapter. Um. Somebody was joking, I was joking, that the 18th chapter is the last one because Arjuna has sort of, what's the term, cottoned on to. to Sri Krishna's method of teaching. So when at the end of the chapter Krishna is prompting him, do you, do you understand what I, are your doubts clarified?",19423,20087,,,117
en_video_01_0034,video_01,en,Advaita,34,"Do you get it? Arjuna says, yes, I get it. I have no more questions because he knows one more question means one more chapter will start. I'm just joking. So the teaching is complete in 18 chapters, but the essence of the teaching is given in the second chapter. Let's start. You chant along with me, those who have the text, you can chant along. I'll chant and then you chant after me. Sanjay Uvacha. Tam tatha kripaya vishtam, tam tatha kripaya vishtam, ashru poornakule kshanam. Ashru poornakule kshanam vishidantam idam vakyam vishidantam idam vakyam uvacha Madhusudana Madhusudana. Sanjay, the one who is narrating all this is, remember all this is like, um, Dhritarashtra, the blind king.",20088,20782,,,118
en_video_01_0035,video_01,en,Advaita,35,"If you don't know who the blind king is, what's what's happening, don't worry. I will not explain that now because then, um, a lifetime won't be enough because the Mahabharat is literally the greatest epic, um, so the he's a long story. Anyhow, Dhritarashtra, the blind king, is sitting in his court. He wants to know what's happening on the battlefield. He is the father of the Kauravas, the the bad guys. So he asks his courtier Sanjay, please tell me what happened and why Sanjay? Sanjay has this blessed by God, the divine, blessed by the Vyasa, the divine eye by which he can see what's going on in the battlefield and report back live.",20783,21424,,,117
en_video_01_0036,video_01,en,Advaita,36,"You know, breaking news. So he pioneered that long before, you know, CNN and Fox and so and so forth. So, He is going to, he is the one who is narrating all this. This is what happened. This is what Krishna said. This is what Arjuna said. This is what happened. So he is telling the blind king, To him means who? Arjuna, who is overcome with pity and grieving, with eyes filled with tears and agitated. Madhusudana spoke these words. Madhusudan is Krishna. One thing we have to get used to is, in those days everybody had many names, different names.",21425,21975,,,103
en_video_01_0037,video_01,en,Advaita,37,"So Arjun is referred to by different names. Arjun is one name, the most common one, but there are others we shall come across. Krishna has many names. So Madhusudana is one of the well-known names of Krishna. It means the one who destroyed the demon Madhu. So two Krishna, two Arjuna who were sorrowing, overcome with pity and unhappiness because of what was about to happen. And eyes were full of tears, to such an extent that he couldn't see properly. His, in the first chapter we saw how his great bow, the Gandiva has slipped from his hand.",21976,22520,,,100
en_video_01_0038,video_01,en,Advaita,38,"And he sits down, he can't even stand, his knees are trembling. He sits down in sorrow, has like a nervous breakdown, you know, he sits down in the middle of the chariot and, um, unhappy, not willing to continue with what he was going to do. To him, Krishna, Madhusudana Krishna spoke these words. Idam Vakyam. One commentator says that notice how he said these words instead of saying Krishna spoke to Arjuna. Krishna spoke these words. These are literally the first words that Krishna has spoken in the Gita. And they are, um, hammer blows, they are scolding.",22521,23082,,,100
en_video_01_0039,video_01,en,Advaita,39,"They are sharp words. Um, in fact, to a person who is confused and shaky and in the midst of almost nervous breakdown, a reality check, a sudden shock is necessary, and Krishna delivers that in the next two verses. He gives a big shock to Arjuna. You see, Arjuna, when he was saying all these things, that this is bad, we shouldn't fight this war and let them do what they want. Let's just get away from this place. It will lead to so much destruction, people will die. all of which he had planned for and literally put together an army, all of which was recognized universally to be his duty.",23083,23676,,,113
en_video_01_0040,video_01,en,Advaita,40,"Now he's saying no, this is bad, and why it is bad, he's giving reasons. What happens is, we We do not see our weakness as weakness, the mind has a trick which it plays. It disguises our weakness as strength, as righteousness, because we always have a need to see ourselves as being in the right. And so we justify it immediately to ourselves. And he gives, he, but we also recognize deep down that we're doing something wrong. So we need support from others. So he trots out his reasons and he expects Krishna to be sympathetic, to support him.",23677,24222,,,102
en_video_01_0041,video_01,en,Advaita,41,"That's why he has said all those things in the first chapter. And he expects Krishna will say, yeah, you're right, let's go home, let's not fight the war. Uh, this was a bad idea to begin with. Krishna does just the opposite. He scolds harsh words in the next word. So the one of the commentators says, look at how it is emphasized, spoke. Not spoke to Arjuna, spoke these words to Arjuna. What what follows, these lines to Arjuna. Um, I remember. A senior monk in our order who told me many years ago when I was a novice.",24223,24745,,,101
en_video_01_0042,video_01,en,Advaita,42,"He told me a story about his days as a novice. Many, many years, decades ago when he was a novice in one of our monasteries. He was unhappy for some reason, and he wrote, he had this very senior monk whom he looked up to, who lived in a different monastery in Rishikesh. So he would write letters. Those were the days before social media or email or anything like that. So he would write letters. And he wrote in a letter to that very senior monk, Swami, I can't stay in this monastery. I don't like it, people, people don't like me, I'm unhappy.",24746,25292,,,106
en_video_01_0043,video_01,en,Advaita,43,"He used the words, I can't bear it anymore. I can't bear them anymore. I will run away from here, and he wrote that. He expected sympathy, advised sympathy, and he told me what he got back was a terrible shock to him. But it was the best thing that happened to him in his life, he said. What did he get back? He got back one of those little postcards where that old Swami had written one line. Just one line. Remember, others are also putting up with you. I can't bear these people anymore. And he he wrote back, remember other people are bearing you, are putting up with you.",25293,25869,,,112
en_video_01_0044,video_01,en,Advaita,44,"In Bengali, মনে রাখিও অন্যরা তোমায় সহ্য করছে। And he said when I read this, it was such a shock that tears came to my eyes. But then I straightened up. And then I put put my life together and see he's a monk 40 years later also he's doing very very well in fact, extraordinarily well. So that's the medicine which Arjuna gets from Krishna. Shri Bhagavan uvacha. Shri Bhagavan uvacha. Kutastva kashmalam idam. Kutastva kashmalam idam. Vishame samupasthitam. Vishame samupasthitam. Anarya justam swargyam, anarya justam swargyam, akirtikaram Arjuna, akirtikaram Arjuna. The blessed Lord said, when so Arjuna has this weakness, not to be entertained by honorable men, Aryans, nor conducive to the attainment of heaven, leading to ill fame.",25870,26607,,,121
en_video_01_0045,video_01,en,Advaita,45,"come on you at this crisis. So in this time of crisis, literally in the middle of a battlefield, but that crisis is always crisis for us. It is actually. We don't recognize it, we get comfortable with life. But it is crisis for us. But in the middle of this crisis, where has this weakness come upon you? Kutaha means From where, which means it's not natural to you. You are not like this. You are resolute, you are noble, you are brave. He says, Anarya Jushtam, not worthy of an Aryan. Remember, Aryan here does not mean a race, it's a terrible muddle has been created by the Nazis.",26608,27191,,,111
en_video_01_0046,video_01,en,Advaita,46,"First of all, the the racism of an Aryan, I was just reading, in the it is mentioned in the Rigveda, what is an Aryan is defined there. One who who follows Dharma, ethics and ethical lifestyle. One who is enlightened, enlightened in the sense of Gyani, not well read, but in the sense of being enlightened in not not just spiritually enlightened, it just means enlightened in in life. Gyani, and the one who is, who excels in nobility. So that is an Aryan, not nothing to do with a race as such. Though the Vedic people were called Aryans racially, but here it does not mean race.",27192,27772,,,109
en_video_01_0047,video_01,en,Advaita,47,"So it is noble. For a noble person, this is not right for a noble person. What you, what this weakness you're entertaining. The Nazis, for example, most infamously, they made a horrible mess of it, the symbol, the Swastika. The Swastika is a, it's a bad word nowadays because of the Nazis, but it's a Sanskrit word and it means of all things the auspicious. So they took, took the symbol, luckily they didn't use it as it is, they twisted it. So at least that's just a saving grace. But for the rest of the world, it's become a symbol of evil, but it literally means a symbol of that which is auspicious.",27773,28377,,,115
en_video_01_0048,video_01,en,Advaita,48,"Anyhow. Um, Anaryam. Is it almost the same? If we write it in English, it would exactly be the same. Anaryan. Anaryam. Anaryam means not Aryan, not worthy of being entertained by Aryans, this this kind of weakness. And then he says, Aswargyam. Not worthy of, will not take you to heaven. Akeertikaram, not conducive to your good name on this, on in this life. Three things Krishna has said. First of all, the noblest of people do the right thing not because of anything else, but because it is the right thing. An Aryan, he says a noble person will do something right because it is the thing to do, not because it will get him any particular advantage.",28378,29030,,,120
en_video_01_0049,video_01,en,Advaita,49,"So, Literally it's this. Shankaracharya in his introduction to Brahma Sutra Bhashya says, ""Pashvadibhiya visheshat"" in Sanskrit. What it means is, There really is no clear distinction between animals and even the most learned of men. What does he mean by that? He says, just as the example he gives there, Shankaracharya. Just as a cow is tempted by a man holding juicy green grass in front of it, and it goes towards that man. Another man holding a stick looks at it threateningly and the cow thinks it's going to hurt me and it runs away. Even so, men who ought to know better, they are tempted by certain things in the world and they are scared of other things in the world.",29031,29708,,,124
en_video_01_0050,video_01,en,Advaita,50,"And because of that, they do not do what is right and do not refrain from what is bad. Why do we do evil? It's either temptation or fear. Nobody wants to be bad, but then why do we? Because we know when we know something is wrong, and yet we go ahead and do it, it's because we have been tempted, or we have been forced by fear. Something is there, either fear or temptation. And so the noble person, the Aryan is one who is not tempted into doing wrong things, nor is scared away from doing the right thing.",29709,30217,,,102
en_video_01_0051,video_01,en,Advaita,51,"So that is one. And one step below this is a person who is a good person, a religious person, who would like to be a good person so that he can go to heaven after death. Aswargyam. Do the right thing so that you are rewarded with heaven after death. That was the motivation for the, uh, for the Vedic people at that time that follow the, follow Dharma, you will go to heaven after death. Follow Adharma, you will be punished after death. So this is a second, uh, This is actually one step done down. The first, the most noblest of people do things because it's right, not because it will take them to heaven.",30218,30826,,,118
en_video_01_0052,video_01,en,Advaita,52,"But suppose that does not motivate you. Now here is the second thing that If you do not do this duty, this is not conducive to your attainment of heaven after death. If that also does not motivate you, who knows if there is heaven or not, who cares. Then if that does not motivate you, the third thing he says, it is not conducive to your good name, to your reputation in this world itself, in this life. Immediately you'll be subjected to a calumny that you are a coward, you did not do your duty, you, there's a word for it.",30827,31353,,,103
en_video_01_0053,video_01,en,Advaita,53,"Here we have a right appropriate word, loser, you'll say. So they'll call you a loser. Uh, so, so three, uh, you know, yeah. Anaryam, this is not something that a noble person would do. Second is, it is not going to take you to heaven if you Go on like this and it's going to ruin your reputation as a noble person, as a great warrior. Samupasthitam, the word Samupasthitam means Not only has it come upon you, it has taken possession of you. See, there's something which might occur to us. Do I do this or do I not do this?",31354,31878,,,103
en_video_01_0054,video_01,en,Advaita,54,"But we don't speak about it. It occurs to us and I speak about it, but we don't do it. It occurs to us and we start talking about it and it takes over, it determines our actions and that's what has happened to Arjuna. He's not only thinking about quitting, he's speaking about it and defending it, and he has sat down in the middle of the battlefield. He has thrown his bow and arrow down. So it has taken possession of you. One more. By this time, Arjuna must have been shocked. He thought he had given out a very nice defense of his decision, and Krishna seems to be saying just the opposite.",31879,32473,,,116
en_video_01_0055,video_01,en,Advaita,55,"Third verse. Klaivyam asma gamah partha. Klaivyam asma gamah partha. Naitatvay upapadyate. Naitatvay upapadyate. Kshudram hridaya daurbalyam. Kshudram hridaya daurbalyam tyaktvottistha parantapa tyaktvottistha parantapa So, oh Partha, yield not to unmanliness, it is not worthy of you. Shake off this, shaking off this mean faint-heartedness, arise, oh scorcher of foes. Krishna says to Arjuna, a new name, Partha. This comes from Pritha. His mother is Kunti. Arjuna's mother is Kunti, the queen, and one of her names is Pritha. daughter of Prithu. So Pritha. And so Partha is the son of Pritha. Another name for Arjuna is Kaunteya, again and again Krishna uses it.",32474,33139,,,104
en_video_01_0056,video_01,en,Advaita,56,"It also means son of Kunti. So Partha means son of Pritha, Kaunteya means son of Kunti and Kunti and Pritha, both are the same. Now, actually I've got some numbers for you. In the whole of the Bhagavad Gita, actually Krishna uses the name Partha for Arjuna 38 times. So somebody is bothered to count. 38 times, and he uses the name Kaunteya, son of Kunti. See, means the same thing, 24 times. This is not without significance because the names which are used, they point to something. He is telling, he is pointing out to Arjuna who he is and what he's doing right now does not at all match.",33140,33731,,,112
en_video_01_0057,video_01,en,Advaita,57,"what he's supposed to be doing. He's a warrior, one of the most famous warriors and the and the son of a warrior queen, Kunti. So by mentioning his mother, He points out Pritha or Kunti, points out who who is. See if you read the original Mahabharat, the original verses, beautiful. Just reading. Before the war started, Krishna tells, asks Kunti, because they're going into the war, maybe she will never see her children again. Says, he says to Kunti, and what, oh queen, do I say to your sons who are about to plunge into this terrible storm of war?",33732,34283,,,102
en_video_01_0058,video_01,en,Advaita,58,"Kunti says, to my sons, oh Krishna, say this, the time for which a Kshatriya, a warrior prince is born, that time is upon us. That time is upon us, that time is here, for which a warrior is born. That reminds you of those stories of the Spartans, where the Spartan mothers would say to their children that go out to their sons, go out into this battle and return with your shield or upon it. That means with your shield means you're standing. Upon it means they would carry the dead bodies back on the shield. Kunti says to, not does not say to Krishna that protect my children and make sure that they come back alive.",34284,34902,,,119
en_video_01_0059,video_01,en,Advaita,59,"No, she says tell them that I said. The time for which you were born, a Kshatriya, warrior prince is born, that time is upon us. Now to such, to the son of such a mother, he's pointing, he's calling him with his mother's name. Parth, oh Parth. And what does he say? Klaivyam masma gama, do not be paralyzed into inactivity. Klaivyam means neutered. Do not be paralyzed into inactivity. You, you are a resolute warrior. Naitatvai upapadyate. The word succeeding Partha, son of Pritha, son of such a warrior queen. Next word is this does not befit you.",34903,35453,,,100
en_video_01_0060,video_01,en,Advaita,60,"You see the juxtaposition. What should you do? What do I do then? This mean faint-heartedness, this smallness, this pettiness. He, what Arjuna was putting forth as goodness, you know, I'm a nice person. That he calls meanness, faintheartedness, smallness. And he says, give it up, get rid of it. Hridaya daurbalyam, faintness, faintheartedness, literally it means faintheartedness, weak of heart. Shudra means small, mean, petty, small. Get rid of that and rise up. Stand up, rise up. And then the next word he uses, he addresses Arjuna Parantapa, oh scorcher of foes, oh one who is a terror to his foes.",35454,36058,,,102
en_video_01_0061,video_01,en,Advaita,61,"So look at the language Krishna is using. This, um, This verse is regarded by Swami Vivekananda. This is one of the preliminary verses before the teaching, but Swami Vivekananda regards it as one of the central teachings of Bhagavad Gita. that before any kind of spirituality, any yoga, any religion, anything, you know what is required first? A willingness on my part to change. My life can be better. I'm willing to take action, show me how. Unless the person is the person is willing to learn and change. Wisdom of the world is there, great masters are there, wonderful teachings which have transformed lives.",36059,36671,,,106
en_video_01_0062,video_01,en,Advaita,62,"For centuries across civilizations, they are all there. Our heritage is there. But unless I am willing to change, it won't work. I've already told you how Krishna actually tried to convince Duryodhana to change. Somebody asked, you know, why didn't he teach the bad guys? Then he would have prevented the war. Why tell all this to a person who's good anyway, Arjuna? The problem is, guy is a bad guy because of that. Not because inherently anybody is bad, it's because not willing to change, absolutely convinced I'm right. Who are you to teach me? So Krishna actually tried to teach Duryodhana, this is not right, this is not Dharma.",36672,37306,,,112
en_video_01_0063,video_01,en,Advaita,63,"And you know Duryodhana's famous response. Just a minute, Krishna. Don't tell me what is right and wrong, because I know what is right, and I know what is wrong. I mean, look at the honesty of the man. He doesn't justify it. He says, I know what I'm doing is wrong. And I know what you want me to do is right. Then you say, yes sir, in that case. My problem is not that, it's not that I don't know, I know. But I can't stop myself from doing what is wrong. It's either so tempting, you know, out of anger or lust or greed, I can't stop it.",37307,37846,,,111
en_video_01_0064,video_01,en,Advaita,64,"And what is right, I don't feel like doing it. It's the eternal human problem. Socrates said, what is to know the good is to be good. Immediately we say no, no, no. That's not true. Actually, Socrates is right. If the human mind and personality were in its noblest condition, what is right, the moment you know it, you would do it. But our minds are not fit. We have ruined this instrument which God has given us by dumping trash in it, by conditioning, by prejudice, by desires, by lust and greed and conditioning. So that we know what is right, look at it, look at it.",37847,38417,,,109
en_video_01_0065,video_01,en,Advaita,65,"I admit I know, I can't do it. I admit this is bad, I can't stop. So there must be something wrong. Why is my intellect at war with the rest of my personality? What knows, part of me knows this is right, the other part won't listen. So the problem is in here, it's not in the teaching, it's not in morality or religion or ethics. That's why Krishna says, you have to stand up, shake off this meanness, this smallness. Swami Vivekananda said, The old religion said, one who does not believe in God is an atheist. The new religion says one who does not believe in himself is an atheist.",38418,39002,,,113
en_video_01_0066,video_01,en,Advaita,66,"Believe in himself means I am good, I can change, I can make my life better. This is the essential, the first condition to any kind of spirituality, religion, morals, philosophy, whatever. Practically, if you want to make a change, you know, this was said to me by a monk, um, again in the Himalayas. In a very, the example he used was a very rural kind of village kind of example, but very telling. He said, in the villages, We who have lived in villages, we know that when a farmer, when he sees a calf which is ill, if the calf is trying to get up, you can make it stand on its legs and it will recover, you know that.",39003,39624,,,123
en_video_01_0067,video_01,en,Advaita,67,"But if the calf which is, it's not trying to get up, The more, no matter how much you try to lift it up, it'll come crashing down again. If the poor thing is struggling, You know you can help it. It cannot stand up on its own. The farmers know this. They know it's a very bad sign when the calf has given up. Even when you try to put it on its legs, it won't, it won't work. You can't get it on its legs. So that's exactly what is happening here. Krishna wants Arjuna to take up the to decide to change.",39625,40128,,,105
en_video_01_0068,video_01,en,Advaita,68,"Then Krishna can help and this is what we must do. This faith in ourselves, I can change my life for the better. Parth, son of Pritha. Arjuna reacts. So next few verses are Arjuna's reaction. We will read it quickly because I want to start the teachings of Krishna from the next class onwards. So up to the next few verses we'll read. together. Basically what Arjuna will do is react with indignation. Like that Swami said when he when he read that one line reply from the senior teacher that remember other people are putting up with you.",40129,40668,,,100
en_video_01_0069,video_01,en,Advaita,69,"His first reaction was anger and tears in his eyes. You can imagine Arjuna. He is like, haven't you heard what I was saying? How can I fight against these people? They are my teachers, all of which he was ready to do until that moment. They are my teachers, they are my relatives, and what's the use of fighting this war? I don't want a kingdom and so on. He repeats those very quickly here. Arjuna vacha, katham Bhishmam aham sankhi, katham Bhishmam aham sankhi, Dronam cha Madhusudana. Dronam cha Madhusudana, Ishubhi pratiyotsyami, Ishubhi pratiyotsyami, Poojar ho Varisudana, Poojar ho Varisudana.",40669,41270,,,102
en_video_01_0070,video_01,en,Advaita,70,"Arjuna said, Oh Madhusudana, how can I fight in battle with arrows? How can I shoot arrows at the revered Bhishma, our grandsire, at the revered Master Drona who taught us? You know, we learned how to shoot arrows and fight from their teacher Drona, the all the princes were taught by Drona. So how can we fight against them? How can I shoot arrows at these revered persons to whom who are worthy of respect and worship? To whom I cannot utter an impolite word, you're asking me to shoot them with arrows. Then fifth verse. Gurun hatva hi mahanubhavan, Gurun hatva hi mahanubhavan, shreyo bhoktum bhaikshyamapi iha loke, shreyo bhoktum bhaikshyamapi iha loke.",41271,41930,,,115
en_video_01_0071,video_01,en,Advaita,71,"Hatvartha kamangstu gurunnihaiva. Hatvartha kamangstu gurunnihaiva. Bhunjiya bhogan rudhira pradigdhan. Bhunjiya bhogan rudhira pradigdhan. He actually makes a very nice case. I would be convinced. Krishna is not, he's a tough cookie. What does he say? That Without killing these nobles, these elders, it's much better to live on alms. You see, if he says, how can I fight against them? Then the immediate answer to that would be, Then you are done for. If you do not defeat your enemies, they are going to wipe you out. You may have all these qualms about it, they don't. They have come here to kill you.",41931,42536,,,105
en_video_01_0072,video_01,en,Advaita,72,"So his answer to that, Arjuna's answer to that is, it's much better to, you know, not fight. And I'll become a beggar. I'll beg for my food and live. See, he's a prince of a royal house. He knows if he does not fight, he will not get the kingdom. He will not get his due. He's all right, I'll be a beggar. It's much better to live on alms in the world rather than kill these great people. If I kill them, and then I get, I know I deserve it, it's my birth right, the kingdom and everything.",42537,43027,,,101
en_video_01_0073,video_01,en,Advaita,73,"I get it all, and I fulfill my desires, but they'll be drenched with the blood of of these revered people. How can I enjoy it? Rudhira Pradigdhan, it'll be drenched in the blood. At this point, most of us would, would, yeah, yeah, you're right. I never thought of that. Krishna is a tough cookie though. Then, then Arjuna goes on. Nachaitad vidma kataranno gariyo. Nachaitadvidma kataranno gariyo yadva jayema yadivano jayeyu yadva jayema yadivano jayeyu yaneva hatva najijivishama Yaneva hatva na jijeevishama, teva sthita pramukhe dhatra rashtra. Teva sthita pramukhe dhatra rashtra. And he goes on in the same stream.",43028,43648,,,102
en_video_01_0074,video_01,en,Advaita,74,"He says, Arjuna says, if I fight this war, what, I don't know really, what would be better? You know, What is better? If you fight a war, you would like to win. He says, no, I don't know. Is winning better or losing better? Because isn't it better that we are killed in this war? Because if we win this war, then he says, then we would have killed those. our own kinsmen, without whom why would we want to live? We live for the family, and we're killing the family, wiping them out, and I get the kingdom, it's an empty victory.",43649,44177,,,104
en_video_01_0075,video_01,en,Advaita,75,"So, Is it better to win this war or better to lose this war? I really don't know. And he knows that he is not making much sense. So the next verse, he he admits for the first time. It's very interesting till this point, He has been arguing his case that I'm right, let's stop, let's go back home. Whatever will happen will happen. Now he says I'm confused. I understand. He's honest about it. I know my weakness that I have lost my resolution. I don't know what's right and wrong anymore. So the seventh verse, for the first time he admits this.",44178,44723,,,105
en_video_01_0076,video_01,en,Advaita,76,"Karpanya dosha upahata swabhava. Karpanya dosha upahata swabhava. Prichchami twam dharma sammoodha chetam. Prichchami twam dharma sammoodha chetam. Yat shreyas yat nishchitam brohitan me. Yat shreyas yat nishchitam brohitan me. Shishyasteham shadhimam twam prapannam. Shishyasteham shadhimam twam prapannam. For the first time he says, I'm your disciple. Teach me. He has not said this earlier. Why teach me? Because I am overcome with, Karpanaya dosha literally means smallness. Kripana, the Sanskrit word means a miser, small, petty. I'm overcome with mean-mindedness, smallness. Dharma sammooda cheta. It means my intellect is clouded. I don't know what's right or wrong anymore. What should I do?",44724,45424,,,103
en_video_01_0077,video_01,en,Advaita,77,"I am asking you, for the first time he's asking. What am I asking? Yat shreya. What's right? What's the right thing to do? Bruhitanme, tell me. Why should you tell me? Shishyasteham, I am thy disciple. Shadi maang, teach me. Tvam prapannam, I am, I take refuge in thee. You see, any spiritual path, it starts with first acknowledgement. I'm not here to discuss philosophy with you. I'm here to learn from you. You can ask questions, but the question is also part of learning. So here he says, ""Prapannam, I take refuge."" Then the Buddhist, the whole Buddhism starts with Buddham sharanam gacchami, dhammam sharanam gacchami, sangham sharanam gacchami.",45425,46076,,,111
en_video_01_0078,video_01,en,Advaita,78,"I take refuge in the Buddha, in the dhamma, the teaching, and in the community of spiritual community, the sangha. So here for the first time Arjun admits, I need to learn, I need to change and you can teach me, I take refuge in you. See, Krishna never teaches like that. Krishna doesn't put up Vedanta class on the signboard and the website, you can come and I'll teach you Vedanta. No, unless you are asked. Krishna would never teach. He doesn't advertise. And you have to chase him down and catch hold of him and say, I'm willing to listen to you seriously, then you teach.",46077,46653,,,108
en_video_01_0079,video_01,en,Advaita,79,"I'll tell you a little secret here. There's a tradition among some people, those who study the Gita. This verse, seventh verse, What they do is, when they are in confusion, unhappy, they want help. They repeat this verse in a prayerful attitude to God before going to sleep. And the idea is God comes in your dreams and shows you the way. It's it's a Well, we can say it's an interesting practice. Repeat this verse several times with a prayerful attitude, then go to sleep and then you get guided. Eighth. Nahi prapashyami mamaapanudyat. Nahi prapashyami mamaapanudyat. Yat shokamuchhoshanamindriyanam.",46654,47257,,,101
en_video_01_0080,video_01,en,Advaita,80,"Yat shokam uchchoshonamindriyanam avapya bhumau asapatnariddham. Avapya bhumau asapatna riddham rajyam suranam apichadhipatyam. Rajyam suranam apichadhipatyam. Arjuna goes on, I do not indeed see that which would remove this grief of mine that is utterly drying up my senses. That means I'm freezing basically what we might say today. Even if I were to attain in this world a kingdom without rivals and prosperous, and even Lordship over the gods. Suppose you guarantee you're going to win this battle and you're going to get this wonderful kingdom. Or maybe you lose the battle, but or whatever it is, and you go to heaven after death.",47258,47894,,,105
en_video_01_0081,video_01,en,Advaita,81,"In both cases, I still don't see the point in fighting this battle. I mean, I'm overcome with sorrow and unhappiness. Having said this, what did Arjuna do? Ninth verse. Sanjay uvacha. Evam muktva Rishikesham. Evam muktva Rishikesham Gudakesha Parantapa Gudakesha Parantapa Nayotsya iti Govindam Nayotsya iti Govindam Uktva tushnim babhuvah. Uktva tushnim babhuvah. So Sanjay, the one who's come narrating all this to the blind king. He says, having said this to Krishna, Arjuna, here is another name of Arjuna, Gurakesha, the conqueror of sleep. Arjuna, the one who is a terror to his foes, he said to Govinda.",47895,48505,,,100
en_video_01_0082,video_01,en,Advaita,82,"Govinda is another name of Krishna. So don't get confused, there are only two here, Krishna and Arjuna. He said, I shall not fight. Na yotsya. And then he kept quiet, he fell silent. Then what happened? The 10th verse. Tamuvacha Rishikesha. Tamuvacha Rishikesha Prahasanniva Bharata Prahasanniva Bharata Senayorubhayor Madhye Senayor ubhayor madhye vishidantam idam vachah. Vishidantam mijam vachah. Beautiful verse which says, O king, to, O king means Sanjay is telling the blind king, O king, king to whom, to the one who was sorrowing, full of sorrow, that is Arjuna, sitting quietly. In between the two assembled armies, look at the grand setting of the teaching.",48506,49173,,,108
en_video_01_0083,video_01,en,Advaita,83,"It's one of the most dramatic settings possible. In between the two armies, Krishna spoke these words to Arjuna. As if smiling. Not at all tense, not at all at all annoyed, not at all eager, relaxed and smiling. He's supposed to be the ideal of Karma Yoga. Swami Vivekananda points out the the icon we have of the the chariot in the battlefield and Krishna holding the reins of the horses. The five horses symbolize the five sense organs and Arjuna is the is the soul, the Jivatma sitting there. and Christianized the guide. Um, Swami Vivekananda points out, notice how in all the depictions, in the midst of this tremendous action, dynamic situation.",49174,49825,,,115
en_video_01_0084,video_01,en,Advaita,84,"Krishna is so relaxed and smiling. Swami Vivekananda said, this is the ideal of yoga. Eternal calm in the midst, midst of intense action. And in the midst of eternal calm, you know, when the world is quiet and you're alone and all, mind doesn't become dull or sleepy. The mind works like a blast furnace inside. Your mind is working under control, when you're thinking deeply or meditating or whatever, though outside it's all quiet and calm. And when the outside is so busy, Manhattan. I think once Swami Vivekananda gave the example of a street in New York in those days.",49826,50399,,,103
en_video_01_0085,video_01,en,Advaita,85,"He was here in 1894. Uh, and your mind is calm as if you're meditating in a Himalayan cave. Is that possible? Yes, it is. After this 11th verse onwards, the teaching starts. Again, look, idam vachaha, the words, these words were spoken, emphasizing the real teaching starts now. So 11th verse onwards, we shall see what Krishna teaches, but we know the central teaching of all of Gita, all of Vedanta, this this one truth which you find here. The divinity within us, the the unknown, the infinitude within us is revealed by Krishna. I was just reading thorough.",50400,50961,,,100
en_video_01_0086,video_01,en,Advaita,86,"Henry David Soro when he goes into retreat, Walden, in his diaries, he says, I begin my days by studying the Bhagavad Gita. He writes. I'm bought in it, I'm into contact with the dawn of an early civilization. I'm paraphrasing. It's a light, light of an early civilization. A mind wider and greater than we have in these modern times. We are brought into contact. A wisdom so ancient, so vast and broad. He writes so beautifully, he writes in Walden Pond. I begin my day studying the Bhagavad Gita. Very good. Om shanti shanti shanti Hari Om Tat Sat Shri Ram Krishna rupanamastu Sri Ramakrishna by the way did not think much of book learning, but one book he approved of was the Bhagavad Gita.",50962,51655,,,127
en_video_01_0087,video_01,en,Advaita,87,"He said, he literally said, Gita is a fine book, you should read the Gita, he said. Bengali khub bohi, poor way. It's a good book.",51656,51786,,,26
en_video_02_0000,video_02,en,Advaita,0,"Vasudeva Sutam Devam Kamsa Chanuramardanam Devaki Paramanandam Krishnam Vande Jagadgurum. Second chapter. Please repeat the verses after me. Verses. 9 and 10. I'll chant and please chant after me. Sanjay uvacha, Sanjay uvacha, evam uktva Rishikesham. Namuktva Rishikesham Gudakesha Parantapa Gudakesha Parantapa Nayotsya iti Govindam Nayotsya iti Govindam Uktva tushneem babhuva: Uktva tushneem babhuva: Tamu vacha Rishikesha Tamuvacha Rishikesha, Prahasan iva Bharata, Prahasan iva Bharata, Senayorubhayor madhye. Senayorubhayor madhye vishidantamidam vachah vishidantamidam vachah So last time, we had studied it up to the 10th verse of the second chapter, where Arjuna, the ninth verse says, Sanjaya is reporting all of this to the blind king Dhritarashtra, who wants to know what happened in the battlefield.",0,812,,,115
en_video_02_0001,video_02,en,Advaita,1,"So he says, Um, the prince Arjuna said I will not fight this war. And he put and he sat down silently. He said he says to Krishna. Arjuna says to Krishna, I will not fight this war and he sits down silently. And then the 10th verse says, to him, that means to Arjuna, who was thus sorrowing, sorrowful. And what a dramatic setting, you know, in the middle of two armies. And this between the two armies were about to engage in terrible battle. To that one, to the one who was sitting down sorrowing in this manner.",813,1327,,,100
en_video_02_0002,video_02,en,Advaita,2,"Krishna spoke these words as if smiling. He's not at all moved by the difficulty of the situation, the terrible anxiety that Arjuna is suffering from. Krishna is not moved by it, nor by Arjuna's arguments. As if smiling, prahasan means as if smiling. Faint smile. And idam vachaha, he spoke, Krishna spoke these words, which words? The words which are going to follow now. So from this onwards, from the 11th verse onwards of the second chapter, 11th verse of the second chapter, the teaching actually begins. So far is the setting, the context. Now the teaching begins from the 11th verse.",1328,1918,,,103
en_video_02_0003,video_02,en,Advaita,3,"These words Krishna spoke, these words means All the words, it means literally the words you find in the 11th verse, but actually it means all the verses starting from the 11th verse till the end of the Bhagavad Gita, 18th chapter. I think the last verse that Krishna spoke was 66th verse probably. The teaching ends in the 66th verse, and a few more things Krishna said after that. So 18th chapter up to that continues the teaching. Arjuna's friend, guide, playmate, um, you know, for childhood, um, friend Krishna. Uh, he now becomes the teacher, the spiritual master.",1919,2489,,,100
en_video_02_0004,video_02,en,Advaita,4,"Um, and later on, he will reveal himself as an incarnation of God. So that will happen later. So here starts the teaching. 11th verse, please repeat after me. Shri Bhagavanuvacha. Ashochyananvashochastvam Ashochyananvashochastvam Pragyavadanscha bhashase Pragyavadanscha bhashase Gatasun agatasuncha, gatasun agatasuncha nanu shochanti panditah, nanu shochanti panditah. So the blessed Lord said, you have been sorrowing for those who should not be grieved for, and yet you are talking learned words, you speak like a Pandit. The learned grieve neither for the dead nor for the living. Okay, so what does this mean? Start with the end of the verse.",2490,3138,,,100
en_video_02_0005,video_02,en,Advaita,5,"Often here's a secret. In Sanskrit texts, the language is such that often it is meaningful to start with the the the last part of the verse, you know, that gives you the key to the entire teaching. The last part of the verse is, the pundits do not grieve, nanu shodhyanti panditaha. Who is a Pandit? It's a Sanskrit word actually, and can you hear me at the back? Okay. So it's a Sanskrit word, but it's actually part of English now. What does it mean in modern journalies? Pandit means like an expert in something, correct? That's not so far from the truth and not so far from the original meaning.",3139,3738,,,113
en_video_02_0006,video_02,en,Advaita,6,"The original Sanskrit meaning was a scholar. So the religious scholars in India were called Pandits. But the deeper meaning is, literally a Pandit is one who has Panda. Now what is the word Panda? If you ask most Indians, those who have heard the word, immediately will relate it to a pre- a priest, a temple priest. But that's not the original meaning of the word Panda. Shankaracharya in his commentary in the Gita later on he will define the meaning of the meaning of Panda. He will explain Panda, the one who has Panda is a Pandit. But what is Panda?",3739,4293,,,103
en_video_02_0007,video_02,en,Advaita,7,"It's not not a temple priest. Panda the word means Enlightenment about the self, knowledge about the self, what am I, who am I, the one who knows this for sure. This knowledge, this enlightenment is called Panda and the one who has got it is called a Pandit. Atma vishaya pragya is Panda. Shankaracharya defines that the knowledge realization about oneself is Panda. So not that all the Pandits have are enlightened. I guess the extended meaning is somebody who's enlightened who is an expert on some particular subject is called a Pandit. But the original meaning of Pandit is not an expert on Wall Street or on the results of the game or politics, not even one who is a religious scholar.",4294,4984,,,124
en_video_02_0008,video_02,en,Advaita,8,"It actually means an enlightened person, the one who knows who am I or what am I. And this points to the core of the entire teaching, the central teaching of the whole Bhagavad Gita, which Krishna is going to give Arjuna here and through Arjuna to all of us. Across the millennia, across the centuries and millennia, the central teaching is this. Know thyself. You have to know who or what you are. That is the solution to all human problems. Why is knowing who am I the solution to all human problems? Because, Vedanta traces the root cause of human suffering to ignorance about our real nature.",4985,5581,,,109
en_video_02_0009,video_02,en,Advaita,9,"We do not know what we are. I'm not even saying who we are. We do not know what actually we are. Not knowing this, We make a mistake. We think we are these bodies and minds. It's a natural mistake to make. The first thing we experience about ourselves is this body, is this person. We don't even question it. I am this person. What do you mean I experience this person? I am this person. No, you're not. We will see that slowly. And from that one fatal mistake, tragic mistake, the entire drama, the panorama of samsara, of human existence, trials and tribulations of life, lifetimes proceed from that.",5582,6184,,,112
en_video_02_0010,video_02,en,Advaita,10,"That is the analysis of Vedanta, not only Vedanta, in fact, all the traditional systems of Indian philosophy. Vedanta, Nyaya, they all say ignorance is the root cause of our problem of Samsara and knowledge is the solution. Agyana, literally ignorance. is the problem and Gnana, literally knowledge, is the solution. Yes, so, so Nyaya philosophy says that, the Vaisheshika philosophy says that, Sankhya philosophy certainly says that, Yoga philosophy says that, Vedanta says that, Almost, almost all, I'm using the words carefully, almost all the traditional schools of Indian philosophy, including the so-called heterodox schools, the Buddhist schools, the Jaina schools, they all say either Ignorance is a central problem or at least very close to the central problem.",6185,6955,,,120
en_video_02_0011,video_02,en,Advaita,11,"Yes. This much is with a qualifier. Ignorance about what? And depending on that knowledge about what will set you free, that differs from system to system. That differs from system to system. Uh, in Vedanta, which Krishna is going to teach here, the problem is ignorance about what I am. And therefore the solution will be knowledge. And therefore, the one who has that knowledge, the knowledge is called Panda. Knowledge about who I am, knowledge about what I am, that knowledge is technically called Panda, and the one who has got it is a true Pandit, not just in name.",6956,7527,,,102
en_video_02_0012,video_02,en,Advaita,12,"That's what we are called trying to be now. So we're trying to be true Pandits then, not just in name. The whole rationale for spiritual life, why is there religion or spirituality? It lies here. The Sankhya philosophy, one of the most ancient systems of Indian philosophy. Um, it starts, the first verse in the oldest available text of Sankhya philosophy, the Sankhya Karika. It says, why should we undertake the spiritual quest at all? Any kind of spiritual quest, why should we undertake it? It says that afflicted by the threefold sorrow. One looks for a spiritual solution to these sorrows.",7528,8123,,,103
en_video_02_0013,video_02,en,Advaita,13,"Why a spiritual solution? Because no temporal solution, no earthly solution is permanent or entirely satisfactory. Dukkha Traya, this is a Sanskrit original. And it's a very ancient text. There is, how we know it's very ancient is, um, a Chinese translation of this text. has been dated back to to 500 AD, which means 1500 years ago this text was being translated into Chinese and it goes much further back. So, dukha traya abhighatat, afflicted by the threefold sorrow. Tad apaghatake hetu. Drishta sa partha chet na ekanta atyanta bhavat. Okay, it goes like this. What does it mean?",8124,8708,,,100
en_video_02_0014,video_02,en,Advaita,14,"afflicted by the threefold sorrow. Who is afflicted? All of us are. You know, I don't have threefold sorrow. I never, I didn't complain. Sorrow relating to one's own body and mind, physical pain and suffering, mental agony and suffering. That is called one kind of sorrow. Adhyatmikam, personal, related to the self. Then sorrow related to other beings. Adhidaivikam, Adhibhautikam. Sorrow related to other beings. So the examples given in the original scriptures are quaint. The other beings, for example, they will say lions and tigers. Now in Manhattan, you don't have so much problem from lions and tigers.",8709,9319,,,100
en_video_02_0015,video_02,en,Advaita,15,"Rats maybe, yes. Somebody said there are more rats in Manhattan than there are human beings. They, I don't know how they calculated. But so other beings, it could be other human beings also, your presidential neighbor also could be part of the problem. But So the suffering which comes from other beings, second type of suffering. Third type of suffering, Adi Daivikam, natural causes, heat and cold and tsunamis, hurricanes, yes, Florence. So all of these kinds of sufferings. From the self, from other people, from other living beings, and from nature. So these three kinds of suffering, of course you will notice that ultimately all suffering has to be mediated through the self.",9320,10002,,,115
en_video_02_0016,video_02,en,Advaita,16,"It must ultimately come to the physical, the body, and the mind, especially. Ultimately it must come to the mind, then only we feel it as suffering. But anyhow, these are the three categories of suffering. By the way, that's also why we say Om Shanti Shanti Shanti three times. In all the chantings and pujas, in all rituals you will see, in Hinduism we always have. Om Shanti Shanti Shanti Om, peace, peace, peace. Why three? Because we are praying for the cessation of three kinds of suffering. So these three kinds of suffering. I can't resist telling you this.",10003,10567,,,101
en_video_02_0017,video_02,en,Advaita,17,"One little boy once asked me in a school back in India, why do we say Shanti, peace, three times? I explained because of these three kinds of suffering and that's why we need to. overcome these three kinds of suffering. And he said no, today we need a fourth Shanti. Fourth Shanti why? He said mobile Shanti. You need to tell people to switch off their mobiles because. So, for this we take up a spiritual quest. Now the question will come, why a spiritual quest? For all of these problems, there are material remedies. And the ancient commentators are, they're very entertaining, you know, says if you are sick, go to the doctor.",10568,11198,,,115
en_video_02_0018,video_02,en,Advaita,18,"Um, of course, with the qualifier depending upon your health care, your insurance provider, what kind you have got. Uh, then If you are, uh, if there is, um, if you are being, um, you know, the trouble from other people, go to the law enforcement. If there is, um, problem from nature, take shelter. So why do you need spirituality? And the answer is so profound if you look at it, it makes a case for spirituality. Atyanta ekanta abhavat. There are two problems with any kind of worldly remedy to our suffering. One is, none of them are permanent.",11199,11747,,,101
en_video_02_0019,video_02,en,Advaita,19,"None of them are permanent. And second is, none of them are certain. None of them are certain. Permanent, that is true. You solve one problem, another problem comes. You cure one disease, it's guaranteed another disease is going to come. Um, you solve one problem, another problem comes. Not only that, no solution to any particular problem is final. And the second problem is there is no certain solution to anything. People, I have, we read about it. I remember reading about The son of one of India's richest families, he got a particularly virulent kind of malaria and died in one of India's best hospitals.",11748,12359,,,107
en_video_02_0020,video_02,en,Advaita,20,"Now, a rich person, young person, healthy person, the best of medical care dies. And there are, we know so many poor people in the slums and they're in just outside that hospital who might have got that malaria and recovers. There really is no certainty. Doctors really know that. So because of these two reasons, we look for a certain permanent cure to the sufferings of the world. That was the Buddha's quest. There is suffering, dukha. Is there an escape, a transcendence of suffering? And he found that there is. He called it Nirvana. But that is the solution, that is the quest.",12360,12943,,,105
en_video_02_0021,video_02,en,Advaita,21,"How can we attain bliss, true happiness? How can we truly transcend suffering? That is the spiritual quest. And that is related in Vedanta, so that the same quest is related in Vedanta to knowledge. You must know, know what? Know who or what you really are. Knowing, does it mean reading the Gita, then I'll I'll be enlightened? Not necessarily. If you know the words and you don't feel it, you don't, you cannot honestly say to yourself that I am the Atman, not the body and mind. I clearly see it now, I realize it now, until one can say that, if I just know it, If I've just read the book and know the words, it will not work.",12944,13573,,,122
en_video_02_0022,video_02,en,Advaita,22,"Look at the words used by Krishna. He says, Anva shochastvam prajna vadancha bhasase. He says to Arjuna, you speak wise words and yet you suffer. Wise words means you have knowledge. You know, and you're speaking words of knowledge, and yet, yet what is happening? You're suffering. You're obviously, you are, you're crying here. You are, you are in, you're in anxiety, you are, you don't know what is to be done. You are deeply depressed, and you, yet you are. arguing, you know, he's giving a lot of arguments why I should not, he's giving religious arguments why I should not fight this war and so and so forth.",13574,14188,,,111
en_video_02_0023,video_02,en,Advaita,23,"So, just knowing the words, some kind of knowledge which I have and yet it's not. Um, it is not enlightenment or realization. What that, what is the difference between just knowing the words and enlightenment, we will see as we go along. So that's not enough. Once you we realize what we truly are, then the result of knowledge is transcendence of suffering. Nanu shochanti panditaha. The enlightened ones, the ones who know what who or what they are, they do not. They they transcend suffering. What do they what what are they not sorrowful about? Gatasun agatasun cha.",14189,14759,,,100
en_video_02_0024,video_02,en,Advaita,24,"They do not sorrow about Those that have gone, they do not sorrow about those that are, they do not grieve for those that are living. That might sound a little heartless. But what he's saying here is not that you will not love people, you will not be concerned for people, that you will not do things for people. He's not saying that. You will take action. Whatever needs to be done for those who are living, and those who have passed away, what prayers need to be said for them, what rituals need to be done for them, that also you will you will do.",14760,15310,,,107
en_video_02_0025,video_02,en,Advaita,25,"But this anxiety, this this gnawing tension, I've seen people, people have come, you know, that I'm not good enough, that I'm so unhappy, people, I I there is, you know, tension. about the job, about the family, about kids. And and they might think it's natural to have this this anxiety and tension. It's not. It's not. It comes out of a wrong idea about what we are and what they are. That's what Krishna is going to say. Look at Arjuna's anxiety about The relatives and those who are present here, the result of that anxiety, result of that concern for others is not action which will do good to anybody.",15311,15918,,,113
en_video_02_0026,video_02,en,Advaita,26,"It results in paralysis. He doesn't know what to do. He is paralyzed into inactivity. So he says, Krishna says here, For those who have gone and those who are here, you need not sorrow for them. Though you will do something for them, you'll serve them, but one does not, the enlightened person does not sorrow for them. Knowledge, so therefore the one takeaway from this, A central theme has been introduced here, which will go on throughout the Bhagavad Gita, and in fact all of Vedanta, that knowledge about the self is what we are looking for. Which is a big thing, which is a really important point.",15919,16522,,,110
en_video_02_0027,video_02,en,Advaita,27,"After all, he could have said, um, it's not really knowledge about the self. Rather, um, it's belief in God. If you don't have belief in God, that's why you're suffering. If you have belief in God, you will not suffer. He didn't say that. Or he could have said, um, you, you are not doing the right religious rituals. That's why all these problems are there. Let me tell you what to do. and some kind of religious ritual that will clear up all your problems. Here not so much, in India even in the footpath you will see.",16523,17043,,,100
en_video_02_0028,video_02,en,Advaita,28,"Some guy will be sitting, he'll set up shop, street side astrologer. So, you go, you go to, don't go to him, but if you do go to him, he will, he will, um, you tell him your sorrows and your woes and he'll say the planets are out of conjunction, always they are somehow. And, uh, always it costs a fair bit of money. to set the planets right. And so he will say, put on this kind of amulet and do this ritual and then everything will be set right. Your sorrows will be will be over. They never are.",17044,17542,,,102
en_video_02_0029,video_02,en,Advaita,29,"They never are, but people think. Krishna doesn't say you have to do this, then your sorrows will be over. No. He doesn't say you have to believe this, then your sorrows will be over. No. He doesn't even say you have to meditate like this, your sorrows will be over. No. He says knowledge, Panditaha, those who have realized who they are, they go beyond sorrow. So he points towards knowledge. Vedanta is a system of self-knowledge, knowledge about oneself. Having said that, remember, all the other practices, meditation, devotion, morals and ethics, even religious rituals, all of them have their place, all of them have their importance, and Sri Krishna will introduce them.",17543,18220,,,115
en_video_02_0030,video_02,en,Advaita,30,"As time goes on, as the chapters as we go ahead, here he's starting with the core teaching. That's one of the beauties of the Vedantic texts, they go straight to the point. If you say I am in suffering, please teach me, they'll straight away tell you, Tat Tvam Asi, that thou art. And they'll look at you carefully, did it work? No? Okay. Now starts 18 chapters, it will start. So the core teaching will be given here. He starts from the 11th verse till the 25th verse. Yes, 25th verse. From the 11th verse of second chapter to the 25th verse, what am I?",18221,18775,,,107
en_video_02_0031,video_02,en,Advaita,31,"That's what he's going to talk about. Think about it this way also. In life, we have a series of problems. Time to time problems come up. We do not know what to do, decision making, problems in the family, problems in the job. Problems in the community, health problems, physical health issues, mental health issues. So many problems keep coming up from time to time. And Arjuna also has a specific problem now. In this particular battle, remember he's a warrior. He has fought other battles quite happily earlier, but right now he has a problem. So this he has a specific problem now, but overall there is a general problem of life.",18776,19409,,,114
en_video_02_0032,video_02,en,Advaita,32,"This is called the problem of samsara. Shoka, sorrow, suffering, unhappiness, lack of fulfillment in life. That is the general problem. That general problem, that overall problem, problem of samsara is something that is common to all of us. We don't have to fight a battle in the battlefield of Kurukshetra. That's not our problem. That's Arjuna specific problem. Now what Krishna will do, he will go to the root of the whole thing. Why is there at all a problem? And the solution is Atma Jnana, knowledge about the self. Know the truth, the truth shall set thee free.",19410,19978,,,100
en_video_02_0033,video_02,en,Advaita,33,"So the truth about you, Krishna will say, it solves the problem at the root, then the application he will show. Oh, now you want to know, once that is clear, now what shall I do in this particular context, in this battle, it will become clear to you. That he will clarify later. He will solve Arjuna's specific problem also. But the root problem of samsara, that's what we are interested in because we also have the same problem. We also have the same problem. I mean somebody said, no, I'm fairly okay, I don't really have a problem.",19979,20513,,,100
en_video_02_0034,video_02,en,Advaita,34,"Really, you are not thinking about life in that case. Look upon our own lives. Somebody's 20 years old, somebody 40 years, 60, 70, there's somebody here 95 years old. And after all these years in our life, we have been engaged in one project, overwhelming project. How to make this one happy? How to make this one fulfilled? How? Well, we think by getting these things, you know, degrees and relationships and money and enjoyments and experiences and so many things. We keep on adding to this one. In the hope of making it happen now, right now. After 20 years of doing this, after 95 years of doing this, which one among us can claim I've done it?",20514,21162,,,120
en_video_02_0035,video_02,en,Advaita,35,"It's over. I'm finally totally completely fulfilled, nothing more remains to be done. Nobody. Nobody. So that is the root problem of samsara, lack of fulfillment, the unhappiness in life. Is there a solution at all? Yes, there is. There is, that's what this book is about. Proof, there is a category of people who will say yes to this question. There always has been a category of such people all throughout human history in every civilization who can say with confidence, yes, I have solved the problem of life. And these are, there's only one such category of people.",21163,21732,,,100
en_video_02_0036,video_02,en,Advaita,36,"And they are what we call the enlightened ones, the saints and sages of different civilizations in different periods of time, different spiritual traditions. They truly say they are the ones who genuinely have no complaint from life. They're genuinely fulfilled and happy and wise, truly wise. Not just a genetically given happy disposition. Some people are born happy, some are generally happy. Not that. That happiness can be overcome. Nature knows how to overcome that happiness also. Not that. So here is the verse, Shri Bhagavan uvachap, the blessed Lord said. The enlightened ones, the truly enlightened ones do not sorrow, they are beyond sorrow.",21733,22386,,,106
en_video_02_0037,video_02,en,Advaita,37,"And you, you speak words of wisdom and yet you are full of sorrow. The enlightened ones do not sorrow for those who are here, nor for those who are gone. Why do they not sorrow? Why are they not unhappy? Next comes the teaching about the Atman, the self. 12th verse. Nattvevaham jatu nasam. Nattvevaham jatu nasam. Nattvam neme janadhipah. Nattvam neme janadhipah. Nachiva na bhavishyamah. Nachiva na bhavishyamah. Sarve vayamatah param. Sarve vayamatah param. Such a simple verse. But here is the essence of all spirituality, all religion stands and falls with this verse. What, what does he say?",22387,22984,,,101
en_video_02_0038,video_02,en,Advaita,38,"He says to the Prince Arjuna, it is not that I, not that there was a time when I was not. It's not that there was a time when you were not. Nor even was ever there a time when these assembled kings and warriors were not there. Na bhavishyama, na chaiva na bhavishyama. That means and there will not be a time when I will not be or you will not be or these kings who have assembled here will not be. Negatives, you see? Hereafter, there will never be a time when we will not exist. He could have said that we all, I always exist, or you always exist.",22985,23534,,,112
en_video_02_0039,video_02,en,Advaita,39,"No. He uses a negative term to strengthen it, because our fear is, not that I existed at some time or I maybe I'll exist afterwards in some kind of world. Our fear is completely being wiped out. And he says that never was the case, never will be the case. You are immortal. Yes, you're playing at being immortal. I love that saying. We think we are human beings in search of spirituality. The truth is we are spiritual beings having a human experience. We think that we are human beings in search of spiritual experience. The truth is we are spiritual beings having a human experience.",23535,24120,,,108
en_video_02_0040,video_02,en,Advaita,40,"This is what Krishna is saying. Central truth of all religion. If there is something which survives death, then only is religion, spirituality possible. If everything is wiped out at the death of this physical body, then what's the point? What's the point? A little bit of meditation might give you some peace of mind right now, but we know we're going to die, why get peace of mind for a mind, mind which is going to die, which is going to go into pieces very soon. Now, All of this, the truth claim in all religions of the world.",24121,24652,,,100
en_video_02_0041,video_02,en,Advaita,41,"You will notice all religions of the world, they have this one truth claim that You are immortal. You are immortal. Krishna says nothing can destroy you. He says here that he's an incarnation of God. So he's, he has not mentioned yet that he's an incarnation. He just says, That before I, I became an avatar, I descended as an avatar. It's not that I was not there before I came in this Krishna form. It is not that I did not exist, but I did. And there will be the time when this Krishna form will go away.",24653,25160,,,100
en_video_02_0042,video_02,en,Advaita,42,"See even avatars, the body of the avatar dies. Buddha's body is gone, Christ's body is gone, Krishna's body is gone, Rama's body is gone, Rama Krishna's body is gone. So at a time will come even the body of an avatar also, it disappears from human view. But it does not mean I will not be there, I will be there. So there was never a time when I was not there, and there will never be a time when I will not be there, I am eternal. Well, near your God, but not what about me? You too, there never was a time, oh prince, when you were not there, even before the birth of this body and the name you're called by Arjuna today, this young prince today.",25161,25809,,,131
en_video_02_0043,video_02,en,Advaita,43,"Even before you are born, you are there. And one day this body shall fall, whether in this battle or afterwards, it shall die. And it's not that you will be gone, you will be there. Okay? And all of these people, all of them, he says, all these kings, there was never a time when they did not exist, but not in this body, not with these names. And there will never be a time when they will not exist. They will, there'll never be a time when they will cease to exist, which means they will continue to exist.",25810,26318,,,101
en_video_02_0044,video_02,en,Advaita,44,"Yes, bodies will pass away. They're passing away each moment. continuously changing. Just one thing, this language which Krishna has used, there was never a time when I did not exist, there never will be a time when, there was never the time when you did not exist. The same language he uses a few chapters later. In a different context, fourth chapter, fifth verse. He will say, oh prince, you and I and all these kings, we have had many births before this. How many times have we trodden this cycle of life and death? We have had many births, but you remember none of them.",26319,26894,,,107
en_video_02_0045,video_02,en,Advaita,45,"I know all of them. Mine too and all of yours. There, Krishna is revealing himself as God. Here he's just saying, there is an eternal reality which you are and I am and all of them are. that Atman or Brahman which we are calling it, and that exists, that always was existing, is existing, will continue to exist. In that sense, we are immortal all the time. That's that's the only thing that Krishna is revealing. That's the central truth. But slowly Krishna will introduce other subjects. He will introduce the question of God. He will introduce himself as an incarnation of God, and there he says, we have had many births, the same language, but I know them all.",26895,27559,,,122
en_video_02_0046,video_02,en,Advaita,46,"There's a difference, he begins, makes a difference. Here he's making no difference between himself and Arjuna. I have existed always and I shall continue to exist, so will you and so will all of them. But in that chapter, he makes a distinction between himself, between man and God. Clearly you do not remember your past births, nor do you know what will happen to you in the future. I know all of them. All that has happened to you in the past and all that is going to happen to you in the future. There's a thrilling, small but thrilling incident in the Gospel of Sri Ramakrishna when M, the author of the Gospel, suddenly it comes upon you without any warning.",27560,28224,,,124
en_video_02_0047,video_02,en,Advaita,47,"Sri Ramakrishna turns to M and says, tell me. All your past, I know. And all your future too, I know. Is it not so? Suddenly it comes like that. And what comes over M at that time, the author, you know, he bows down with his hands folded and says, yes Lord, you know. That is the difference between man and God. So here, Sri Krishna points that out. But here he says in a purely vedantic sense. That means here basically he's saying we are Atman, we are that existence consciousness place. Here he's revealing for the first time the nature of the Atman.",28225,28778,,,106
en_video_02_0048,video_02,en,Advaita,48,"What is the nature of the Atman? The first thing. It is immortal. It is eternal. It is unchanging. It is not born with the birth of the body. It does not age with the aging of the body. It does not die with the death of the body. He does not say you, he does not say it. He says you were not born with the birth of the body. You do not age with the aging of the body. You do not die with the death of the body. Many times bodies have come and gone. Many lives you have lived, many names you have had, but you continue.",28779,29297,,,111
en_video_02_0049,video_02,en,Advaita,49,"So the Atman, the first thing about the Atman is that it is immortal. the teaching about central teaching about Vedanta. Sri Sri Ramakrishna when he told Swami Vivekananda this is a famous thing you know that incident where he told Swami Vivekananda that He who was Rama, he who was Krishna is in this body Ramakrishna, but not in your Vedantic sense. He told Swami Vivekananda, what is the Vedantic sense? The Vedantic sense is this one. In the Vedantic sense, we are all Brahman, whether it is Sri Ramakrishna or Krishna or Rama or Christ or Buddha or you or him or her or I.",29298,29875,,,107
en_video_02_0050,video_02,en,Advaita,50,"All of us are that one existence, consciousness, bliss. That's what Krishna is telling Arjuna here. That's the Vedantic sense. What's not the Vedantic sense, what's the special sense, that's what Krishna will say in the Fourth chapter, fifth verse that I know them all, you do not. That's what Sri Ramakrishna mentioned to Swami to Narendranath to Vivekananda. Not in your Vedantic sense, means actually. You and I, there is a difference. Difference at the at the temporal level, at the relative level, that he is the Lord and you are a sentient being. What is the sentient being?",29876,30456,,,100
en_video_02_0051,video_02,en,Advaita,51,"What is the Sanskrit word for that is Jeeva. Krishna says we are Atman, then what is Arjuna? What are you or I? Right now, why are we like this? This is called Jeeva. What is Jeeva? Jeeva is a special mixture of Atma and Anatma. Anatma means not self, the self and not self, a mixture. What has happened is that same Brahman, Sachchidananda, existence, consciousness, bliss. Because of Maya, not knowing its own nature, experiences a mind, thoughts, emotions, feelings, a personality. And through the mind experiences a body and through the body and mind experiences a world.",30457,31032,,,100
en_video_02_0052,video_02,en,Advaita,52,"This that same infinite Atman limited through, channelized through. Particular bodies and minds are particular jeevas, whom we see ourselves as. These jeevas, us, we go through life after life. We undertake birth with the birth of the body. We experience the aging of these bodies, we experience the destruction of bodies, we experience the getting of new bodies. We experience the person inside, the mind, the subtle body which goes from life to life. This physical body will die. A few days later, few weeks, few months, few years later, it will die. But the subtle body with all the impressions of past births and this birth, it goes on to other lives.",31033,31688,,,114
en_video_02_0053,video_02,en,Advaita,53,"In a Vedantic sense, there is a certain thing as a sukshma shareera, subtle body. If you, there are other versions of this. A Buddhist will say there is no such thing as a subtle body, but it's a process, like a wave, one after another, rising and falling. That continues. But the Atman is neither the physical body nor the subtle body, not Sthula Sharira, not Sukshma Sharira. The Atman is eternal. unchanging. Subtle body also changes, continuously changes and evolves. It will go on until enlightenment. When physical body also drops away, the subtle body also drops away, and that enlightened Jeeva finally attains its infinite nature as Atman.",31689,32337,,,111
en_video_02_0054,video_02,en,Advaita,54,"So that is going to be the story. If you think this sounds, all this sounds suspiciously like Aparoksha Anubhuti, the non-dualistic text which we were doing earlier, yes, the beginning at first, sometime it will go on like that. Krishna will sound very much like a staunch non-dualist teacher, which he is of course, but afterwards, he's going to introduce so many things. Devotion, the love of God, what is God in the whole scheme of things, the avatar, the incarnation of God. He will introduce meditation down to the details from the highest philosophy. Existence, consciousness, bliss, down to the details, how to sit, how to breathe, how to concentrate, what to eat, exercise and sleep, all of that will come.",32338,33052,,,123
en_video_02_0055,video_02,en,Advaita,55,"Morals, morality and immorality, all that will come. Yes. I have a question about infinite. Yes. Does not mean infinite space or infinite time, is that correct? So how do we define infinite? Yes, there's a question here. The question is about infinite. How do we define infinite? It's not, you don't mean infinite space or infinite time. Good question, one of my favorite subjects. Uh, but I will not take too much time, but let me just tell you a little bit about it. It's a very good question because it is fashionable in such talks, especially new age stuff and spiritual talks to throw around words like, um, all pervading, infinite, beyond suffering.",33053,33708,,,115
en_video_02_0056,video_02,en,Advaita,56,"But it's not rhetorical. Vedanta, in Vedanta, we precisely mean what we say, and everything that we say has a precise meaning. So, for example, when you say infinite, let me just say a few things about it. When we in Vedanta, we say infinite, the word for infinite in Vedanta is Ananta. Ananta means limitless, literally limitless. Now, in English word infinite has many meanings. Mathematicians talk about the infinite. Cantor was a great mathematician and Yeah, he is well known for his work on the infinite. There's not one infinite in mathematics. There are many infinite. We have learned this in school.",33709,34317,,,104
en_video_02_0057,video_02,en,Advaita,57,"There are different orders of infinites. The set of natural numbers is infinite. There's no limit. You can always have plus 1, n plus 1. Set of whole numbers is infinite. The set of the fractions, real numbers between 1 and 2. There's infinite number of fractions you can have. So there are many, many infinites in mathematics. That is not the infinite Vedanta is talking about. Poetically, you can talk about the infinitude of space on the eternity of time, that's not what Vedanta is talking about. What is Vedanta talking about when it means infinite? There's a very precise definition of the infinite.",34318,34923,,,105
en_video_02_0058,video_02,en,Advaita,58,"What is that? It infinite in Vedanta means Ananta, no limit. What do you mean no limit? There are three kinds of limits in Vedanta. When we talk about limits, there are three kinds of limits. Limitation in space, limitation in time, and limitation by object. What do I mean by that? I'll explain. Limitation in space means that something is in one located in a particular space and is not in other places. It's something very simple. You are here in this hall, means very clearly you are not in the subway or you are not at home. So you are located here, you are limited to this hall, but you are not in other places.",34924,35541,,,117
en_video_02_0059,video_02,en,Advaita,59,"That is called limitation in space. In Sanskrit, desha parichchedaha, limitation in space. Parichchedaha literally means cutting off. You're cut off in space. Here this much and no more than that. Now, infinite would mean desha parichheda shunyaha, not limited in space. Not limited in space, follow this carefully. It's all mathematics, almost like mathematical derivation. Not limited in space would mean what? Omnipresent. There is no space where it is not. There is no space where it is not. That's one. The second kind of limitation is limitation in time. In Sanskrit, Kala Parichheda. What is limitation in time?",35542,36160,,,100
en_video_02_0060,video_02,en,Advaita,60,"Something is, an entity is, from this period of time to this period of time. Birth, death, created, destroyed. It could be a mosquito born at this period and in a few days it's dead. It could be a human being living for 100 years. It could be a star living for billions of years, but still they have all got limitation in time, time of creation, time of. The Buddha put it very beautifully. He said and starkly. All compounded things decay. That which has been put together will fall apart. That which has begun will end. All meetings end in separation.",36161,36714,,,103
en_video_02_0061,video_02,en,Advaita,61,"Buddha. What a wet blanket. Um, so limitation in time. In fact, yesterday I was at the Rubin Museum and they asked me to speak about impermanence. What is impermanence? It's limitation in time, beginning and end. Now suppose we are now talking about the infinite. Infinite means not limited. If something is not limited in time, then what will happen to that something? Eternal, correct. Somebody said eternal. It, there is never a period of time when it is not. Do you notice what Krishna just did? He just said that you are not limited by time. Did you notice that?",36715,37282,,,102
en_video_02_0062,video_02,en,Advaita,62,"If you put it in technical language, what did he just say? There was never a time when I was not or you were not or these kings were not. There will never be a time when we will not be. There never was a time when we did not exist, there never will be a time when we will not exist, which means to put it in philosophical language, We are not that entity which is not limited by time, that means there's never a period of time when that entity does not exist. That is called unlimited in time, infinite in time.",37283,37794,,,104
en_video_02_0063,video_02,en,Advaita,63,"Then the third one is very interesting. Not limited by Object. Remember, we are talking about infinite. Infinite, no limits. Limit, one kind of limit is limit by object. What do you mean by limit by object is a peculiar conception. In Sanskrit, it is called Vastu Parichheda. Vastu prachetam means limited by object. It simply means this. A thing is itself and not anything else. So a book is a book, it's not a dog or it's not a star or it's not a human being, it's a book. And this book is only this book and nothing else.",37795,38319,,,100
en_video_02_0064,video_02,en,Advaita,64,"It's the law of identity. A is A, and therefore it is different from all not A. So you are you, if you are you, if you are identical to yourself, it automatically means you are different from the trillions of other entities in this universe. True, you understand this what it means? Simple logical fact. Limitation by object means if a thing is a particular object, And we all are particular objects right now, these bodies are. In that case, if it is a particular object, it cannot be anything else, so it's different from everything else. It has a moment you have an identity apart from others, you mean that you are this and not anything else.",38320,38966,,,119
en_video_02_0065,video_02,en,Advaita,65,"All the other billions of entities are now separate from you. This is called limitation by object and every object has this limitation. It has to have. Think about it. What do our, um, our social security numbers do? Why aren't social security numbers, you know, common, interchangeable, same? No, they have to be unique because it has to set you apart from everybody else. So, suppose now, let me ask you this question. Suppose something does not have this limitation. If something does not have a space limitation, it is Omnipresent everywhere. If something does not have a time limitation, it is eternal, beginningless, endless.",38967,39598,,,106
en_video_02_0066,video_02,en,Advaita,66,"If something does not have an object limitation, what will happen to it? If something has an object limitation, it is different from everything else. If something does not have an object limitation, what will happen to it? All pervading. Only one, not many. Correct. All pervading. Permanent already we have got it because not limited in time. Ah, yes. Alright, let's put all of that together. All pervading, what does it mean? If it is not limited by object, if it's limited by object, every other object in the universe is different from it. If it is not limited by object, no object in the universe is different from it.",39599,40222,,,111
en_video_02_0067,video_02,en,Advaita,67,"There is no object in the universe different from this entity, this infinite entity. No object different from the infinite entity implies no second thing apart from it. There's only one, not two. Somebody said that? That implies non-duality, Advaitam. Now, put it all together. Limitations are of three kinds: space limitation, time limitation, object limitation. It holds true of everything in the universe. But suppose there is something, which is has no limitation in time, no limitation in space, no limitation by object. It will become all pervasive, it will become eternal, it will become non-dual. Advaitam, non-dual, the only reality of the universe, one without a second.",40223,40903,,,109
en_video_02_0068,video_02,en,Advaita,68,"So this is the meaning of infinite in, um, Advaita in Vedanta. It immediately follows in mathematics you have multiple infinites, many, many infinites, infinite infinites I think. And there are orderings of infinites. In Vedanta, how many infinites can there be? One only. No second. You cannot have two infinites. You cannot have in fact any other thing apart from that infinite because if you have a second thing apart from that infinite then it's not truly infinite. The real infinite, there can be only one non-dual infinite, and nothing in the universe can be apart from it. If it is, then this thing is not infinite.",40904,41526,,,108
en_video_02_0069,video_02,en,Advaita,69,"Neither are infinite then. And say, oh fine, this sounds like great philosophy, theoretical. Any practical implication? Oh yes. Such a thing exists. Such an entity, an infinite entity which is all pervasing, it pervasive, eternal, and which in fact is non-dual, nothing in this universe is different from it. Such an entity exists. What is it? Where is it? Krishna says here, what he has said in effect is, you are that. That thou art, Tat Tvam Asi. If you would know yourself, you would realize that you are this infinite. Is it possible to know oneself like that?",41527,42092,,,100
en_video_02_0070,video_02,en,Advaita,70,"I actually have a talk where I just taken out one component from the talk and I've given it to you. It's called defining God. Go up, go and look it up. It's on YouTube. It's from the Taittiriya Upanishad. The definition of Brahman, what is that ultimate reality? Satyam, Gyanam, Anantam, Brahma. Taittiriya Upanishad, the second chapter. The Brahman is infinite existence consciousness. Each word has to be analyzed and unpacked there. So the word infinite is unpacked. The word infinite is unpacked there, and how is it unpacked? What I just told you. A little more detail I've explained there.",42093,42688,,,102
en_video_02_0071,video_02,en,Advaita,71,"Then this unpacked word infinite is now applied to the terms existence and consciousness. And then the the result will be, you will realize that there's such a thing is there, infinite existence, infinite awareness, and that I am right now, right here, always have been, always will be. It naturally follows from that. And can we know it? Yes. That, that talk itself points out how you will know it. But Krishna will take 18 chapters to point that out. So we will go on with Krishna. I think I've run out of time, but anyway, it's good that you asked this question.",42689,43254,,,104
en_video_02_0072,video_02,en,Advaita,72,"It's a very important verse. It is not that in any period of time I did not exist. Look, he's denying the limitation in time here. It's not that in any period of time you did not exist or these kings did not exist. And it's not that there will be any period of time in the future when you or I or these kings will not exist. He's saying that you are eternal, all of us. Are there many eternals? You can ask, immediately it follows. So each of us is an eternal, millions of eternal souls, but now what put together what we just read, we just discussed, the infinite can only be one.",43255,43836,,,116
en_video_02_0073,video_02,en,Advaita,73,"In that case, there is only one truly eternal entity that is also non-dual and all-pervasive. It's good that you asked this question. It draws out all these implications, and you are that eternal, all-pervasive, non-dual entity, in fact, the only reality of this universe that you are. It means also, Not one thing in this universe is different from you. There is no separation between you and the universe, the real you and the universe. And the even more startling claim is, you can you can actually see this, have an insight into this. actually see it as a living reality.",43837,44412,,,102
en_video_02_0074,video_02,en,Advaita,74,"That is called enlightenment and that will easily, effortlessly take you beyond all sorrows forever. I remember I learned with this, standing in front of our main monastery in Belur Math about 15 years ago, talking about this with a young monk, a very wonderful young monk. He was a novice at that time. I still remember, it's so thrilling to hear that I can still remember the earnestness in his voice. He says, Swami, if one just reads this and begins to understand what has been said here, After this, what complaint, what sorrow, what unhappiness? How can you complain about anything after this?",44413,45012,,,105
en_video_02_0075,video_02,en,Advaita,75,"Even just, just if you intellectually ascend to it and understand it, realization, of course. But even before that, most of the at least theoretical problems of life are solved. But it's not enough to solve the theoretical problems. Suffering is very important, this this particular verse, just this one fact. I always was and I always will be. Just one more thing here. Krishna, or I'll mention it next time. Just let me just give you the hint. Normally the way I introduced it, self and not self. Atma, anatma, self and not self. But Krishna does not do that exactly.",45013,45582,,,102
en_video_02_0076,video_02,en,Advaita,76,"He says body and the one embodied in the body. Deha dehi. That's a more natural way of approaching it. Why? The moment you speak about things like self, not self, already sounds philosophical. What exactly is the self? But nobody will ask what exactly is the body. Body and the one in the body. That's exactly what Krishna is saying, and that's so easy to identify and feel with. He says the bodies are perishable, the one in the body, you. You are imperishable, you are infinite, you are eternal. This is what he's going to demonstrate and help us to realize that.",45583,46148,,,104
en_video_02_0077,video_02,en,Advaita,77,"In the language of Devotion, one Swami. So this same thing, remember, knowledge, devotion, all of them, they take you to the same realization. In the language of devotion, bodies belong to the earth. You in the body, you belong to God. Bodies are earthly, you are heavenly. Remember, bodies will come and go. They are continuously changing. That was the discussion yesterday in the Rubin Museum, impermanence. The Buddha said, Anityam, anityam, sarvam anityam. Transient, transient, all is transient. It's not just transient. If it's transient, it's alright. We say that let the cookie be impermanent. Who wants a permanent internal cookie anyway?",46149,46796,,,104
en_video_02_0078,video_02,en,Advaita,78,"It just has to last long enough for me to put it on my mouth and in my mouth and enjoy the taste and that should be enough. But that also, I I know that I am I am transient, I'm not eternal, but if I live for 100, 120 years, I'm good enough for me. But that also Buddha says, next step, kshanikam kshanikam sarvam kshanikam. Momentary, momentary, all is momentary. Not even lasting for 1 year, 2 years, or 1 minute or 2 minutes. He says momentary. Moment to moment things are arising and perishing. There's a lot of philosophy behind this in Buddhism.",46797,47348,,,106
en_video_02_0079,video_02,en,Advaita,79,"And he doesn't stop there. We feel like telling, stop, stop, that's already bad enough. He says, and what follows from that? Third step, deeper, you go deeper. Shunyam, shunyam, sarvam, shunyam. Empty, empty, all is empty. Void, void, all is void. And therefore, putting them all together, all is transient, all is momentary, all is empty. Put them together, the result is dukham, dukham, sarvam dukham. Suffering, suffering, indeed all is suffering. So that is the first noble truth of the Buddha. It's a pessimistic. I said, no, wet wet blanket? No. Heinrich Zimmer, in fact, is a well-known Indologist.",47349,47954,,,101
en_video_02_0080,video_02,en,Advaita,80,"He points out beautifully. He says, The philosophies of India, this or Buddhism or whatever, they are not actually pessimistic. They are all optimistic. What is pessimism? A dark picture and that's the only reality. No. Dark picture, there's darkness here. There is the veritable sun shining. There is the possibility of release of liberation, salvation, nirvana, whatever you call it, enlightenment, eternity, that is possible. So that is the goal. I often start with a chant, you know, not today but in other lectures. Asato ma sadgamaya, tamaso ma jyotirgamaya, mrityur magamritam gamaya. From the unreal to the real.",47955,48575,,,100
en_video_02_0081,video_02,en,Advaita,81,"From darkness unto light, from death to immortality. That's the whole purpose of Vedanta. Unreal to real, unreal this body. Real the Atman. From darkness unto light. Darkness, the ignorance thinking that we are this body mind. This is who we are. Light, I am the infinite Atman. From death to immortality, follows immediately. This body, death is guaranteed. Jatasya hi dhruvo mrityu. Bhagavad Gita will say. Certain indeed is death for those who are born. But for the Atman, Amritam, immortality, absolutely. So that is the journey which we have to undertake. Om Shanti Shanti Shantihi Harihi Om Tatsat Shri Ramakrishna Rapanamastu",48576,49208,,,103
en_video_03_0000,video_03,en,Advaita,0,Om Vasudeva Sutam Devam Kamsa Januramardanam Devaki Paramanandam Krishnam Vande Jagadgurum Please repeat after me. The verses 11 and 12 which we did last time. Sri Bhagavan uvacha. Sri Bhagavan uvacha. Ashocchananvashochastvam. Ashocchananvashochastvam. Anvashochastvam Pragyavadangsha bhashase Pragyavadangsha bhashase Gatasu nagatasuncha Gatasu nagatasu cha nanu shochanti panditah nanu shochanti panditah natvevaham jatu nasam natvevaham jatu nasam Na tvam ne me janadhipa. Na tvam ne me janadhipa. Na chaiva na bhavishyama. Na chaiva na bhavishyama sarve vayamatah param sarve vayamatah param So Sri Krishna has started teaching Arjuna and the central doctrine of the immortality of the soul that we are not mere creatures of flesh and blood fated to be born yesterday and die tomorrow.,0,790,,,114
en_video_03_0001,video_03,en,Advaita,1,"that there is to us a core of existence of spiritual self which is immortal, which is not born with the birth of the body, which does not age with the aging of the body, which does not fall prey to disease or decay with the body, and which does not die with the passing away of the body. That self we are. This is the first central teaching. If there's one thing you take away from the Bhagavad Gita, it's the doctrine of the immortality of the self. Um, I like that beautiful example of the wave. I often use it, very cute example.",791,1323,,,105
en_video_03_0002,video_03,en,Advaita,2,"Imagine in the Atlantic Ocean a little wave is born, you know. And as little waves do, it makes other little wave friends and it goes to wave school maybe. But very soon life is not all fun and games because life, life is of course first of all very wet, being a wave. Uh, but then you find some other waves are mean to it, some are friendly, and there are some waves so big and the little wave looks at them and thinks, Oh, they are fantastic. I wish I could be like them. I'll never be like them.",1324,1822,,,101
en_video_03_0003,video_03,en,Advaita,3,"Envy, you know. And there are other waves which are smaller than it. Maybe they're bubbles and foam and the little wave looks at them and thinks, what losers. Contempt. And then the worst of all problems comes that it sees the shore rushing up, the Atlantic shore rushing up, maybe, um, Long Island or something coming up. And, uh, It looks in horror and asks its friends, what's happening there? Oh, that's where waves go to die. What, they're going to, I'm going to die? Yes. No, I don't want to die, but you have to, everybody has to die.",1823,2364,,,101
en_video_03_0004,video_03,en,Advaita,4,"You go and crash against the shore and you die. And he's horrified. It's inevitability of death, the fear of death. But luckily, there is a wave Gita class going on and he's fortunate enough to go there and he hears that Yes, waves die, but then we are actually not waves, essentially. We have this wave form, but essentially we are water. There is something called water, which this water, The water does not die. You go and slam into the rocks there. You just lose the waveform. You are water, you're still water. You're spray now, you're foam now, you're water vapor, whatever you are.",2365,2953,,,107
en_video_03_0005,video_03,en,Advaita,5,"You are always this water which does not die. And after a long, after some time, you know, the wave realizes what water is. And look at the results. First of all, it realizes, oh, All of them, the big huge wave which I was jealous of, that's also water, I am water. And the little wave I was contemptuous of, we are exactly the same, the same water in me and in that wave. There is no jealousy, no envy or Contempt, and greatest of all, that fear of death is completely gone. It's a change of form from a waveform to maybe spray or foam or whatever, change of name.",2954,3519,,,112
en_video_03_0006,video_03,en,Advaita,6,"And yet I remain exactly the same. Not only that, another great thing which comes says, as water, as wave I'm separate from each wave. That is another wave and that's another wave and I am a wave. But as water, all waves are me. I alone am in all waves, all waves are in me. Sarva bhuteshu chaatmanam, sarva bhutaani chaatmani. All beings are in the self, the existence consciousness bliss, and that I as that existence consciousness bliss, I am in all beings. So that realization comes. So it's a very nice example. And by the way, examples have their limitations.",3520,4085,,,103
en_video_03_0007,video_03,en,Advaita,7,"So don't you think that, I mean, don't think that, yeah, but the big wave still has more water. I may be water but That's the limitation of the example. From the point of view of Brahman, existence, consciousness, bliss, there is no more or less. It is one indivisible being. It's not more, somebody has more Brahman, Sri Ramakrishna is more Brahman, I'm a little less Brahman, lower grade. No. We are all the same Brahman and not not not that we are parts of the same Brahman or the same type of thing. There is no difference of type, philosophy they'll say type token difference.",4086,4667,,,107
en_video_03_0008,video_03,en,Advaita,8,"There is no type token difference here. It is one reality. We are exactly that. All of it, totally, completely. Got me started on my favorite subject, but Sri Krishna has introduced it in a very simple way. You are not the body. You are the one in the body. In fact, Vedanta makes a distinction between body, mind, and the self. So, this changing body, And inside the embodied one which is a changing mind also, intellect, mind, memory, these are also changing. And you are the consciousness in which the mind is operating and through the mind the body is experienced and so on.",4668,5246,,,106
en_video_03_0009,video_03,en,Advaita,9,"That is what he has taught, and very poetic language. He says it is not that there was ever a time when I was not. There was, it's not that there ever was a time when you were not. Not that there was ever a time when these kings, assembled warriors and kings were not. Nor indeed will there be a time when they will not be. You see, we are all here right now, there's no doubt. Arjuna has no doubt that we are all here. Krishna is there, Arjuna is there, all the assembled friends and enemies are here.",5247,5749,,,101
en_video_03_0010,video_03,en,Advaita,10,"But our question is, where did we exist before the birth of this body? Our question is, is there anything after the death of this body? So, Krishna says yes, this is the eternal truth of all religion. All religion says there is something. which was there, you were there before the birth of this body, and there is something that lasts beyond the death of the body. To be precise from a Vedantic perspective, it's not just the Atman which outlasts the death of the body, the mind also outlasts the death of the body. So, It's the mind which is the repository of experiences, of tendencies, sanskaras, vasanas.",5750,6359,,,110
en_video_03_0011,video_03,en,Advaita,11,"That which goes from lifetime to lifetime. So it's the sukshma sharira, the subtle body. Mind is a part of subtle body. I'm using the word mind in a general sense. In Vedanta you'll have so many components. What I'm saying, I'm just saying mind, but actually in in if you say what exactly is the subtle body, they will talk about 19 parts. Um, five sense organs. Not that the nose and the eyes and the ears will go with you after death, the powers of the sense organs, the ability to see, hear, smell, taste, touch. The five sense organs, the five motor organs, the five pranas, that means the vital forces, there are five of them.",6360,6991,,,119
en_video_03_0012,video_03,en,Advaita,12,"And then the four functions of the what we call the inner instrument, Antahkarana, mind, intellect, ego, memory. Mana, Buddhi, Chitta, Ahankar. All together 19, 5 + 5 + 5 + 4. If you say I forgot that, don't worry, it will come again, many times over. So, um, that does not die with the death of the body. That does not die with the death of the body. That goes on. Yeah, when this body dies, that goes on to other worlds and and takes up other bodies. So that is the teaching and the Atman does not go anywhere.",6992,7504,,,101
en_video_03_0013,video_03,en,Advaita,13,"The pure self, existence, consciousness, bliss, it's like the sun ever shining. It's always there. So that is the teaching. Now, the next verse, 13th verse. Dehi no asmin yatha dehe. Dehi no asmin yatha dehe kaumaram yauvanam jara. Kaumaram yauvanam jara tatha dehanthara praptirdhi. Tatha dehantara prapti, actually that is wrong. Tatha dehantara prapti, tatha dehantara prapti, dheeras tatra na muhyati. Dheeras tatra na muhyati. So what does it mean? Even as this embodied self, that means you in this body, attains in this body childhood, youth, and old age, so does it attain another body. The wise man does not get deluded at this.",7505,8142,,,106
en_video_03_0014,video_03,en,Advaita,14,"It's a very well-known verse of the Bhagavad Gita. And usually it's the time you get to hear it is when somebody dies. So this is traditional, you know, Hindus will have a Gita recital when somebody passes away. So these are some of the verses which are chanted. So it's very well known. It is a peculiar resonance with me because of a childhood memory. I remember when I was a little kid, um, our neighbor, They had a son who was much older than me, but I knew him. He was about 10 or 12 years older than me.",8143,8652,,,101
en_video_03_0015,video_03,en,Advaita,15,"So, so at that time this young man was 19 years or 20 years old. And they went in a college to a college picnic and he drowned and died in the sea. So, here is this neighbor family mourning. You see, loss of a baby is traumatic, but loss of a grown-up young boy or girl, you know, whom you have raised through childhood, that's very deeply, deeply scarring. So, I still remember I think they were chanting this verse or some of these verses and my dad had sent me to their house with a copy of one of the volumes of Swami Vivekananda's complete works.",8653,9204,,,108
en_video_03_0016,video_03,en,Advaita,16,"So I just have that kind of memory and this verse, you know. So what does it say? Just as the embodied being, who is this embodied being? Sounds very philosophical. You, here, us, you and him and her and I, we who feel in that I am in this body. What is embodied? We who consider this ancient being here which considers this body to be mine, my body or I am this body or this is my body. This is called the embodied being, the one one in this body. That one just as it experiences childhood, kaumaram.",9205,9706,,,100
en_video_03_0017,video_03,en,Advaita,17,"Um, youth, yauvanam, jara, um, old age. Look how they went straight from youth to old age. That means I didn't think they had the concept of middle age in those. So, just as we experience, how do we experience? Not by itself. The sentient being is not a child or consciousness is not a child, consciousness is not a young person or an old person, because of the changes in the body. Imagine, right now in this lifetime itself, such vast changes we have undergone. The child's body and the body you see yourself in now, vast changes. In structure, in appearance, vast changes.",9707,10282,,,105
en_video_03_0018,video_03,en,Advaita,18,"And the mind also, in this body, as we move from babyhood to childhood to teenage to youth, The mind undergoes so much change, you know so much more, you learn so much more, your attitudes change, you're what you want, your perception of life, vast changes come over us. And yet, this is the point. Yet we identify ourselves as the same person. I was that entirely different body. I was in that. Doctors tell us in in 7 years, I think every cell of the body, 7 years or some such number they give, every cell in the body is gone, except I think some nerve cells they remain.",10283,10857,,,111
en_video_03_0019,video_03,en,Advaita,19,"And every cell in the body is not suddenly, not at the end of 7 years I'm going for a full body replacement. Over 7 years, slowly. So, by the end of 7 years or whatever, 8 years, 10 years, even the particular cells, those specific cells are not there. We are actually continuously shedding, it may sound very messy, but we are. Luckily we don't see any of it. Those, what do they call it, forensic detectives. One of the ways they catch criminals is that they say the human beings are not aware how much clues they leave behind everywhere they go.",10858,11405,,,104
en_video_03_0020,video_03,en,Advaita,20,"So much of our body cells we are continuously shedding into the environment. So, we are in continuous process of change. What Sri Krishna is doing here is, notice what he's doing. First, he intimated to us the nature of the real self. That existence, consciousness, bliss, which the Atman, which is neither born nor dies, it does not age, decay, nor is subject to disease. That one is a self, is a real self. But now you also must appreciate the nature of the non-self. The mind and the body. Now he's talking about the mind body complex, how it changes.",11406,11960,,,102
en_video_03_0021,video_03,en,Advaita,21,"It's not you, but appreciate what it does. It changes. This is the nature of the non-self, what you are not, the body, what you are not, that changes. Dramatic changes. And because of those changes, I identify myself as a child, as a boy, as a teenager, as a young man, as a middle-aged man, as an old man. But not because of me, the consciousness, because of the changes in the body. These transitions are so clear, so dramatic, and yet we identify ourselves across these transitions. Now what Krishna is saying is, extend it a little further.",11961,12505,,,100
en_video_03_0022,video_03,en,Advaita,22,"Just like that, he says, This particular body also will be, you'll transit into another body. Dehantara prapti. Dehantara, other body. Deha means body. Dehantara, next body, another body. This body gets worn out. The nature of the non-self, that the body, one thing is it changes dramatically, second thing is it gets worn out, wear and tear. And like clothes, you wash them, keep them carefully, then after some time they are old and you can't wear them on formal occasions, you can't take it out. And then finally they are discarded and you get a new set of clothes.",12506,13074,,,101
en_video_03_0023,video_03,en,Advaita,23,"He will use that example a little later. Krishna will use that example. Just like discarding an old pair of trousers or something, you discard the soul in this body. Here he means a Jivatma, Atman plus subtle body. It discards an unusable body. and moves on. Why be unhappy? You're going to get a new model, improved. iPhone 8. So you move on. All your data is transferred into the next body. So this is the teaching. Need not be afraid, need not be unhappy at it. Yes, it's a little more dramatic than going from, you know, from childhood to teenage, although I wonder, somebody said I wonder how we survived our teenage years.",13075,13703,,,116
en_video_03_0024,video_03,en,Advaita,24,"So, A little more dramatic than our lifetime changes, but it's still just a change. You are still there. Notice your friend is talking and then his phone, he says hello, hello and he looks at the phone, oh my phone died. Your friend didn't die, the phone died, right? You're talking with your friend, after that you can't hear him anymore. Do you think that he's dead or the phone is dead? Phone is dead, but because the phone is dead, you can't hear him anymore. If it was a video call, you can't see him anymore. Exactly like that, when the body collapses, when the body dies, the the claim here is in Vedanta that you continue to exist, that person continues to exist.",13704,14375,,,126
en_video_03_0025,video_03,en,Advaita,25,"But you cannot contact that person anymore through that body, nor can that person contact you, cannot speak, cannot hear you, cannot move around. So, so. Phone is dead. That's all, until the guy gets a replacement. Only thing is in this case, when the replacement comes, you've forgotten all about you. Your number is erased. It's a different number, you don't know what the number is and so you can't get in touch. Dehantara prapti. Alright, ask. Can we, can you explain what's the exact things which do get transferred versus what? Because memories don't get transferred, but tendencies do, so what is the distinction?",14376,14996,,,106
en_video_03_0026,video_03,en,Advaita,26,"Everything gets transferred according to one claim because it is said that in the last life Yogis recall all the memories of past lives. So it is there but not recoverable. We cannot access them. Just like the claim is that there are many, many, I guess most of the traces of our childhood, babyhood are still there. in this brain. We just can't access it. And the proof of that is suddenly sometimes you access it. And there were experiments. I think Penfield's experiments were the stimulated parts of the brain. Many memories which simply not experienced by that person for many, many years, decades.",14997,15600,,,106
en_video_03_0027,video_03,en,Advaita,27,"They got vivid recall when that part was stimulated. Which is neurological proof that, I mean, things which we would not expect, they are there. But we can't normally, they're not available for recall for us now. And claim is that all of this gets transferred to the with the subtle body. It goes on to the next. But then what is recoverable? What the ones which we see are recovered are tendencies. So if you get a PhD in neuroscience, unfortunately, you will not be born as a baby with a PhD in neuroscience. So all that knowledge, the specific knowledge is not either not there or at least not recoverable.",15601,16210,,,112
en_video_03_0028,video_03,en,Advaita,28,"But what is recovered, what gets manifested, what is found in the next life are tendencies. Desires, certain proclivities, tendencies. So, in some extreme cases, it becomes startling. In most of our cases, it's mixed. We get a mix of good and bad tendencies from past lives. But in extreme cases, like, say a prodigy for example. So there's no way of explaining how that that comes about. Somebody has extraordinary capacity, say in music or mathematics or chess or something like that. And in a few cases, there have been cases of recovered memories from past lives. There have been documentation, but scientists would not take that seriously.",16211,16855,,,109
en_video_03_0029,video_03,en,Advaita,29,"But there's a lot of data on that. Yeah, so all of these are passed on. Physical body dead. Brain, nervous system all gone here. Um, certain tendencies, characteristics are expressed in the next life. So what physically what goes on, that is the subtle body only survives. The subtle body survives death. It sort of, let's put it this way, it curls up into like what we experience in deep sleep, blankness. And then when it gets a new body, either in other worlds or when you come back here, it starts working again. And part of our sanskaras, depending on the body we get, part of our past experiences, our the recordings, the sanskaras, they get activated.",16856,17514,,,119
en_video_03_0030,video_03,en,Advaita,30,"Not all of what we are is expressed right now. What is our past karma has given us this body and what is suitable to this body and this environment is getting expressed now. We are ancient creatures, even the even the new most newborn babies also have a very ancient creature. Sometimes you can see it in their eyes. Yes. But by the way, the mind is very very closely connected with the body and nervous system. So as the body and nervous system grow, the mind also expresses more faculties come into play. As they decay and deteriorate, the mind also becomes feeble and deteriorates.",17515,18099,,,107
en_video_03_0031,video_03,en,Advaita,31,"Although, For Yogis, for highly spiritual persons, their mind doesn't seem to be touched by the deterioration in the body. They seem to be above the, um, the general degeneration of the body. So even in I've seen, um, I saw Swami Ranganathanandaji, Swami Bhuteshanandaji year after year I saw them. 98 years, 99, 97 years. So alert, so perceptive. It's like luminous minds. 98 year old body. And this I've seen again and again and again, so. I've seen, so these are well known figures, but I've seen a Swami who was in his 90s. who was paralyzed in both legs, uh, he was blind in both eyes, and he lay like that helplessly for the last maybe 10, 15 years of his life.",18100,18767,,,125
en_video_03_0032,video_03,en,Advaita,32,"And I saw him in the hospital like that. You haven't seen a happier person. That day when I saw this person, this Swami, I realized what it means to be bodiless. Bodiless does not mean to transcend the body, doesn't mean to come out of the body like a puff of smoke or something like that. It means being in the body, using the body, remaining in the body, embodied and yet not affected by the body. We get depressed, little scratch here, a little ache here. We get depressed, we get anxious. Second opinion, what's going wrong with me?",18768,19304,,,101
en_video_03_0033,video_03,en,Advaita,33,"The attitude should be, let the body stay for a 100 years, let it die today, now itself. Exactly the same to me. At least say it with conviction. You'll see how much strength you get. So I've seen this in many cases. Then Krishna uses the word Dheeras Tatra Namuhyati. Dheera, the word Dheera will come again and again. The word Dheera. It's there in many Indian languages also. It means a patient person, um, a solid person, you know, like a strong person or a heroic person, um, a strong person basically. Here, however, Dheera has a special meaning.",19305,19857,,,101
en_video_03_0034,video_03,en,Advaita,34,"Shankaracharya in his commentary says, Dheeraha Dheeman. Dhiman means the one endowed with this knowledge of the self. Viveki, I'll translate it this way, the one who is able to deploy this knowledge of Vedanta. to overcome the sufferings of life. Literally, dheera is equal to dheeman, one possessed of knowledge. What knowledge? Vedantic knowledge. Not only possessed of knowledge, is able to deploy it in life. So when there is old age and disease and unhappiness and loneliness and all of that, you still have the power to rise above it. knowledge and the ability to use it in one's own life.",19858,20454,,,103
en_video_03_0035,video_03,en,Advaita,35,"Like I mentioned that Swami who is paralyzed and blind and still. That is Dheeman, that is Dheera. This dheera tatra na muhyati. The the one possessed with this knowledge is not deluded, is not shaken. When? Just as you transfer from you transit from childhood to teenage to youth to middle age to old age. And it's natural, nothing to be upset about. Similarly, the transition from one life to another, from one body to another. 14. So this this verse is, look at the words in the verse, Dehin of the embodied. Asmin yatha dehe as in this body.",20455,21000,,,101
en_video_03_0036,video_03,en,Advaita,36,"The embodied one, you, as in this body, kaumaram, childhood, yovanam, youth. and includes middle age also. Jara, old age. Just as you experience, you the embodied one, you experience these states because of the changes in your body. Similarly, tatha, in the same way, dehantara praptihi, you attain to a new body. And so, the one possessed of this knowledge, knowledge of Vedanta, should be able to deploy it, be not shaken by death. Swami Vivekananda, what a powerful definition of religion. Each soul is potentially divine. The goal is to manifest this divinity within us. Manifest means not only to know it, but also to live it.",21001,21632,,,109
en_video_03_0037,video_03,en,Advaita,37,"To live it means to face up to the challenges of life. That is what he calls Dheera here. 14th. Matra sparshastu kaunteya Matra sparshastu kaunteya Shitoshna sukha dukhada Shitoshna sukha dukhada Agamapayino nitya Agama payino nityan tantitikshasva Bharata. Tantitikshasva Bharata. Oh son of Kunti, sense contacts with objects result in heat and cold, pleasure and pain. They are subject to coming and going and are transient. Therefore, oh descendant of Bharata, just endure them. Suppose the question is, alright, I understand that we survive. Suppose I believe this also that we do survive death just as we continue from childhood to youth to old age and all.",21633,22295,,,108
en_video_03_0038,video_03,en,Advaita,38,"And in the same way we survive death and we go on to other lives. Okay, I understand that. But in this life, it hurts. Pain hurts. There is physical pain, there is emotional pain, there is unhappiness in this life. What about that? Even if we do persist throughout from life to life, we still suffer here. What's the solution to that? And Sri Krishna says, no solution. You have to put up with it. But why? How? That's the beauty of it. Put up with it, of course, we have to, but how? Matra sparshastu kaunte, oh son of Kunti, he says, the word, word, let me explain the word first, Matra and sparsha.",22296,22897,,,116
en_video_03_0039,video_03,en,Advaita,39,"Matra sparsha, the 14th verse. What is the meaning of the word Matra? It means sense organs. Meeyante, Gyaayante, Vishaya, Aabhiriti, Matra. Ma literally means to measure. So from there, me ante to measure, that means to know whether it is form or sound or smell or taste or touch. When you can know them, that's called measuring, knowing them, getting a grasp on them. That by which you know these things. What are they? Sense organs. They are called Matra. They are called Matra. So we have eyes and ears and nose and tongue and skin. And sparsha, sparsha literally means touch.",22898,23478,,,103
en_video_03_0040,video_03,en,Advaita,40,"Here it means the things which are touched, that means the objects. What do the eyes touch? It's a way of putting it. The eye, eyes contact form, roopa. What do the ears within quotes touch? Sound, shabda, and nose, gandha, fragrance or smell. Tongue, jivha, rasa, taste. Skin, twak, twak means skin. What do they touch? It's sparsha, touch literally heat and cold and pressure, warmth. So that that's what the skin senses. The objects with the objects which are sensed are called sparsha. And the ones, the instruments with which we sense these different objects, they are called Matra.",23479,24066,,,101
en_video_03_0041,video_03,en,Advaita,41,"A slightly different interpretation but coming to the same thing is Matra means the functions of the senses, not just the eyes but the functioning of the eyes. Indriya vritti hi they say, the functioning of the eyes which gives us the input of seeing. So sparsha here means the experience corresponding to that function. First meaning, the sense organs and the objects, eyes and form. Second meaning, the functioning of the eyes and the experience of seeing. Basically same thing, little more intricate. The functioning of the ears and the experience of hearing which we are having right now.",24067,24659,,,100
en_video_03_0042,video_03,en,Advaita,42,"So this is what gives us knowledge of the world. And what it generates various experiences, some are pleasant, some are unpleasant. He says experiences shita, cold, ushna. Heat. So now we are making a transition. It's a little cool outside and everybody who comes in says it's so warm in here. So heat and cold, how did you know that? Matra sparsha. Skin. Temperature outside and you get an experience. Pleasant experience, unpleasant experience, too much cold, unpleasant. Too much heat, unpleasant. Just right, pleasant. These are pleasant and unpleasant experiences provided by, generated by the functionings of the sense organs, contact of the sense organs with their respective objects.",24660,25351,,,111
en_video_03_0043,video_03,en,Advaita,43,"They generate this, they will. This is the very nature of the machine. This is the very nature of the not self, anatma. They will generate such experiences. They come, note their nature. They come and go, they arise and cease. Continuously in an endless flow as long as you are awake and in dreams too. They arise and cease. As long as mind and sense organs are working, you will have a series of, you will have it inevitably. Agama payi, coming and going, arising and ceasing. And therefore, anityaha, transient, impermanent. Every experience is impermanent. What do you have to do then?",25352,25940,,,104
en_video_03_0044,video_03,en,Advaita,44,"Tan Titikshasva, forbear, bear with them. Oh Arjuna. I say what kind of solution is that? It's a very deep, deep solution. I was just thinking about it. This word Titiksha, it means forbearance, it means patience. Shankaracharya in his Vivek Chudamani says, this is remember, this is for whom? A spiritual aspirant, for a spiritual seeker. It's a very great quality, a profound quality to be cultivated. I was just thinking about it, so many thoughts came to my mind. I was in the library at Bryant Park. Uh, so sitting and thinking about this and studying this and, um, Shankaracharya says, ""Sahanam Sarva Dukkhanam Apratikara Purvakam.",25941,26578,,,108
en_video_03_0045,video_03,en,Advaita,45,""" Chinta vilapa rahitam sati tiksha nigadyatin Vivek Chudamani. What is this forbearance? It defines it. What do you have to do? All kinds of miseries. Forbearing pleasure everybody can do. I'm just putting up with a lot of pleasure. No. It's the unpleasant side of life which disturbs us. which makes us restless, forbear. There's a reason for that. There's a spiritual reason for that. Putting up with all of that, without desperately trying to remedy situation. Always remember common sense. That is taken for granted. If I'm very sick, I need to go to a doctor and take the medicines.",26578,27166,,,102
en_video_03_0046,video_03,en,Advaita,46,"But after that, there will be a period when I have to put up with unpleasantness, unpleasant medicine, unpleasant treatment, and unpleasant pain. So, put up with that. And how do you put up with a scowl? No, chinta vilapa rahitam, without complaining, without anxiety. Be relaxed about it, let it be. Let it come, let it be, let it go. You be relaxed about it. This is called Titiksha. Sri Ramakrishna considered it one of the greatest qualities. He called it in Bengali Shodhyokara to forbear in life, whatever happens in life. In relationships, monitor financially, health-wise, do what you have to do.",27167,27771,,,104
en_video_03_0047,video_03,en,Advaita,47,"Be active. Remedy the situation, but don't be anxious and don't give it thought. Don't dwell upon it. Don't regret it, don't agonize over it. Why will you not agonize over it? Because it is impermanent. They come and go. Then how do you treat impermanent things? Welcome, stay, goodbye. Neither resist nor cling. Neither resist nor cling to impermanent things. It does no good. That which is to come will come, that which is to go will go. Again, always. So I don't have to go to the doctor, I don't have to take medical treatment. No, no, no, of course not.",27772,28330,,,103
en_video_03_0048,video_03,en,Advaita,48,"You have to do whatever and you see, Sri Ramakrishna would say, In Bengali, there's three, the the the letter Sha, three of them and they're all pronounced in the same way. In Sanskrit, Sa, Sha, Sha. In Bengali, pronounce it sha sha sha, all of them are the same pronunciation. But one meaning of that is forbearing. In Hindi, what you call sahana, sahan shakti, that means to forbear. So, three letters and they all mean, they all are pronounced in a particular way and they all mean also there's a second meaning to it that is forbearance. So he would say that.",28331,28894,,,104
en_video_03_0049,video_03,en,Advaita,49,"He would make a pun on it. It makes sense in Bengali, not in other languages. The pun goes like this. Sha sha sha, je shay se ray, je na shay tar na shay. Literally translated without any of the pun effects, special effects. Uh, it means forbear, forbear, forbear, patience, patience, patience. The one who forbears will last. The one who does not forbear will be destroyed. I was reading a book on the Buddha's teachings and Buddhist, one of the greatest qualities which Buddha praised was patience. Shantideva in the Bodhicharya Avatar, a very well-known Mahayana text. He says the root, love, compassion, patience.",28895,29512,,,106
en_video_03_0050,video_03,en,Advaita,50,"Love and compassion are less important than patience, he says. When you have patience, love and compassion will come of themselves. I mean, there's a lot of research being done right now. There's a psychologist Jonathan Haidt, H A I D T. He's very well known in the United States. One of the things he did was Um, the experiment was an experiment in compassion. So, two groups of students, they were Uh, one group was asked to read something. They were in the Harvard Divinity School or another divinity school, maybe Princeton Divinity School somewhere. So they were told that you have to read this section and prepare a sermon on it and go there and you have to deliver the sermon.",29513,30196,,,123
en_video_03_0051,video_03,en,Advaita,51,"Of course, that's not really what's going to happen. One group was given the story of the Good Samaritan. who helps people on the wayside. So they prepared it and they walked across the lawn where to the other building where they were supposed to give the sermon. Of course, there was nobody there. When you go across there, there'll be somebody to tell you the experiment is over, go home. What what was there was on a on a bench in that lawn, Was somebody pretending to have a stomach ache, you know, as that person, the seminarian would walk past, all engrossed and trying to remember the points he has written for the for the talk on compassion, this person would sort of, you know, collapse in pain and sort of groan and moan and collapse like this.",30197,30951,,,140
en_video_03_0052,video_03,en,Advaita,52,"Now the aim was to see how many stopped and out of concern, how many asked if they could do something. Almost nobody did. They were too busy about the talk they were going to give. Some did, and it did not make a difference what. Uh, story they had read, whether it was a story about compassion or some other story, other parable. Um, so the the result of the experiment was, it's not so much knowledge that you have to be compassionate that makes you compassionate. Rather, it is that calmness and slowness and quietness where you pay attention to somebody else that makes you compassionate.",30952,31544,,,108
en_video_03_0053,video_03,en,Advaita,53,"If you notice the suffering of another person, that was the conclusion. If you notice the suffering of another person, in most cases we have the as human beings, We have, they call it mirror neurons and so on. So we have, we are built for sympathy. So we, that's why they say that sometimes in places where life is slower, in villages and smaller towns, people are more compassionate. It also could be that people know each other. Whereas when life is very fast, classic example of course, Manhattan. There's no time to be compassionate. People are so engrossed in their own minds and their own anxieties, they don't notice what's going on on both sides.",31545,32199,,,117
en_video_03_0054,video_03,en,Advaita,54,So. patience. Yeah. So I had a couple of questions about patience. Yes. One is that there is some literature in psychology which says that bottling up your students or suppressing your unpleasant reactions can be decrementing in the long term. So what are your views for the data use in that? That is one and the other one is it makes sense to or somebody who's being unjust or against injustice in general. Right. So that's exactly where patience comes into play. Um. The Buddhist book I was reading made an important point. Patience does not mean taking things slow or letting things happen to you.,32200,32800,,,107
en_video_03_0055,video_03,en,Advaita,55,"Patience means not being defeated. Adverse circumstances, adverse people who are treating you badly, people or a health problem or a financial problem, whatever, don't. Admit defeat. That is a sign of patience. Not to collapse and say I'm being patient, let whatever is going to happen, little is going to happen. No. To retain energy, to be up and doing calmly, to get back into to shake up the dust, dust yourself off, get back into the struggle. Calmly, without reacting. So without reacting does not mean you will not do anything. You will do what is necessary. That's what I'm trying to answer your question.",32801,33414,,,107
en_video_03_0056,video_03,en,Advaita,56,"So for example, you said bottling up feelings. Now bottling up feelings is not good. Suppression of feelings is, repression is not good, but channeling feelings is very good. Reaction means something happens and I react immediately to it. Somebody says something nasty, I said something nasty back to that person. That's a reaction. Right, don't say anything. I try to engage with that person constructively or ignore him and go about my business. That will not harm, that's better. That's much better. Immediate reaction is what, uh, what is to be avoided. The way Swami Vivekananda defined patience. Very interesting.",33415,34034,,,101
en_video_03_0057,video_03,en,Advaita,57,"He defined, you would always define in a positive way. Now this is the answer to your question. Anything you would define in a positive way. Um, for example, humility. We think humility means being low and accepting and being humble. You know what is Swami Vivekananda's definition of humility? He said humility does not consist in being a doormat. Humility means seeing the greatness in the other person. Seeing good and greatness in another person, that is being humble. How did he define patience? He talked about patience, for him was strength. Not in terms of patience, it's strength.",34035,34624,,,100
en_video_03_0058,video_03,en,Advaita,58,"And what is strength? Not to thrash the other person. He says strength is to stop reaction. What a deep definition of strength. It's easy to fidget. It takes strength to sit still. It's easy to reply immediately. It takes strength to hold back. It's easy to think badly of others or become anxious about a particular situation, a worrisome situation has emerged, immediately anxiety. That anxiety does nothing except create heart disease. That anxiety does nothing, it only creates harm. It's a weakness of the mind. The mind is an instrument. It just churns away helplessly in anxiety. I will not be anxious.",34625,35234,,,104
en_video_03_0059,video_03,en,Advaita,59,"I will do what is to be done, I will think what is to be thought, I will say what is to be said, but no, I will not entertain anxiety or stress, no. to whatever extent possible. That not reacting, physical level, verbal level, mental level. He says that is strength, and that strength he defines as patience. That's a very good idea actually. He says when you drive a chariot to let the horses run amok, is that strength or to hold the reins and pull back the horses and guide it along a particular direction, is that strength?",35235,35762,,,101
en_video_03_0060,video_03,en,Advaita,60,"It's more strength to hold back and then guide it. To gain mastery of the body, of the speech and of the thoughts in the mind. That is strength. And that strength and patience are, it'll be manifested as patience. All the great men, they might seem impatient because they're very energetic. But being energetic and impatient are two different things. Tremendous energy, but continuous the patience to apply that energy in a particular chosen direction, that leads to greatness. I remember a beautiful song by Kabir Das. Some of you may have heard it. I'll tell you this, I looked it up actually.",35763,36358,,,104
en_video_03_0061,video_03,en,Advaita,61,"I remembered it today and looked it up. I heard it many years ago. Man lago yaar fakiri mein. Some of you may have heard this. Oh my mind. be attached or or take to the monastic life, the ascetic life, the simple life. My mind has fallen in love with the simple life. My mind has fallen in love with the free life. Fakir, a fakir is a, um, is an unattached, like an ascetic. A lover of God and not attached to anything in the world. Oh my mind, he calls his mind his friend. Oh my mind, my buddy.",36359,36855,,,102
en_video_03_0062,video_03,en,Advaita,62,"Fall in love with the free life, fall in love with the simple life. Jo sukh pave Ram bhajan mein, so sukh nahi amiri mein. The the joy, the bliss that you get in repeating the name of the Lord Rama, your mantra, the name of God, the chanting the name of God. That joy is not there in in being wealthy and powerful. Man laago yaar, fakiri mein, oh my mind, take to the free life, take to the holy life. Bhala bura sabka sun lijiye. Kar gujaran garibi mein. Listen to all the good and bad which the world throws at you, see.",36856,37378,,,105
en_video_03_0063,video_03,en,Advaita,63,"Contact with the senses generates pleasure and pain. Heat and cold. Not only heat and cold, pleasure and pain, it generates Honor and dishonor, success and failure, hope and despair. Be serene now in all of this. Good and bad the world throws at you. Live the humble life. Literally Garibi means, Kar Gujran Garibi means the poor life. Poor, this is a very beautiful Christian phrase, poor in spirit. Poor in spirit means with a broken spirit, no, no. Means low and quiet and humble. But why I'm telling you this, the end of this song is very beautiful.",37379,37932,,,100
en_video_03_0064,video_03,en,Advaita,64,"At the end, he says, ""Aakhir ye tan khakh milega."" Kaahe phirat kaahe phirat magroori mein. Very touching towards the last last refrain of the last quarter of the song it says, very soon this body will pass away into the dust. It will it will merge into dust, ashes to ashes dust. into dust. If you're a Hindu, the body will be burnt and this much ashes will be left. I've literally seen because we we have a tradition of cremating the monks who have passed away. And so I've seen this much dust, this much ashes. It's put in a little bowl and then little earthen pot and then floated on the Ganges.",37933,38532,,,115
en_video_03_0065,video_03,en,Advaita,65,"on the Ganga, which is next to the monastery. That's what remains. Or if you're buried, the body decomposes back into the earth. Dust to dust. Why do you go around with so much ego? Akhir ye tan khakh milega, kahe phirat magroori mein? Why walk around the earth with so much ego? In a blink of an eye you'll be gone, back to dust. Where is this ego coming from? And then Kabir concludes. He says, ""Kahata Kabir the usual way. Suno bhai sadhu, oh oh spiritual seekers, oh seekers of God. Listen to what Kabir says."" Saheb mile saburi mein.",38533,39071,,,102
en_video_03_0066,video_03,en,Advaita,66,"The Lord my God is attained through patience. Saburi, the word means contentment, means patience, sabar means to to be patient. Hold on, hold on, hold on. There's nothing like holding on. Yes. Yes. And yet it seems like we're the only ones who are at risk of being dominated or enslaved by our egos. And so, I guess my question is, wouldn't that make us put us in a position where we would be who is to be pupils to to other species that are left. True, but they're instinct driven. Here we have the possibility of freedom. The first time the possibility of freedom.",39072,39638,,,106
en_video_03_0067,video_03,en,Advaita,67,"And so we are like a bridge. Human beings are like a bridge. So this human birth. Remember, we are sentient beings, whether in the body of a dog or a plant or a human body or a divine body, we are sentient beings. In this body, it's like a bridge between towards the higher life. So that's why. For a beautiful conclusion, the Lord Sahib uses the word Sahib for Lord. So my the Lord my God is attained through patience, saburi mein. Stay in patience. In poverty, in humility, stay there and you'll get the Lord. We become impatient.",39639,40171,,,101
en_video_03_0068,video_03,en,Advaita,68,"Impatience, pride, anxiety, they all go together. We're going to start at the top. I remember there's a story which Sri Ramakrishna used to tell. A young man came to the ashram to become a spiritual person and he asked, what can I do here? They're who lives here? Well, the guru lives here with his disciples. Um, so what does a disciple do? Well, the disciple has to get up very early in the morning and has to meditate and has to clean the temple and the ashram and has to attend classes and study and exams and memorize Sanskrit verses.",40172,40711,,,102
en_video_03_0069,video_03,en,Advaita,69,"and serve the guru and go out and collect firewood and arms for the ashram and and so on and so forth, long list of duties. And what does the guru do? Oh, he gives a few talks. And then this man said, oh, I'll then I'll be the guru, you know, it's not so fast. This is a story which Sri Ramakrishna says, everybody wants to be the guru, nobody wants to be a disciple. It's actually much harder to be a good disciple than a good guru. Um, I remember once in the ashram when I was, um, A novice, a young man came to join the order, a simple young man from a village.",40712,41276,,,117
en_video_03_0070,video_03,en,Advaita,70,"He had just read a few books about Vivekananda. And so they asked him, we asked him, so why do you want, what do you want to do? Why do you want to become a monk? He says, then I'll go to the world parliament of religions to teach Vedanta. And we told him, sorry, you are about 100 years too late. This was back in the 1990s. More than 100 years ago, Swami Vivekananda has already done that. So what he has left for you is to clean the temple and cook and yeah. Yes. Swami, this path of patience, this path of forbearance.",41277,41799,,,105
en_video_03_0071,video_03,en,Advaita,71,"It's so difficult in, you know, present times where some other virtues like aggressiveness or dynamism, which is almost equated with aggressiveness, especially for certain professionals, is considered really an asset. So how does one really balance it in? Remember, dynamism is not against patience. So, so yeah, I know. You notice how Vivekananda defines patience as strength. Notice how you find patience in, um, see, I just mentioned patience is not being defeated, for example, when I say. So that resilience. These qualities will serve you well everywhere. Even in any of the professions that you talked about. Um, the qualities you're talking about are middle management qualities.",41800,42487,,,109
en_video_03_0072,video_03,en,Advaita,72,"Those are the guys who want to prove themselves. You'll see those are the top. At any organization, you will find some of these qualities there. But remember, this is not a management development workshop. These are qualities for a spiritual seeker. What will you get by these qualities? What will you get by those qualities? You can climb a little further up the corporate ladder. But Kabir has the last word, very soon, handful of dust, nothing else. I know this story that, um, a counselor, he was walking with his client who was an executive and very stressed in a corporate job and he said, I have no time.",42488,43099,,,111
en_video_03_0073,video_03,en,Advaita,73,"Um. I can only, you know, whatever you say, this succession, this practice, I have no time for that. You don't understand, day and night I'm busy. And they were walking through a graveyard and this counselor said, look at those people. All those graves, the people lying there, in their time they were among the busiest people in their lives. That's what's waiting for you, very, very soon, very soon. No, no, you should always have that attitude. Today or 100 years later, no anxiety on that score. Ashtavakra says that. Tishthatu, let it stay for 100 years or let it go today itself.",43100,43685,,,105
en_video_03_0074,video_03,en,Advaita,74,"Have to be equally serene in both ways. So not concerned. Then what will you do? Do whatever you have to do. Then see what is important in life. It's the only one thing will be important in life then, this one. Imitation of Christ, a very beautiful book. Swami Vivekananda loved it. Um, it was written by a medieval Christian monk, Thomas Campis. There, this very thing is talked about. How do I find peace? The writer conceives of Christ talking to the disciple. So he just, this is like he imagines this. So the disciple asks Christ, how do I get peace, peace?",43686,44248,,,105
en_video_03_0075,video_03,en,Advaita,75,"And he, Christ says to the disciple. says if you want peace my child, then do these four things. Now compare these four with what you just said, the aggressive, dynamic, corporate ladder climbing, no time kind of tense. High achiever, A type personality. What does Christ say? Four, four things. You will be shocked. He says, if you want peace, four things. One, always try to have less rather than more. 50% of Manhattan finished here. 180 degrees opposite of what you're trying to do. Remember Christ's condition, if you want peace. He says I'm going to hold on to that.",44249,44821,,,102
en_video_03_0076,video_03,en,Advaita,76,"If you want more rather than less, then you will not get peace, you'll get everything else. If you want peace, always seek, make an effort, work hard to have less rather than more. Now you're seeing many books about the simple life coming out. Those books themselves will have no space for them so much. First, second one is even more difficult. Always seek to be last rather than first. Even more difficult. What do parents teach their children? What do you mean my son won't get into an Ivy League college. Think about it, what it means. The kind of mentality there.",44822,45390,,,104
en_video_03_0077,video_03,en,Advaita,77,"Not that he's trying his hard to be a loser. That's the first thing that person in Manhattan will try to say, oh, you want to be a loser. No, no, no, no, no, no. One thing which you want, say, suppose you want God realization. There, no compromise. In everything else, I'll you go ahead. I have nothing to, I'm not competing against you. be last rather than first. It's just a play on the biblical assurance Christ says, the first shall the last shall be first. Then the third one is even more difficult if you want peace, even more difficult than this.",45391,45944,,,105
en_video_03_0078,video_03,en,Advaita,78,"Always seek to do the will of another rather than your own. Always seek to do the will of another rather than your own. 50% of divorce cases will be solved here itself. They will not end in divorce. They will, the problem will be solved. Let your will be done. Think about it, why not? In most cases, it's a minor difference of opinion, difference of taste. Always seek to do the will of another rather than your own. If you want peace. And the last one is most important. In all things, learn to accept the will of God.",45945,46465,,,101
en_video_03_0079,video_03,en,Advaita,79,"Everything is exactly as God wants it to be, even the most horrible things. To learn to accept that. Do your duty. If you see suffering, if you see problems, do what you have to do, but know that don't, don't fight against reality. Four things if you want peace. We do exactly the opposite, more rather than less, no peace. First rather than last, let alone last, not even second, always first. How many people can be first? Everyone. Yes, that's great, one, not great. They say, you know, if you win the rat race, you're still a rat.",46466,47000,,,100
en_video_03_0080,video_03,en,Advaita,80,"Just a bigger rat than the others. And then the third one, my will, not yours. Immediately no peace. That's the, that's the root to almost all the quarrels we have in this world. And the fourth one, acceptance of the will of God. That is called Dheerah, patience, Titiksha, forbearance, spiritual forbearance. That I on purpose I spent a little time on this. What will be the result of all of this? Jesus says in the imitation of Christ, you will get peace. Krishna says, you will get enlightenment. You will get freedom, moksha, God realization if you do this.",47001,47562,,,101
en_video_03_0081,video_03,en,Advaita,81,"How will you do it? He's not asking you to go and fight the fight the enemy with no weapons at all. He's arming you with the weapons of Spiritual knowledge, spiritual practice, then asking you to practice patience in the face of the ups and downs of life. Try, a little bit you'll try, you will gain in strength, confidence, and peace of mind. A little bit you try. God will give, will continuously give you opportunities, don't worry. Starting right now, the moment you step out, he'll give you continuously small and large opportunities. If not spiritual, don't take it in the spirit, then stress, anxiety, grumbling.",47563,48182,,,109
en_video_03_0082,video_03,en,Advaita,82,"Swami Ranganathan ji used to tell us, if you are a monk, one thing you give up, no grumbling. Don't grumble at anything. This holding grudges and grumbling, absolutely not. Grumbling, stress, anxiety, annoyance, irritation. This is life. Fear, anxiety, terror, what's going to happen? Nothing much will happen but terror. And if you take it spiritually, this whole, the same problems will remain. They become the cross. Jesus Christ said a cross, we also will get a cross. Suffering. So who wants to be on a cross? You are there anyway. You have been fixed upon it. Recognize it as a cross, spiritual progress, peace of mind, joy, elevation, freedom.",48183,48833,,,111
en_video_03_0083,video_03,en,Advaita,83,"Don't recognize it, struggle, endless birth and death. So that's what happens. The result he says in the 15th verse, we'll read that and stop because the 16th one, I'll tell you about that later, but first the 15th one. Yam hina vyathayantiete Yam hina vyathayantiete Purusham Purusharshabha Purusham Purusharshabha Samadukha Sukham Dheeram Samadukha Sukham Dheeram Somritat So what is the result of living like this? Oh best of men, that wise person. whom these do not afflict. That means those the person who is not unsettled, doesn't become restless, doesn't become shaken by these by the cross, who is serene, who has equanimity in pleasure and pain.",48834,49488,,,108
en_video_03_0084,video_03,en,Advaita,84,"does what has to be done, but serene, calm, not shaken, is fit for immortality. That one is fit for immortality. That one is fit to be a Jivan Mukta, enlightened while living. So, Yam hina vyathayante te, the one who is not troubled by these things, ups and downs, the dualities coming from the contacts with the senses. The best among people, such such people. Sama sukham dukham, the one who is serene in, um, Misery, things which would have produced misery, things which produce pleasure. In both cases, evenness of mind. That person is Dheeram. See the same word again.",49489,50062,,,102
en_video_03_0085,video_03,en,Advaita,85,"Remember Dheeram, one who has this knowledge and can use it in life, can walk the talk. Or at least one who's trying to walk the talk. So amritatvaya kalpate. Great result comes to such a person. Immortality is the result of all of this. Enlightenment, moksha, salvation, whatever you call it. The next verse, 16th one, is one of my favorite, maybe the favorite or so in the whole Bhagavad Gita. It is as one monk in the Himalayas, he told me, he said, ""Yeh toh Gita ki darshanik hriday hai"". This is the philosophical heart of the Bhagavad Gita.",50063,50609,,,101
en_video_03_0086,video_03,en,Advaita,86,"The next one which is coming, 16th verse. So I'll spend at least one whole class on it. I'll explain what it means, then we will go to the original commentary of Shankaracharya. You don't have to get it. I will read out and explain relevant portions from the commentary of Shankaracharya about it. The fundamentals of Advaita Vedanta are there in the 16th verse. Um, he has built up to this. So that we will see next time. Om Shanti Shanti Shantihi Harih Om Tat Sat Sri Ramakrishna Rupanamastu",50610,51103,,,90
en_video_04_0000,video_04,en,Advaita,0,"Om Vasudeva Sutam Devam Kamsa Chanuramardanam Devaki Paramanandam Krishnam Vande Jagadgurum Can you hear me? Can everybody hear me? At the back? I don't know why I, I can't hear myself. Oh, now, now it's okay, yeah. Yeah. Before we start, we had a very interesting experience this evening. There's this a conference at NYU in the philosophy department on the hard problem of consciousness. Many of you know what it is, thanks to me. I've been going on and on boring you about it. And today the discussion was Advaita Vedanta answer to it. And so a professor from Australia, all the way from Australia, Miri Al-Bahari, she came and she gave a talk.",0,647,,,115
en_video_04_0001,video_04,en,Advaita,1,"Some of us we went to attend it, some of you are here who we went, we were there together. They were thinking, who are these strange people? So, Imagine the top people in in philosophy, especially in philosophy of mind, Ned Block and others, I mean these are names to be reckoned with. So they they were there and what we are studying here, that was being presented there in in more philosophical language. When the presentation was going on, I was so delighted, you know, the things that she was saying are almost, if you put them in Sanskrit, that's exactly what Shankaracharya was saying 1400 years ago, exactly the same things.",648,1279,,,114
en_video_04_0002,video_04,en,Advaita,2,"Not only that, it's a tough crowd. Somebody said it's a tough sell. Obviously, you wouldn't expect them to buy it or immediately take up, take it up. But even the questions they asked and the hard questions they asked, they don't know. Exactly those questions have been asked by the opponents of the Advaitins over the last 1400 years. And there are excellent answers to them. I'm not saying that it's all solved and cut and dried, of course not. But I think there are good answers to that. In fact, afterwards I was talking to some of the philosophers and saying that you're trying to put me out of a job.",1280,1886,,,113
en_video_04_0003,video_04,en,Advaita,3,"I was feeling happy at the same time as I was feeling, so I thought maybe I should retire, go back to the Himalayas. Americans can take care of themselves. Now they are doing it in the in NYU, so why should I, why should we have a Vedanta society for it? Incredible. I was so happy to see this. Um, in fact, what we're going to talk about today is directly related to the discussions that were that was going on at that time. And as a result, as a sort of, um, consequence of that, I nearly did not make it to the class.",1887,2407,,,106
en_video_04_0004,video_04,en,Advaita,4,"I came out of NYU, then I went into Washington Park, and then I came out and I got lost. So I wandered around a little bit here and there, and with time running out for the class, I thought no need to get anxious because nothing's going to happen unless I get there, so nothing interesting is going to happen unless I reach. But I did manage to come back. I said last time that the verse that we are going to do now, the 16th verse of the second chapter is a very important verse and philosophically speaking, at least from the non-dual perspective, it's the heart of the Bhagavad Gita.",2408,2994,,,113
en_video_04_0005,video_04,en,Advaita,5,"I'm using my words carefully, philosophically speaking from the non-dual perspective. If you're asking for practical advice in spiritual life, there are other verses which will be very useful. For Karma Yoga, something like Karmanyevaadhikaraste, that is a central verse. What do I do? I don't want all this philosophy. How do I lead my life? Krishna will say at the very end, Sarva dharvan parityajya, give up all other practices, take refuge in me. So practical spiritual advice, there are other verses. This will seem very theoretical, but this is fundamental to the whole of Advaita Vedanta, this verse.",2995,3602,,,100
en_video_04_0006,video_04,en,Advaita,6,"What does this verse say? It can be said easily. The central teaching of Advaita Vedanta. Brahman is real, the world is an appearance, and you are Brahman. Many of you are like, yeah, we know that. You should have been there at the seminar. Just each of these things is taken, was taken up and shredded. For a person coming from, say, a materialist reductionist background, this is a crazy thing to say, incredible thing to say. But this is the central message of Advaita Vedanta. Sri Ramakrishna, he was asked, Please teach me spirituality in one sentence. So the person who asked that was wise because otherwise the whole of the gospel of Ramakrishna several hundred pages, 800 pages, 900 pages is the teaching of Ramakrishna but.",3603,4335,,,129
en_video_04_0007,video_04,en,Advaita,7,"One sentence, tell me all of spirituality in one sentence. And Sri Ramakrishna looked at that man and he said, Brahman is real, the world is an appearance. assimilate this truth. And then the writer, no less than Swami Brahmananda, he says, saying this Sri Ramakrishna kept quiet. He says this also. That means emphasizes it that Sri Ramakrishna did not add anything more to it. Brahman is the reality, the world is an appearance. In Bengali he said, ei ti dharana karo. Assimilate this. This is enough for for enlightenment. This verse says it. This verse is for the first time, what is going on here?",4336,4938,,,107
en_video_04_0008,video_04,en,Advaita,8,"Krishna is talking about the Vedanta theory of the self. Who are we? And he has said that we do not die with the death of the body. Remember the last few verses, but now he's coming to the the central teaching. There is one reality which appears as this universe and you are that reality. Brahma Satyam, Brahman is real. Jagat Mithya, the universe is an appearance. And what about you? Jeeva Brahmaiva Napara. You are none other than that absolute reality. I was just thinking it'll make you smile. The language the professor was using to say exactly this thing.",4939,5501,,,102
en_video_04_0009,video_04,en,Advaita,9,"Um, she was saying that Advaita says there is an a-perspectival ground of consciousness and that appears as a-perspectival subjects. Basically, this is the same thing. Um, this central teaching that has been set forth for the first time in this verse, and as you can imagine, Shankaracharya, the Great teacher of Advaita Vedanta, he is very, very happy with this verse. So today we are going to not only read the verse, um, and the basic meaning behind it, but I'm going to take you into what I usually do not do. into the original commentary of Shankaracharya on this verse.",5502,6077,,,102
en_video_04_0010,video_04,en,Advaita,10,"So we'll do a close reading of his commentary. It's fantastic and it has tremendous implications for philosophy. The the commentary itself is so wonderful. And the great thing is, not only is the truth stated here, teaching given here, it is argued out, and it is also shown how you can directly experience it here and now and forever. So that's what's given here. Um, there's a story which goes, you know, Mahabharata was written by Vyasa, the great poet and sage. And remember the story, all the very nice stories. So Mahabharata, he needed somebody to take it down, to write it down.",6078,6664,,,105
en_video_04_0011,video_04,en,Advaita,11,"Uh, um, what do you call it? A stenographer? A scribe? And so who, who does he get? Ganesha. So Ganesha is the scribe with his elephant head and his enormous processing capacity. He is the scribe. And Vyasa is the person who's composing and giving out poetry as it comes to him, all in the form of poetry. And this greatest of all epics. But Vyasa knew that, or Ganesha sets up, sets up. Condition. I will write it down, but you have to keep on composing and telling me the verses. It can't be like you can't take a break and I'll keep writing.",6665,7209,,,106
en_video_04_0012,video_04,en,Advaita,12,"If the moment you stop, I will also stop and the moment I stop, that's it, I'm done. Vyasa says no less. He says okay, I agree to your conditions, but I have a condition of my own, and the condition is, um, If there is, okay, the condition is you must understand what you are writing. You must understand before, before you write it down. Once you have understood it, write it down. Don't write without understanding. And on purpose, Vyasa would once in a while compose a verse very difficult to understand. So that Ganesha would go, and Vyasa would take a breath, a breather, you know.",7210,7796,,,109
en_video_04_0013,video_04,en,Advaita,13,"But very soon Ganesh is at it. Got it, and he starts writing. So there are those verses. So this is a story. It's just a story to show that there are difficult verses. They're called knots, granthi. They are the places where you have to really pay attention because something deep is being said here. Untie it at that point, the whole thing becomes revealed to you. One of those verses, there are others. You will often find them by their deceptively Simple appearance and yet paradoxical statement. They're sometimes paradoxical or here it will seem tautological, stating the absolute obvious.",7797,8391,,,102
en_video_04_0014,video_04,en,Advaita,14,"So what does he mean? Let's see. Please repeat after me. Na sato vidyate bhavo. Na sato vidyate bhavo. Na bhavo vidyate satah. Nabhavo vidyate satah ubhayorapi drishtvantah ubhayorapi drishtvantah stvanayo tatvadarshibhih stvanayo tatvadarshibhih The unreal never comes into existence and the real never goes out of existence. Those who are truly wise, they have understood these two. The unreal as the unreal and the real as the real. Those who are truly wise, they have understood these two. Now on the face of it, it's strangely what philosophers call tautological, stating the obvious. One is one. A is A, it's tautological that you're stating the obvious.",8392,9052,,,107
en_video_04_0015,video_04,en,Advaita,15,"Real is real and unreal is unreal, that's all. It's wise to know what is real and what is unreal. I have to go a little deeper. What does he want to say here? This is the philosophy of being, the philosophy of existence. Remember, there can be an approach to Brahman from Sat, existence, from Chit, consciousness, and also from Ananda, value or bliss. This is an, this is an approach from existence, what is, from isness. Now, one way I'll give you a simple explanation before we launch into what Shankaracharya does. One explanation is this, one way of explaining it is this.",9053,9629,,,105
en_video_04_0016,video_04,en,Advaita,16,"I have often mentioned, you can think of it in this way, things have intrinsic properties and incidental properties. So I've often given you the example of a hot potato, potato which is being boiled. So it's hot, but it's hot only. Temporarily, it was not hot to begin with, and it will not be hot a little later. It's only when you're serving it hot. Now, it gains heat and loses heat. So the heat in the potato, It's not, it's not intrinsic to the potato. It's not always hot. Where did it get its heat from? It's a borrowed heat.",9630,10162,,,102
en_video_04_0017,video_04,en,Advaita,17,"It got its heat from the boiling water. And the boiling water similarly is not intrinsically hot. It is hot now, but it was not hot earlier, and it will not be hot later on. That heat does not belong to the water. It borrowed it from the hot pan. Similarly, the pan. It was, it was cold, um, it borrowed its heat from the fire underneath. But the fire did not borrow its heat from anywhere else. It has its own intrinsic heat. Now look and notice what happens to the fire, as long as it is burning, it is hot.",10163,10672,,,102
en_video_04_0018,video_04,en,Advaita,18,"It is a very simple example. It is hot. It does not become hot and does not become cold. As long as the fire is there, it is hot, and it can lend its heat to others. So, a sign of a borrowed property, incidental property, accidental property, is that it comes and goes. The pan was cold, it became hot and lost the heat. The water became hot and lost the heat. The the potato it became hot and lost the heat. But the fire never became hot and lost the heat. Whenever it was there, it was hot.",10673,11165,,,100
en_video_04_0019,video_04,en,Advaita,19,"So the sign of an intrinsic property is that it does not come and go. The sign of an incidental property. You know what is meant by incidental? Not essential to the nature of the thing. It's borrowed. It comes and goes. So somebody says in Manhattan you don't know who's rich because everybody acts rich and spends a lot of money, but some they own that money, some they're they're running on they're maxing out their credit cards. So, only when it's repossessed, the people who have lent you money, they come to take away the stuff, then you realize, oh, it was borrowed money.",11166,11744,,,106
en_video_04_0020,video_04,en,Advaita,20,"It came and went, but it does not belong to that person. Similarly about heat. Now, If this is this much, you take away this much. If there is something called an intrinsic property, it will be there always. If there is something called an accidental or incidental property, it can come and go. The sign of it being an incidental property is it comes and goes. Now. Think of existence. Can existence be a property? That's a different issue altogether because there's a lot of philosophy. We might not know it, philosophers would immediately object. But anyway, consider existence.",11745,12325,,,100
en_video_04_0021,video_04,en,Advaita,21,"Suppose existence is an incidental property. I'm telling you something which is common sense, but I'm putting it in a little philosophical language. Suppose existence is an incidental property. What would happen to it? If heat is, what happened to the heat in the potato or the water or the pan? It comes and goes. If existence were like that, it would come and go. When heat comes and goes, the object becomes hot and cold. If existence comes and goes, what would happen to the object? It would be born, it would die, or it would be created, it would, it would come into being, it would go out of being, right?",12326,12937,,,113
en_video_04_0022,video_04,en,Advaita,22,"Are you with me? If existence is like that, if it comes, if something gains existence, it's a It's a fancy way of saying it is created or born. If something loses existence, it's a philosophical way of saying that it is destroyed or dead, which means being born and dying, being created and destroyed, coming into being and disappearing. These are signs that these entities have borrowed existence. Existence does not belong to them. Incidental. The incidental existence, accidental existence, borrowed existence. Existence does not belong to them. And what are we talking about? Just about everything in the world, including here, us, our bodies.",12938,13585,,,106
en_video_04_0023,video_04,en,Advaita,23,"Everything is created. Products are created, bodies are created and destroyed, the entire universe in fact. It's created in the Big Bang and every artifact in it is created and destroyed. Every entity that we know. comes into being and is lost. So they do not have existence as an intrinsic property. But suppose there is something called something which has existence as an intrinsic property. Suppose. What would happen to it? What would happen to it? It would be there always. It would never be born, never die. Just as fire, whenever fire is there, fire is hot. See, in the same way, if existence were an intrinsic property, then that entity would be there always.",13586,14254,,,117
en_video_04_0024,video_04,en,Advaita,24,"What he is saying here is, there is such a thing which has existence as an intrinsic property, and it's you, the real you. And he will show it now. He will demonstrate it. He says it's actually we it is there, it's an open secret. Not exactly in front of our noses, rather we have to say behind our noses let's say. It's there all the time an open secret, we just have to see it, he's going to show us now. So that's the whole story behind it. He's going to show us what we call our immortal soul, that we are Brahman, he's going to show that to us.",14255,14804,,,112
en_video_04_0025,video_04,en,Advaita,25,"Okay. He said, the unreal has no existence, does not come into existence, and the real never goes out of existence. He uses words Asat and Sat. Now, There are, think of three kinds of entities. One is in Advaita Vedanta which has intrinsic existence. That means it never goes out of existence, it always is. You would say that it's good to say such a thing, you've defined it, is there actually such a thing? Yes, there is, we'll see today, right today we'll see right here. There is such a thing, and it's been within everybody's experience. Now that thing is that ultimate reality is Brahman is Sat.",14805,15406,,,110
en_video_04_0026,video_04,en,Advaita,26,"The name for that is Sat, pure being, existence, pure being, Sat. So he uses that word Sat. We have also heard Sachchidananda, Brahman is defined as existence, consciousness, bliss. So that word is used Sat. That is the ultimate reality. The opposite of that is the absolutely unreal, which has no existence at all. So like a square circle for example, or the classical example they give is Bandhya Putra, the son of a barren woman, by definition impossible. A square circle, by definition impossible. So, something that can never, that does not exist and can never appear. Does not exist, cannot appear.",15407,16011,,,104
en_video_04_0027,video_04,en,Advaita,27,"There's no question of it experiencing such a thing. It's a logical impossibility. But in between these two, the absolutely real and the totally unreal, in between these two, there's another category which has borrowed existence. So which comes into existence and disappears. That's that in between category in Vedanta is called Mithya. Things with borrowed existence, things which are not intrinsically real, they borrow their reality for a time being. Yeah, what is the difference between absolutely real and this this in between category? This English translation would be the false. would be an appearance, would be false. How do you distinguish between existence, that which really exists, Sat, and this, um, Mithya?",16012,16733,,,114
en_video_04_0028,video_04,en,Advaita,28,"Sat always exists. Never goes out of existence. And the Mithya is something which does not exist, yet appears to exist for a time being with borrowed existence. Where does it borrow its existence from? It borrows its existence from Sat. I'll repeat, Mithya, the false, the the apparent reality. In for a time being it appears before us. The absolutely unreal never appears. Nobody has actually seen a square circle. But, We have, this is not crazy because we have such experiences. Mirage, water in the mirage. It, you see, it seems like existing there. When you go close, you see it doesn't exist.",16734,17332,,,105
en_video_04_0029,video_04,en,Advaita,29,"The classic example of seeing a snake in a rope. So, it appears for a moment you saw, you thought you saw it, but when you go close, it's not there. So there is a category of things which are, which appear without existing. And for the time being, they seem to exist, and their existence is borrowed. So that category is called Mithya, and Shankaracharya wants to say whatever we experience in the world is in that category. They all have borrowed existence. They do not exist by themselves. They will not exist after some time, and even when, most important, even when they seem to exist, when they seem to appear before you, right now.",17333,17970,,,117
en_video_04_0030,video_04,en,Advaita,30,"They do not exist by themselves. They are borrowing their existence from Sat, from Brahman. Alright. How is this possible? He takes this track. See, this verse is about reality and unreality. Sat, the technical term is Mithya. The word he uses for Mithya here is Asat. Why this has to be said is, those who have studied Vedanta, for them Asat does not mean Mithya. They talk about absolutely real Sat. The false, Mithya, and the totally unreal Asat. So here, Asat does not mean totally unreal. This is what I wanted to point out. Here, Asat means false.",17971,18524,,,100
en_video_04_0031,video_04,en,Advaita,31,"When you say the world is false, Shankaracharya is calling it Asat here. But in Vedanta textbooks, Asat means square circle, nothing. He does not mean that. So that's what has to be clear. Alright. Now we go and we know enough to go into Shankaracharya's explanation. He takes, yes. Yes. Yes. All entities which are called Mithya are products of Maya. Maya presents Brahman, the Sat, the pure being as the ever-changing world. Yeah. So therefore, everything that we see here, everything that Shankaracharya calls Mithya is Maya. In fact, it's a common phrase in India. Sab Maya hai.",18525,19107,,,100
en_video_04_0032,video_04,en,Advaita,32,"People will repeat it in villages. They have not gone through all this philosophy, but it's just a sort of You know, catchphrase. I mean, like life is like that. So, sub Maya, everything is Maya. Literally, it means everything is Maya. But but when somebody says that, he's what he he or she means in India is just let it go, it's just like that. Don't start philosophizing with that person, he'll be puzzled. Alright. Now the track Shankaracharya takes is, how do you borrow existence? It's cool to talk about borrowing existence as if, but is it possible?",19108,19665,,,100
en_video_04_0033,video_04,en,Advaita,33,"Is it what, what do you mean borrow existence? It happens all the time. Where does it happen? Cause and effect, material cause and effect. So, clay. Clay, when you shape it into a pot, you call it a pot, but the pot which has a name, a distinct form, and a use, name, form, use, Nama, Rupa, Vyavahara. But its entire existence depends on the constituent clay. True or false? Only a few of you seem convinced. A clay pot. Look at this. A wooden lectern, a wooden lectern. Its entire existence depends upon the wood constitute constituting it.",19666,20207,,,100
en_video_04_0034,video_04,en,Advaita,34,"Proof, take away the wood, the lectern would disappear immediately, right? It has no existence. In fact, when I touch it, what do I say? Touch wood. I don't say touch lectern. Well, I know I'm touching wood only. I can conventionally say I'm touching a lectern or a podium, but I know physically I'm touching what the material, the material out of which it is made. So, entire existence of this piece of furniture is the wood constituting it, the material cause. The wood is called the material cause in Sanskrit, Upadana Karana. And this using Shankaracharya's terms, we will see now.",20208,20793,,,103
en_video_04_0035,video_04,en,Advaita,35,"This podium would be called Karyam, effect, or he says Vikara. Vikara means a modification of the material. So the podium is a modification of the constituent wood. Any modification, this is what he wants to say. Any modification borrows existence from its constituent material. By the way, those, I'm enjoying this. But those who are thinking, I wanted some religion, let me go and get me some religion in my life. What I, what have I landed up in? Don't worry, all that will come. Devotion and meditation and ethics, all of those things will come slowly, but this is the central teaching.",20794,21384,,,104
en_video_04_0036,video_04,en,Advaita,36,"So what have we got so far? Anything that is a modification, an effect, depends on its material cause for its existence. It borrows, a clay pot borrows existence from the constituent clay. This furniture borrows its existence from the constituent wood. Alright. I'll read out the original Sanskrit. You will like it. I'll translate, of course. Shankaracharya says, vikaro hisa, any entity you see is an effect, modification. Vikara cha vyabhicharati. Effects keep changing. Yatha ghatadi samsthanam chakshusha nirupyamanam mrid vyatirekena anupalabdhehe asat. He says, just as a pot, which you can see with your eyes, or you can see the form with your eyes, yet there'll be nothing left there if you take away the clay.",21385,22104,,,118
en_video_04_0037,video_04,en,Advaita,37,"You will not perceive anything at all if the clay is taken away. Other than the clay, you cannot see the pot. Other than the pot, can you see the clay? Yes, you can see it as a lump of clay. If you break the pot, you can see it as a broken pot. Clay, clay you can see. In fact, all you are seeing is clay. Literally, anything that your eyes are contacting is the clay itself. Okay. So what did he say? Just like, he gives an example. Whenever he says yatha, it means just like. Just like the form of a clay seen by the eyes is not seen other than the form of a pot seen by the eyes is not seen other than the clay constituting the pot.",22105,22740,,,133
en_video_04_0038,video_04,en,Advaita,38,"Without that, no pot. Similarly, what does he want to say similarly? Tatha, just like that. So when Shankaracharya is writing in Sanskrit commentaries, if there is a yatha, yatha means just like, look for the tatha, just like that, there he's going to make his point. Tatha sarvo vikara karana vyatirekena anupalabdhe asat asan. Just like that, every effect, every product vikara. has no existence, cannot be found, cannot be experienced without their constituent material. This is the, he says, asan, this, this is the very definition of falsity. So, what is this conclusion? Being an effect, being unable to exist, being unable for unavailable for experience, unavailable for experience without its constituent cause, all these products are false.",22741,23490,,,120
en_video_04_0039,video_04,en,Advaita,39,"The term he uses, Asat. In some, in plural, a sun in Sanskrit plural. Also, these ones did not exist before their creation and will not exist after the destruction. Remember, was not hot earlier, will not be hot afterwards. Is it getting hot? Do you need the fan? Some borrowed. He says, Janma pradhvamsabhyam praguddham cha anupalabdhe. Not only are they not existent without their constituent materials, but before their creation also you could not see them, and after their creation also they are not available for experience. After the destruction. Before destruction was not there, before creation was not there, after destruction will not be there.",23491,24145,,,108
en_video_04_0040,video_04,en,Advaita,40,"Even when we say they are there, they are not there without their constituent material. So this name and form, all these things are names and forms. These names and forms are appearances. They're not there before they were created, they will not be there after they're gone, and even when they are there, they're still appearances of their underlying material cause. But you'll say, yeah, so the clay is there, right? But the clay is not there apart from its cause. In the Sanskrit, in the old cosmology, How is everything? The clay will not exist apart from the earth element.",24146,24723,,,102
en_video_04_0041,video_04,en,Advaita,41,"They talk about sky, fire, space, fire, water, air, earth. So five elements. And today you can talk about matter as we understand it. So he says, So, the clay does not exist without its cause, and that one does not exist without its cause. The clay is an appearance of its if its cause, and that cause is an appearance of its underlying cause, and that is an appearance of its underlying cause. So he says, Mrida clay etcetera, are clay and the whole sequence because the first one cannot be experienced without its underlying reality, underlying cause. And that one cannot be experienced without its underlying substance and so on, the whole thing becomes an appearance.",24724,25395,,,118
en_video_04_0042,video_04,en,Advaita,42,"Then question. So the guy who asked the question is very interesting. Often just the question which comes to maybe if you're following carefully, the same question will come to your mind. Are you saying everything will disappear then? Tadabhavecha sarvabhava prasanga iti chet. I said wait just a minute. If you say that, if you do that, then we are we are arriving at nothingness. Is everything from A to Z an appearance? That cannot be. The thing, whole thing must be grounded somewhere. You cannot infinitely borrow heat. It must have come from something which has, which is intrinsically hot.",25396,25992,,,102
en_video_04_0043,video_04,en,Advaita,43,"Similarly, what is intrinsically existence, existing? Shankaracharya says, no. It's not that everything is false or everything is an appearance. There is a ground reality. We are coming there now. What is the ground reality? He says, Every experience you have, in every experience, a pot experience, a table experience, man or woman or sky or earth, whatever experience you have, good and bad and pleasant and unpleasant, in all the experiences, There are two components, this is very important. There are two components. What are the two components? The there is the object of experience, it's called Vishaya. Sight, sound, smell, taste, touch.",25993,26638,,,104
en_video_04_0044,video_04,en,Advaita,44,"These are the objects of sense experience, and there is the experience of isness, which we ignore. You see, when you see, what I, what are you seeing? You say clock. What are you seeing now? You say book. What are you seeing now? You say hand. What Shankaracharya says, no, no, no, in each of these experiences, the two components are there. Clock name and form, clock is. So clock is one experience and the other part of it is It exists. It is. Do you experience it as existing or non-existing? Existing. You see, it goes without saying.",26639,27177,,,100
en_video_04_0045,video_04,en,Advaita,45,"What was your experience? Clock is. Book is. Hand is. He says, notice the objects of experience kept changing. Clock, book, hand. The objects are different. The clock is not a book, the book is not a hand, and the objects come and go. They keep changing. Sometimes you see, sometimes you hear, sometimes you smell, taste, touch, and what you see keeps changing. How many things you've seen since the morning throughout your lifetimes, how many things you've heard. These keep changing. But everywhere you have the continuous unchanging experience of easiness. Now, this continuous unchanging experience of easiness, very important.",27178,27809,,,102
en_video_04_0046,video_04,en,Advaita,46,"This is a doorway to Brahma Gnana. It is continuously available to us. Open it, walk through. Vedanta is over for you, finished right now. Don't need anything else, but keep coming to the class anyway. Does not work for you? There are 18 chapters. So much Vedanta, I think enough for the next few years. So this doorway, what is the doorway? I'll repeat again. Yours, his, her, our own continuous experience of existence. It's whose existence, your existence. Could be mine, could be anything that you see. All the time we have an experience of existence. Now next he says, These two experiences we have, experience of the object and the experience of existence.",27810,28472,,,116
en_video_04_0047,video_04,en,Advaita,47,"Now when you experience something, the experience is in you. And what you are experiencing is out there, common sense. I'm experiencing a clock, so I have an experience of a clock in in my awareness, in my mind, and there is a clock out there. You see where this is going. So if you are experiencing a clock, and there's a clock there and you have an experience of a clock. If you're experiencing clock is, that isness experience corresponds to an isness reality. There, you think there's a, you feel there's a clock, here is a clock. There's a clock in your mind and a clock outside.",28473,29057,,,109
en_video_04_0048,video_04,en,Advaita,48,"Clock is that experience of easiness in your mind, in yourself, and that corresponds to an easiness outside. In every item which we see, he says, there are two experiences, the object itself and isness, and they correspond to a reality. There is an object and there is isness also. Now he says, the object keeps changing. They have borrowed existence. The sense of isness does not change. Everywhere, any experience you have, you have the feeling of being, isness. Then that isness which you, which is there in every object outside, that unchanging isness is that intrinsic existence we are talking about.",29058,29663,,,103
en_video_04_0049,video_04,en,Advaita,49,"That does not borrow existence from anything else. That lends existence to everything. Remember, it may sound abstract, we're actually talking about our living experience every moment of our life. is analyzing it. That feeling of isness corresponds to a real isness which is there always. That does not come and go. So that which comes and goes, we have already defined it, Asat, appearance. That does not come and go. Sat, reality. What is Sat, a reality? That sense of isness corresponding to that, there is a reality everywhere all the time. Let's read. He says, ""Yadvishaya buddhi na vyavicharati tat sat"".",29664,30274,,,103
en_video_04_0050,video_04,en,Advaita,50,"That entity about which your experience does not change, that is reality. Yadvishaya buddhi vyavicharati tad asat iti. The object about which your experience keeps changing, clock, hand, book, that one is an appearance. Why? Because that has borrowed existence. Iti sadasad vibhage buddhi tantre sthite. He says, in this way, in all our experiences, which experience, every experience you have in life till now and what you will continue to have, you will have a continuous mixed experience of appearance and reality. Appearance and reality, Sat Asat. What is appearance? Names and forms. What is reality? Isness. What do you mean by isness?",30275,30916,,,104
en_video_04_0051,video_04,en,Advaita,51,"Track your own experience, that sense of being. Astitva, amness. Okay. Then he gives an example. Sanghata, Sanpata, Sanhasti iti evam sarvatra. Pot exists, cloth exists, elephant exists. Shankara Shankaracharya's context 1400 years ago, yes. So those are the common, we might say SUV exists. That's the closest we can get to the elephant. So exists, then he says, is, is, is, do you notice? Tayo buddheyo ghatadi buddhi vyabhicharati tatha cha darshitam na tu sadbuddhi. And in these experiences, you will see the object keeps changing. The sense of easiness does not change. We club them together and we never notice the background easiness.",30917,31559,,,105
en_video_04_0052,video_04,en,Advaita,52,"Shankaracharya is drawing our attention. You think can it be that simple? It's not, but in essence it is pretty simple. This is tasmat ghatadi buddhi vishaya asan vyabhicharat, notu sadbuddhi vishaya ab ab ab vyabhicharat. Therefore, that which corresponds to your changing experience, clock, book, hand, These are appearances. Why? Because they change. What is the, what's the problem if they change? If they change, they're borrowed existence. They cannot be real in themselves. But your experience, your experience, everybody's continuous experience of isness. points to a, it's not itself a reality, it points to the reality which cannot be expressed.",31560,32215,,,102
en_video_04_0053,video_04,en,Advaita,53,"It points to a reality. Why is it that real? Because it does not change. You never see it coming into being, you never see it disappearing. Which one am I talking about? It, isness, amness. In Sanskrit, Astitva. Satta, Satta in Hindi means power, but here it means existence, being. Now, the person who's objecting is a funny guy. He's got all the tough questions. So he says, that's cool, but I've got questions. Number one. Ghate vinashte ghatabuddho, questions we'll sometimes never think about also. He's a really smart guy. Ghate vinashte ghatabuddho vyabhicharantyam sadbuddhi api vyabhicharati iti chet.",32216,32826,,,101
en_video_04_0054,video_04,en,Advaita,54,"He says, just a minute. You said pot exists, and you're making a distinction between the pot name and form and the existence of it. Okay? Yes. But then when the pot is broken, Part does not exist, the part experience goes, and I say existence also is gone because part is broken, part is gone now. So your existence is not, what will you say? Part is not. So your is has become is not. What do you say to that? He says, na patadau api sadbuddhi darshanat. He says no, but you can see it in the cloth, in the elephant, that isness continues.",32827,33367,,,106
en_video_04_0055,video_04,en,Advaita,55,"The isness continues. It's only the pot, name, and form which has disappeared. Then the questioner asks a similar question. He says, just a minute. Sadbuddhivat ghatabuddhi api ghatantare drishyate iti chet. He's funny. He says that. Or you say existence, the experience of easiness continues because if the pot is broken, the cloth is, you're saying. But then I can say that this pot is broken, but my experience of a pot continues in another pot, so pot is the ultimate reality because everywhere there's pot. In this part, I cannot say it's a part anymore, but just like you said, cloth is, elephant is, I can say this the other part is, here is a part, here is a part, so part continues.",33368,34059,,,125
en_video_04_0056,video_04,en,Advaita,56,"So part is real, part is the ultimate reality. That'll become a part Vedanta. Shankaracharya says, na, padadavadarshanat, because you cannot see, you don't have the experience of a pot in a cloth. You don't have experience of a pot in an elephant, but you have the experience of isness in. Whatever exists. If you say there is something in which the experience of business is not there, immediately it will not exist. It is not, you see, logically speaking. He won't let go. He's like a bulldog, he's got hold of, he's going. He said just a minute, let me clarify this.",34060,34629,,,103
en_video_04_0057,video_04,en,Advaita,57,"Sadbuddhirapi nashte ghate na drishyate iti chet. You said isness is everywhere. Here's a very important point coming up. You said isness is everywhere. Fine, but when the pot is destroyed, you said cloth exists, elephant exists, but in the destroyed pot I don't see isness. I can no longer say pot is, that pot is gone. So there I don't see isness. Where is the isness? Where is the, it's not a superficial question. Suppose somebody asks. Suppose everything in the universe is destroyed. Before the Big Bang or after the dissolution of the universe, in Hinduism we talk about cycles of existence, so there will be times when the universe does not exist.",34630,35285,,,115
en_video_04_0058,video_04,en,Advaita,58,"Pralaya, the cosmic dissolution. Nothing is there, then where is your existence? In the absence of all things, where is your existence? Just like that, in the absence of one pot, where did your precious existence go? Because we are saying each pot is not. Then he says, important point. Na visheshya bhavat, sadbuddhi visheshana vishaya sati, visheshya bhave visheshana anupapatto, kim vishaya syat? Na tu punah sadbuddhe vishesha vishaya bhavat. Okay, he says, The only way we can actually experience this isness is in association with a name and form. Why? Because that isness is not really out there.",35286,35889,,,100
en_video_04_0059,video_04,en,Advaita,59,"It's you yourself, the pure subject. All those things which you experience, they borrow their easiness from your own sense of being. But to experience them, you need an entity outside. Electricity is everywhere, but suppose you say all the bulbs and the fans, they are all taken away, no electrical appliances. Electricity is still there, but how will you know it? Unless something is spinning, something is magnifying sound, something is shining, you will not know the presence of electricity. Similarly, to when all entities are destroyed, it's not that existence has gone, but existence has no more instances.",35890,36502,,,100
en_video_04_0060,video_04,en,Advaita,60,"It still continues. It still continues. I I used an example of light. Once I was talking about this in Nalanda University in Not the old destroyed one. There's a new one there. So they had a seminar on Buddhism and Hinduism and Jainism philosophies of consciousness. So I was saying, An analogous thing. Consciousness is appreciated, understood, experienced when you have something to be conscious of. If there is an object, you feel I am experiencing it. If there are no objects to experience, it's not that consciousness has disappeared. It's that there's nothing to experience, so experience of things has stopped.",36503,37120,,,103
en_video_04_0061,video_04,en,Advaita,61,"So how to explain that? I was thinking how to illustrate it. And there was conference, you know, PowerPoint projector. So the PowerPoint projector and the light, there's an intense beam of light. Now the funny thing about that beam of light is, you can see the picture on the screen. But The the camera is there, or the projector is up there on the ceiling. You know what I'm talking about, you've seen. From there to the screen an intense light is coming, but if you see there it doesn't seem to be anything particular. It's only when the speaker, the presenter is walking through that beam, suddenly you see the face shining with white light or something.",37121,37778,,,119
en_video_04_0062,video_04,en,Advaita,62,"So what I said is, right now in this spot, there doesn't seem to be light. It's just air. When I thrust my hand in there, you see my hand shines with light. When I remove my hand, what happens to the light there? It's still there, but it's not shining because an object is not there. When the object is there, the light, one, it reflects and you see the object. One Swami put it very beautifully. What does the light do for the object? It reveals the object. What does the object, you know this, but what does the object do for the light?",37779,38317,,,106
en_video_04_0063,video_04,en,Advaita,63,"It manifests an already existing light. Is it true? Right here, you see, I can show a little bit here also, see? If I remove it, there's a light here. When I put my hand, you see how it's shining? That light reveals my hand, but my hand manifests an already existing light. Similarly, names and forms. Manifest an always existing consciousness, always existing existence, being. Without the names and forms, the being is still there, but there's no way of experiencing it. That's what he's saying. Now, another important question is raised. I'm racing through it sort of, I'm skipping a little bit.",38318,38916,,,104
en_video_04_0064,video_04,en,Advaita,64,"So you are saying that existence is the reality and the objects are appearances. To put it in more terms, we are used to existence means Brahman. Brahman is reality and objects means world. The world is false or universe is false. Or in Sanskrit, Brahma Satyam Jagat Mithya. Do you see how we have led up to that? You're saying this. The same entity. In that you are saying the names and forms are appearances, the existence alone is real. Real because it is unchanging. The existence alone is real and it manifests these names and forms. It reveals or it gives existence, lends existence to the object.",38917,39520,,,109
en_video_04_0065,video_04,en,Advaita,65,"That's what you're saying. But, This reality and falsity, they cannot exist together. How can the same thing be true and false at the same time? How can the same thing be true and false at the same time? This mic, is it true or false? True or false? The answer will be depends. You're asking from the point of view of Brahman existence? Yes, it is. You're asking about the mic name and form without the existence? It is not. Shankaracharya gives an example. Na, idam udakam iti marichyadio anyatara abhave api samanadhikaranya darshanat. Tasmad deha dehi dvandasya sakaranasya asato na vidyate bhavaiti.",39521,40124,,,104
en_video_04_0066,video_04,en,Advaita,66,"He says, in a mirage. You see two things at the same time. You say, this is water. Now, two things are there, that sense of this and water. Water is not there. The water that you see there is an appearance. But there is something there. Uh, hot air and the desert sand, that's there. So when you say this, it points to a reality. And when you say water, that's wrong. That water is not there. So a reality and an appearance exist together, coexist together. Yeah? A real desert And real water cannot coexist, but a real desert, desert I mean the sandy one, not the cake.",40125,40695,,,110
en_video_04_0067,video_04,en,Advaita,67,"I can never get the pronunciations. Desert, yes, desert, yes. You you won't know this is very funny. There was a very senior Swami in Saint Louis. He came to this country in the 1930s. 19 to 30s. Swami Sat Prakash Anand Ji. He came to this country a long time ago. And, um, I went to St. Louis in the Vedanta Society there. The room where that Swami used to stay, they've kept it exactly like that, so they don't disturb it. Guests are allowed to stay there, guest Swamis. So everything is there like the way it was in the, he died in the 1970s I think, 70s.",40696,41254,,,110
en_video_04_0068,video_04,en,Advaita,68,"So everything is the way it was 50 years ago. So I was sort of rummaging around and in one of the drawers I saw a little notebook. With pencil, in written in the 1930s, the Swami was trying to learn English, American English in those days. So one page says with the English word and the Bengali meanings, desert, desert, desert. Uh, three things. In Bengali it's written, um, Morubhumi that is the sandy place, and the other one is the sweet thing which you eat, and the other one, and the third one is what you deserve, you get what you deserve.",41255,41801,,,104
en_video_04_0069,video_04,en,Advaita,69,"And the whole notebook was painstakingly written with full of words from the dictionary which he was trying to learn. So he says Shankaracharya says, Desert is real. When you say this, there is something real there, but the water is not real. But what was your experience? This is water. One part of it is false, one part of it is correct. You say book is, book is an appearance, isness is correct. There is an isness. There is an isness running through all our experiences. Then he says, therefore, body, mind, external universe, all of them, they are appearances.",41802,42367,,,101
en_video_04_0070,video_04,en,Advaita,70,"Why? They are products. And the product or their modifications, they have no existence apart from their underlying causes. And the underlying causes have no existence apart from their underlying causes, all the way down to isness itself. They are all coming and changing and going, but ultimately down to isness itself. Tatha cha atmano abhava avidyamanata na vidyate sarvatra vyabhicharati iti abhocama. Therefore have we said that isness is the absence of that isness cannot be conceived of. What is that isness? It is you. It's not really an isness out there. Objects, time, space, all of them. Time is, space is.",42368,42984,,,103
en_video_04_0071,video_04,en,Advaita,71,"Objects, object is, universe is. Time, space, universe all are appearances of Maya. That underlying isness is the is the stage on which the drama takes place, is the screen on which the movie of the universe is playing and that screen you are. That thou art. Philosophy, how does it affect me? It is the highest spiritual practice. Highest spiritual practice. I was just reading Swami Vignananandaji, one of the disciples of Sri Ramakrishna. He is saying to many to people many, many years after Sri Ramakrishna passed away. He said, Keshab Sen, who was a great social reformer in India in those days, very well known, Brahmo Samaj.",42985,43617,,,110
en_video_04_0072,video_04,en,Advaita,72,"So, and he was very well known because he had actually traveled to England and met the Queen in those days. So, Sri Ramakrishna says to him, you have crossed the oceans and seen many lands, so many things you have seen. Have you not seen my divine mother who underlies everything in the universe? Jagat jure achhen. My mother who is the reality of the entire universe, have you not seen her? Do you not have eyes to see her? What does he mean by that? It is this isness awareness. Which is the divine mother? Swami Vignanadaji explaining is after that.",43618,44170,,,103
en_video_04_0073,video_04,en,Advaita,73,"He says go on in spiritual life, advance, advance. You will see a vast radiance surrounding you all the time and you will playfully like a fish swimming in the ocean. You will playfully, you know, swim in this in this vast, he calls it a vast radiance. It's here right now, we don't have eyes to see it. What is that vast radiance? It is nothing other than the infinite unlimited isness awareness. The non-dualist. See, we say our language is meant for practical use, so it's a dualistic language. Table is, book is, The clock is, you know what the non-doer would like to say?",44171,44747,,,107
en_video_04_0074,video_04,en,Advaita,74,"Easiness tables here, easiness clocks here, easiness books here. It's not as silly as it appears. If you look at the ocean, a child might say, oh, that wave has a lot of water in it. This wave is small, one has less water in it. Which is more logical to say that waves have water in them or the water is appearing as waves? Waves do not have water in them. It is the water which appears in various waves. The waves arise in water, play about in water, disappear back into water. They are names and forms and activities in water.",44748,45276,,,103
en_video_04_0075,video_04,en,Advaita,75,"The water is absolutely one vastness there. In the same way, like water, can you conceive of, can you conceive of existence as an ocean? Now you see with new eyes, look around you. See existence as an ocean in which all people, all animals, all living and non-living things, including the stars and the planets, they are all waves in this ocean of existence. Ashtavakra says, Mai ananta maham bodhau vishwa vichi swabhavata udetu vastamayatu name vriddhi navakshati. Now you'll understand. In me, the infinite ocean of existence. The waves of the universe arise and subside. Let the waves arise, I gain nothing thereby.",45277,45896,,,105
en_video_04_0076,video_04,en,Advaita,76,"Let the waves subside, I lose nothing thereby. When the ocean, when the waves come up in the ocean, does the ocean increase? No, when the waves subside back into the ocean, does has the ocean lost any volume of water? No. In the same way, let birth come, creation come. I have not increased one bit. as existence. Let defeat, humiliation, old age, disease, decay, and death come and destruction come. I have not lost one bit. I'm still in the same existence ever. Just think about the grandness and the claim is you can actually experience. Next he says, those who understand the difference between the truth, these two.",45897,46517,,,111
en_video_04_0077,video_04,en,Advaita,77,"He says Nirnaya, the conviction, clarity, Sad Sadeva Asad Asad Eva. He says, the reality is real, this the asat, the appearance is an appearance. I, the pure existence consciousness, I am real, that one, that I. And the body, mind including the ego and the body and the external universe is an appearance, appearance of what? Of me. In a sense, all this is an appearance, in a sense, all this is me. If you say this is real, then yes, it is real as you, because its reality depends on you, it's borrowed from you. But remember, by you I don't mean this person.",46518,47078,,,106
en_video_04_0078,video_04,en,Advaita,78,"I mean that sense of easiness awareness, Sat Chit, which we continuously experience in all our experiences. Then what do you have to do? Tvamapi tatvadarshinam drishtimashritya. He says, oh Arjuna, here Shankara is pitching in to help Krishna. He's saying, Arjuna, what should he do? Take up this viewpoint. Take up this viewpoint. Tatvadarshi means a knower of reality. Take up the viewpoint of the knower of reality in your life. Shokam Moham cha hitva arise above delusion and sorrow. I am asan eva, all the waves that come in your life, say that they are appearances like marichi jalavat, like the water of a mirage.",47079,47699,,,107
en_video_04_0079,video_04,en,Advaita,79,"Manasi nishchitya titikshasva. With this clarity, with this conviction, he says go back to the earlier verse. He said all the afflictions in life, what had he said, what's the solution? He said put up with them. How will you put up with them with this clarity and conviction? This is how you live your life and do whatever has to be done. It gives you enormous freedom. Nothing here. I was thinking that Professor Lady in the University NYU, she said this, which is very poetic Sanskrit, but what she said was, the entire universe of, you know, objectival and objective entities is contained in one inclusive, within the boundaries of one inclusive, a perspective ground of consciousness.",47700,48388,,,119
en_video_04_0080,video_04,en,Advaita,80,"But but so this is what he's saying. I'll end with one monk I know in Rishikesh, Haridwar. So there was a great teacher, he was teaching. talking about Vedanta and he didn't know much about modern science so somebody had shown him an X-ray and he said I saw this oh monks we were all sitting around oh monks I saw this a light which goes through the skin and the blood and the flesh and to the bones to the very bones He says exactly like this. I love the way he would bring all these examples back to Vedanta.",48389,48899,,,102
en_video_04_0081,video_04,en,Advaita,81,"Exactly like this should be your vision, you know, like super vision, Superman, not to see through to the bones. He says, see through to reality. He says Mahatma ki drishti aisi honi chahiye. The the vision, the perspective. It has nothing to do with the physical vision. Your perspective, the perspective of a monk, of a practitioner of non-dualism should be like this. Keep your attention on the unchanging reality. And enjoy the movie, the ever-changing waves of the ocean which you are. You are the ocean. Why are you so worried about little waves? Rise above the little.",48900,49475,,,100
en_video_04_0082,video_04,en,Advaita,82,"Nothing can affect you. It can affect the body. But you're not the body, the body is a wave in you. Instead of thinking I'm a tiny spark of tiny spark of consciousness in an uncaring vast universe. of eternal time and space. All the time and all the space and all the conscious and non-conscious entities are little waves and bubbles in you. This is not megalomania. It says it it can it is actually an open secret. Vivekananda called it an open secret, continuously available to us. It requires a change in perspective. Today, towards the end, after the end of the discussion in the university, one problem the philosophers had, the lady who presented it did a good job.",49476,50147,,,122
en_video_04_0083,video_04,en,Advaita,83,"But see, she gave examples of Ramana Maharshi and Nisargadatta and others. In that mystic experience, they have experienced the oneness. Now, the moment you say that, What happens is the evidence then becomes locked up in the hands of a few people. The question will be why should I believe you? Somebody was repeatedly asking, this is an enormous claim you're making, where is the evidence for this? There is another approach which Shankaracharya uses here. I'm not talking about mystical experience. You will have that also. Take a completely analytical point of view. Take a completely analytical point of view that will reveal an ever revealed reality here.",50148,50809,,,110
en_video_04_0084,video_04,en,Advaita,84,"The non-dualists in the Himalayas, they say, praptasya prapti nivrittasya nivritti. What will Vedanta do to you? What will you get from Vedanta? What you've already got. It gives you what you've already got. And what does Vedanta remove? What problem does it solve? It solves a problem that was never there. Praptasya prapti nivrittasya nivritti. Yeah. Yes. How did you go there? You're right, you're right, that's the ultimate answer. But how did you, I'm interested in knowing how by because of the the part and the part is just an effect. So there has to be a call.",50810,51378,,,100
en_video_04_0085,video_04,en,Advaita,85,"Yes. So the clay is, clay is the material cause of the pot. In the same way, Brahman is said to be the material cause of this universe. But you said Brahman is not the cause of the universe, why did you say that? Ah, you're right. If it's an appearance, see, if, um, if something, a seed germinated and it made a beautiful plant. So you can say the seed is the cause of the plant, correct? It's the material which became the plant. But you say the seed made a beautiful plant, where is it? No, in my dreams.",51379,51886,,,101
en_video_04_0086,video_04,en,Advaita,86,"If you say the plant is in my dreams, then you will say the seed, that seed is not the cause of the plant in your dreams because that plant does not exist. So if the universe is an appearance, then the question will arise what is Brahman a cause of? What did it produce? What did it create? Nothing. Brahman alone remains. There is no universe that was created. There's no universe that was created, but it is experienced. That's the joy of it. When King Kong comes and climbs the Empire State Building, I saw the movie when I was a kid.",51887,52424,,,104
en_video_04_0087,video_04,en,Advaita,87,"Now, all of that happened, you had the experience, but actually King Kong did not come into the movie hall. No. In the same way, what happens here is an experience created by your Maya, it's your glory within you, the existence consciousness. So is Brahman materially a causal universe? Is it a creator God? No. It is the universe. And it is you. Yes. So we should just follow this question if there's no creator. Yes. There's no time also, right? From Brahman's perspective. Right. No time, no space. In fact, when you say eternal, Brahman is eternal, you've already accepted time.",52425,53007,,,103
en_video_04_0088,video_04,en,Advaita,88,"And then you say, but actually even time, look at the logic. Will you say time is, the moment you say time is, then the isness becomes real and it's appearing as time. Space, if you see space is, space depends on isness. Without is, space will disappear. You might say, people might say it's a word game you're playing. No. Because continuously the reference is to your experience. Look at your own experience. How can you say it's a word game? So this Brahman you are, that is the central teaching that Krishna is giving Arjuna. Now there are many, many issues which will come up here.",53008,53594,,,108
en_video_04_0089,video_04,en,Advaita,89,"Yes, so that will be discussed. 18 chapters are there, plenty of time. Down to yes, we'll end with that question. God, Brahman created the universe. In the Bible also say, did they say about Adam and Eve, created Adam and Eve and then that's how the world came. Yes. So then, so then he did create the universe. Ah. So you step down one, one step, then Brahman, this very Brahman becomes what is called in Vedanta the Saguna Brahman, which is the creator of the universe, which through the power of Maya. doesn't create exactly, projects the universe.",53595,54146,,,100
en_video_04_0090,video_04,en,Advaita,90,"If you want an explanation. But, um, Vedanta will tell you that's a story. If you want a story, yes. What Vedanta tells you is, all the things in the dream which you see in your dream, the people and the plants and the places, were they really created by you or imagined by you? They were imagined by you. So you're not really their creator in that sense. No things were created. They're projected by you in your own mind. All the time when you see those places, when you meet those people in your dreams, they are none other than you.",54147,54682,,,103
en_video_04_0091,video_04,en,Advaita,91,"Similarly, this entire universe which we are experiencing is none other than Brahman. If it was other than Brahman, if it's at all possible, then you could say Brahman created something apart from itself. But it did not. And it cannot be other than Brahman. Can you tell me why? If Brahman is is, then other than Brahman will become? Is not, yes. You're good, good Vedantins now. Other than is, is, is not. Apart from is, is, is not. Will not exist. Will not exist at all, yes. Uh, the question of why. Why. This has come up again and again.",54683,55224,,,102
en_video_04_0092,video_04,en,Advaita,92,"Uh, why, there are many, many answers. I'll give you a few. Take, take your pick. We'll end with that. It's a very profound question. In fact, today in the university, one place it got stuck is so that you are saying there's one again the same thing, a perspectival ground of consciousness. Yes. And from that the many have come. How? Why? And she was struggling to answer that. And it's it's unfair to expect somebody to answer that immediately, what we have been struggling over for thousands of years immediately. But you see what's the the beauty is this.",55225,55784,,,101
en_video_04_0093,video_04,en,Advaita,93,"All the questions, the difficult ones also, are exactly the right questions to ask. That means, for the first time in New York University, with the top philosophers of the world, they are going through a question answer process on the track where thousands of years ago Advaitins, Tibetan Buddhists, the dualists who were opponents of the Advaitins, they are having the exact same debate with the exact same questions only in Sanskrit. So, your question is why? I'll give you a few candidates, see if you like it. One is the theory or the standard answer is given, karma.",55785,56356,,,100
en_video_04_0094,video_04,en,Advaita,94,"Why does this world exist? Because of your own karma, our collective karma. Where did this collective karma come from? Our past lives. Yeah, but where did that world come from, the past life world? Because of the earlier life, you will say then where did the first life come from? And you will say, no, there is no such first life, it's beginningless. You will say it's a cop out. You're beginningless, how can there be beginningless? There is an answer to that also, but let's switch switch to the next answer. The next answer is, it is Brahman's play because it can.",56357,56925,,,104
en_video_04_0095,video_04,en,Advaita,95,"Alan Watts, I've told you the story. Alan Watts said, God alone existed. It's a child. children's story, but I really like it, a very profound story. He said, God alone existed. Eternity to eternity, but eternity is a pretty long time. So God got bored. He's lonely. Now God wanted a play, some a buddy to play with. But how can God get somebody to play with? Because God is alone. There's only God, there's nothing else other than God and there cannot be. Remember, is will become is not. So how does God get somebody to play around with?",56926,57465,,,101
en_video_04_0096,video_04,en,Advaita,96,"Who will be God's buddy? Then God being God, this is Alan Mersk explanation, his God is awfully clever because he's God. So he he's got an idea. God pretended to be not God. Now there are two, God and God pretending to be not God. So, the game started. Who, what's the game? There's God pretending to be not God. What's that? People and trees and plants and universe, stars and planets. And the problem became because God is God, he's awfully good at what he does. So when he pretended to be not not God, he forgot that he was God.",57466,57997,,,103
en_video_04_0097,video_04,en,Advaita,97,"And then what was a play became a nightmare. And now God is who is pretending to be not God and forgotten that he's God, suffering so much, is trying to search for God. And this is the story of the universe. Beautiful story, really. All of Vedanta packed into that. Candidate, would you, would you like this story? And you say, yeah, it's poetic, but playing God plays, why would God want to play? All right. Now we are getting serious. One more option. The last but one is what standard answer in Advaita, Maya. Maya. So God has this power which allows God or let's not use the word God, Brahman, isness, has this power which allows isness to appear as many forms.",57998,58663,,,125
en_video_04_0098,video_04,en,Advaita,98,"Clock is, table is, sky is, earth is, water is, man is, mind is, thoughts. Isness appears in all these forms because isness has that power to project itself. It's like a blank screen which has the power to project movies upon itself. Consciousness can have that power. That is the nature of consciousness. Now, um, what is the question will arise, then is it non-dual? How can that power, does that power exist? Or does it not, if it does not exist, you can't have the universe. If it exists, then there are two things which are isness and power is.",58664,59213,,,102
en_video_04_0099,video_04,en,Advaita,99,"But that power has no existence apart from isness. So it's non-dual. It's like they call it like the fire and the burning power of fire. That's an explanation. You might say even then why? Infinite existence could. The physicist Lawrence Cross said, this is a children's question. They keep asking why, why, why till the last solution is go to bed. But Vedanta does not say go to bed. It says the question itself is wrong. If you ask why Maya, the question itself is wrong. Why is the question wrong? It took me a long time to understand.",59214,59752,,,100
en_video_04_0100,video_04,en,Advaita,100,"Shankaracharya, Vivekananda, they all dismiss it, question is wrong. Why is the question wrong? I can ask why? And so saying go to bed, there is an answer to that. Look at what you are asking. This is about causation, you are asking about cause. You are asking why Maya. But what is Maya? According to Vedanta, Maya is time, space, causation. Now suppose you ask, it's wrong because you cannot ask why. Why, when you ask why, what kind of answer will satisfy you? A cause. Why did it, why is the grass wet? Because it rained. Why did it rain?",59753,60295,,,102
en_video_04_0101,video_04,en,Advaita,101,"Because of the clouds and so on. So when you say why Maya, you need a because answer. Why did Brahman become the universe or even appear as the universe? Why is Brahman even playing? If you're asking that, what answer will satisfy you? A because answer. But a because answer works only after causation. If you ask a question about causation itself, why causation? It's not a logically correct question. Why? For example, time, space, and causation. It's like asking what is there outside space? Outside and inside are space terms. Once you have accepted space, then you can ask outside or inside.",60296,60892,,,104
en_video_04_0102,video_04,en,Advaita,102,"But space itself, what is outside? There's no way of, outside means some space is there outside, but no. Time, if you ask what was there before time, but before and after the time words, they make sense only when time is started. So only when causation is started downwards after Maya, then the question is why this thing happened, why that thing happened. But why Maya happened? Why did Brahman appear as the universe? Question itself is logically wrong. Am I making logical sense if not psychological sense, but logical sense? It makes logical sense. Are you, do you see?",60893,61466,,,101
en_video_04_0103,video_04,en,Advaita,103,"I'll make psychological sense also. Swami Trigunatitananda, he gave a beautiful answer. The same question was asked. He said, his answer is more, it's a really deeply spiritual answer. He said, On this side of Maya, on this side of enlightenment, we have the question and there's no answer possible. On the other side, they have the answer, but no question is there. Notice, enlightened people, anybody you consider to be enlightened, Ramana Maharshi or Nisargadatta, the lady was talking, speaking about them or Ramakrishna or Vivekananda. One thing have you ever noticed? Do they ever say, okay, I'm enlightened now, I am a knower of Brahman, I'm free and all of that, but one problem still remains.",61467,62168,,,118
en_video_04_0104,video_04,en,Advaita,104,"Why this thing has happened? They seem to have, the question seems to have disappeared for them. We'll end here. Om Shanti Shanti Shantihi Harih Om Tat Sat Shri Ram Krishna Rupanamastu In fact, the answer that lady gave the professor was the final answer, which I did not mention. I'll just quickly mention it to you. Gaudapada in Mandukya Karika, he considers all these answers, why Brahman is appearing as the universe. And he rejects them all, including the Maya. And then finally he comes to Devasya esha swabhavayam. This is the very nature of the shining one. There is no doubt that isness is there.",62169,62774,,,107
en_video_04_0105,video_04,en,Advaita,105,"That's the reality. And there's no doubt we are experiencing this variety. So that isness is shining forth in all these ways. It's a very nature of that. This is not what she said, she said in this way. She said, this question comes because we think of that reality as an emptiness. But in all the scriptures, it is thought of as a plenum, as an infinity. As everything is there in an unexpressed state, and then it gets expressed. You're asking why does the sun shine? It's a very nature, the process of fusion produces heat and light.",62775,63311,,,100
en_video_04_0106,video_04,en,Advaita,106,Same of about Brahman. It's a very nature of Brahman to shine forth in all these ways.,63312,63398,,,17
en_video_05_0000,video_05,en,Advaita,0,"Om Vasudeva Sutam Devam Kamsa Chanuramardanam Devaki Paramanandam Krishnam Vande Jagadguru Before we start, a quick announcement. Um, next week there won't be any classes. The Tuesday, Wednesday, and Friday classes are canceled. Uh, there's the World Parliament of Religions which is going on in Toronto now, so I'm going there the day after tomorrow. So Tuesday class, Wednesday class, and Friday classes are cancelled. But of course, the day after tomorrow the morning program is there. I'm here giving the talk. Um, so especially the next week's Friday Gita class, it won't be there next week, but the week after that, of course, there'll be the class again.",0,661,,,109
en_video_05_0001,video_05,en,Advaita,1,"We were studying the Bhagavad Gita second chapter where Sri Krishna is teaching about the real nature of the self. And we studied the 16th verse of the second chapter. I mentioned that it's a difficult verse, a very profound verse. Let's chant it again and then we will proceed. 16th verse. Na sato vidyate bhavo. Na sato vidyate bhavo. Na bhavo vidyate satah. Nabhavo vidyate satah ubhayorapi drishtvantah ubhayorapi drishtvantah stvanayostattvadarshibhih Tvanayo tatvadarshibhih. Very profound verse which says that the, um, the unreal, the false never really existed. And the real, the the real self, the Atman, what we truly are, it can never not exist.",662,1319,,,107
en_video_05_0002,video_05,en,Advaita,2,"So what he's basically saying is, the entire world of experience, all those things which are created and destroyed, for us, They appear to exist for some time, this world, our bodies, people we know, they appear to exist for some time, but that's an appearance. That's what has been pointed out. And do you remember the underlying logic of this approach that A distinction was made between an intrinsic property and an accidental or incidental property. And do you remember the example that I used about the potato being boiled and it's hot and the water boils and the water is hot and the pan in which the water is boiling, that's hot.",1320,1956,,,114
en_video_05_0003,video_05,en,Advaita,3,"But none of these things are hot in themselves. Uh, they gain heat and then they lose heat. Whereas the fire underneath, is always hot, as long as it's burning, it's always hot. So the pan and the water and the potato, they all borrow heat as it were from the fire. Why as it were? They actually do borrow heat from the fire. And they lose heat also. So the heat is an extrinsic or an accidental property for these, the pan and the water and the, uh, and the potato. And notice the nature of an accidental property or an incidental property.",1957,2498,,,104
en_video_05_0004,video_05,en,Advaita,4,"It comes and goes. I give the example of borrowed money, buying things on credit. So it comes and goes. It's borrowed. It doesn't belong to that entity, which means the lesson we take away, the principle we take away from it is, that accidental or incidental properties are those which are not intrinsic to the very nature of a thing. They come and go. A thing can be with it and can be without it also and can possess it for a time being. So what? If this is understood, now apply it to existence itself. Applying it to existence, what will happen if existence is an incidental property?",2499,3087,,,110
en_video_05_0005,video_05,en,Advaita,5,"Sounds very philosophical or abstract, but it's not. Remember, Incidental properties are gained and lost. If existence is an incidental property, it will be gained and lost. What is the meaning of gaining existence or losing existence? It simply means being created. and destroyed, being born and dying, coming into being and going and losing existence. Coming into existence and losing existence. In other words, what you call a thing which is created and destroyed, born and dies, impermanent. In Sanskrit, Anitya, impermanent. So, what did we derive from this? Those things which are impermanent do not have existence as their intrinsic nature, as their very nature.",3088,3757,,,107
en_video_05_0006,video_05,en,Advaita,6,"They borrow existence. Now, two interesting things come out of this. Um, that there is space here also, I think. You can sit here. I think there's space here. Right, okay. Two things come out of this. One is, what do they borrow existence from? Are you with me so far? I always, this is a difficult subject. Um, if you get the hang of it, it's not difficult. I give the example of, you know, in the Tintin comics, we used to read as kids. There is, there was this Professor Calculus. Those, yeah, I can see some people nodding, you have read it.",3758,4303,,,105
en_video_05_0007,video_05,en,Advaita,7,"So Professor Calculus is explaining some complicated nuclear reaction to Tintin and Captain Haddock and Thompson and Thompson, they're walking along. And at, at, and you can see Captain Haddock scowling because he can't understand what's going on. And and Professor Calculus looks back and says, do you follow me? And the captain scouts and says, yes, I'm right behind you. So not follow me in that sense. What does it mean to gain existence and lose existence? What does it mean in that case? Two things it means. One is that these things are not intrinsic. Existence is not intrinsic to in the impermanent entities, which by which we mean everything in this world is impermanent.",4304,4985,,,117
en_video_05_0008,video_05,en,Advaita,8,"Everything in this world is impermanent, and that means they have borrowed existence. One. The second thing is, It means it has borrowed existence from something. There must be something which has lent existence, which has existence as an intrinsic property, which really, what would it mean to have existence as an intrinsic property? Remember, fire has heat as an intrinsic property, which means as long as fire is burning, there is heat. If something has existence as an intrinsic property, if it has an incidental property, it will be born, it will die, it will be created and destroyed.",4986,5577,,,100
en_video_05_0009,video_05,en,Advaita,9,"If it has existence as an intrinsic property, what will happen to that thing? Do you remember? It'll always exist. Fire has heat as an intrinsic property, it's always hot. If something has existence as an intrinsic property, it will always exist. by that logic. Now you might say that, um, all this is fine, but, um, in the real world, Very interesting, the use of the word term, the term real. Real literally means existing. In the existing world, where is such a thing? Something which has intrinsic existence, which exists forever, which is not born and destroyed. And then do you remember Shankaracharya pointed out, we did a close reading of Shankara's commentary on the verse.",5578,6260,,,118
en_video_05_0010,video_05,en,Advaita,10,"He pointed out, Sanghata, Sampata, Sanhasti, the pot exists, the pot is, the house is, the elephant is. House, pot, elephant are different. They're different from each other. They they they're not the same thing. But in each of them we have the intuition of existence. Is, is. We don't pay any attention to it. He said, if you remember, our experience has this dual nature. All our experience, everything in our life has this dual nature. Right now, for example, you're experiencing that. I I am here and this is a room and here is a chapel, here is a Swami, there is speech going on, there is some sound going on.",6261,6875,,,113
en_video_05_0011,video_05,en,Advaita,11,"I am thinking, listening. But these are all experiences you are having now. But Shankaracharya pointed out each of these experiences has a dual nature. One part is the thing which you're experiencing, the other part is the existence of that thing. Notice, I I I am, look at the word am, it means existence. The room is. The chapel is. Speech is. How do you experience speech? Do you experience it as existing or non-existing? You obviously do not experience anything as non-existing because if it was non-existing, you wouldn't experience it. So literally we experience everything we experience is pervaded by isness, a sense of being.",6876,7511,,,108
en_video_05_0012,video_05,en,Advaita,12,"And Shankaracharya takes pains to point out, it is very well established in your experience, you're actually experiencing it. Existence. And it's an interesting thing. If you're experiencing, if you experience a book, there is a book and you're experiencing it. If you're experiencing existence, there must be something called existence. Let me repeat that. If you're experiencing a book, there must be something called a book which you have in your experience. If you're experiencing existence, there must be something called existence which you are experiencing. So there is this one underlying isness. which Vedanta calls pure being, Sat.",7512,8153,,,100
en_video_05_0013,video_05,en,Advaita,13,"Pure being, existence. Literally Sat means pure being, isness, which is always available to us, which never goes out of existence. And do you remember we had all those interesting questions? If a part is destroyed, so the part is not. And Shankaracharya would say first of all, the broken part is. The isness continues in the broken part, and there are other parts. So you suppose all paths are destroyed. Well, there are there's the cloth and there's the house. And then there was a very interesting question. Suppose everything in the universe is destroyed, where will existence be?",8154,8738,,,100
en_video_05_0014,video_05,en,Advaita,14,"And then very interesting conclusion was, all these things in the universe, all names and forms, they manifest existence. If the names and forms are gone, existence remains, but there's no way of appreciating it. All these things we discussed. So the conclusion was, in this world of experience, whatever we are experiencing in the world, there is an isness which is permanent, which is not born, which does not die. that never goes out of existence. It cannot, logically. And there is this continuous stream of appearances, things and places and people and events, our own bodies and minds and thoughts which come and go, which pop in and out of existence.",8739,9396,,,113
en_video_05_0015,video_05,en,Advaita,15,"They borrow existence and they appear to exist for a while. Then they lose existence and they go out of, they die or are destroyed. And the conclusion being, I am that pure existence. I am that infinite, that unlimited existence always experienced. And every other thing in the world, that other thing, other than existence, in itself it has no existence, they are all appearances, they are what is called Mithya, the false, the apparent. And it said, the one who is clear about this, this is the Jivan Mukta, the enlightened while living. This is the goal of Vedanta, to live like this, that I know my real nature and everything in the world.",9397,10040,,,116
en_video_05_0016,video_05,en,Advaita,16,"is an appearance in me. Nothing in the world can shake me because I am beyond death, I'm beyond change, the real me. Not the body, not the mind, not this little person. So the enlightened person is very clear about these two. He said the ones who are enlightened, they know these two separately. What are the two? The real, pure being, which I am. And appearance, name and form. which appears in me and disappears in me. These two are very clear for the enlightened person. Now, moving on. 17th verse. So it is a very philosophical verse, but what is the practical conclusion of that verse?",10041,10631,,,109
en_video_05_0017,video_05,en,Advaita,17,"What what follows? 17th verse. Avinashi tu tadviddhi Avinashi tu tadviddhi Yena sarvamidam tatam Yena sarvamidam tatam Vinasham avyayasyasya Vinasham avyayasyaasya na kashchit kartumarhati na kashchit kartumarhati But know that by which all this is pervaded to be imperishable, no one can bring about the destruction of this immutable principle. If there are two things, one which is pure being, which is the one which truly exists, and the other appearance, which never exists. did not exist in the past, will not exist in the future, and even when it seems to exist right now because of borrowed existence, it has no intrinsic existence.",10632,11271,,,104
en_video_05_0018,video_05,en,Advaita,18,"It's just borrowed it from pure being. So these are two things. Now if the appearance, the world of appearance, names and forms, Maya, this Samsara, To what category does it belong? Sat or Asat, pure being or appearance? It belongs to the category of appearance. And what did the earlier verse say? Pure being never goes out of existence and the and appearance never really comes into existence. In other words, all that truly exists is pure being, Brahman, Atman. And what seems to exist right now, this never does not actually exist. What, what is existence here is that pure being, which means this world has no existence.",11272,11897,,,110
en_video_05_0019,video_05,en,Advaita,19,"And what seems to exist here is because this is none other than that pure being. I'll repeat, that pure being alone exists, but we experience it as this world. The example which I liked very much was in we were in Canada, um, I think it was last year, I think, in Loon Lake, the beautiful place in British Columbia, and there was a spiritual retreat there. And if you get up early in the morning before any wind blows, it's very still. And the water is very, very clear. There's a vast lake surrounded by dense forests and hills.",11898,12427,,,101
en_video_05_0020,video_05,en,Advaita,20,"So you can see in the early morning light, if you look, the water seems absolutely transparent. And if you look into the lake, What will you see? Not water. What appears to you? Sky and hills and forests, even if birds fly, you can see all of that. But in the lake, what is there? Are there forests there, trees there, birds there, mountains there? No. It's just water and water and water. The trees are water, the mountains are water, the sky is water, the birds flying are water, everything that you see, there is water. In fact, when you look inside and see your own face, it's water only there.",12428,13026,,,113
en_video_05_0021,video_05,en,Advaita,21,"It is water alone which exists really. But what you are experiencing are things, people, entities, even actions, birds flying around and all of that. Exactly in the same way, but remember, in this, this is an example, don't extend it too far, because example, there is, there is really a world outside which is being reflected in that water. So don't stretch it. Is there a world which is being reflected in Brahman? No. In the case of Brahman, Pure awareness in which it appears, pure being and pure awareness, it can project by its own, let us say, Maya.",13027,13583,,,101
en_video_05_0022,video_05,en,Advaita,22,"It can, it is colored by the appearance of samsara. So it says, here itself, when you are experiencing the world, what follows is number one, here itself is that Brahman, pervading all of this. Avinashitu tad vidhi, that indestructible, that pure being. Know it where yena sarvamidam tatam, a very beautiful phrase, by which all of this is pervaded. All of this is pervaded by that. But then why don't we all of what? All of this experience, what we are experiencing right now. All of it is pervaded by that Brahman which you are. But then you might ask why don't we see it then?",13584,14163,,,107
en_video_05_0023,video_05,en,Advaita,23,"Why don't we experience it as such? In the water, in the case of the lake, if you pay attention, you can see the water also. You can notice that it is water. But why don't we see Brahman, pure being then? Why don't we experience it? He uses a word, Krishna uses a word here, Tat. Now, tat means literally means that. And if you see the play of words, sarvam idam, in Sanskrit idam means this. Tat means that. So what? This, you know, a little bit of Sanskrit grammar here. This, the word 'this' is always used when something is immediately available for experience, for perception.",14164,14745,,,109
en_video_05_0024,video_05,en,Advaita,24,"So you can see it, hear it, smell it, taste it, touch it. So you call it. This, this thing which I see or hear or smell or taste or touch. And we generally use tat, that, for something which is remote, which is not immediately available to your senses. That place and this place. This place is something here, that place is something there. In English also we use this and that. That is remote and this is approximate. In Sanskrit, paroksha, aparoksha. Paroksha or pratyaksha. Pratyaksha means available to the senses. By using the word that for for what?",14746,15301,,,101
en_video_05_0025,video_05,en,Advaita,25,"For that pure being. Krishna is indicating it's not available for your senses, just as the world is available for your senses. You can see it, hear it, smell it, taste it, you can interact with it. All the time you are hearing, smelling, tasting names and forms, but it's given reality by that being. But that is not an object for senses. It's not something that you can see, it's not something that you can hear or smell or taste or touch. It's beyond the senses. Upanishads say Adrishyam, literally invisible to the senses. Agrahayam, it is not an object for your motor organs, that means you cannot walk to it or grasp it.",15302,15927,,,115
en_video_05_0026,video_05,en,Advaita,26,"So that's why the word Tat has significance here. Then he uses a beautiful phrase, Yena Sarvamidam Tatam. by which all this is pervaded, very beautiful phrase. It makes all the difference between high philosophy and a living philosophy, between abstraction. Beautiful abstraction, very clever philosophy, and a living philosophy available to all of us. Yena sarvam idam tatam. See, one might say, what is available to me? What is available to me is this world. Not your abstract philosophy. And he says, yes, by that thing which we spoke about, this world of yours is pervaded through and through.",15928,16525,,,100
en_video_05_0027,video_05,en,Advaita,27,"It's available right here. Yena sarvam idam tatam, by which all is, that is, that pervades everything. All this is pervaded by that pure being. One might ask, how is it pervaded? Because pervading might mean here is a room. It was dark and we switched on the lights. So the lights have, light has pervaded the room. But remember, light is something different and the room is something different. The room can exist without the light and lights also can exist without a room. So, room and light are two different things, and one can pervade the other. Or another way, sometimes we we light the incense here.",16526,17132,,,109
en_video_05_0028,video_05,en,Advaita,28,"So when you light the incense here, the fragrance pervades the room. So fragrance is one thing and the room is something else and one thing pervades the other. Is Brahman pure being like that? Is there a world? And then Brahman enters it like smoke or like fragrance or like light. It could be, like light, it pervades. And it's not a silly idea, it's a profound philosophy. Sankhya says that. Sankhya says there is a material universe pervaded by the light of consciousness. It will. There'll be a duality. Is that what Krishna means? No. How do you know he doesn't mean that?",17133,17710,,,105
en_video_05_0029,video_05,en,Advaita,29,"He's he's already said it in the 16th verse. Only one of them exists, the other appears to exist. If both of them existed, See, the incense and the room both exist. In our example, the light and the room both exist, there's a duality. In Sankhya, consciousness and matter both exist. Independent of each other, they interact. But here he says one exists, the other one borrows existence from the other one, from the first one. So, it is not like that. Then what is it like? It's like that loon lake example I gave you. In the lake.",17711,18242,,,100
en_video_05_0030,video_05,en,Advaita,30,"The trees and the sky and the rocks and the hills, they don't exist. They appear. What exists is only water, and water pervades that entire scenery there in the lake. Snow of all shapes, all are pervaded by the same water. Ornaments, golden ornaments of all shapes and sizes and types, varieties, all are pervaded by the gold. waves in the ocean. Clay in the pot, classic examples in Vedanta. Clay in the pot, all kinds of pottery, pottery barn, Amsterdam Avenue it's there. So it's pervaded by clay, all are pervaded. But just how are they pervaded? It's not that there is a pot and clay walks in there, hello Mr.",18243,18857,,,113
en_video_05_0031,video_05,en,Advaita,31,"Pot, I'm going to pervade you. No. The pot is virtually constituted of the clay through and through. The waves are constituted of water through and through. Icebergs are constituted of that water through and through. No matter what the shape or the size or the form, ornaments, extraordinary variety of forms, all pervaded through and through by one substance called in the same way. Brahman, that pure existence, pervades everything that we experience, through and through. There's a nice phrases they use in the Himalayas and among the monks. You can appreciate it. In Hindi, they are very effective.",18858,19460,,,100
en_video_05_0032,video_05,en,Advaita,32,"I'll tell you in Hindi and translate into English. This pervading Everything pervaded by God through and through. I'm using the word God as the absolute, Brahman, pure being. The word, the phrase they use, Thasa Thas Bharpoor. It's a it's a very homely phrase. Bharpur means filled up. Tasaras means packed. There's not the slightest space for anything else left. There is in Brahman, there is not the slightest space for any samsara. In the lake where I saw all that, is there any space for mountains and trees? No, it's full of water. Have they parted and given, can come and trees can come and stay here, then sky can be here and the mountain can be here?",19461,20119,,,120
en_video_05_0033,video_05,en,Advaita,33,"No. So, it is pervaded in that way. Pure being pervades our experienced universe in that way. Now this this phrase by which all is all this is pervaded. Yena sarvam idam tatam. Tatam means vyaptam in Sanskrit. Vyaptam means pervading. This comes three times in the Bhagavad Gita. And in the context is beautiful. Um, once it comes here, the 17th verse of second chapter, the other time it comes in the 22nd verse of the eighth chapter. It's uh 22nd verse is, Purusha sa para partha bhaktya labhyastu ananyaya yasyantasthani bhutani. Yena sarvam idam tatam. Yena sarvam idam tatam.",20120,20700,,,101
en_video_05_0034,video_05,en,Advaita,34,"It says that there is the transcendent being. Who can be attained only by devotion, by one pointed devotion, by love? In whom all beings exist, by which this entire world is pervaded, yena sarvam idam tatam. Who are they talking about? They're talking about God. Do you see the interesting thing? In the second chapter, who is it talking about? He's talking about you. You are that pure being, because the whole subject was the self, Atma. And he's using this exactly the same language to talk about God, because when he uses the term Bhakti by one-pointed devotion, whom do you have one, I know we have one-pointed devotion to ourselves, especially here in Manhattan.",20701,21369,,,117
en_video_05_0035,video_05,en,Advaita,35,"I, me, mine, but he says one point of devotion is usually meant for God. He's using exactly the same way to, same language to talk about God and you, the real you. You are the transcendent being, pure existence by which the entire universe is pervaded, which constitutes the existence of the entire universe, one. And many, many, I don't know how many months it will take when we come to the eight chapters, 22nd verse, we are far away. There he's talking about God, devotional. And he says there is such a thing. One pointed surrender and devotion, you will realize that reality, the transcendent reality, Parapurusha, the transcendent being by which all in which all beings exist.",21370,22052,,,120
en_video_05_0036,video_05,en,Advaita,36,"And you can understand exactly how all beings exist in that, because that is pure being. And by which all is pervaded, exactly the same verse, but how do you attain it? By love, he says, by devotion, bhakti. Again, the third time this comes is at the very end of the Bhagavad Gita, the 46th verse of 18th chapter, the last chapter. Yata pravritti bhutanam yena sarvam idam tatam. Swakarmana tamabhyaccha siddhim vindati manava. From which has emerged all activity in the universe of all beings, by which all this is pervaded, same phrase. That one, worshiping that one by your work, by your action, you will attain perfection.",22053,22679,,,110
en_video_05_0037,video_05,en,Advaita,37,"When you recite this, I don't know if people have heard Swami Ranganathanji or immediately reminded of him. This was one of his favorite verses. Swakarmana tamabhyarcha, I can see it. It clearly sitting there, erect and sharp. Swakarmana tamabhyachya siddhim vindati manava. By worshiping the Lord, by one's actions, activities, one attains to perfection. Again talking about God there. So, in three places, very beautiful. There is another one, another place in the ninth chapter, fourth verse. A similar, a similar phrase is used, just one word is, Maya tatamidam sarvam, by me all this is pervaded. Instead of saying by that all this is pervaded, by me all this is pervaded.",22680,23357,,,113
en_video_05_0038,video_05,en,Advaita,38,"Krishna says, Matsthani Sarvabhutani, Nacha Matsthani, he says, Matsthani Sarvabhutani in ninth chapter. Yes. Ninth chapter, fourth verse. By the way, if you are impressed, how is he cruising all across the Bhagavad Gita? I could see that in some of your faces. Don't be impressed. I put in hard work. I've been, I was studying it today. But yes, there are people. I have personally known people who who are so well versed in this that it's I am using their work actually. So that's why it seems like magic. Somebody else has put in the hard work. Maya tatam idam sarvam jagat abhyakta murtina.",23358,23952,,,106
en_video_05_0039,video_05,en,Advaita,39,"See, you can understand it immediately. All this is pervaded by me in my unmanifest invisible form. What is the unmanifest invisible form? Pure being, isness. Mastani sarvabhutani, nachaham teshu avasthita. All beings are in me. What's the magic here? All beings are in me, yet I am not in them. What does it mean? Imagine, somebody mistakes a rope for a snake. Can you say that snake, though mistaken, that snake is actually in the rope. The rope can say, yes, it may be mistaken in me, but I am not in that snake. That doesn't exist at all.",23953,24495,,,100
en_video_05_0040,video_05,en,Advaita,40,"Similarly, what does it mean? It's only this, only the rope which exists. It's only pure being, it's only God, it's only absolute which exists. It's not that the absolute exists and the world exists and the absolute exists in the world. No. That's what Krishna is saying. That is pure Advaita. The next verse after that, the 10th verse, uh, the fifth verse of 9th chapter, it says, ""Nacham matsani bhutani pashyame yogamaiśvaram."" These two verses together, when we come to it eventually, many, many months later, fourth and fifth verses of ninth chapter, they establish Advaita Vedanta and Maya.",24496,25092,,,101
en_video_05_0041,video_05,en,Advaita,41,"What he says is there that I pervade this entire universe in my invisible form, unmanifest form as pure being. All beings are in me and I am in them. And the next he says, in truth, none of them are in me either. He flat out contradicts himself. He says, all beings are me. The next verse he says, they're not in me. Pashyame Yogameshwaram, look at the power of my Maya, which means they are appearing in me. Can the lake, lake, loon lake not say? I pervade all these trees and plants and mountains and skies in the lake by my power, water, by my existence as water.",25093,25659,,,111
en_video_05_0042,video_05,en,Advaita,42,"All these plants and lakes and mountains and sky is in me. Yet I am not in them. And in truth, none of them are in me. Would it not be perfectly right? Yes. Exactly like that. That's the lake. Here it means you. You, the pure being, pure awareness, entire world of your experience appears in you, shines in you, disappears in you. You pervade it all. Alright. Now, when I say these things, remember my sources are of course the original Bhagavad Gita and a variety of commentaries, ancient, medieval, and modern. Once in a while, if something occurs to me, I will tell you.",25660,26233,,,107
en_video_05_0043,video_05,en,Advaita,43,"But I'll flag it so that you know it's not coming from any venerable source, it's just coming from this guy. So what occurred to me today, this is not from any kind of commentary. When I was looking at the 3 + 1, 4 occurrences of this phrase, second chapter, eighth chapter, ninth chapter, 18th chapter. You know what occurred to me? Notice. The 18th chapter clearly is Karma Yoga. Worshipping the Lord by your action, you attain to perfection. The whole teaching of Sri Ramakrishna Vivekananda, seeing Shiva in all beings, worship them with service. Shiva Gyani Jeeva Seva.",26234,26808,,,101
en_video_05_0044,video_05,en,Advaita,44,"Exactly, it follows from that. The one in the eighth chapter, labhyasthu bhakti ananyaya, it is attainable by one-pointed devotion, by love, by devotion. Bhakti yoga. Then the ninth chapter, very clearly puts out Advaita. All beings are me, yet I am not in them and truly speaking none of these are in me. The universe are actually not in me. They're not of the same level. Brahman and Maya both are implied there. Gyan Yoga. And this one, though we have been explaining it in terms of Advaita following Shankara, actually, um, this is what is called Sankhya Yoga.",26809,27373,,,100
en_video_05_0045,video_05,en,Advaita,45,"The chapter name, the chapter is Sankhya Yoga. It, the very language here is a Sankhya language. Advaita follows from this, no doubt, especially in the earlier verse, 16th verse, but you have to interpret it. If you take it without interpretation, you actually get a kind of Sankhya. Sankhya and and yoga, they are what are called, they are sister philosophies. In Sanskrit, Samana Tantra Darshana. They are not, they are not in conflict. Raja Yoga is the way of meditation. So now you have got the four occurrences of this one verse from which follow Raja Yoga in order, Raja Yoga, then Bhakti Yoga, Jnana Yoga, and Karma Yoga.",27374,28002,,,111
en_video_05_0046,video_05,en,Advaita,46,"So just that just sort of seemed to me that this has been put in these four ways throughout the book. But anyway. And he goes on to say that one practical implication is, vinasham avyayasya na kashchit kartumarhati. Of this pure being, which is unchanging, nobody can destroy it. There's nobody, nothing can destroy this pure being, which means he's talking to Arjuna. It does not depend on whether you fight or you do not fight. What will happen? All these bodies, these personalities, they will die. They will die. They are, they belong to that category which never really came into existence because they belong to the category of the false, the apparent.",28003,28661,,,115
en_video_05_0047,video_05,en,Advaita,47,"They have borrowed existence. They are bound to lose it. All those you are worried about, whether you kill them in war or you do not kill them in war, no death is certain for all of them. None of us can avoid death. Death of the body is certain. And your death is impossible. You cannot die. You, the real you, the spirit dies not. The body will die. There's absolutely nothing to be worried about there. We that's what terrorizes the world, death. That's the final instrument of Maya which keeps us in terror. And he says here this message of hope.",28662,29211,,,104
en_video_05_0048,video_05,en,Advaita,48,"Be clear about this. The body will not survive no matter what you want to do to it. No matter how much gluten-free and yoga. Uh, and the self, pure self is never subject to death. It really does not depend on what you do. That's what he wants to tell Arjuna. What else do I want to say about this? A couple of points. One is, by this pure being is pervaded this entire universe. By that pure being is pervaded this entire universe. Now when Brahman pervades everything, pure being pervades everything, it does so equally. All differences are in Maya.",29212,29762,,,103
en_video_05_0049,video_05,en,Advaita,49,"There is no difference in Brahman. in the high and the low, in the living and the non-living, in male and female, in people of different races, in human beings and animals alike, the same divinity. Vivekananda put it. He says in his inimitable way, he says, verily the lowest worm is brother to the Nazareen. Jesus Christ, Avatar, Krishna, Christ, Buddha, the highest product we can think of in our civilization in humanity. Unreachable almost. Divinity in human form. And he says the worm is brother to that. And what he means is, it's same reality everywhere. Yes, manifestation is different.",29763,30357,,,102
en_video_05_0050,video_05,en,Advaita,50,"There is difference. There's tremendous difference, but all difference is in manifestation, is in Maya. In reality, there's only one reality. This is the tremendous conclusion of Advaita Vedanta. So this is one thing, the oneness of all existence and the sameness in down deep the sameness. Hence what is the what is the practical implication? The practical implication is that when we inhabit this world of difference. When you inhabit this world of difference, the implication is respect. The implication is harmony. Don't fight. Don't murder or kill, especially in the name of religion. You can see shades of my world of world parliament writer talk here.",30358,31016,,,108
en_video_05_0051,video_05,en,Advaita,51,"Yeah. So, harmony follows from this. The sameness of the divinity. How can you condemn another person, another race, another gender? because the same divinity is there. Are you going to condemn God? Swami Vivekananda was was was He never spared the Hindus for their faults. You know, very interesting how he defended Hinduism staunchly when he was here against all critics. But when he went back to India, he pointed out the faults of the Hindu society at that time in no uncertain terms. He said, no religion in the world preaches the glory of human nature, which means the divinity, in such magnificent, wonderful terms as Hinduism does.",31017,31656,,,110
en_video_05_0052,video_05,en,Advaita,52,"But no religion in the world treads on the necks of the, on tramples on the necks of the poor and the weak. in the in such fashion as Hinduism does, which means through casteism, he pointed out two things. One is the oppression of the masses, another one neglect of the women. He says the two great national sins of India. He pointed out. This does not follow from Advaita Vedanta. It cannot. Vedanta is the most Advaita, is the most democratic of all religions. In what sense? The central idea of democracy is, who said that? I forget.",31657,32193,,,100
en_video_05_0053,video_05,en,Advaita,53,"Very recently I heard it, somebody saying it. Democracy is the central idea, the central idea of democracy is that political power lies in each of us equally. And central idea of Vedanta is divinity, God lies in each of us equally. That's why he thought that the United States, he loved America for its ideals of freedom and human dignity. He felt this country is most suited for Advaita. Not so much India, though Indians take it very quickly because they're used to it culturally, but India has a very ancient society stratified layer after layer of hierarchy and tremendous burden of history is there.",32194,32798,,,106
en_video_05_0054,video_05,en,Advaita,54,"But here he found, here is a fresh land where which values freedom and liberty, freedom and dignity. What he tried to give was a spiritual philosophy for the ideals enshrined in the American Constitution actually. Anyway, that's apart from our talk today. Um, there is one, uh, one more thing I wanted to point out before we go further. Oh, an interesting point. Again a little bit of Sanskrit grammar here. The second line it says, ""Vinasham abhyasya asya na kashchit kar kartum arhati"". If I translate, the first line said, That indestructible reality, by that everything here is pervaded, that.",32799,33396,,,102
en_video_05_0055,video_05,en,Advaita,55,"And remember why he said that, because it's not accessible to senses. That reality by which this samsara is pervaded. That means beyond our senses, this means which we can interact with. But strangely enough, in the second line he says, That, he says, nobody can destroy this unchanging reality. He uses the word Asya. Of this unchanging reality, nobody can accomplish the destruction thereof. This is I'm trying to, it's clumsy in English if you translate that way. But what I want to point out is, for Brahman, for that ultimate reality, he has used two words. In the first sentence he says that reality, in the second sentence he says this reality.",33397,34048,,,114
en_video_05_0056,video_05,en,Advaita,56,"Pointing out thereby, it's not inaccessible. It's not beyond our reach. It is in fact continuously accessible. How is it accessible? Didn't you just say we can't see it, hear it, smell it, taste it, touch it, we can't walk to it, we can't hold it by our hands. It's not accessible to any of our instruments. It's accessible in this way. Let us say, all of this, all of you here are accessible. What is the proof that I experience you? I will say I see you. What is the proof that you are here today? I will say I saw them.",34049,34571,,,103
en_video_05_0057,video_05,en,Advaita,57,"So the proof for your existence here is my seeing you. Seeing proof for existence. Hold on to this. Seeing is the proof for existence. Now, what is the proof for the existence of my eyes? Will you say seeing? No, I can't see my eyes. Let me make it even more interesting. What is the proof that there was no elephant in the room? If there was an elephant, I would have seen it. I don't, I didn't see it. Therefore, there is no elephant. The proof for the non-existence of the elephant is I did not see it.",34572,35077,,,100
en_video_05_0058,video_05,en,Advaita,58,"The proof for your existence here today is I saw it. So the proof of existence is seeing. Proof of non-existence, not seeing. Now I cannot see my eyes, therefore my eyes do not exist. What's wrong with it? This rule applies only to objects. To objects, objects are revealed by your awareness. The presence of objects is revealed by your awareness, the absence of objects is revealed by your awareness. Both the presence and absence of objects reveal your awareness. They point to the fact that you are consciousness itself. It's a very crucial point. How do you see God in every experience?",35078,35668,,,104
en_video_05_0059,video_05,en,Advaita,59,"This is the answer to that. In every experience, God is being continuously revealed to us. Let me use two words, revealed and manifested. The light reveals this book to you, here. And the book manifests the existence of light. You the consciousness, you the existence. You reveal this world, you give this world its existence. And this world of appearances manifests your being, that you are pure being, pure awareness. Some of you are getting it. Isn't it beautiful? Yes? Right. What did I say? Both the presence of objects and the absence of objects are revealed by your consciousness, and both the presence and absence of objects reveal your consciousness.",35669,36328,,,112
en_video_05_0060,video_05,en,Advaita,60,"How do you say that you are sleeping? When you are able to say, when you wake up, how did you say that you're sleeping? Because something revealed sleeping to you. Not at that moment, you cannot say because mind is not working. Senses are not working. Mind and senses have gone to sleep. Hence you cannot think I am sleeping. You cannot say I am sleeping. If you could say that, you wouldn't be sleeping. You know that funny thing, mothers, they test the children. Has the good boy gone to sleep? If he has gone to sleep, his right leg will move.",36329,36875,,,104
en_video_05_0061,video_05,en,Advaita,61,"Right leg moves a little bit and mother is just pretending. Kids, you have a hard time to put them to make them sleep. They become hyperactive just before bedtime. So, you cannot express that I am sleeping, and yet it's an experience. It's an experience of absence. It's not the absence of experience. Deep sleep is not the absence of experience. By these words, that And this, that pure being points out it's not something that you can experience with your senses. This pure being points out that it is continuously available to you as your very self, which gives existence and, um, consciousness.",36876,37474,,,105
en_video_05_0062,video_05,en,Advaita,62,"In, in, it, it reveals the world and gives existence to the world. In Sanskrit, the words are very nice, Satta Sphurti. Satta means existence, Satta means that borrowed existence. Chit means consciousness, Sphurti means the shining forth. Sphuran in Sanskrit, shining forth, expression. The world is, it shines forth. Yes. So the existence that the real eye gives to let's say this altar, is it different from the existence that like someone else gives to that altar? What someone else. When you say someone else, there is no someone else. There is only one being. The moment you say the real I, look at the language you use.",37475,38100,,,109
en_video_05_0063,video_05,en,Advaita,63,"The real I is a limitless I. Think about it. You can you can if you Get what what we're talking about, you can actually check in your own experience. Is awareness limited? Where is the end of awareness? Is it limited in time? Does it come to an end? Time flows in awareness. Is it limited in space? I've given the example, one monk in Uttarakhand said, hey, how do you say, Swami, stop, how do you say that I'm all pervading? I'm here, I'm not even there. How can I be all pervading? Question. I'm here, I'm not even there.",38101,38624,,,102
en_video_05_0064,video_05,en,Advaita,64,"How can I be all pervading? Answer was immediate, answer was, ah, but here and there, are they both not in your awareness? In your dream, you are standing here looking at something there, here and there. In fact, the entire universe in your dream, was it not in your mind? There is no limit to awareness, no limit to pure being. All limits are in pure being. If you say that, you say so what? How does it relate to my question? It relates in this way. If it all limits are in pure being, then where is the limit between you and another person?",38625,39168,,,106
en_video_05_0065,video_05,en,Advaita,65,"Bodies are limited, they're different. Minds are limited. Consciousness flowing through this mind is the person who is asking the question now. But that consciousness in itself is the same for everybody. Or rather, in that, what did we say? In that awareness all beings exist, or they do not even exist. That awareness alone exists. There is no anybody else. What you are saying at a practical level, yes, there's a difference. The way you are perceiving this, and the way she is perceiving, he is perceiving, slightly different because you are perceiving it through this medium of your senses and through the filter of your mind.",39169,39799,,,108
en_video_05_0066,video_05,en,Advaita,66,"Same for each of us, but that's at a practical level. Yes, each of us has a difference. We put a little layer on the world that we perceive. We do not, we really do not have any access to the world outside. Everything that we perceive is through the medium of our minds, and our minds arise, play around, and disappear in awareness. Awareness and mind are not the same. So my answer to you is, no, your answer to your question lies in your very very question. Does someone else give a different existence to it? No. There is no someone else.",39800,40341,,,104
en_video_05_0067,video_05,en,Advaita,67,"In your dream for example, you see so many people and so many places and somebody tells you all of this is given existence by you, the dreaming mind. And if you ask, all those people, are they giving some existence to all these things also? All those people are also given existence by your dreaming mind in the dream. Here, not by your mind, you are not dreaming all this. It is rather in pure being, pure consciousness, all things appear. Yeah. Yes. Yeah, I'll repeat that, awareness imparts existence to all experiences. Imparts existence, yes. There are possibly things that I'm not even aware of.",40342,40943,,,107
en_video_05_0068,video_05,en,Advaita,68,"But they do exist. And even if awareness is not mine alone, it's shared by everybody. There might be things that exist that nobody's aware of. Right. How do you explain that? But remember, the way you are using awareness and what is meant here is slightly different. The way you are using awareness is, awareness channeled through our minds. What you're saying is, this awareness in me, the person, has made certain things its object, certain things the awareness is seeing, certain things it's hearing, certain things it's remembering. This is my area of knowledge, and beyond this is a vast area of darkness where I don't know.",40944,41573,,,109
en_video_05_0069,video_05,en,Advaita,69,"And so is it, it is true for all of us. But this is awareness which is what is called vyavaharika. It is channeled through a body and a mind. Certainly for us, there are things we know, things we do not know. But all of this, bodies, minds, senses, and vishaya objects, they all appear in that ground of reality. Again, very easy to understand if you take your dream world. In your dream world, you have a world. In that you are also there. And there, that person who is there in the dream, that person knows certain things and also has the feeling, there are many things in this world which I do not know, but they exist even if I do not know.",41574,42218,,,127
en_video_05_0070,video_05,en,Advaita,70,"But is it true? What is true is that all of that exists only or appears only in the dreamer's mind. From the point of view of the person inside the dream, there are things which are known and things unknown. Both known and unknown are appearances in consciousness. We have to think like that. Yeah. Yes. Tremendous really, what he's saying. Right here itself Vedanta is already over. Alright. Now, he goes on. In contrast to this, what about the bodies, our minds, these things of the world? They all have a beginning and an end, so he says.",42219,42760,,,100
en_video_05_0071,video_05,en,Advaita,71,"18th verse, Krishna says. Antavant ime deha, antavant ime deha, nityasya ukta shareerinah. Nitya Sukta Sharirinah Anashino Prameyasya Anashino Prameyasya Tasmadyuddhya Swa Bharata Tasmadyuddhya Swa Bharata These bodies of the eternal, imperishable, immeasurable embodied self are said to have an end. Therefore fight, oh descendant of Bharata. Now what about this life? This first of all, this particular body, this particular manifestation in awareness, it has a beginning, it has grown, it has it will age, it will pass away, do not worry about it. As long as it exists, take care of it, use it, act in this world.",42761,43377,,,100
en_video_05_0072,video_05,en,Advaita,72,"Very interesting. What follows from all this high philosophy, tasmad yuddhasva. Again and again and again Krishna, he has a motive in all of this to engage Arjuna in the Mahabharata war. But what follows from what seems to be a very abstract philosophy is a philosophy of action. It enables you to act properly in this world without attachment, without ambition, greed, without fear and terror. It enables you to act with serenity in this world, to do the best you can through that particular body and mind. Tasmāt yudhyasva, fight the battle of life. O Bharata, O descendant of the Bharata.",43378,43969,,,103
en_video_05_0073,video_05,en,Advaita,73,"Antavantai me deha, these bodies are with beginnings and ends, with ends, which means with beginning and end. And they are appearances of what? Nityasya of the eternal reality, which you are. And that eternal reality seems to possess a body now. It's called Shariri, the embodied. Embodied does not mean there is a body and then you are filled into the body or poured into the body somehow. No, it means just that I accept this body as. as mine. In Hindi, they say Swikriti Matra. You just say this is mine. When one begins to see this, if you put some attention to it, you will begin to see it is nothing more than an identification that it is mine.",43970,44620,,,122
en_video_05_0074,video_05,en,Advaita,74,"That's all that I say. It's really there is no connection between you and the body. Imagine where we have gone from, from I am the body and nothing else to now we are saying there's nothing to be, there's no connection between you and the body. Nitya shareerina, the embodied. Embodied means the one who claims that this body is mine. Shareeri. I remember Swami Ramakrishnananda, Shashi Maharaj. He was in Chennai at that time and sister Devamata. an American lady, an American nun, she had gone to India to, she stayed for some time, met many of the direct disciples of Sri Ramakrishna, including Shashi Maharaj, Swami Ramakrishnanandaji.",44621,45260,,,110
en_video_05_0075,video_05,en,Advaita,75,"One day she writes in her reminiscences, days in an Indian monastery. She writes in her reminiscences that the Swami was talking about the difficulties he had faced in setting up that hardships, tremendous hardships he had faced. For example, I remember many such stories. Poverty, extreme poverty, and one day there is nothing to offer to the to Sri Ramakrishna. You know, there's a ritualistic offering every day. Bhog is offered. So nobody had bought anything. No offerings from devotees, fruits or sweets, something that can be offered. And Swami Ramakrishnananda who had one, that's why his name was Ramakrishnananda, one whose bliss is in Ramakrishna.",45261,45918,,,107
en_video_05_0076,video_05,en,Advaita,76,"At one point of devotion to Sri Ramakrishna, he goes to Sri Ramakrishna in a huff and he says, Alright. If nothing comes today, I shall go to the beach in Madras. And I will make little like coconut balls, I'll make little balls of sand. And I'll come and offer that to you today as as the offered food and I will eat that and live today. As he said this, somebody little by little, somebody turned up at the monastery, a devotee with a lot of delicious foods and everything. So Sri Ramakrishna, he can be threatened. Yes, immediately all sorts of nice food came up and turned up.",45919,46499,,,111
en_video_05_0077,video_05,en,Advaita,77,"Anyway, so he told many stories and how he had struggled. He was a powerful figure, but apparently and his talks were not very, um, you know, very entertaining. Let's put it this way. He was a very serious man, Ramakrishna. So sometimes his talks were very poorly attended. But whatever, if even one person turned up, he would go and give the talk. He would go to different parts of Chennai and give the talk. He'd go in a rickshaw sometimes and give the talk there. He wouldn't touch money. He would, people gave money, so he would ask them to tie it on his dhoti.",46500,47065,,,107
en_video_05_0078,video_05,en,Advaita,78,"donations for the monastery. And it so happened one day in torrential rain and that place is flooded. He wades through knee-deep water, dirty water in the sewers there to go to the place where he has to give a talk and he goes there because he has to give a talk there. Nobody has turned up. He sits there, gives the talk and comes back. So, he said I'm not doing it for a person. I'm offering it to the Lord. The Lord is always present. They seriously meant it. And so on. So many, many experiences he tells, and Sister Devmata writes that I was indignant.",47066,47623,,,108
en_video_05_0079,video_05,en,Advaita,79,"Why should a person like Swami Ramakrishnananda, this saintly person, why did he have to suffer so much? I felt so bad. So I said to him, why Swami, why did you have to suffer so much? And then she writes, he looked startled and surprised and he said, what are you saying? My real life is infinite. Let the Lord play with this little life as he will. Nitya, of the eternal, this little life, born yesterday to be paid to die tomorrow. What is it to you? Give it to the Lord and let the Lord play with it as he will.",47624,48139,,,104
en_video_05_0080,video_05,en,Advaita,80,"So that is what he says, Nityasya yukta shareerena. And therefore and thus act. Don't sit idly, act, do what is in front of you. Anashino, cannot be destroyed, Aprameya. Alright, let me explain this. Important point. Aprameya means not an object to the pramanas, that means the instruments of knowledge. How do we know something? By seeing, hearing, smelling, tasting, touching, by inferring. through science, by, um, you know, through logic, inference, by testimony from others. We know in various ways, in various sources of knowledge are there for us. However all you know, whatever you know. You can know through Google today.",48140,48770,,,104
en_video_05_0081,video_05,en,Advaita,81,"So all of these are called pramana which gives you knowledge. And this ultimate reality aprameya, it's not an object for any of these pramanas. You can read about it in a book. Even Google can tell you about it and can tell you lots about Vedanta. But it really will not give you enlightenment. You cannot grasp it directly through any of this. Just the way you can see it with your eyes, you can touch it with your hand. You can say I know it. In that way you cannot know Brahman. So it is called Aprameya, not an object to the sources of knowledge.",48771,49321,,,107
en_video_05_0082,video_05,en,Advaita,82,"Sources of knowledge? Pratyaksha, that means direct perception. Um, then Anumana, inference. And then Shruti, that means that that is Scripture, testimony, instructions from trustworthy sources. Shabda praman is this. And there are secondary pramanas also. I mean, technically there's something called supposition like Arthapatti. There is Anupalabdhi, absence itself is a pramana. We will not go into it, lot of technicalities. The whole system, the whole thing is called epistemology, the science of knowledge. It's a branch of philosophy, very big branch of philosophy. But the point here is, all the sources, epistemic sources, pramanas do not operate on Brahman.",49322,49989,,,101
en_video_05_0083,video_05,en,Advaita,83,"So this leads to a problem. The problem is, all this you are saying, What is the proof? Again, the same thing, proof that this book exists, I see it. I can touch it. All of us see it, so it exists. What is the proof that this pure being, pure consciousness exists? What is the proof? I was talking to a philosopher recently, N. Y. U. And he said, what is the proof? But you're saying that it exists, such a thing. Aprameya. You know what is the proof? The answer is there in that example of the eyes seeing.",49990,50497,,,101
en_video_05_0084,video_05,en,Advaita,84,"What is the proof? You know what an Advaitin will say? He'll say, all the sources of proof, the methods of knowledge, pramanas, they all operate because of it. That consciousness is the one which powers, which lights up all the pramanas. How do you see? Do the eyes see? No. It is consciousness which sees through the mind and the eyes. Do the ears hear? No. It is consciousness which hears being channeled through the mind and the ears. Does the intellect do science? No. It is consciousness channeled through the intellect which does science. It is consciousness, in consciousness, and through consciousness everything is happening.",50498,51132,,,107
en_video_05_0085,video_05,en,Advaita,85,"So this is the answer that Advaita Vedanta gives. It is not an object to pramanas, but all pramanas. The Sanskrit phrase is pramana sarva pramana prameya vyavahara. All activities, epistemic activities are grounded in consciousness. You might say, so this leads to the hard problem of consciousness, one of my favorite subjects. Yeah. So a camera. There's a camera there. The camera. It's recording. Is it seeing? In a way you can say it's seeing. It can record and if it's connected to computers and devices, it can even react to things happening. But does it have a first person experience of seeing inside?",51133,51742,,,105
en_video_05_0086,video_05,en,Advaita,86,"Is there something which is seeing? Can the first person experience like you are seeing colors, you're hearing sound, is that thing going on in the camera? It's recording light and sound. No. Not even the most ambitious Sony executive will claim our cameras are conscious. No. So what is that? Behind all epistemic axis is consciousness. It is not an object to sources of knowledge, but it is that which powers all sources of knowledge. Therefore, I'll leave you with this thought. In all knowledge, it is available. Just as eyes are available in all seeing, though they are not something you see.",51743,52340,,,104
en_video_05_0087,video_05,en,Advaita,87,"Mind is there in all thinking. Similarly, consciousness is there in all experience. Our attention, it flows through the objects of experience. But if you know this knowledge is there with you, you can know that consciousness within quotes, no. You can know it by being it. Brahmaveda Brahmaiva bhavati. The knower of Brahman is none other than Brahman. Yes. So two questions, this lady first and then I'll go to you, yeah. So can we put it in this way Swamiji, the continuity in our experiences because of your doing, the continuity in our experiences. Uh, let's call it pure being awareness.",52341,52933,,,103
en_video_05_0088,video_05,en,Advaita,88,"Pure being awareness. I will modify it, that's right, I'll modify it in this way. She asked, is the continuity in our experience due to pure being? So let's call it being awareness, Sat Chit, existence consciousness. The continuities and the perceived discontinuities are all due to that pure being. There are perceived discontinuities. Deep sleep. Anesthesia, discontinuities, amnesia, memory failure, very boring Vedanta class. The class went away in a twinkling of an eye. What happened? Mind was elsewhere. But that is also revealed by the same continuous awareness, yes. Question. Yes, that will come in the 13th chapter.",52934,53560,,,100
en_video_05_0089,video_05,en,Advaita,89,"Very powerful statement. Kshetrajnam chapi mam viddhi sarva kshetreshu Bharata. I am the consciousness in all bodies and minds. Literally, I am the knower of the field in all fields. This relates directly to your question. The gentleman here who asked the question, other people, because we feel I am the knower of this field, this body is a field, in this I am there as the knower. Krishna says, how many knowers are there? He says there's only one knower. Apparently there are many knowers. With respect to bodies and minds, many, many knowers. With respect to consciousness behind the body mind, one consciousness.",53561,54178,,,105
en_video_05_0090,video_05,en,Advaita,90,"That is what is called God in Vedanta. I am the consciousness, I am the knower of the field in all fields. God is therefore available to us in every experience inside yourself as yourself, but as your real self, capital S. There was another question that, yes, that's the last question. So this is from the camera example where you say that the camera does not see even the reports. So how do we know that it does not see? We don't know. In fact, the only thing that you know for sure is that you see. You don't even know that we see.",54179,54713,,,105
en_video_05_0091,video_05,en,Advaita,91,"How do you know? How do you know? Because you don't have access to our first person experiences. We could all be zombies, for all you know. Yes, Halloween just passed. In the realm of thought where we say that nothing is separate from the pure being. Yes. The pure being imparts me existence and so it imparts existence to the camera. The camera. And yet we say that although existence is imparted to me as well as to the camera. Yes. Uh, yes. Correct. The difference between living and non-living. So this is an issue which is easily resolved.",54714,55258,,,100
en_video_05_0092,video_05,en,Advaita,92,"How does Vedanta distinguish between living beings and non-living beings? From Vedantic perspective, there's only one existence consciousness, and all things are names and forms. But among these names and forms, there are living names and forms like us, we call them living beings, and there are non-living names and forms like tables, chairs, and the camera. How do you distinguish between them? Vedanta says the word is right there, living, in Sanskrit, Prana. Prana means it's a part of what is called the subtle body. Right now we have two bodies. One is a physical body and one is a subtle body.",55259,55859,,,103
en_video_05_0093,video_05,en,Advaita,93,"So what proof? Again, Vedanta always go to your experience. You have a dual experience. You experience a physical body which is public, others can see it, your doctor can examine it. But you have an inner experience, thoughts, feelings, emotions, right? You seem doubtful. Thoughts, feelings, emotions, ideas, memories, questions, all of those are there, your doctor cannot see it. Your doctor can only go up to the brain. Inner experience you have got. That inner experience is where is happening in what is called the subtle body, Sukshma Sharira, which constitutes of, which is constituted of the Pranamaya Kosha, Manomaya Kosha and Vijnanamaya Kosha, three.",55860,56521,,,107
en_video_05_0094,video_05,en,Advaita,94,"There's a causal body beyond that, but we'll not bother with that. So these three are called the subtle body. Now the distinction between living beings and non-living beings is, living beings have the subtle body. which has prana which is life, mind and intellect, and emotions, ideas, and memories, the whole person is there. That is called the Jivatma. And beyond that is of course causal body and then consciousness. So, existence consciousness is there in that camera also. But what happens is because there is no subtle body there, the only the existence aspect is manifest as a thing.",56522,57112,,,101
en_video_05_0095,video_05,en,Advaita,95,"But there is no person in there because there is no subtle body in there. That's how we distinguish. You'll say why is there not a subtle body there? We can't see. If there was a subtle body, it would be a person. This is an important question because in these days when AI is being seriously discussed. So I have had actually people working with AI in some of the most advanced labs in this country. In a couple of questions, a couple of times I've been asked this question, can this AI, they're talking about a particular project which is still, can it become conscious in the sense you're talking about?",57113,57719,,,113
en_video_05_0096,video_05,en,Advaita,96,"Um, so they have many theories about that. From a Vedantic perspective, if you can design a subtle body, if you can generate a subtle body, it will become conscious because existence consciousness is always there. Existence is manifest, this is, this is. But there is no inner awareness there. There's an inner awareness here because consciousness is also borrowed. See, it happens this way. Physical body borrows sat, being. Subtle body borrows being and awareness. Existence consciousness. This is called Chidabhasa, reflected consciousness. Again, your experience. You not only have thoughts, but those thoughts shine in consciousness. If you note your own inner experience, that consciousness which you're feeling now.",57720,58442,,,111
en_video_05_0097,video_05,en,Advaita,97,"That is not pure consciousness. That's a consciousness associated with a thought, shining in a thought. That's called reflected or in Sanskrit, phalita, chidabhasa, a shadow of consciousness or reflection of consciousness. It's like the sun's light being reflected from the moon. The moon appears luminous for all practical purposes. Shines, gives light and all of that. But it's not luminous. It's borrowing light from the sun. The mind in itself, it borrows existence and consciousness from the Atman. The body borrows only existence. It cannot because it does not have the capacity to borrow consciousness. So this is the distinction.",58443,59080,,,101
en_video_05_0098,video_05,en,Advaita,98,"Again, if you say what, how, what, what gives you the right to make this distinction, I say look at your experience. Science cannot explain this. I'll just leave you with an I can't resist this. Obviously, you've heard of the hard problem of consciousness. I've been repeating it again and again. Science has a problem, neuroscience, that you go up to the brain, but after that, how it has a first-person experience, you can't talk about it. They have a huge debate going on. And New York, NYU, all of this is at the nerve center of that debate.",59081,59626,,,100
en_video_05_0099,video_05,en,Advaita,99,"I I mentioned that last week, week before last, there was actually a workshop, a colloquium where some of the top philosophers were present and Advaita Vedanta perspective on the hard consciousness of problem. That was hard hard problem of consciousness was discussed. So it's come to that level now. But on the other hand, philosopher Galen Strauss from UT Austin, University of Texas Austin. He says forget the hard problem of consciousness. There is no hard problem of consciousness. There's the hard problem of matter. What he says is, is very Advaitic. He's not saying it in a reductionist materialist way.",59627,60238,,,102
en_video_05_0100,video_05,en,Advaita,100,"He's just saying the opposite. He says consciousness, we know what it is. We are all conscious. We know. We are conscious. Matter appears to us in consciousness, and we investigate it with science, common sense, science, whatever. And as we investigate it with science, it disappears before our eyes. The more we have investigated matter, it seems to be only structure, Nama Rupa. Where is the substance? It keeps disappearing. What is matter? How matter, we make distinction. Science tells us a lot about how matter behaves. It It is continuously failing to tell us what matter is. What is the thing there?",60239,60846,,,104
en_video_05_0101,video_05,en,Advaita,101,"The moment you investigate the thing, it breaks up into smaller and smaller and smaller particles. Atoms, to subatomic particles, to nucleus, to protons and neutrons, to quarks, to super strings, goes further unimaginably receding further and further back. What are you getting? Jim Holt said in his book, why does the world exist? We are getting only name, we are getting only structure. Structure in Maya is name and form. The more science investigates matter, all you keep getting is name and form. Substance disappears, the more clearly you investigate it, the more it fades away. So he says, Garen Strauss says, He calls it the hard problem of matter.",60847,61503,,,111
en_video_05_0102,video_05,en,Advaita,102,"You you forget consciousness. Consciousness, everybody knows consciousness because we are conscious. And he says we don't know what matter is. The more science advanced, it's just shown us we have absolutely no idea what matter is. If you put the hard problem of consciousness and you put the hard That problem of matter together, you get Advaita Vedanta, you get Tatvamasi. On that we will end. Om Shanti Shanti Shanti Hari Om Tat Sat Sri Ramakrishna Arpanamastu.",61504,61968,,,78
en_video_06_0000,video_06,en,Advaita,0,"Om Vasudeva Sutam Devam Kamsa Chanuramardanam Devaki Paramanandam Krishnam Vande Jagadguru Let's chant 16 onwards. We have done 16, 17, 18. Today's 19. Let's just, just follow me in the chanting. Chant after me. Na sato vidyate bhavo. Na sato vidyate bhavo. Na bhavo vidyate satah. Nabhavo vidyate satah. Ubhayorapi drishtvantah. Ubhayorapi drishtvantah. Svanayostattvadarshibhi. stu anayo tatvadarshibhi avinashi tu tadviddhi avinashi tu tadviddhi Yena sarvam idam tatam, yena sarvam idam tatam, vinasham abyayasyasya, vinasham abyayasyasya, na kashchit kartumarhati. Nakashchit kartumarhati antavant ime deha antavant ime deha nityasyukta shareerina nityasyukta shareerina Anashino prameyasya, Anashino prameyasya, tasmad yudhyasva Bharata, tasmad yudhyasva Bharata.",0,768,,,100
en_video_06_0001,video_06,en,Advaita,1,"In response to a practical question by Arjuna, Arjuna simply asked what he should do, what's right and what's wrong. But Krishna goes very deep. He starts with the very nature of the self, the root of all wisdom. Before deciding what is right and wrong, what you should do and should not do, first you should know what you are. And so, here he teaches the most profound doctrine of the self, of what we really are. Maybe this is the central teaching, the first teaching of Advaita Vedanta. Of course, the Bhagavad Gita has many more things to say, but this is, this is the key.",769,1346,,,108
en_video_06_0002,video_06,en,Advaita,2,"So, Krishna starts with that. He tells us what we think ourselves to be, that we are not. He makes a distinction between the body and the embodied self. Sharira Shariri. Sharira means body, and by body we do not just mean the physical body. When we look at ourselves, we find two aspects. One is the physical body, this one. What everybody can see, what the doctor checks up. And what, what you have inside. What you, inside only, I mean, how do you say it? Because inside the physical body is only more physical body. Inside, closer to your psychic being, your your inner being, your thoughts, your ideas, your memories, the person that you think you are, even that is a body, even that is not what you are.",1347,2055,,,132
en_video_06_0003,video_06,en,Advaita,3,"So the physical body outside, by outside I mean relative to the inner self. The physical body outside and the inner psychological body. The the gross body, sthula shareera, and the subtle body, sukshma shareera, both are bodies, we are not them. That's what Krishna says. And, uh, the first, so we are the Atman, the self. Atman literally means the self, you. And this body and mind what we consider to be ourselves are Anatman, not self. What is the characteristic of the self as distinguished from the not self? How is it different? What are we talking about here?",2056,2622,,,101
en_video_06_0004,video_06,en,Advaita,4,"Well, first of all, Krishna says it does not die. He starts, we will see the very 12th verse. In fact, from verses 11 to 25 is a central teaching of the the doctrine of the self, Atman. From 11 to 25, second chapter. 12th verse he says, um, there was never a time when you were not or I was not, nor these kings were not. There will never be a time when we will not be. He does not say that we are here right now because that's obvious, we are here right now. But did we exist before our birth?",2623,3117,,,103
en_video_06_0005,video_06,en,Advaita,5,"Are we going to exist after the death of this body? He says yes. What's going to exist? Not the body. The body is the not self. The not self will die. The mind is the not self, it will change. But there is an unchanging reality which is you, the real you, that does not die with the death of the body, that does not change or forget with changing and forgetting mind. So that one, we are. First of all, it is Nitya, eternal. What is Nitya, eternal? The self, you are eternal. In the 13th verse, it showed how the body goes through childhood, youth, middle age, old age, and these transitions.",3118,3710,,,115
en_video_06_0006,video_06,en,Advaita,6,"You say that you are the one who was the kid, you are the one who was the teenager, you are the one who was the middle-aged person, you are the one who are who is you call yourself a senior person now. But it's the body which has made these transitions, as you claim. Without any doubt whatsoever that you persisted through these changes of the body, so also the claim here is, you will persist through the final change of the body, which is death. So that was the 13th verse. The 16th verse is very important. It tells us something, one more thing about the self, about you, about the Atman.",3711,4303,,,114
en_video_06_0007,video_06,en,Advaita,7,"It says the Atman is real and the not self, Anatman is false in appearance. What did the verse, the first thing it said? The Atman is eternal. And the not self is non-eternal, changing, dying. The second thing it says, not only is the not self, world, body, and mind non-eternal, But also it's an appearance. It's not real in itself. What is real in itself? You the self. I will not go into explanation. I hope you remember, we did a full class on this 16th verse, very important. Not only is the body mind non-eternal, but the body mind is also is an appearance.",4304,4867,,,107
en_video_06_0008,video_06,en,Advaita,8,"In what? In the self. What is the self? Pure being. Not only pure awareness, but pure being. Isness. Do you remember the isness never goes out of existence and that which appears never truly exists. We discussed the concepts of borrowed existence and intrinsic existence, all those things we discussed. Do you remember the example of the potato which was hot and the water and the fire underneath. So, That is given in that 16th verse, very important verse. It tells you Atma Satyam Jagat Mithya. It takes a lifetime to digest this. It's a stunning revelation and a message of hope.",4868,5450,,,103
en_video_06_0009,video_06,en,Advaita,9,"If there is anything real in the world, if there's anything real in this life, it is you. But not in a solipsistic sense. By solipsistic sense I mean, I alone am real and you are all false. No. The real I and the real you are one and the same thing. Your reality is the reality of the entire universe. That means there's the core of reality which you are. And that lends reality to what we call the universe, body, mind, and life. Then he goes on, um, 18th verse, 17th verse, another beautiful one. He makes another point about the self.",5451,5988,,,104
en_video_06_0010,video_06,en,Advaita,10,"He says, the self is all pervading. Look at how he's hitting our fondest conceptions of ourselves. First conception is I'm going to die. He says no, you are immortal. Second conception is here is a real stark reality. No, you are the reality. That is a dependent reality, depends on you for the reality. Third we think I am here. And everything else is outside. I'm separate from everything. He says, no. You pervade the entirety of reality. How, how is it that I pervade everything? It's only when you're localized in the body that I think I am this one, then you feel that I am here and not there.",5989,6588,,,112
en_video_06_0011,video_06,en,Advaita,11,"But suppose you identify yourself with isness, existence. Where are you not? If you are not there, that thing will become is not, not. It will disappear. If isness is not there, it will become is not. You pervade everything as pure being, or more precisely, everything has its dwelling in you. Because you are pure being. You pervade all experiences of life as pure consciousness. Without that consciousness, no experience is possible. So as pure being, as pure awareness, you pervade everything. There's nothing that can be there without you. I'm, I know I'm rushing through, but I'm giving you the highlights of what has happened.",6589,7221,,,107
en_video_06_0012,video_06,en,Advaita,12,"So you are all pervasive. Then the 18th verse, many things were said, one word was Aprameya, very important, another interesting point he makes. Everything that we know in this world is an object of knowledge. By definition, if you know it, it's an object of knowledge. What you see is an object of seeing. What you hear is an object of hearing. Smell, taste, touch, or belief. An object of believing, we read in books, religious books and we are taught to believe in heaven, hell, God, or object of scientific inquiry, black holes to quarks, to protons, to, um, to all the objects of scientific discovery.",7222,7828,,,108
en_video_06_0013,video_06,en,Advaita,13,"They are all objects. Whatever you know in the world is an object. What we are talking about here is unique in that it's not an object. Pramaya means not an object of knowledge. What is that? The pure subject. What is that? Not that, it is you. So you are not an object. Don't look for yourself in the world of objects. You are very clearly present all the time to yourself as the ever shining subject. It may sound poetic, ever shining subject, whatever is that. You should ask hard-headed questions. Is the one who's asking this question right now?",7829,8379,,,102
en_video_06_0014,video_06,en,Advaita,14,"Krishna wants you to turn your attention into yourself. You will discover that ever shining subject. Aprameya, not an object of knowledge. Therefore, don't ask why can't I see it, why can't I hear it, why can't I smell it, taste it, touch it, why can't I discover it with the, um, what? CERN particle accelerator, why can't I discover it with electron microscopes? No. Because all of them deal with objects. If it is not an object of knowledge, then how will I know it's true? The question is, what is the proof that such an Atma is there?",8380,8919,,,100
en_video_06_0015,video_06,en,Advaita,15,"Can you tell me? Assignment. What is the proof that what we are talking about, such a pure awareness or consciousness is there? What is the proof, yes? I don't think that there's proof that there is an augment, but there's no proof that there is an object. There's no proof that there's an eye object. Are you going much, much, much further than that? But in a simple sense, the, uh, the answer, yes, you are right, of course. Yes. Life is an object. It can be created. But what, what is the proof that you are pure consciousness?",8920,9450,,,100
en_video_06_0016,video_06,en,Advaita,16,"Such a, you're saying that there is an eternal, unchanging, all-pervading, all these things we just said. Pure consciousness, yes, at the back. It is self-evident. You might say, how so? It's not evident to me, buddy. It will be made evident, and when it is made evident, your reaction would be, oh, it was there all along. You know what is the straight answer to the question? What is the proof? In Sanskrit, the word for proof is Pramana. The answer in Advaita Vedanta is all operation of instruments of knowledge. The objects of knowledge, the instruments of knowledge, and the knowledge generated.",9451,10052,,,104
en_video_06_0017,video_06,en,Advaita,17,"All of them depend on this consciousness for their operation. Sarva pramana prameya vyavahara, every act of knowledge. Knowledge is an act. You see, it's it's it requires. Every instrument of knowledge, object of knowledge, and the knowledge that you gain with the instrument and the object. All of them, they are manifested, enabled by this consciousness. And again, if you understand what this means, you will see it as a matter of fact, of course. Of course, right now. I am aware, therefore I see. I have the, by see means I have the experience of seeing. If you go to an airport, the door will slide open when you come near it.",10053,10685,,,114
en_video_06_0018,video_06,en,Advaita,18,"There's a sensor there. In a certain sense it sees you, but there is no conscious experience of seeing in there. You say how do you know Swami? Well, even the most ambitious designer of those gadgets will not say that my my sensors are conscious beings. They'll never say that. They are not. There's no conscious experience of saying, seeing. The entire mechanism of seeing is there. There's a mechanical eye, you know, like an organ. And there is an object to be seen, you are approaching the door. And knowledge is generated. Not as a conscious event, but practically, behaviorally, it behaves as if it is seeing you, but there is no inner experience of seeing there.",10686,11355,,,119
en_video_06_0019,video_06,en,Advaita,19,"The inner experience of what we call our lives. That is possible because of this consciousness. This is a so-called hard problem of consciousness. How are we getting this experience? So Aprameya, very important word, not an object of knowledge. If something is not an object of knowledge, what right do you have to speak about it? We have the right to speak about it because it is evident in every knowledge. Alright. Now, let me go ahead. So we have had, we have been told by Krishna, you are not the body mind, you're not born with the body, you do not die with the body, you are eternal, the body mind, the changing and perishable.",11356,11990,,,117
en_video_06_0020,video_06,en,Advaita,20,"You are, um, all pervading. You are real, and the body mind is limited and unreal. Unreal means appearance, dependent reality. And you are not an object of knowledge. Body, mind, world, object of knowledge. Some instrument you can know them. That which knows, that's what you are. So, so far. Now let's go ahead. Some very well known verses. Usually in India sometimes when people die, these verses are chanted. It's it's to do with that you are eternal, you do not die. So you know why these are chanted when people die. So normally you'll sit near the dead body and people are coming to view the body which is lying in state and there'll be somebody chanting the the Gita.",11991,12665,,,123
en_video_06_0021,video_06,en,Advaita,21,"We do do that in the monastery in in India too. If a senior Swami monk passes away, when we were young novices, so the word would come to our our training center. That Sachin said Swami, elderly Swami has passed away, the body is kept there, so till the cremation of the body, there will be continuous chanting of the Gita by turn. So we divide ourselves into groups and we used to go there. Once it so happened, They got the advance notice that Swami has passed away and he's there in that room, the body, so you can start go and start the Gita chanting.",12666,13221,,,108
en_video_06_0022,video_06,en,Advaita,22,"And so the novices go there in a group 3 or 4 novices with their Gita. and they go and they see there is a body there and it's covered with white cloth. Um, and the room is very quiet. So they naturally, they sit down and they open the Gita and Vasudeva Sutam Devam and suddenly with a flurry the cloth is thrown aside and the Swami Irate, annoyed old Swami sits up and says, not me you fools, the next room. Um, I heard this story about Swami T. also here. Um, two persons, um, he had given instructions that when I pass away, um, you should chant the name of Sri Ramakrishna.",13222,13799,,,115
en_video_06_0023,video_06,en,Advaita,23,"Um, Jai Shri Ramakrishna. That like you should chant like that. Once he fainted and the gentleman who took him to the hospital, you know, they He told me the story that I was summoned that the Swami is in critical condition, so he rushed in a car here and there was almost nobody there, so two of them, there was a lady and this gentleman, they struggled because he was heavy. They struggled to bring him downstairs, put him in the car, he was lying in the back seat, and they started driving and then remembered the instructions. So while driving, they started chanting, Jai Shri Ramakrishna, and the Swami got up in the back seat and said, not this time, you fools.",13800,14467,,,124
en_video_06_0024,video_06,en,Advaita,24,"And then he collapsed again. So these are the verses which are chanted when people and after a death in the family or something. So here's a very famous verse. 19th verse. Ya yenam vetti hantaram. Vetti hantaram yashchainam manyate hatam yashchainam manyate hatam ubhautau na vijanito Ubhautau na bijanito nayam hanti na hanyate. Nayam hanti na hanyate. He who thinks of it, that means the Atman as a slayer. Remember, this is the context of war, so that language is. And he who thinks that it is slain, both are ignorant of the truth. It, the self, that means Atman, neither slays nor is slain.",14468,15063,,,106
en_video_06_0025,video_06,en,Advaita,25,"It's a famous verse. Before I go into an analysis of the verse, Emerson. Ralph Waldo Emerson, he was famous, he was called the American Plato, the American Socrates. So he has a famous poem, Brahma. Let me recite it to you and see whether you can see the similarity. That's why I've got this. Alright. Here, it's a very well-known poem. Emerson. If the red slayer thinks he slays, or if the slain think he is slain, they know not well the subtle ways. I keep and pass and turn again. I mean, he's taking that I am the self.",15064,15587,,,101
en_video_06_0026,video_06,en,Advaita,26,"Far or forgot to me is near. Shadow and sunlight are the same. The vanished gods to me appear, and one to me are shame and fame. Beautiful. They reckon ill who leave me out. When me they fly, I am the wings. I am the doubter and the doubt. And I, the hymn the Brahmin sings. The strong gods pine for my abode, and pine in vain the sacred seven, but thou meek lover of the good. Find me and turn thy back on heaven. Incredible, right? So the first one is, of course, a direct Um, rendering of the 19th verse of the Bhagavad Gita.",15588,16116,,,107
en_video_06_0027,video_06,en,Advaita,27,"If the red slayer, red means, you know, warlike and fierce, thinks that he is slaying, and the one who is killed thinks that I am, I am undone, I am finished, they know not well the subtle ways. That I, the self, I am here. And I I I pass and I come again. That means we go through births and deaths. And then he goes on to say that the dualities. What is far forgotten by the world, is to me is always present here, because I am the existence of all things. Shadow and sunlight are the same.",16117,16609,,,101
en_video_06_0028,video_06,en,Advaita,28,"to me, to the pure consciousness. The vanished gods, the gods who are not, you know, seen in the matter of belief, the Devatas, to me they appear. And one to me are shame and fame. They reckon ill who leave me out. So when you say I am body and mind, you have left out the real nature of yourself. You have left it out. You don't notice it. I am and I enable, it'll come to that later on. I enable everything, all activities. I do not do them, but because of me they are happening. I'm not the doer and I'm not the act itself, but because of me all is possible.",16610,17171,,,115
en_video_06_0029,video_06,en,Advaita,29,"Even the religion, he says, I, the him, the Brahman sings. Religion is also I. Doubter and doubt I am, the doubting of the skeptic, the believing person and the atheist, both I am. It's because how I the consciousness alone. Without me what doubt can there be? Without me what belief can there be? Strong gods pine for my abode, the Vedic gods, Indra and Varuna and Agni. How do I know this is what is meant? So internet Google is very helpful. There are There were study notes for this poem, so I read that. Indra and Varuna and Agni, um, they cannot attain this highest reality.",17172,17752,,,109
en_video_06_0030,video_06,en,Advaita,30,"Pure consciousness is beyond them also. But it is you. And pine in vain the sacred seven, the seven Rishis. They they keep the greatest of spiritual people, they keep trying for this. But thou meek lover of the good, so you the the humble lover of God, Bhakta, you find me. And then what is the result? Turn thy back on heaven. This is a very interesting way to put it, because Moksha is going beyond heaven and hell. That this continuous cycle of birth and death going to higher lokas, heaven. being born here, Earth, are going to lower worlds and suffering hell and coming back again.",17753,18339,,,109
en_video_06_0031,video_06,en,Advaita,31,"This entire cycle, that's how the Hindus, Buddhists, Jains see it. So he says, if you attain me, you turn your back on heaven. Imagine in the late 19th century to say this on the East Coast here. It would have been very confusing for people. In fact, Emerson gave a talk in the Harvard Divinity School, a famous talk where he told the bewildered graduating class that We should regard everybody, yourself as pure consciousness, as awareness. And he criticized this overemphasis which is given, says in your studies, on the person of Jesus, on the personality of Jesus.",18340,18908,,,100
en_video_06_0032,video_06,en,Advaita,32,"You take the impersonal reality, the consciousness to be yourself, and everyone ultimately is good and everyone ultimately is saved. So this this kind of teaching he gave, very vedantic teaching, very upanishadic teaching. Result was he was banned from Harvard. For 28 years when he was welcomed back and then given a great honor. Um, of course, he was the greatest of the American transcendentalists. So in him you see the meeting of the Upanishads and American thought in the late 19th century before Vivekananda came to this country. Thorough. Waldenpond. He writes, he used to stay like a hermit.",18909,19509,,,101
en_video_06_0033,video_06,en,Advaita,33,"He writes in his Walden. He writes that every day in the morning I read the Bhagavad Gita. He says, I bathe my intellect in the stupendous philosophy of the Bhagavad Gita, compared to which our modern literature and art seem paltry and trivial. He says, he says the light of a purer dawn, he says. Beautiful language he uses. I come into contact with this when I read open the pages of the Bhagavad Gita. Why I bring in Thoreau, he was also part of the transcendentalists. His collection, he had 45 books on Upanishads and Gita by a British friend of his who sent those books to him.",19510,20093,,,110
en_video_06_0034,video_06,en,Advaita,34,"So that was the finest collection of Indian philosophy in those days on the East Coast. When he died, the entire collection went to Emerson. Emerson loved reading the Gita and the Upanishads and all. So this is the poem, Brahma. Now if we go into the philosophy of it, what is being said here? What is said here, the Atman, your real nature, is not a doer, karta, agent of action. If you think that you are the slayer, you are not. That means you are not the doer of any action. Pure consciousness does not do anything. It's not the doer of an action.",20094,20645,,,106
en_video_06_0035,video_06,en,Advaita,35,"It's not karta, agent of action. When you do an action, you get the results. Experiencing the results is often translated as enjoying the results. It may not be enjoyable. It can be miserable also. Experiencing the results of one's actions. In Sanskrit, it is called Bhokta, the experiencer or often translated as the enjoyer, but experiencer of. So we do karma, karta. And we experience the results of our karma, Bhokta. That's the general idea. And he says the Atman is neither. It's not a doer, not an experiencer of of of the results of karma. Experiencer is the lower self.",20646,21224,,,102
en_video_06_0036,video_06,en,Advaita,36,"Yes, what is the experiencer? Clearly there is an experiencer, clearly there is a doer. Right now, Swami, aren't you speaking? So aren't you doing something? It is that same pure consciousness, you the Atman. identified with, confused with, thinking, forgetting your real nature, identifying with the mind and body, lighting up the mind and body with your with you the awareness, giving it existence, and then you become the doer through the mind and body. And when the experiences start coming, you become the experiencer. Who is the experiencer? The Atman. Didn't you just say the Atman is not the experiencer?",21225,21837,,,102
en_video_06_0037,video_06,en,Advaita,37,"The Atman in itself is not the experiencer. The Atman identified with thinking that it's body mind. becomes experienced, then falls into the trap of karma. Yes, Bill. statement. I am the yantra to me. Yantri, yeah. I am the machine, you are the driver of the machine. So instead of thinking of the Atman as I, this is Vedanta. But If it's too much to swallow in this way, you can think of the Atman as God. That's a one, that's, uh, that's another way of approaching it and that's an easier way of approaching it. Vedanta would have you think of this Atman which is being revealed.",21838,22419,,,109
en_video_06_0038,video_06,en,Advaita,38,"Atman literally means the self, you. We are talking about you. If you really think about it, it's stupendous. It might be too much to digest. But this much you can do is there is such a thing which is imbortal, which is pure being and awareness, which transcends all doing and experiencing, and this is the God of religion. That's a beginning. Then what would you be, the lower self be? If such a God exists within you, then that is the operator, that enables everything to happen. I just become a vessel then. So Sri Ramakrishna says that.",22420,22960,,,100
en_video_06_0039,video_06,en,Advaita,39,"There in that way also you can be free of the travels of karma. There's another person there at the back. You wanted to ask something? Yes. Yeah, I'm so concerned about this. Why was this ignorance set in motion? Mm, yes. I was, you know, they said that the suffering is Anadika, the ignorance is beginningless, yeah. There's no starting point. They said in Buddhism this that there is. Yes. And Advaita also says that it's beginningless but with an end. So why what we set in motion in these bodies and This race says a child, big bone are going through this process and ultimately going back to death and I don't know why are we doing this.",22961,23603,,,120
en_video_06_0040,video_06,en,Advaita,40,"Yes, that's right. We're doing this to us. Yeah, so the answer might be God is doing this or this is natural. We are born with it. Vedanta says you're born with this ignorance. The thing to do is, You know what they say, this question is natural. When you come to a certain point of hearing these things again and again, this question is bound to come. And come not just once, it's bound to come again and again. You know what the Swami say in Uttarakhand in the Himalayas. They say don't seek to establish ignorance, seek to cut down ignorance.",23604,24149,,,103
en_video_06_0041,video_06,en,Advaita,41,"Ajnana ko pratishtha mat karo, ajnana ko kato. What you're asking is how did this happen? Instead of asking how did this happen, clearly I am under the influence of such a thing. How do I get out of it? How did this happen? No answer. As one of the early Swamis said, on this side of ignorance, we have the question and no answer. On the other side of ignorance, when we are enlightened, They have the answer but no question. Yes. So there are a lot of discussion. I think last time also we discussed this that there is no beginning to this and what does it mean no beginning?",24150,24726,,,112
en_video_06_0042,video_06,en,Advaita,42,"It's not a cause thing which something has made. But after all ignorance is not made by anything. It's there to be cut down. Knowledge removes ignorance. You wanted to add something to this? Yes. So that's a very Wittgensteinian approach. Existence precedes essence. So the essence comes afterwards. Right. So the Wittgensteinian approach is you don't solve philosophical problems, you dissolve them. So afterwards, it's true that Notice in the lives of enlightened people, um, in any Vedanta of course, but any tradition. One thing you'll notice is they don't have a question remaining over. Yes, I'm enlightened now, I'm the Buddha now, it's all all all good, except one thing.",24727,25406,,,112
en_video_06_0043,video_06,en,Advaita,43,"Why did ignorance start at all? It doesn't, it bothers, it doesn't seem to bother them, which means somehow the question is not valid. Vivekananda would say the question is not correct. And we have discussed this, why the question is not correct? I mentioned it on the different, I will not go into it today, it's a convoluted discussion. Just to give you, those who have not heard this. See, you are asking why ignorance. Now, when you ask why ignorance, You are asking, what are you asking for? You're asking for a cause of ignorance. Whenever you ask why, what answer will satisfy you?",25407,25995,,,106
en_video_06_0044,video_06,en,Advaita,44,"A cause. Why is the grass wet? Because it rained or it snowed. So because, you need a cause. Why is there ignorance? You need a cause for ignorance. But the question is valid for everything else except for ignorance. Why? Again, why? Because of this. Ignorant, the technical term is Maya. Space, time, causation, desha, kala, nimitta. Now if you ask why Maya, this is what you're asking basically, why Maya at all? What you're asking is, why mayam is equal to why space time causation? Why causation? Causation is cause and effect. Once cause and effect is set into motion, you can ask what is the cause of this effect.",25996,26615,,,112
en_video_06_0045,video_06,en,Advaita,45,"What is the effect of this cause? But why, what is the cause of causation itself? It's logically wrong. You can't, like you can't ask what's outside space. Because outside and inside are space words. You can't ask what's before time. Because before and after are time words. Once time has started, you can ask before and after. Once space is there, you can ask inside and outside. But outside space doesn't make sense. Before time does not make sense. Why a cause, cause of cause does not make sense. That's why why ignorance has no answer. Yes. So I think you, I've heard some of your lectures before.",26616,27218,,,109
en_video_06_0046,video_06,en,Advaita,46,"So you said ignorance leads to desires and desires lead to action. Action, yes. So but what decides what is the good karma and what is the bad karma? Yeah, right. So good karma is, um, we we define it this way. The term for good karma in Vedanta is Dharma. The term for bad karma is Adharma. So, Dharma is variously defined. If you look at the dictionary definition of Dharma, you will find one page of Dharma. It is defined as morality, it's defined as religion. If you're asking what is morality, then that's a big question. You're asking a question about ethics.",27219,27784,,,105
en_video_06_0047,video_06,en,Advaita,47,"What is good and what is bad? There are many ways of defining it. One way, Swami Vivekananda says, he has very powerful insights. He says you can try this way. All that is selfish is evil, all that is unselfish is good. Interesting. You can, you can problematize it also. You can, you can, but it's a very powerful insight. If you ask me, whatever takes you to enlightenment is good, whatever takes you away from enlightenment is bad. sort of operational definition. If you ask a strict believer in say, a particular religion, whatever my religion commands, my text sacred text command that is good, whatever they prohibit, that is bad.",27785,28421,,,113
en_video_06_0048,video_06,en,Advaita,48,"Now when I act in accordance with commandments, with the do's, I'm doing good. When I violate the do's and do something that is prohibited, then I'm doing bad. So this is dharma and adharma. This generates what is called papa and punya, merit and demerit. And the result of punya, merit, is sukha, happiness. The result of Papa demerit is unhappiness. So this is basically the way the moral causality, this is called law of karma. Yes sir, hand there, yes. Swamiji, I just falling on this question whether we look at karma, relation to karma, all that becomes very relative, right?",28422,29003,,,103
en_video_06_0049,video_06,en,Advaita,49,"So if we look at God or as not having cause something beyond cause, Let me see if I can rephrase that. Are you asking what, uh, what is, because everything like dharma or following certain paths which we are trying to because they're embodied. Hmm. And it can produce merits or demerits, it's all relative. relative relative to what? Are you saying ethics are relative or relative to what? Because again, are you saying are you saying relative in the sense that what is good for one person might be bad for another person in that sense? There's that, but also the the because it's still part of call action.",29004,29611,,,111
en_video_06_0050,video_06,en,Advaita,50,"part of Maya, yes, part of Maya. Yes. So I think I'm trying to understand it from the sense of to reach that Sanchitananda. Are you asking what would be the purpose of all of this? How is this connected to the Sachidananda? The answer is it's not really connected. The answer is from Advaita Vedanta perspective, this cause, law of causation, karma, good and bad. Good deeds, bad deeds, all of it is within the movie. And the Sachidananda is the screen on which the movie is playing. It is not doing good deeds or bad deeds, nor is it really affected by the, nor does it enjoy the results of the good deeds, nor does it suffered the consequences of the bad deeds, but but here's the the nub that you will enjoy and suffer the consequences of the deeds that you have done.",29612,30383,,,146
en_video_06_0051,video_06,en,Advaita,51,"This is enabled by Sachchidananda because it gives existence to everything, it gives awareness to everything. So, so from the point of Advaita, from the point of Vedanta, what is, what do you have to do with all this? What's, what's my perspective? Vivekananda put it very powerfully. He said, good, good, bad, bad, and none escape the law. Law of Karma. Good means Dharma. Good good. Dharma leads to Punya leads to Sukha. Dharma good action leads to merit leads to happiness. Bad bad. Bad action Adharma leads to Papa demerit leads to unhappiness Dukha. And none escaped the law.",30384,30964,,,101
en_video_06_0052,video_06,en,Advaita,52,"He says nobody escapes the law, it's under causation. Nobody means... One of the Jeevas, the embodied beings under ignorance. He says, whosoever wears a form must wear the chain too. Whosoever wears a form means we are all wearing forms here, all bodies. He says no, wears a form means thinks that I am this one. This is who I am. If you think this is who I am, then the karma which produced this body. That will have its effect on you. You will also suffer. You will also enjoy according to the merits and demerits behind this body.",30965,31498,,,101
en_video_06_0053,video_06,en,Advaita,53,"And whatever you do with this body, those actions also will come upon you. So far is law of karma. All this is within the movie. Yeah, I see the hand, wait, just a minute, let me complete. All this is within the movie. Then what is, what is Vedanta saying? What's all, what is the point here? Vivekanda says, but far beyond name and form is Atman ever free. Know thou art that Sanyasi bold, say Om Tat Sat Om. All this is the movie, all this is the appearance. You are the reality of the appearance. You have to know that.",31499,32021,,,103
en_video_06_0054,video_06,en,Advaita,54,"As long as you do not know yourself as you are, as long as you identify yourself as The embodied being as this body being born and aging and dying as this mind which is doing good things and bad things. When you think I am this one, then the results, the action done by this is you are you are a doer. And the results will come upon you, you will be the experiencer, karta bhokta. This is exactly what the verse is saying. You are neither the real you, pure being, pure consciousness. Like Emerson said, The essay is that they know not the subtle ways.",32022,32574,,,108
en_video_06_0055,video_06,en,Advaita,55,"Who thinks the slayer thinks that I am slaying, the slain thinks I am slain. They know not. The pure consciousness, he says, far beyond name and frame, far beyond name and form, is Atman ever free. You, beyond name and form, if you would know yourself truly as you are, you are set free immediately. Simple. No, the screen of the movie, the screen of the movie is not part of the plot of the movie. The screen on which the movie is playing is not a part of the plot of the movie. is not the villain who commits a murder, nor the police who comes and arrests the villain.",32575,33145,,,112
en_video_06_0056,video_06,en,Advaita,56,"All of that is not the screen. Screen has nothing to do with it. And yet, it is only because of the screen the whole thing is happening. You as pure being and awareness, you are unaffected by anything that happens in life. You transcend it. And yet you're not, these are not two different things. Whatever is happening in the panorama of life is happening because of you. You are because of your presence, you lend existence to it, you lend awareness to it. Bill, do you remember your question? Yes. Yes. But how does an action in the past cause an action in the present?",33146,33717,,,107
en_video_06_0057,video_06,en,Advaita,57,"Right. You know what, there's a reason I'm smiling. Just a little while ago, you know, you many of you know that tomorrow we have the interfaith conference. Um, the moderator of the panel is Swami Atmarupananda. Who is the Swami from Houston? He just came and we got him from Lagawardi and in the car while coming back, Swami Atmarupananda was telling me. You know, Bill had a question. The question was, how does the law of karma work? Um, because Scientifically, there must be some connection for causation to work. So action done now in some life, how can it produce a result in entirely different life somewhere?",33718,34334,,,110
en_video_06_0058,video_06,en,Advaita,58,"Where is the connecting link? When I thump this table, it's because my hand is in connection with the table that the sound is produced. If there's no connection, if there is no physical causality, how is karma producing result? So the Swami told me this is the question that Bill had in the 1970s. Exactly the same question. It's amazing that he should ask this right now here right here. So I don't think any answer that I'm going to give is going to resolve the question in so quickly. Yes. So that's why you can raise a question about its scientific veracity, but consider it this way.",34335,34923,,,109
en_video_06_0059,video_06,en,Advaita,59,"Karma has three effects. According to the law of karma, three effects are produced, two of which stand the test of science. What are the two results? One is an immediate result. You give food to a homeless man and the man eats and he's fed. You can see that. That's a physical result. Any work has a physical result which can be easily observed. That's one effect, the immediate effect. The second effect is psychological. Keep sharing your food with somebody, um, and somebody say and you starve to death. No. You get the psychology of sharing. Your character changes.",34924,35493,,,101
en_video_06_0060,video_06,en,Advaita,60,"That also can be observed. That that it's not not it's fairly uncontroversial. Keep doing an action, it becomes habitual. Keep doing good, good becomes habitual. It's not a struggle anymore. Why is it staff to death? I remembered once we were driving along upstate New York, there was a little restaurant. As we were driving past, I saw that in the remote, there's nothing near it. And it said on the top, says, eat here or we'll both starve. I think the poor restaurant owner, you know. You remember that, yes. Eat here or we both starve. But it creates a habit of sharing.",35494,36068,,,105
en_video_06_0061,video_06,en,Advaita,61,"So these two results, the physical effect and the psychic effect, both are. You understand that they are non-controversial. The third one is what is called the cosmic effect. That is where a question of belief comes in. What is the cosmic effect? That some action that I do now, quite apart from the physical effect and the psychic effect, will give me some kind of a result. in some future time, in this life or the next. That's what we primarily mean by my karma. Now there is the question Bill is asking, for that karma what is the connecting link?",36069,36620,,,102
en_video_06_0062,video_06,en,Advaita,62,"And it's not a question that they have not thought about. They have thought about it. Um, the Purva Mimamsakas, the philosophers who are experts in the ritualistic portion of the Vedas. So the ritualistic portion of the Vedas is all about karma. Do good, get the results and then experience the results, go to heaven or whatever. So they had elaborate fire rituals. You perform them and the result will be an accumulation of merit and with that accumulation of merit, you go to heaven. Immediately the question is asked, where is this accumulation of merit and how is it connected to going to heaven?",36621,37221,,,106
en_video_06_0063,video_06,en,Advaita,63,"So they postulated something called Adrishta, a potency, some kind of a fact, invisible factor which carries this result. So, you can see, this question is what Bill is asking must have occurred to them also. Why would they otherwise come up with this theory of Adrishta? In fact, the word Adrishta has entered into Indian languages. So when people say they come have bad luck or something, oh it's my Adrishta. They don't know it's a technical term from 3000 years ago. Uh, that term fell out of use. When the theistic philosophies of religions, philosophies in India became popular, immediately you will notice whether it's a Vaishnava tradition, a Shaiva tradition, a Shakta tradition, in whatever Theistic tradition we have in Hinduism, everywhere among all the adjectives given to God, all the qualities of God, one adjective is Karmadhyaksha, the dispenser of the results of Karma.",37222,38109,,,148
en_video_06_0064,video_06,en,Advaita,64,"Or in other words, answer to Bill's question is, what connects karma to its results? One answer for the believers, for those who believe in bhakti, that is, God is the connector. God is there. But it shows that they they thought about these questions. And there were skeptics, materialists, Charvakas who did not believe in God, who did not believe in this Adrishta or whatever. So, one of the verses of the skeptics, the Charvakas goes like this. They are they are poking fun at the law of karma of of the Mimamsakas. They are saying if the if the oblations offered here into the fire are taken by the fire.",38110,38718,,,112
en_video_06_0065,video_06,en,Advaita,65,"Fire is supposed to be one of the names of fire is Hutavaha, one who takes your oblations to the gods. And so the gods will reward you by taking your departed ancestor, your father to heaven. That is the whole psychology. You offer these sacrifices to the gods in the fire, and the fire takes it to, it's like FedEx, you know, it takes it to the gods, a divine FedEx. And the gods are happy with it and they will make space for your dad in heaven. So if the offering here can take it, the fire can take it to heaven, then throw your father into the fire.",38719,39273,,,111
en_video_06_0066,video_06,en,Advaita,66,"They'll take your father to heaven straight away. That's the skeptic, the Charvaka. So yeah, so this skepticism was there. But if you ask me, which way do you come down on? I'll come down on the side of karma. Ultimately, Vedanta will deny law of karma also. If there's one non-dual reality, what karma? Whose karma? Where will, but in the level of transactional truth, vyavaharika, karma is there. Why? Otherwise, there is no explanation for moral causation. Good leads to good, this implicit belief we have. If you ask, why did this happen to me? The answer from religion would be, maybe God is testing you, or the Hindu or the Buddhist would say it is your karma.",39274,39940,,,120
en_video_06_0067,video_06,en,Advaita,67,"What are these answers, whether it's God or karma or whatever, God is rewarding or punishing the Abrahamic religions might say. That's also in a very general sense. If you look deeper inside, God does not reward and punish even in the Abrahamic religions. God does not reward and punish erratically or whimsically. God is just because God is just. So the punishment and reward is also just, which is another way of stating the law of karma. Now, what are these answers? These are answers to moral causation, question of why is it happening. Not the physical part of it.",39941,40510,,,101
en_video_06_0068,video_06,en,Advaita,68,"Why did I, what did this person who is so good, why did this person get such illnesses? What does science say? Oh, the answer is because he got infected by bacteria. What you would say to that is, oh, you're telling me how it happened. I'm asking why it happened, because it could have happened to anybody. Why particularly this person? For that, science has no answer. So this is, science would say it's an accident. There's no further, you cannot push why beyond a certain, science will give you the physical facts. This is what happened. You, this person ate contaminated food, for example, and therefore got a sickness, and that's it.",40511,41149,,,114
en_video_06_0069,video_06,en,Advaita,69,"But why did it happen to this person, not anybody else? For that, there is no answer. Science will say it's an accident. Lawrence Cross, the physicist, he says if you keep asking why, it's like a child who keeps asking why, the only possible answer is go to bed. But that will not satisfy any of us. That everything is random. Everything is accidental. Then there is no moral purpose, nothing, no meaning behind anything happening in the in the universe then. So it leads to a very, it leads straight away to the whole point back again I would say to the heart problem of consciousness.",41150,41736,,,108
en_video_06_0070,video_06,en,Advaita,70,"Is there any reality to us as conscious beings? So that's why what I would say. Yes, Bill again. But if you, how can you use the word law if you have to have God cause the action? True, we are not using the word law in the strict scientific sense, because in the strict scientific sense if you use the term law, then the cause and effect must both be observed. And the link must be observed, and then only you can say it's a law. How is the causation? But in this case, it's the effects and causes are not observed.",41737,42252,,,103
en_video_06_0071,video_06,en,Advaita,71,"If you see the effects, you don't see the causes. They are, they'll say near past life. If you do the causes right now, do some action, you will get the results. You don't see the results now in the future life. You don't see them together. Until you see the correspondence, you can't call it strictly a law. But that's true of any moral law. If you say law of honesty. Law of unselfishness. So somebody asked, why are you calling them laws? It's not like the law of gravity. You can't break the law of gravity. If you try to break the law of gravity by jumping off a building, you'll just die.",42253,42847,,,115
en_video_06_0072,video_06,en,Advaita,72,"But say if you say honesty is a law, I can break that law. See this is the question. I can break that law, I can tell a lie. So the beautiful answer to this I read somewhere, it says these moral laws, you actually cannot break these laws. You can only break yourself against these laws. The more you violate them, the more you're violating yourself, your inner integrity as a person. You start falling apart internally. It has an effect, an undoubted effect. Um, this, you know, this question, everything that we are right now, is it just genes and our nervous system and our environment?",42848,43436,,,108
en_video_06_0073,video_06,en,Advaita,73,"Or is it something beyond that? So this is the topic of the debate which we are going to have next week, is it? Yeah. The week after that, 28th November. I hear some tickets are still available at the Rubin Museum. Steve Mitchell. He is a neuroscientist, geneticist from Trinity College, Dublin. So I guess it's going to be a debate. He's going to say that his point is, he's written a book in it. which says everything that we are is hardwired. There's nothing beyond this. No consciousness or certainly nothing that survives death, no question of any kind of soul or anything like that.",43437,44025,,,107
en_video_06_0074,video_06,en,Advaita,74,"It's just this body, that's all. And I'm going to be Talking about what we are just talking about. So we are going to discuss this. 28th on the Rubin Museum. So if you are interested, mark it in your diary and you have to register for it. Evening, 7:30 I think, yeah. I saw the ad but they didn't talk about you. Oh no, did they do? I hope they do. Now, if you if you go to our website, um, our website, Vedanta Society, you will see a link to the Rubin Museum page on the right hand side.",44026,44515,,,101
en_video_06_0075,video_06,en,Advaita,75,"You just go there on the top right of the of the page, it's a homepage itself. There's a link. Click on that, it will take you to the place where you have to register. I think a few tickets, I spoke with the, I wrote to the director, he said a few tickets are still left. Let's hear the questions. Wait, this gentleman first and then yes. Yes. So, I know you say that the real world is not real and it is perceived by the brain through the neurons and chemistry. But you can say the same thing about the enlightenment, people who have felt the enlightenment or consciousness, that that is also perceived.",44516,45120,,,116
en_video_06_0076,video_06,en,Advaita,76,"perceived by the same mechanisms through the brain. So how can one be real in the other now? Right. For that you have to understand what we are talking about here. The consciousness in which everything is perceived, including brain and nervous system also. Right now, it's not a question of the enlightened person perceiving consciousness. What is that enlightened person? Person realizes that I am consciousness. He does not see consciousness as an object. You see, the word which we used, Aprameya, not an object of awareness, not an object of knowledge. So the Atman, the pure consciousness is not an object of knowledge.",45121,45745,,,105
en_video_06_0077,video_06,en,Advaita,77,"Just as we see this world, just as we experience our own thoughts, they are all objects of knowledge. Why? Because that's how you see them. When you look at this book, you are the person seeing and the book is an object to you. Are you with me? When you think a thought, Swami has a book in his hand, that's a thought. That thought is an object to you and you are the experiencer of that thought. But the consciousness which you are, which is lighting up all these objects, that is not an object. That is what we're discussing here.",45746,46278,,,103
en_video_06_0078,video_06,en,Advaita,78,"Self-evident, it cannot be denied. It is. Without it, nothing else is. If you deny that, somebody asked. Um, suppose you deny that there is such a thing. There's a question in ancient philosophy, ancient Indian philosophy. They call it Jagat Andhya Prasanga. The darkness, the world plunged in darkness. If you deny that awareness, it's like this. If you see my hand, are you there? Are you seeing my hand? You say yes. If you close your eyes, Are you seeing my hand? You say no, but are you there? Yes. Are you there as an aware being? You are aware that your eyes are closed.",46279,46856,,,107
en_video_06_0079,video_06,en,Advaita,79,"Similarly, imagine that you have closed the portals of all your senses. Are you still there? Though you are not seeing anything, hearing anything, smelling, tasting, touching anything. Are you still there? You would say yes. Follow it further. If you suppress your thoughts, are you still there? Instead of, if you think about it intellectually, you might say no, it's doubtful that I'll be there if I have no thoughts. If you follow it intuitively, you will see that you're very much there. Just that you're not thinking. When your mind is blank, are you there or not? When you're not perceiving, when you're not thinking, feeling, emoting, anything, you're still there.",46857,47528,,,113
en_video_06_0080,video_06,en,Advaita,80,"What is that? And the other question, that which is there, in spite of shutting down the senses and the mind, if you remove that and keep the senses, mind and everything, what will be your experience? Do you follow? What will happen? Nothing. Your entire everything will disappear. You don't exist anymore. That one is you, and the rest are apps. You can download them. Yes. In fact, the next verse, we have run out of time. Alright, let's just hear the questions. Next verse is very interesting. It talks about what will happen when the apps start failing.",47529,48086,,,100
en_video_06_0081,video_06,en,Advaita,81,"I, so as we grow older, memory is not working as well. People become upset. Don't be upset. You, the consciousness, you are aware of a keen memory. You, the consciousness, you are aware of a faltering memory. Nothing, nothing wrong with you. You're exactly the same. As the body ages, the brain also ages. And so certain capacities, everything slows down. It's very natural and it should not upset you at all. It's inconvenient. It's inconvenient. But that's all. It's nothing wrong with you. You are that same unchanged awareness, undimmed awareness. There were two other hands raised there.",48087,48679,,,100
en_video_06_0082,video_06,en,Advaita,82,"Bill, yes. I just wanted to comment on Bill's question and your answer. It seems to me there's no conceivable empirical research that could establish the law of karma only through revelation of some. Yes, the way they have tried to establish the law of karma is through argumentation. It's not a proof, it's not an empirical proof, it's not a mathematical proof, it's more a proof like lawyers would argue their case in court. So what do lawyers do? They supply a battery of reasons. Evidence, reasons, arguments for their case. So that's how these philosophers who support the law of karma argue.",48680,49277,,,104
en_video_06_0083,video_06,en,Advaita,83,"In absence of the law of karma, what other option is there? See, there's this interesting book. The problem of evil in Indian philosophy. Arthur Herman, he is a professor of philosophy in Hawaii University. So he wrote this book. And the question is why is there evil in the world if God exists? So this is a question that every theistic religion has to answer. Non-theistic religions don't have to answer this. Why? See Buddhists. Why is there evil in the world? That's the nature of the world. It's continuously changing and that gives rise to suffering, that's it.",49278,49845,,,100
en_video_06_0084,video_06,en,Advaita,84,"That's the way the world is. It changes and change gives rise to suffering. But, if your religion says God exists, and this God is an all-powerful God, all-knowing God, and good God, loving God. All powerful and not loving. You can say evil exists because it's a dictator. And it may seem funny now, but the ancients thought in that way. The pre-Judaic religion. There's a very interesting story, the story of Noah and the great flood. So what what happened? If you if you look at the story in Judaism, the story is that God was angry with humanity because they violated the moral commandments, and so God wanted to punish them, drown them all.",49846,50490,,,117
en_video_06_0085,video_06,en,Advaita,85,"So God flooded the world, and but he wanted everything to continue. So he asked Noah, who was righteous. to, uh, and then arc and take animals two by two and so on. You know, it's very interesting. The same story was there in the Babylonian civilization. Same story, but with one crucial difference. In the Babylonian story, Mesopotamian. In the Mesopotamian story, there is a counterpart to Noah. There is an ark, there is a flood. There is the anger of God. But the difference is this. In the in the later story, that is the Jewish story, God did it why?",50491,51047,,,103
en_video_06_0086,video_06,en,Advaita,86,"Because it was just. The human beings were awful and God punished them, it was a just punishment because God is good, we were bad, we are punished. See justice. God did it because God is good. Now, in the Mesopotamian story, why did God do it? Because the human beings get this. They were so noisy, God got disturbed and he wanted to shut them down. Literally, this is the story. So God did it because he could. God was annoyed because you were disturbing God. Not because of any idea of good and bad. So you in the Mesopotamian story, God is just power, like a dictator.",51048,51619,,,109
en_video_06_0087,video_06,en,Advaita,87,"The same story, evolution of God. God doesn't evolve, our conception of God evolves. As we became more civilized, we said God cannot just be a despot. God must be a good person, good God. So God is just. And in further evolution, God is not only just, God is also loving. Now if you have a loving and just God, an all-powerful God, why is there evil? Why is there suffering in this world? If God was not all powerful, the world is like this because God has no other option. This is the best he could do. They're a very poor designer then.",51620,52158,,,105
en_video_06_0088,video_06,en,Advaita,88,"You can take him to consumer court. Or if God is perfect, but but not loving, then you can say yes, God has designed an ugly world because God wants us to suffer. But loving God, which of you as parents would not want your children to be perfectly happy? As human beings, you can't do it. But suppose you had all the power to make them happy, make their life perfect, which human parent wouldn't do it? So God is our divine parent, why doesn't God make life perfect? If God is existing and omnipotent and all good and loving.",52159,52684,,,101
en_video_06_0089,video_06,en,Advaita,89,"So this is called the problem of evil. Every religion has to answer. The theistic religions in Hinduism also have to answer. In Judaism, Christianity, Islam, everywhere the answer has to be there. This is called the problem of evil. No, no, no, don't, don't, are you going to say something about this? No. Hold on, don't be quick to answer, or don't be quick to ask another question. Stay with this question. This is important. So this is called the problem of evil. And what is the answer? Different religions have come up with different answers. In Christian theology, this is called theodicy.",52685,53280,,,104
en_video_06_0090,video_06,en,Advaita,90,"What does theodicy mean? Justifying the ways of God to man. Justifying the ways of God to man, why God did this. So there are many theories. God is testing us. No, no, no, I don't like that theory. All right. God is making us strong, suffering makes us strong. There are many theories like this. So, see what answer fits you. So what this Professor Herman has done, he has collected all the answers. from the different religions of the world, different philosophies of the world, even from literature, across human civilization. What is the answer to the problem of evil?",53281,53852,,,102
en_video_06_0091,video_06,en,Advaita,91,"And he's collected a list of 23 answers. You think there is no answer to this question, he gives you 23 answers. But don't be so eager to look at the answers, none of them will satisfy you, I can guarantee it. You will. The last answer he gives is law of karma. He says the Indians came up with this idea of the law of karma and then he examines it and he finds the whole chapter on the flaws of the law of karma and he says even with this this is by far the most it is the most superior answer you can get, the most global.",53853,54377,,,110
en_video_06_0092,video_06,en,Advaita,92,"It can explain many things which other things other answers cannot explain. So he says, so this is the best that civilizations have done over the last few thousand years. And the law of karma, interestingly, Hindus have many, many views within Hinduism. But they all agree on the law of karma. Buddhists don't even believe in God. This Atman that we are talking about, Buddhists have an entirely different idea about it, but they have exactly the same idea of the law of karma. The Jains have the same idea of law of karma. The Sikhs, so all the Indian civilizations, they have religions, they believe in this.",54378,54988,,,109
en_video_06_0093,video_06,en,Advaita,93,"One senior Swami, he put it this way. Yeh badi gambhir tatva hai. This is a very profound principle because schools of thought across thousands of years with multiple philosophies, multiple theories who disagree on almost every other point, agree on this point. So this is the, so we're asking what is the justification for law of karma? It's like a battery of arguments. If you read Herman's book, you will find a lot of arguments in favor of the law of karma. Why it should be something like this? Because the alternatives are completely unpalatable. Yes. So I want to add something to what Bill's observation is.",54989,55604,,,108
en_video_06_0094,video_06,en,Advaita,94,"I think he says there's no empirical research. I think the entire universe, the creation is so self-evident. Nothing explains the differences, the differentiation. One is born in US, the other one. That is, that is true. That is true. What explains this inexplicable difference? That's what I was just saying earlier. Science can go, science, economics, all of this can explain something. Um, but it will only tell you the how. It will not ultimately answer the why. Why ultimately this particular baby had to suffer, uh, in, in, uh, say was born in a famine infested area and starved to death.",55605,56199,,,103
en_video_06_0095,video_06,en,Advaita,95,"Why? You can give all sorts of economic reasons, political reasons, scientific reasons, it will not close the explanatory gap. You'll still have of a moral why. Why this one and not somebody else? There science will tell you that's not a question. We cannot abandon that question. That's the most vital question closest to our hearts. This lady there? Yes. Yeah, I mean, because you, somebody explained that it's not an object. The Atman, yes. It's not an object, it is not something that can be tested with a scientific inquiry. Yes. And the only way to, it's almost like the who am I question of Ramana Maharshi.",56200,56814,,,109
en_video_06_0096,video_06,en,Advaita,96,"It's not not almost like it is the who am I question. That's the you basically see layers and layers and say this is not this is not me, this is not me. But then I think what you left that is the only root or that's the only method. Maybe you can't even call it a method. It is a method, it's a methodology, and what Vedanta says is, it's not something vague. In fact, it's the most, when you understand properly what Vedanta is trying to say, it's the most obvious of things. You see, it can't be understood through science, but what Vedanta will say, all your science is done by that consciousness.",56815,57415,,,116
en_video_06_0097,video_06,en,Advaita,97,"Without that consciousness, you do not see, you do not hear, smell, taste, touch. As Emerson said, I am the doubter and the doubt. Where is the doubt but in your awareness? Where are you the doubter but in awareness itself? Switch off that that thing in the back, you know, beyond the senses, beyond the mind, that that awareness, switch it off, nothing remains. No science, religion, nothing remains. Yes. If we can't understand it with our thoughts or perceive it, and we can only know of it, but we can never know it, then doesn't that make a case for faith?",57416,57977,,,103
en_video_06_0098,video_06,en,Advaita,98,"case for. So we can't perceive consciousness. And even if I'm hearing you and seeing you, hearing everybody's questions, it's still that we're attempting to understand it through perception. Yes. It cannot be directly perceived, but the method is that you catch it, the language they use is, it is perceived by itself. It is self-revealed. You know it intuitively. I as I am that. And it's not, in fact, everything else depends on it. You might think that's vague or that's not, how do I know that's true? In fact, truth and falsity all are proved because of its presence.",57978,58550,,,101
en_video_06_0099,video_06,en,Advaita,99,"It's the most, once you get what they're talking about, it's the most indubitable thing in the universe because your entire life depends upon it. So, it's not proved by the methods, the ordinary methods of knowledge by ordinary epistemology, but what Vedanta will say, epistemology depends on it. All the methods of knowledge depend on it. It's like trying to say that the proof that these people are here is that I see them. What's the proof that you are here? I saw you. So, the question, the principle is, if you see it, that's the proof for its existence.",58551,59110,,,101
en_video_06_0100,video_06,en,Advaita,100,"Now if I ask, what is the proof that I've got eyes? Because I can't see my eyes. Not directly, the way I'm seeing you. If the proof for existence is seeing, and I cannot see my eyes, the conclusion would be that then my eyes don't exist. And yet, what would the real answer be? The very fact that you are seeing anything at all is a proof. Every seeing is a proof of two things: the object that you are seeing and the eyes themselves. Though the eyes themselves are not objects which you see out there. Similarly, consciousness is proved by everything in your life.",59111,59676,,,108
en_video_06_0101,video_06,en,Advaita,101,"Once you begin to understand what Vedanta says, everything in your life points to you the awareness. And it's that consciousness operating the mind and sense organs which stands as witness to the presence or absence of other things. In fact, as she said at the very beginning, it's a good way to end. The the existence of objects is what can be doubted. The existence of the subject cannot be doubted. It is what lights up the doubt. You know, your faith, doubt, all of these come and go in consciousness. So this approach is not an approach of faith.",59677,60228,,,101
en_video_06_0102,video_06,en,Advaita,102,"What is an approach of faith? The God-based approach is an approach of faith, that there is such a thing. The moment you say I am that thing, you don't have to, you don't need faith to say that. It's like saying that, um, suppose I ask you that when you come in, you sign your name, and I want to know if you came. I have to look at the register. That whether you were in the class, I have to look at the register and it testifies to your presence. Now, if I want to know whether I was in the class, do I have to look for my name in the register?",60229,60775,,,115
en_video_06_0103,video_06,en,Advaita,103,"Was I there in the class? Maybe if it's in the long past, but right now, no, because my own presence is revealed to me directly. What is that thing? Alright, we'll end here. And the next class is, yeah, the next class is there. Next Friday. There's the next verse I wanted to do it today, but we'll do it next time also, but it's, it's one of those verses which are chanted when somebody dies. Yeah. Om Shanti Shanti Shantihi Harih Om Tat Sat Sri Ramakrishna Rapanamastu",60776,61246,,,89
en_video_07_0000,video_07,en,Advaita,0,"Om Vasudeva Sutam Devam Kamsa Chanuramardanam Devaki Paramanandam Krishnam Vande Jagadguru An announcement, I see that many of you, I think all of you taking off your shoes, you know that it's not necessary. So if you, I know some feel uncomfortable if they don't take off their shoes, but if you are comfortable with it, then you can come in with shoes, just except this prayer area. You can sit there with shoes also. That's alright. So, we are studying the second chapter of the Bhagavad Gita where Sri Krishna is giving the central teaching about the Atman, about the self, what we really are.",0,597,,,106
en_video_07_0001,video_07,en,Advaita,1,"This is maybe if this one thing that you can take away from the Bhagavad Gita, it would be this one. The teaching about the Atman, that we are this immortal spiritual being. That old saying, we think we are human beings in search of spiritual experience, but the truth is that we are spiritual beings having a human experience. So what have we learned so far? Sri Krishna has said, Um, verse 11, 12, 13, that the Atman is immortal, not subject to birth and death. One very big teaching. The body dies, the Atman you, the self, Atman does not die.",598,1144,,,103
en_video_07_0002,video_07,en,Advaita,2,"Then the 16th verse, even more stunning. The Atman alone is real. The world of appearances, this this world is a world of appearances, including the body and even the mind. They are not independent realities. I will not explain, we have gone through it in detail. Not being independent realities, their reality depending on the Atman, this dependent reality another term for that is falsity or Mithyatva. So that was, that's what we saw in the 16th verse. The Atman is not only eternal, It is the only reality. And the non-atman, the non-self, body, mind, and the rest of the world, they are appearances in the atman.",1145,1762,,,109
en_video_07_0003,video_07,en,Advaita,3,"Then 17, uh, 17th verse, we saw Atman is, if it's the only reality, then whatever you experience must be the Atman. So it is all pervading. The word used was Sarvam idam tatam, everything that you experience is pervaded by the Atman. Contrary to what we normally think, Atman means the self. Come on in, come. Uh, the Atman means the self, but we normally think that there is something which is the non-self that is other than me. Here we are taught that whatever you regard as other than you is in a deep sense nothing but you.",1763,2291,,,100
en_video_07_0004,video_07,en,Advaita,4,"So the Atman pervades everything. The self pervades the not self. Uh, that's the third thing we learned. That was in verse number 17. Another, these are all, each of them can take several lectures to, you know, to probe. Uh, they're worth assimilating and they are all counterintuitive. The 18th verse tells us the Atman is not an object. It's not an object. Aprameya. Aprameya means not an object of knowledge. It's not something that you see, hear, smell, taste, touch. It's not something that you infer. It's not something that is an object of scientific inquiry or religious belief.",2292,2878,,,101
en_video_07_0005,video_07,en,Advaita,5,"Rather, It is the pure subject. It is not the object of knowledge, rather it is a subject. It is not something that is known, rather it is the knower. Knower, yes. and which has many ramifications. When you look at it that way, then it first of all it points out clearly what the Atman is or where it is, where means within quotes, and why we cannot see it as an object. Then, um, then the next verse. 19th verse. We saw that the Atman is not an, uh, not a doer of actions, nor is it the experiencer of the results of actions.",2879,3405,,,106
en_video_07_0006,video_07,en,Advaita,6,"In Sanskrit, Akarta Bhokta, it's not the karta, the doer, agent of action. Bhokta means the experiencer of the results of actions. So the Atman in itself is free of the law of karma, free of karma, cause and effect, it's beyond causality. So these are all extraordinary claims and all counterintuitive. It's very, it's natural for us to think that I've been, I'm born and I shall die. This seems to be the fundamental truth. The first thing Krishna said that no. You are not born nor shall you die, you are immortal. Then the next thing which seems common to us is that, um, here is a, I don't know what I am, but the world here is very real.",3406,4048,,,122
en_video_07_0007,video_07,en,Advaita,7,"Just the opposite. You are the reality and the world is your appearance. Again, counterintuitive. I think intuitively, I think I am here small, a tiny part in a tiny speck in a vast universe. So limited in space, tiny, just here. So limited in time, born and dying. Neither limited in time nor limited in space, counterintuitive that you are the vast, you are unlimited. all pervading. And then again, when it says that you are not an object of knowledge, we have almost instinctive urge to objectify. Very understandable, because everything that we have known in our lives and anybody has known in their life, there has been an object of knowledge.",4049,4698,,,114
en_video_07_0008,video_07,en,Advaita,8,"Either something that you've seen or heard or smelt or taste or touched, or it's something that you've thought of, remembered, conceived. Speculated about, proved, believed, they're all objects to consciousness. When you get what they're talking about, it's direct, it's it's very intuitive, it it's it's very very blindingly obvious. But until that time, Um, we tend to keep making this mistake. Whatever we are taught, we think it's some object which they're talking about. And in fact, I mentioned that once we begin to understand it's not an object. Our reaction is, it doesn't exist then, because everything that we have experienced as existing is an object.",4699,5362,,,109
en_video_07_0009,video_07,en,Advaita,9,"So we go into nihilism or emptiness, shunyata. No, the Atman does exist, it is you and it's not an object. It's not an object, but look at our language, even the word it is an object word, it. It, that. Then the next one, Akarta Bhokta. What could be more natural than thinking of yourself as the doer of actions? And we think of ourselves as I enjoy, I suffer. I am the enjoyer, I am the sufferer. And he says, no, no. You are not the doer, nor are you the enjoyer or the sufferer. Then next. 20th verse?",5363,5868,,,101
en_video_07_0010,video_07,en,Advaita,10,"Yeah. So please chant after me. Na jayate mriyate va kadachit. Na jayate mriyate va kadachit. Nayam bhutva bhavita va na bhuyah. Nayam bhutva bhavita va na bhuyah. Ajo nitya shashvato yam purano Ajo nitya shashvato yam purano Nahanyate hanyamane shareere Nahanyate hanyamane shareere So the self, Atman. Remember, whenever we were talking about the self, it means you. You might, because the mind is very tricky, might end up saying, yes, I understand my self is wonderful, but I have some problems. Self means you. It, the self is not born and it does not die at any time.",5869,6442,,,100
en_video_07_0011,video_07,en,Advaita,11,"It does not again come into existence by being born. It, the self is birthless, constant, eternal, and ancient. It is not slain when the body is slain. So this is the meaning of the verse. As we go a little deeper into this, it becomes very interesting. Um, before I forget, let me tell you that, um, I was studying my copy of the Shankara Bhashya, the commentary by Shankaracharya. So I found a note there in my handwriting, so I don't know where I got it from. It's not Shankara who said that. Um, it says, you see, in philosophy, at least in Indian philosophy, punarukti is a dosha.",6443,7028,,,111
en_video_07_0012,video_07,en,Advaita,12,"Punarukti means repetition. So if you say the same thing over and over again, it's considered a fault. It should not repeat something. Now here it seems to be a clear case of repetition. It's not born, it does not die, one. He says the same thing. It's not that it was existing and died and then again came into existence. That means being born and dying. Then again it says it is not born a job unborn. Uh, it it is eternal, does not die, it is not killed. When the body dies, it does not die. So it seems to be a case of three times repetition.",7029,7575,,,109
en_video_07_0013,video_07,en,Advaita,13,"Once it is said neither born nor dying, second again and third again. So, the note which I found, it said that it's not actually a case of repetition. It is um Pratigya hetu nigamana. What does it mean? In logic, Indian logic, the way an argument is framed, the way an argument is framed is in a syllogism. Okay, now I have to explain what a syllogism is. Those who are students of logic or philosophy, you know that. So the classic one in Aristotelian logic when you say, um, All men are mortal, the classic example. Socrates is a man.",7576,8112,,,102
en_video_07_0014,video_07,en,Advaita,14,"Therefore, Socrates is mortal. So three statements. The two are given to you and the third one you derive from it. The first two are all men are mortal. Second one, Socrates is a man. And therefore, what do you derive from this? Socrates must be mortal. So this is called a syllogism, the form of the argument, the different forms of argument. Now this very thing in Indian philosophy, Nyaya logic. This very thing is done in not in three parts. Two premise, major premise, minor premise, and the conclusion. 1, 2, 3, Socrates, all men are mortal, Socrates is a man, and Socrates is mortal.",8113,8703,,,107
en_video_07_0015,video_07,en,Advaita,15,"But in five parts. So in Nyaya philosophy in India, the syllogism has five parts. Um, the the first one is called Pratigya. Pratigya means that which is to be proved. Let me give an example, it will make things clear. The classic example, those who have studied Indian philosophy, you know that the classic example is, there is fire on the hill. Because there is smoke. So, you can see smoke, you don't see the fire. You see the smoke. It's not a hill here, suppose there's a fire on a skyscraper and the fire department, you know, clanging and the sirens blaring, the fire department, fire trucks go rushing by.",8704,9316,,,112
en_video_07_0016,video_07,en,Advaita,16,"They haven't seen the fire yet, but they see the smoke. Now by seeing a, you're seeing smoke, that is direct perception, and you are inferring. Inferring fire. You know there is fire. How do you know? Did you see it? No. What did you see? Smoke. And you know that there is a connection between smoke and fire. With putting these two together, the seeing the smoke, And the knowledge of smoke and fire go together, you you infer that there is fire and then you go out to put it. So the classic example in Indian philosophy is Parvato Vanniman Dhoomat.",9317,9867,,,103
en_video_07_0017,video_07,en,Advaita,17,"There is fire on the hill because there is smoke, because I see smoke. So the first sentence is, what do you want to prove? I want to prove that there is fire on the hill. That is called the first, that is called hetu, that's called pratigya, the thing to be proved. Then the second sentence is called hetu. Uh, the second sentence is hetu. Uh, hetu means cause, cause. What is the cause? Dhumat, because of seeing fire, because there is smoke. And why is this a cause? Um, it says, yatra yatra dhoomah, yatra yatra vanni tatra tatra dhoomah.",9868,10410,,,102
en_video_07_0018,video_07,en,Advaita,18,"Wherever there is uh fire, there is no, wherever there is smoke, there is fire. Yatra yatra dhoomah tatra tatra vanni. Wherever there is smoke, there must be fire. So this is called vyapti. Vyapti is a Sanskrit word. If you translate it into English, it becomes even more complicated. It means invariable concomitance. Literally, it means two things go together. So if you see one, you are sure of the other. If you see smoke, you're sure of the fire. Not the other way around. There may be fire without smoke. So they give the example of today you might have a heater for example, which is hot, but there's no smoke there.",10411,11034,,,114
en_video_07_0019,video_07,en,Advaita,19,"But there's smoke, there is fire. And then, peculiar to Indian Indian logic, they have to give an example. They have to, you have to say where did you see this? What, what is the, what is an agreed upon example? So they will say Yatha Mahana, say as we saw in the kitchen. There's fire and smoke together. So this this sentence is called Udaharana. How many have we got so far? Pratigya, thing to be proved. Second, Hetu, the cause. Third one, example, Udaharana. And there's a fourth one which is which need not concern us too much.",11035,11568,,,100
en_video_07_0020,video_07,en,Advaita,20,"It's just a matching. It just says as that case, fire and smoke in the kitchen, so also this case. Fire and smoke on the hill. It must be a similar case, otherwise you can't apply. That's the fourth sentence. There's a technical term for that. And the last sentence, why I'm saying this is a conclusion, Nigamana. The last sentence is simply a restatement of the first sentence, like in geometry proofs you do, therefore, QED. So therefore there is fire on the hill. Nigamana, Nigamana means conclusion. The conclusion is just the restatement of the thing to be proved, the first sentence.",11569,12158,,,104
en_video_07_0021,video_07,en,Advaita,21,"Now you have five sentences. First one, thing to be proved. Second one, the reason thereof. Third one, example. Fourth one, matching the cases, and fifth one is restating the thing to be proved, which is conclusion. Now, Three of these are found here. First one, pratigya, thing to be proved. Second one, the reason, and third one, the conclusion. So, All of this reason I'm giving this little lesson in Indian logic is, I just found this little note today. I don't know when I wrote it, maybe years back or decades back. It just says, it just says, One pratigya, first quarter pratigya, second quarter hetu, third quarter nigamana, hence no repetition.",12159,12812,,,114
en_video_07_0022,video_07,en,Advaita,22,"That's what it says. So actually the three thrice it has been repeated here, same thing has been said. Neither born nor dies, again neither born nor dies and again Unborn, undying. But, um, the first one is what they want to say, second one is the reason thereof, and therefore conclusion thereof. So that way. All of it entirely useless, just that I just found it so I thought it's interesting to share. They had a lot of time on their hands, I think. Alright. So what does it say? First it says, the Atman is not born, nor does it die.",12813,13350,,,103
en_video_07_0023,video_07,en,Advaita,23,"We've already seen this. And then it says, It's not as if having existed at some time, then you died and then you're reborn again. This is what is called ordinarily, you know, coming into being, going out of existence and again coming back into being. This is not true of the Atman, of you as pure consciousness. And then a series of adjectives is used. Ajaha, Ajaha means the unborn one. So because it does not, it is not born. The Atman is not born with the birth of the body. When the body is born, it's not that you are born.",13351,13880,,,103
en_video_07_0024,video_07,en,Advaita,24,"You existed before coming into being of the body. So therefore you are, your name is, the Atman's name is Ajaha. Ajaha means the unborn one. Normally when we use the word unborn in English, it means somebody who doesn't exist, was never born. But here it means somebody who exists all the time, not does not come into existence by birth. So the body is born, but you are not born along with it, you existent. The next word used is Nityaha, the unchanging or eternal. It means here in this case, with the death of the body, you do not die.",13881,14419,,,103
en_video_07_0025,video_07,en,Advaita,25,"With the death of the body, you do not die. Shashwatah. Um, eternally unchanging, literally means undecaying. Purana. The word Purana in Sanskrit, it means purapinava. Though ancient, ever fresh. And then it says again. Again, na hanyate hanyamane shareere is not destroyed by the destruction of the Bali. What's going on here is, Um, the the Sanskrit lexicographer. You know what that is? Dictionary, those who compile lists of words. Um. the Sanskrit lexicographer Yaska who lived I think more than 2000 years ago. So he's compiled one of the first dictionaries of the world and He is well known for compiling this set of six changes.",14420,15056,,,108
en_video_07_0026,video_07,en,Advaita,26,"He says worldly things, especially our body, it undergoes sixfold changes. In Sanskrit, Shadvida Vikara, sixfold changes. What are these six changes? Change number one. Um, birth, Jayate, birth. Change two is a bit peculiar. Having been born, it comes into existence. If you think about it, sounds a strange way of putting it, but actually if you think about it, it is quite correct. That which was not there is now there. So that's a change, right? So it's called Asti. Jayate, born, Asti comes into existence. Vardhate, grows. grows. So a baby, a kid, a little boy or girl, a teenager grows.",15057,15650,,,104
en_video_07_0027,video_07,en,Advaita,27,"Then the fourth one is viparinamate, matures and keeps on changing in middle age, reaches a plateau of development. And then, apakshiyate, degenerates, ages, hits 40. So goes downhill. Uh, degenerates, body starts decaying. And then finally, nashyati, dies, destroyed. So these are the sixfold changes according to Yaska, the ancient lexicographer. Sixfold changes you would expect of a body. Now what has happened here is if you look carefully, these terms are used to deny those six changes of you, the Atman. So by saying Ajaha, unborn, it denies that, it denies the first change, birth. And then Nitya, it denies the, um, the last change, death.",15651,16300,,,108
en_video_07_0028,video_07,en,Advaita,28,"Nitya means eternal, does not die. So denies the last change, death. Then Shashwata, the undecaying, it denies the fifth change, decay. Purana, ever fresh. It does not become, it does not grow as such. It is eternally fresh. So Purana means it denies the third change that is vardhate, grows. So, and it it's already said and the in between change that it matures and remains at a steady state for some time. The last one, na hanyate hanyamane shareere. Here a little bit of Magic is done with grammar. Shankaracharya, the commentator, he says the verb 'hanyate han' can also represent change.",16301,16894,,,104
en_video_07_0029,video_07,en,Advaita,29,"So it means it's a denial of the, um, the fourth. change that is the plateau it reaches a certain viparinamate reaches a certain level of development and remains there for some time. And the second one that not having existed comes into existence. Not being there comes into existence that has already been denied by the Third quarter, that it was not that it was not there and came into existence by birth. So, my point is, what this verse is doing, though it looks like repetition, what this verse is doing, it denies the sixfold changes common to the body.",16895,17454,,,102
en_video_07_0030,video_07,en,Advaita,30,"It denies those sixfold changes of the Atman. Yes. What's the difference between Atman and Brahman? Oh, okay. In Advaita Vedanta, no difference. Atman literally means the self, you. And Brahman, if you look at the derivation, literally the word bringer, the root means the vast. It means the vast. Now, why use two words if they mean the same thing? The reason is, when you look into yourself, the reality that you discover, I am what I am really, which is what we are talking about, that is called Atman. Atman literally means self, the essence. And if you investigate this universe, the reality that you discover, the reality of the vast is called Brahman.",17455,18113,,,116
en_video_07_0031,video_07,en,Advaita,31,"And the conclusion of Advaita Vedanta is both of them are the same thing. Atman is Brahman. If you want to know Advaita Vedanta in one sentence, it's that Atman is Brahman. The great Maha Vakyas, the profound sentences. Tat tvam asi, that thou art. That thou art means that Brahman, thou the Atman, you are that. Aham Brahmasmi, I am Brahman, even more direct, I the Atman am Brahman. Pragyanam Brahma. This very awareness which you have, correctly understood and appreciated, is none other than the ultimate reality Brahman. This awareness means you, what you find yourself inside, what we find, look, when we look inside, what we find ourselves to be.",18114,18767,,,113
en_video_07_0032,video_07,en,Advaita,32,"The Atman, that is actually Brahman. And another line from the Mandukya, Ayamatma Brahma, again more direct, very direct. This very self is the ultimate reality, Brahman. So Atman and Brahman are the same reality. This is the central teaching of the of non-dual Vedanta, and if this is appreciated, understood, and realized, it's enough to set you free. Spiritual freedom, Moksha, Nirvana, whatever you call it, this realization is enough. Why would this set us free from limitation, suffering, death? I'll give you a pointer. You can mull over it and see what it means to you. that we are sentient beings, we are awareness.",18768,19392,,,106
en_video_07_0033,video_07,en,Advaita,33,"There's no, there's no doubt about it, right? Nobody has any doubt that that you are a thinking, feeling, knowing, aware being. Are you with me? This is most important. If you don't take this first step, next will not make any sense. I need to know that you are we are on the same page. Are you look confused? What are you talking about? Are you aware? And I mean aware in a very general sense. Are you a thinking, feeling, desiring, hating, loving being? Are you aware? Is there consciousness there? Yes. One. Two. The problem, the human problem, put in its most general and fundamental form is that this consciousness which we find ourselves to be is a very limited consciousness.",19393,20075,,,124
en_video_07_0034,video_07,en,Advaita,34,"By limitation, I mean we are subject to death, we are subject to old age, we are subject to disappointment, we are subject to desiring without fulfillment. We have any number of limitations. This is the problem. Point number two. Point one, I am consciousness. Point two, it's a very limited disappointing consciousness. Are you with me so far? Would you agree with me that this is one way of stating the human problem? No. It's like, what is he talking about? My problem is the traffic on the way back from, I'm worried about Lincoln Tunnel. That is limitation.",20076,20638,,,100
en_video_07_0035,video_07,en,Advaita,35,"That is limitation. That's what I'm talking about. Any practical problem in your life, that's limitation. So that's the second thing. What solution Advaita Vedanta provides here is when you say Atman is Brahman, you know what they're trying to say. This very consciousness that we know ourselves to be, you know yourself to be. This is unlimited consciousness. This consciousness is not subject to the limitations we think it is subject to, and to educate us into the nature, the real nature of ourselves, that's what Advaita Vedanta is doing. I'll repeat, three points. Freedom and enlightenment in three points.",20639,21252,,,101
en_video_07_0036,video_07,en,Advaita,36,"One is we are conscious beings, we are conscious. Second, it's a very limited disappointing consciousness. Third, we are wrong. It's not a limited disappointing consciousness, it's actually infinite unlimited consciousness, there is no problem at all. That's what Advaita Vedanta wants to show us. That's the meaning of Atman is Brahman. If you don't seem convinced, then you have to keep coming to the class. That's what Krishna is telling Arjuna continuously. All these things. What did he say? You, the conscious being Arjuna, you don't die. First thing he said. You are the only reality, the entire universe is an appearance in you.",21253,21889,,,105
en_video_07_0037,video_07,en,Advaita,37,"Second thing. Atma Satyam, Jagat Mithya. Third thing, you pervade everything that you experience. You are not a tiny spark of tiny spark of consciousness in a vast uncaring universe. Rather, the entire universe that you experience is within you, the experience. Even in the language that I'm using, if you notice carefully, entire universe which you experience. You pervade it all. You are the vast, you are not tiny. Number four. What was number four? The Atman is, it's not an object. It's not an object. Aprameya, it's not an object of knowledge and that has many ramifications. And so on, it's not a doer, not an sufferer.",21890,22516,,,109
en_video_07_0038,video_07,en,Advaita,38,"And now it is saying, this 20th verse is saying, the Atman is not subject to the sixfold changes which the body is subject to. That's what it just said. If somebody says, I mean you're too polite to say it, but somebody might object that these adjectives, you are just fitting them into the sixfold changes that you, Shashwata Purana, how do you know that it is denying the second change or the third change or something like that? Well, you take your complaints to Shankaracharya. I've got the interpretation from Shankara's commentary on the Bhagavad Gita. Alright. Having said this, 21st verse.",22517,23114,,,104
en_video_07_0039,video_07,en,Advaita,39,"Veda vinashinam nityam Veda vinashinam nityam Yayanam ajamavyayam Ya enam ajamavyayam katham sa purushah partha katham sa purushah partha kam ghata yati hantikam kam ghata yati hantikam Whom, oh Partha, can that person who knows this self, Atman, to be imperishable, constant, birthless, and immutable, slay or cause to be slain, and how? So this is the verse. Remember the language of slaying and cause to be slaying is because the context is the battlefield. It basically means action. How can this pure unchanging consciousness be a doer of actions? How can it be an agent of action? That's what he's asking.",23115,23726,,,102
en_video_07_0040,video_07,en,Advaita,40,"It starts with a word, Veda. Know this. Very important. What is the method of Advaita Vedanta? What are we supposed to do? Veda here means to know, to realize. The whole point of spirituality according to Vedanta is to realize. Realize the teaching. As against what? Are you supposed to believe, are you supposed to meditate or pray or go on pilgrimages or subscribe to a particular faith or church? Uh, what we normally associate with religion. What Vedanta says is all of those may be useful and helpful, but that's not the point. The point is use all of that to realize this truth.",23727,24311,,,106
en_video_07_0041,video_07,en,Advaita,41,"As Swami Vivekananda said, each soul is potentially divine, and the goal is to manifest this divinity already within us. Do it by meditation, do it by service, do it by love, do it by knowledge. In fact, he said do it by philosophy. Do it by philosophy. by one or more or all of these and be free. So that is the purpose of religion. And then he goes on to say books, temples, doctrines and churches are secondary details. So this realization which sets you free. This is, this is the whole purpose of Vedanta and I dare say of all spirituality everywhere.",24312,24868,,,105
en_video_07_0042,video_07,en,Advaita,42,"Bible says know the truth and the truth shall set you free. This is basically this thing, realization. Notice I'm making a slight distinction between knowledge and realization. It's not just knowing it because you can claim now I know it. Now I know it, attended the class, I read the book. I even memorized the verse. I downloaded the talk, so now I know it. I spent countless hours on YouTube, so now I know it. So am I free? Am I enlightened? No, what remains is, this knowing, while important, has to be deepened into realization, which is first person experience.",24869,25437,,,103
en_video_07_0043,video_07,en,Advaita,43,"I must be honestly able to claim, not that the Atman is immortal, Atman is real, the Atman is all pervading, no. I am immortal. I am the reality of which the universe is an appearance. I must be honestly able to claim this, to see this. Not claim it just as a slogan, but actually to see it. So there the knowledge has been assimilated into realization. Swami Vivekananda says, you know, tell yourself again and again that I am that, I am that Atman. Till that this thing, it tingles with every drop of your blood. Till it becomes a living reality.",25438,25986,,,104
en_video_07_0044,video_07,en,Advaita,44,"It's not brainwashing. It is something that you have understood, it must be converted into a living reality. Just as we without any doubt think that we are bodies right now. At that time, we without any doubt, we will see ourselves as an unlimited immortal consciousness, the spirit, not the body. So that is realization, and that can be done. The Vedanta process is Shravana, Manana, Nididhyasana. You listen to this, study it. Step one. Step two, think it through. Every possible doubt, one has to stay with it for some time and see what doubts come up. I've seen with long-standing students, questions begin to crop up.",25987,26609,,,109
en_video_07_0045,video_07,en,Advaita,45,"The answers to which has been given. I mean every other class we give the answers actually, but it's try the question first comes after a long time, then only the answer makes sense. That is the process of mananam. In fact, there's a deeper process of mananam that is reflection, where you try to live your life according to what you have studied. Where you try to live your life according to what you have studied, in that process there will be struggle. And in that struggle, that is basically spiritual practice. Things fall into place. When you stay with that insight, this is called the third stage meditation, Nididhyasanam.",26610,27240,,,111
en_video_07_0046,video_07,en,Advaita,46,"That leads to the moment of awakening where you see it is so. It has always been so that I am this unlimited consciousness. So this all, this is meant by the word Veda, realize yourself as this. It's already there, you are already this. You have hypnotized yourself into, we have hypnotized ourselves into believing that we are these little bodies, little cages of flesh and bone. Swami Vivekananda again and again he would say, if only you knew yourselves as you are, as you really are. What would happen if that happened, if we knew ourselves as we really are, all our problems would be solved.",27241,27837,,,108
en_video_07_0047,video_07,en,Advaita,47,"Not that at the physical level, at the practical level. If you become enlightened, would it solve the problem of getting a ticket on your car in the wrong parking? No. You'd still have to pay the ticket. But, The deepest problem, this problem of very human existence, that is solved. You know yourself as beyond all problems. Veda, you realize yourself. As what? Again a series of adjectives is given. Avinashinam, indestructible. Nityam, eternal. Ajam, unborn. Avyayam, undecaying. You see, again those changes are negated here. If you are Avinashi, you are not subject to death. Uh, if you are Nitya, here it means undecaying.",27838,28466,,,106
en_video_07_0048,video_07,en,Advaita,48,"You're not subject to the fifth modification, old age and decay. If you are ajam, unborn, clearly you're not subject to the modification called birth. Avyaya, you are not subject to the modification called growth or development. You are one unchanging. Such, sa purushad, such a consciousness. How can such a consciousness engage in action or reap the results of action? It leads to the question then who engages in action. It is this consciousness alone, there's nobody else who engages in action. It's this consciousness alone, forgetting its true nature, identifying with body and mind, becomes the Jeeva, the sentient being who engages in action and suffers the results of action.",28467,29151,,,112
en_video_07_0049,video_07,en,Advaita,49,"Are you alright so far? Yes. Right. So he will keep, he'll come back to the same conclusion again. So if you're not the doer, the action will continue at the level of body and mind, everything will continue as the world continue. It's not that. Uh, when what you have to realize is, even though acting through body and mind, you're truly the untouched, uh, non-acting consciousness. Right? That is what has to be realized. He is not telling you, that's what Arjuna wanted to do, you know, he wanted to give up all this and go away to the mountains and meditate and be a mendicant, a beggar.",29152,29742,,,110
en_video_07_0050,video_07,en,Advaita,50,"He says no, that's not the way. That is also being trapped in action. He will tell later on, giving up action is not attaining to the state of the non-doing consciousness. The non-doing consciousness is always is there, even in the midst of intense action. The most intense action can go on and you realize you are not, you are the consciousness which does not do anything. Many examples can be there. Imagine a screen on which a movie is being played. In the movie, intense action is going on. It could be adventure or something like that, you know.",29743,30293,,,101
en_video_07_0051,video_07,en,Advaita,51,"There could be storms or a fire or something, tremendous action is going on. Yet from the point of view of the screen, nothing is happening. Another example, imagine your dreams. Recall your dreams. Imagine a dream which was a really happening kind of dream. Lots of things happened. Yet you can claim with absolute honesty when you wake up, what can you claim? Nothing happened. Nothing really happened because that was not actually from the point of view of the waker, none of those things happened. In the dream it did happen, but when you wake up from out of it, you realize it didn't happen.",30294,30890,,,107
en_video_07_0052,video_07,en,Advaita,52,"Analogously, Can you imagine yourself to be that light in which all of these things appear, work out, play out, and disappear back again. From the point of view of the light, nothing has happened. Yeah. To Brahman it does not matter. From the from from Brahman's point of view, from the point of view of pure being, it really does not matter. It matters from society's point of view. It matters at this level. You know, all these non-dual teachings, they talk about two truths. An absolute truth and an apparent truth, apparent truth or transactional truth. So for example, right now we are sitting here and studying Vedanta.",30891,31516,,,110
en_video_07_0053,video_07,en,Advaita,53,"What level is this? Zaporin truth, transactional truth. It's called vyavaharika, transactional truth. And at the level of transactional truth, all of it works. There is causality, there is karma, there is good, there is evil, there are things to be done. Things can get better, things can get worse. And the solution proposed by Advaita Vedanta is, identify yourself with the absolute and act in the relative. You cannot not act in the relative. What will you do with this body and mind even when you realize that you are Brahman? What will you do? Right now what you are doing is, I do not know myself as that infinite awareness.",31517,32147,,,112
en_video_07_0054,video_07,en,Advaita,54,"I know myself as a very limited conscious being and I'm trying to do the best I can. This is our life right now. What they are proposing is, if you investigate, we will show you how you are that unlimited awareness, not affected by birth and death, not affected by the vicissitudes of life. And yet you're in the midst of life. That's a very enjoyable position, enviable position also. When you know you're perfectly safe, then you can play the game to the hilt. In fact, then an ethical moral life becomes possible. What have you got to be afraid of?",32148,32699,,,103
en_video_07_0055,video_07,en,Advaita,55,"What can tempt you, what can, what can scare you? Nothing. The consequences of that, you're asking about why should one act then. The consequences of that, one good way of understanding is if you look at people you consider to be enlightened. What did they do with their lives? And you'll get a wide array of answers. If you look at Raman Maharshi, he sat in a cave, though his very presence was a blessing. There have been enlightened people whom nobody has known about. They have disappeared from society without people knowing about them. On the other hand, there have been enlightened people who read lives of tremendous activity and whose blessings we are counting now.",32700,33374,,,118
en_video_07_0056,video_07,en,Advaita,56,"The the great teachers of religion, the great leaders of social reform, many of them were spiritual masters. And they readily sacrificed their lives because they found something that was eternal. For them it did not matter this little life. They found an oneness with everything. So our suffering became their suffering and they wanted to help us out of it. Therefore he says, therefore fight. Therefore do your duty. Knowing the reality of yourself to be this, now do thou your duty. In Arjuna's case, it was fighting the good fight. In our case, we have our little battlefields, each of us.",33375,33967,,,103
en_video_07_0057,video_07,en,Advaita,57,"Does that address your question? Yeah. Realize yourself to be this. Center yourself in this realization, then act. You say why act? At the level of the body mind, what else can you do? Yes. So acting at the body and mind level. Yes. Um, teaching is that you lead a moral, moral and ethical life to the, to the best, uh, best level that is possible, yes. But if you fail once in a while, That's perfectly alright. I just think there's a big contradiction in that statement and because we are still living in the body and mind.",33968,34493,,,100
en_video_07_0058,video_07,en,Advaita,58,"Yes. You can just keep, I feel like, beating, pointing yourself to the absolute, but then slipping back. I mean, it's just like, even if you became aware of it, 100 times a day you will point yourself to absolute. but still come down to the lower truth as you say. Right. True. And this is our, this is you're speaking, say this is our experience, you would feel that this is how it's going to be. At At the beginning, it may seem to be like that, but very soon you will see it is not so. Because somewhere deep inside is a feeling that I am this being and I'm trying to get hold of a theoretical absolute.",34494,35100,,,120
en_video_07_0059,video_07,en,Advaita,59,"So I keep slipping back into what I am. Very soon it will change. into I am the absolute. I keep slipping back into habitual patterns of activity, habitual thought patterns. Very soon you will see, All our slipping, our mistakes are because of past conditioning. It will be a very interesting but very difficult phase where what will happen is you are clear about this that I am the unchanging consciousness. It's no longer theory. You see, this is, this has to be the truth. And yet in life there is a struggle. And the struggle you will see is not because somehow I become the body mind, no.",35101,35694,,,110
en_video_07_0060,video_07,en,Advaita,60,"You will see that even when I think I'm the body mind and I act accordingly, even then I'm not the body mind. But I am acting due to strong past conditioning. That deconditioning process takes time. But before that what Vedanta says is that breakthrough is essential. What Vedanta tries to do is the breakthrough. See, there are two ways to it. One is the way of conventional, the way the the conventional spiritual ways, lot of spiritual practice. Yes, you are the body mind, you are this person. Now try to be an unselfish person. Try to be a truthful person.",35695,36256,,,103
en_video_07_0061,video_07,en,Advaita,61,"Try to be a disciplined person. Try to meditate twice a day, pray thrice a day or whatever. Have devotion, do good to others. So all these spiritual practices, they continue as what? What are you? I am this person. What are these spiritual practices doing from the point of view of Vedanta? They are preparing you for this insight. But a time will come when through these conventional spiritual practices, one makes a breakthrough and you have that insight. Clearly, suddenly there's a shift. The reference of the I, when I say I, it refers to body, mind, it changes.",36257,36824,,,101
en_video_07_0062,video_07,en,Advaita,62,"It refers to that witness consciousness, that unlimited consciousness we're talking about. You see, it must be so. Once it has changed, Then those practices will still continue. They're still not a fully enlightened being. Those practices will still continue, but they are more like expressions of the truth, what you have found yourself to be. You see, this is the wise way of living. No longer to find this truth, you've found it already. Now to establish yourself in that truth, you will see to act contrary to ethics, to act contrary to spiritual practices will seem contrary to what you have found.",36825,37428,,,104
en_video_07_0063,video_07,en,Advaita,63,"You found yourself to be the witness consciousness, immortal, the only reality, and to act out of impulse, out of anger, out of hatred, will seem very contrary to what you've found. Still you will keep on, that slipping will keep on happening. Why? Because the mind is conditioned, but less and less and less so. This is called the path of Gyan Yoga, difficult one. But this is also called the direct path. Every other path path is indirect. Yes. Yes Yes, that is true. Of course, right. There is only one reality according to Advaita Vedanta, one non-dual reality.",37429,37994,,,101
en_video_07_0064,video_07,en,Advaita,64,"Did you notice in the 16th verse it says the Atman is the truth or is the reality and the world is an appearance. It means it's a non-dual reality. That means there is no other reality, not that there are many Atmans floating around. There's only one that that one consciousness in which the universe appears. Right. Are we all one or different? In the 13th chapter, Krishna will say, you are that consciousness other than body and mind. How many consciousnesses are there? He says there is only one consciousness here. One immortal consciousness and no me to be that consciousness.",37995,38577,,,103
en_video_07_0065,video_07,en,Advaita,65,"Me means God. So in that one half of verse, he answers two questions. How many Atmans are there or how many pure consciousnesses, how many spiritual realities are there? One. And the second question is what is God in all of this? God is that spiritual reality. You'll say then you are saying I and God are one and the same? Yes, that's what it is saying. But I not as this individual limited being in your nature as true spiritual nature as the unlimited consciousness. That is what is God in Advaita Vedanta. In that sense, think about it.",38578,39118,,,101
en_video_07_0066,video_07,en,Advaita,66,"You are actually experiencing God right now. In every thought, in every feeling, in every experience of life, the material which you are experiencing is nothing other than the divine itself, only under the limitation of our ignorance. Then the 22nd verse. This is another of those verses which are chanted when somebody passes away, somebody dies. Very famous verse from the Bhagavad Gita. It says that as we go from death, from life to death to other lives, it's like changing a suit of clothes. As you give up, old clothes and put on a fresh suit of clothes, exactly like that we give up give up old bodies, decaying bodies, dead bodies and go on to new bodies.",39119,39782,,,120
en_video_07_0067,video_07,en,Advaita,67,"22nd. Vasam sijirnani yatha vihaya. Vasam sijirnani yatha vihaya. Navani gruhnati naroparani. Navani gruhnati naroparani. Tatha sharirani vihaya jirnan. Tatha sharirani vihaya jirnan. Anyani sang Just as a person gives up worn out clothes and puts on other new ones, even so does the embodied self give up decrepit bodies and enter other new ones. So it's a well known doctrine of the Gita of Vedanta that we go through many lives. Now, what is this going through many lives? What exactly happens? Krishna says, birth and death are nothing other than exchanging bodies. One body falls apart and you go on to get another body.",39783,40408,,,106
en_video_07_0068,video_07,en,Advaita,68,"So the example he gives is of clothes. Clothes are old or torn. So you discard them and buy. New clothes. Friday sale? What a Black Friday. Black Friday, yes. Black Friday sale. So go and buy new ones. So God also has a Black Friday sale sometimes. You go and pick up new ones. Except that in this case you are doing it consciously, in our in our own lives, it's done by the law of karma. We do not have conscious control over it. What bodies we come into, when they will end, and what new bodies we will get, it's all determined by cause and effect.",40409,40959,,,109
en_video_07_0069,video_07,en,Advaita,69,"Everything that is happening now is an effect of which there are causes, and every cause that is set into motion will give rise to certain effects. Now, a little bit of basic Vedanta. Bodies, when you speak about bodies, From a Vedantic perspective, there are three bodies, not one. You have three bodies. One body is this physical one, the public one which the doctor can check, the one which you which you're sitting on the chair, this one. This is called gross body, not that, not in the American sense of gross, physical, meaning physical. Though it can be pretty gross, if you especially if you cut it open and see what's inside, it can be pretty gross.",40960,41618,,,120
en_video_07_0070,video_07,en,Advaita,70,"But gross body means physical body. in Sanskrit, sthula shareera, body number one. Second body, subtle body, sukshma shareera. It doesn't mean a particularly slim body, it means, it means what you are experiencing right now. If you ask what's the proof for the subtle body, Proof for the gross body or physical body, there's no need to ask this question. Everybody knows it exists. Here it is. But what is the proof of the subtle body? Again, you experience it all the time. Thoughts, feelings, emotions. All of that, all the first person experiences about yourself, the person you experience yourself to be.",41619,42227,,,104
en_video_07_0071,video_07,en,Advaita,71,"That's the subtle body. So why call it a subtle body? Why not, why isn't it a part of the gross body? It is not. No scientist till now has been able to discover how, you know, for a scientist, the physical body ends at the brain, at the neurons. That's it. How that translates into our mind, thoughts, feelings, emotions, memories, clearly they are linked, but how? Nobody knows. I mean, many of you studying biology, neuroscience, philosophy. Tell me, is is there, does anybody not know? It's an amazing thing, something that we experience all the time. That's our life.",42228,42799,,,102
en_video_07_0072,video_07,en,Advaita,72,"What's our life? Thoughts, feelings, emotions, desires, the way we are experiencing it inside. That's how we live our lives. We do not experience life as secretions from the kidney and the electrical movements in the brain, we do not. There's no doubt that it's happening in the body, no doubt about it. Science has investigated it in great detail. and all the physical systems of the body, definitely enormous amount of knowledge we have. We experience none of it. What we experience inside each of us right now, the first person experience, what are technically called qualia, subjective experiences.",42800,43402,,,100
en_video_07_0073,video_07,en,Advaita,73,"That's what is called the subtle body. There is good reason to call it a separate body. There, there, by your very observation, the two are of different nature. You can clearly see this physical body and what it feels like from inside, two different things. Think a thought, 2 + 2 is 4 or my name is Swami Sarvapriyananda, that's a thought. And touch this physical body. These are two different things entirely. So subtle body, Sukshma Sharira. What is the subtle body then? Physical body we know it's made of hands and feet and legs and you know organs and organ systems and cells and so on.",43403,43995,,,109
en_video_07_0074,video_07,en,Advaita,74,"What's the subtle body? What are the parts of the subtle body? Vedanta says there's a there are different ways of classifying. There are actually 19 parts to it. 19 parts. Uh, the five sense organs, not the physical organs, they are parts of the physical body, but the powers. the experiences you get of seeing, hearing, smelling, tasting, touching. Five sense organs, five motor organs, and what you call the five vital functions, Panchaprana. That makes 5 + 5 + 5, 15, and then four parts of the mind, mana, buddhi, chitta, ahankara. The mind itself, memory, the function of egotism or ego, and intellect.",43996,44603,,,106
en_video_07_0075,video_07,en,Advaita,75,"So these are the four. Together, 19 parts, this comprises the subtle body according to Vedanta. There are different ways of classifying. Some make it 17. The Buddhists have a different way of classifying it and so on. But it's there, all Indian philosophies acknowledge that you are a subtle body inside a physical body. Um, and there is a third one according to Vedanta, third one, only figuratively called a body, it's called the causal body, not casual body, causal body. The causal body is that barrier of which transforms you, the infinite consciousness Brahman, into this individual being.",44604,45199,,,100
en_video_07_0076,video_07,en,Advaita,76,"That what could that be? It's just ignorance. It's called agyana. Ignorance of our real nature. It's called the causal ignorance that itself is taken as a body. It comes as a first covering or sheath. Then it's covered over by the subtle body. Then it's covered over by the physical body. Why am I saying all this? At death, it's the physical body which dies, which is discarded like an old pile of. clothes. The subtle body continues. Subtle body is not born with birth, is not, does not die with death. It curls up into a little seed and then goes on until it finds another physical body where it can express itself.",45200,45818,,,115
en_video_07_0077,video_07,en,Advaita,77,"So that's the idea. You, what about you the Atman? You are pure consciousness. You neither come or not go. You have identified, Atman has identified itself with so many causal bodies and subtle bodies. So it becomes millions and billions of what are called Jeeva, sentient beings. And each of these Jeevas gets different physical bodies and lives out its life, does karma, gets the result of karma, and the result of karma is expressed in newer and newer physical bodies. So this is the cosmic game which is going on. Actually, you are the infinite consciousness. You are none of, you are not the three bodies.",45819,46429,,,108
en_video_07_0078,video_07,en,Advaita,78,"You are not the causal body, you are not the subtle body, you are not the physical body. At death, physical body dies, it is exchanged for new physical bodies. They need not be human. Black Friday sale, lots of different kinds of bodies are available. We go from life to life means from physical body to physical body, but we go means what goes. The subtle body goes and the causal body also travels. These two travel together. Causal body is a technical point and we need not take it, we need not concentrate upon it, but the subtle body is something that we all experience.",46430,47005,,,107
en_video_07_0079,video_07,en,Advaita,79,"Right now we are experiencing it. Yes. So when we say someone attains moksha, does the subtle body stop? Uh, this is a very good question. So what is freedom? What is moksha? What is not moksha? This kind of existence is not moksha. So death is obviously not moksha. Death is not freedom. Because you still exist as a person and you will go on. So in death, you do not die with death, you go on and you're existing as a person, it's not good news. And from from Vedantic, not only Vedantic, all Indian schools, it's not good news, it's the bad news actually.",47006,47564,,,107
en_video_07_0080,video_07,en,Advaita,80,"You don't stop at death. We have existed earlier, we'll keep on existing as long as you want to. As long as you are having a good time, God says go on, have a good time. When you say no, I've had enough, I want to go back to my real nature, then spiritual life starts for you. You get the bulletin of the Vedanta Society, that there's a Gita class. Yes. Now let me complete that and answer to that question. So then what happens at Moksha? You see these questions and answers, they are not for one person.",47565,48070,,,100
en_video_07_0081,video_07,en,Advaita,81,"So when one person is asking a question, don't switch off. Listen to the question and listen to the answer. Often the answer may be effective for you and not even for the person who asked. So the question is, what happens at Moksha then? What, what are we aiming for? At Moksha, the subtle body which has been getting many, many Uh, newer and newer bodies, physical bodies. That subtle body is also dissolved. It's also made of nature. Physical bodies are made from nature, five elements. Subtle bodies are also material. It's very interesting. Vedanta would actually agree with science.",48071,48658,,,102
en_video_07_0082,video_07,en,Advaita,82,"Vedanta would say yes, even the mind is material. But what is not materialist is the Atman consciousness. It's an entirely different kind of reality. So that remains by itself or you can say more figuratively the individual being, the sentient being merges back into the absolute. But really there's no merging back. You are the absolute, and you realize yourself at the absolute. You wake up from this dream or sequence of dreams. That's what happens. And when that happens, that is called enlightenment. But that subtle body in which the enlightenment has happened, that will continue for a little while because of past karma.",48659,49287,,,106
en_video_07_0083,video_07,en,Advaita,83,"Then you call that being an enlightened being. So that person becomes an enlightened master, enlightened teacher, and those are the from Vedantic perspective, they are the teachers of religion. They are the the great spiritual masters of humanity. Yes. Yes, I'm not including the causal body, it will complicate matters. And the causal body is something that Vedanta talks about more. But the subtle body is easily understandable. So the subtle body will continue until the The karma which gave rise to this particular embodiment, until that is over, the physical body dies. Remember all our physical bodies, not just enlightened beings, all these physical bodies we have.",49288,49960,,,109
en_video_07_0084,video_07,en,Advaita,84,"They are produced by our past karma, and so they will live as long as that particular portion of karma which has produced this body. When that is exhausted, this body will die. But lot of karma is accumulated. Our balances are not empty, so they will produce newer karma and new karmas we have added to it in this life. So what are people seeing when they see visions of the saints or the great ones? Well, some might retain. There are certain ones who retain their subtle bodies even after enlightenment. It's possible. They are the ones who are called eternally perfected ones.",49961,50540,,,105
en_video_07_0085,video_07,en,Advaita,85,"They exist. Bodhisattvas or Sri Ramakrishna used to talk about Nitya Siddhas. But the general form of the problem, you know, mathematics is the general form of the problem is this. You get free once, enlightenment once there's enlightenment. At the death of that enlightened person, the death of the enlightened person means death of the physical body, and with that, the dissolution of the subtle body. Again, I'm not making this up. The Upanishads speak about it that It says just as the rivers run into the sea, very poetic description of the of the passing of an enlightened one.",50541,51124,,,101
en_video_07_0086,video_07,en,Advaita,86,"As the rivers run into the sea and merge and become one with the sea. So also, the 19 parts of the subtle body of this enlightened one, they run back into the vastness of nature and become one with it. The enlightened one remains as Brahman. That's pure consciousness. Yes. That means the three bodies often are material. After all of them are material, yes. Everything that has a name and form is material. It's material, yes. Right. And if you're interested, you can split these three bodies. This is again basic Vedanta. You can split or you can analyze these three bodies into the five sheets.",51125,51722,,,108
en_video_07_0087,video_07,en,Advaita,87,"We have often talked about the five sheets. The food, the food sheet, the physical body, the vital sheet, the mind sheet, the intellect sheet, and the bliss sheet. In Sanskrit, Annamaya Kosha, Pranamaya Kosha, Manomaya Kosha, Vijnanamaya Kosha, Anandamaya Kosha. Can you match them with the three bodies? The food sheet is the physical body, gross body. So food sheath, Annamaya Kosha is the physical body. Then the subtle body has three sheaths in them. Pranamaya, Manomaya, Vijnanamaya. That's the subtle body, second body. The third body is the causal body, that is the Anandamaya Kosha. So the five sheets as if there are five coverings to the Atman, you can imagine it that way, like nesting dolls.",51723,52426,,,119
en_video_07_0088,video_07,en,Advaita,88,"The five coverings to the Atman, you are none of them. So, in Sanskrit or in Hindi, when the Vedanta teachers they say, all of this which I'm saying, they would say it in half a phrase. Sharira traya vilakshana, panchakosha vilakshana, sachidananda atma. Tum ho Maharaj, they will say. You sir, are the pure consciousness, pure being, pure bliss. Not the distinguished from the Three bodies, distinguished from the five sheets. You are this immortal being. Yet, right now you are existing embodied, and that's fun. Once you realize what you are, you have this nice vehicle to drive around.",52427,53016,,,101
en_video_07_0089,video_07,en,Advaita,89,"Cool vehicle. Yeah. It's not just a suit of clothes. It's a very sophisticated suit of clothes. It can do so many things, many apps. It's it's it's a very very sophisticated iPhone that you've got that God has given you. All of them are Maya, correct. They are all products of Maya. And technically they are all Brahman. You look at it this way. Brahman, if Brahman is the only reality that exists. Then all of these are also Brahman. It's because of Maya, it appears to be not Brahman. The eternal appears to be the changing. The pure consciousness appears to be non-conscious object.",53017,53602,,,106
en_video_07_0090,video_07,en,Advaita,90,"That which is pure bliss appears to be a life of sorrow and misery. In between is Maya, the veil of Maya. Elliot, yes, I'll come to you, Bill. Elliot put it so beautifully. He says, the wasteland, I think. In between the intention and the act, the doer and the deed, in between the intention and the act, falls the shadow. The shadow is Maya. Yes, we'll end with Bill's question. Yes. You can fit in the, plug in the bits very easily. The question was, suppose an enlightened person is to have a stroke and loses his or her mind, how do you fit it into the picture?",53603,54168,,,110
en_video_07_0091,video_07,en,Advaita,91,"Now analyze that question. The enlightened person, what does the person think of himself or herself to be? Pure awareness. Pure awareness, not having a brain or nervous system cannot have a stroke. That's number one. As awareness itself, you cannot have a stroke. What, what would have a stroke? There are no moving parts to have a stroke. Okay. The brain can have a stroke. It can, and as a result, lose its functionality. The beauty of Advaita Vedanta is it does not contradict science in any aspect, neither physics nor medical science, those areas are left untouched. What medical science says about the brain and the body, that's exactly what will happen if there is a stroke in the body.",54169,54862,,,122
en_video_07_0092,video_07,en,Advaita,92,"But internally, the person is aware. In fact, I can tell you an actual example. Swami Ranganathanandaji, who was the 13th president of the order. I have heard from his sevak, who is his assistant, young monk, that when Maharaj towards the end of his life, he suffered from the stroke, which left him partially paralyzed. The day, the moment he suffered from that stroke, that young Swami, he told me that it's very clear for us. He was sitting there in the room. Remember, this is a 95-year-old monk. He looks at me and he says, call the doctor, something is happening in my brain.",54863,55444,,,106
en_video_07_0093,video_07,en,Advaita,93,"And so they called the doctor, and then the stroke happened, and a part of the body was paralyzed and they had to go to, luckily they were able to save him, and physiotherapy and he regained most of the activity. Still there was a tremor in the hand and all of that. And all it did was, it increased his curiosity about the brain and he read books about the brain and he would later explain it to you in great detail what exactly happens in the brain when there is a stroke. What about you, Swami? Oh, I'm fine.",55445,55956,,,101
en_video_07_0094,video_07,en,Advaita,94,"Swami Shivananda, the direct disciple of Sri Ramakrishna, um, when he was very ill, he also had a stroke and he was partially paralyzed. When people came to meet him in Belur Math in the main monastery, he was the president of the order. Um, Swami, we heard how are you feeling now? He said, oh, I'm fine. No Swami, we heard about this. Oh, you mean the body. Oh, it's not at all good. It's very bad. And they're not being funny, it's and it's not very difficult either. When you make the shift clearly, it's not, it's not you don't have to pretend.",55957,56506,,,105
en_video_07_0095,video_07,en,Advaita,95,"to be not affected. You can clearly see there is something which is not at all affected, absolutely not affected, and there is something which is affected. And the two are not equally real. That which is not affected is real. That which is affected, you can say it's a tiny part or it's just an appearance. Vedanta would say it's just an appearance. in the non-affected real. So that's a good point to end it on. All it says, it sounds very easy. All it says is you have to notice it. It's there for the noticing. Even if you cannot manifest it in your actions right now, even if you say I slip, I fall, doesn't matter.",56507,57126,,,119
en_video_07_0096,video_07,en,Advaita,96,"Even if you just notice it and begin to see it for what it is, the Atman, yourself. That itself gives a great deal of peace and freedom. Tremendous freedom. There is, you will have a core which will always know it's alright. I pray by the grace of the Lord that we may all have this insight in this very life itself. Om shanti shanti shantihi Harih Om Tat Sat Sri Ram Krishnarpanamastu",57127,57512,,,74
en_video_08_0000,video_08,en,Advaita,0,"Om Vasudeva Sutam Devam Kamsa Chanuramardanam Devaki Paramanandam Krishnam Vande Jagatguru So we have started the second chapter of the Bhagavad Gita. Sri Krishna is teaching Atma Tattva, the nature of the self. Who am I? What am I really? The spiritual truth about ourselves is, I would say, the central teaching of the Bhagavad Gita. There are many wonderful things which Sri Krishna will talk about in the chapters ahead. He'll talk about Karma Yoga. He will talk about The nature of the liberated person, um, about Bhakti, about Ishwara, Saguna Brahman, um, and so on. Many, many things, many, many things will be discussed.",0,628,,,106
en_video_08_0001,video_08,en,Advaita,1,"But What ties it all together is ultimately self-realization, enlightenment about who we are, what we are. This nature of the self, Sri Krishna gets directly to the point and he has started teaching this. And this teaching will go on up to the 25th verse which is we're going to complete today. So we were on these are very well known verses, especially in India, almost everybody has heard them. 22nd verse. We were on the 22nd verse, we were doing it? 22nd. So 22nd, I'll just start with there. Vasangsi jeernani yatha vihaya navani gruhnati naroparani tatha shareerani vihaya jeernan anyani sanyati navani dehi.",629,1243,,,106
en_video_08_0002,video_08,en,Advaita,2,"Very well known verse. where Sri Krishna says, just as a person gives up worn out clothes, clothes which are old or torn and puts on a new suit of clothes, So does the embodied self give up, give up these bodies which wear out. So an old, worn out, damaged body is left and then the soul goes on to. other lives, other bodies. This is a general idea. And last time I mentioned from the Vedantic perspective, what do you mean by body? A little in-depth analysis. So we speak of three bodies, briefly speaking, three bodies. One is this one.",1244,1783,,,103
en_video_08_0003,video_08,en,Advaita,3,"the physical body. The second one is what is called the subtle body. And the third one is what is called the causal body. So, Physical body we are all aware of. The one which you see which is sitting right here, which everybody else can see. So that is called sthula shareera in Sanskrit, physical body, gross body. Subtle body, if you say, what, I can't see any subtle body. What kind of subtle body? How, why do I believe in it? You actually, we all of us, we experience the subtle body. All the time we are experiencing it.",1784,2310,,,101
en_video_08_0004,video_08,en,Advaita,4,"When you look inwards, thoughts, feelings, emotions. Ideas, memories, desires. So these are all part of the subtle body. Sukshma Sharira. And last time I mentioned the subtle body in different texts has different classifications, 19 parts, somewhere it is said, somewhere 17 parts, whatever. So subtle body. And the causal body is a more technical matter, philosophical matter, where it is basically agyan or ignorance which veils the truth about ourselves and we really are beyond the three bodies. Imagine three layers or shells one after the other. The causal body, the subtle body, and the gross body. Now why am I saying this?",2311,2942,,,105
en_video_08_0005,video_08,en,Advaita,5,"When Sri Krishna says that at death the body is given up like a worn out suit of clothes, which body? Gross body, the physical body, sthula sharira, this one, quite obviously this one dies, but not the subtle body. More or less all schools of Hinduism, they accept that the subtle body continues, sukshma sharira continues, and the causal body too continues. Causal body, we need not bother about too much here right now. The sukshma shareera goes on, so it goes from this body to other worlds and then is reborn again in other bodies. How? Why? For that you have to go into the law of karma.",2943,3535,,,110
en_video_08_0006,video_08,en,Advaita,6,"Recently we had a discussion in in the Rubin Museum, karma and genetics. So karma. Karma is a very popular word in the United States now in the West. But the law of karma, causality determines. What kind of bodies we'll get, where we'll be born, and what will happen to us in those lives. So new physical bodies we get, but the subtle body continues, Sukshma Sharira. And the causal body too. What about the Atman, the self, us, the real, the spiritual self? That is always there, that is eternal, of course. But, It does not transmigrate. When you're talking from the point of view of Advaita Vedanta, there is only one Atman, one pure consciousness.",3536,4187,,,118
en_video_08_0007,video_08,en,Advaita,7,"So that does not go, transmigration means go from body to body, it always is. In its light, all this goes on, and it lends existence to all of this. But what happens is, because of ignorance, because of not knowing ourselves to be such, we identify ourselves with the subtle body. This, the Atman identified with the subtle body is called Jeeva. Jeeva means the sentient, individual sentient being. Identified means limited by, not knowing our true selves, number one. Number two, thinking ourselves to be that subtle body. So this is this Jeeva is the one which goes from world to world.",4188,4776,,,104
en_video_08_0008,video_08,en,Advaita,8,"This is the one which is born in various physical bodies. This is the one which suffers and enjoys. This is the one which is which is a believer or a non-believer. This is the one which tries to become spiritual. So this Jeeva, in reality the Atman, ever free Atman, but under the spell of ignorance, this Jeeva. So this is the basic conception according to Advaita Vedanta. Now, Another point here, which we should understand is death is the death of the physical body. So that is, that is the thing we should keep in mind. What is death?",4777,5316,,,101
en_video_08_0009,video_08,en,Advaita,9,"Death is basically destruction of the physical body. And the continuance of the subtle body from world to world, from life to life into other bodies and guided by the law of karma. So this is the basic idea about death in Vedanta. So very beautiful metaphor of change of clothes, as easy as that. Changing clothes. Now, moving forward. 23rd verse. Come, there's space here. Nainam chindanti shastrani Nainam chindanti shastrani Nainam dahati pavaka Nainam dahati pavaka Nachainam kledayantapo Nachainam kledayantapo na shoshayati maruta. Na shoshayati maruta. Weapons do not cut it, fire does not burn it, water also does not moisten it, and the wind does not dry it.",5317,5984,,,111
en_video_08_0010,video_08,en,Advaita,10,"What is he talking about? The body. Now, the Atman. The body is affected by all of this. The body can be damaged by all of these. The body can be cut by weapons, it can be burnt by fire, it can be dissolved or drowned in water and um it can be dehydrated. It's so dried by air um you might think what why is that such a terrible thing. It can it's one of the quickest ways to kill the body actually to dehydrate it. It's mostly water this body. Now the body, obviously these are the effects which it can have on the body, the five elements.",5985,6525,,,110
en_video_08_0011,video_08,en,Advaita,11,"Note what it, the way it has been put. Weapons do not cut it. Weapons are made of the earth element. Weapons are made of the earth element. The fire does not The other elements are very clear, fire, water, air. So except space, all the other elements have been mentioned here. The elements do not affect it. The elements do not affect what? The Atman. The elements do not affect the Atman. They cannot destroy it. There's a little bit of philosophical, you know, a principle involved here. How is destruction understood in Vedanta? How is creation understood in Vedanta?",6526,7096,,,101
en_video_08_0012,video_08,en,Advaita,12,"How is destruction understood in Vedanta? Philosophically speaking, creation or Srishti is the movement from cause to effect. So from clay if you make a pot, you say you've created a pot. And destruction is when the effect loses its name and form and goes back to the cause. I'll repeat again, cause to effect. is the fancy philosophical way of saying creation. From effect back to cause, by cause I mean material cause, Upadana Karana. From effect back to cause is what is called destruction. Say the case of a pot. So when you fashion a pot out of clay, say I've created or a potter has created a pot.",7097,7700,,,111
en_video_08_0013,video_08,en,Advaita,13,"But basically it's the material cause clay which now has got a new name and form and you're calling it pot. The name is pot and at a particular form, and it has certain new use which you couldn't have done with clay. But if you break it, smash it to bits, it goes back to pieces of clay. So, from effect, effect is part, back to the cause clay, we say part is destroyed. Now the principle is this. The principle is this. The effect cannot destroy the cause. No matter what, the pot cannot destroy the clay, because the pot's very existence depends on the clay.",7701,8261,,,108
en_video_08_0014,video_08,en,Advaita,14,"Pot cannot affect the clay. But the clay can destroy the pot. In what sense? Clay can reabsorb the pot into itself. If you think of the waves in the water, the waves are appearances in. In the ocean, water. Water alone appears as waves. So water is the material cause and waves are the effect. So when you say waves are created, it's nothing other than water the cause appearing as waves. What is creation? Water appearing as waves or water forming into waves. What is the destruction of the wave? The wave going back into water from effect to cause.",8262,8812,,,102
en_video_08_0015,video_08,en,Advaita,15,"Now the wave can't do anything to water, but the water can reabsorb the wave into itself. So here, in the Vedantic cosmology, from the Atman, through its power Maya, comes the five elements: Akasha, Vayu, Agni, Apa, Prithvi. the space, air, fire, water, and earth, the five primordial elements in our ancient cosmology. Taitiriya Upanishad. It says, tasmad va etasmad atmana from this very Atman, Akasha Sambhuta. Akasha was manifested. Akashad Vayu, Vayor Agni, Agner Aap Adbhya Prithivi. From Vayu comes. From Akasha, from space comes air, from the air comes fire, from the fire comes water, and from the water comes earth.",8813,9438,,,104
en_video_08_0016,video_08,en,Advaita,16,"Actually a causal chain. Now, notice, the cause cannot, the effect cannot affect the, the effect cannot do anything to the cause. So, earth, water, space, earth, water, fire. Air. None of them can affect space because space is prior to all of them. Notice it in, in, you know, I've noticed when a body is burnt, I've seen it in India, a dead body is burnt. So, the fire dissolves, it burns up the body into ashes. The water content in the body, there's a lot of water in the body, it vaporizes. The fire itself is burnt out when when the fuel is extinguished, and the air becomes hot around it.",9439,10033,,,113
en_video_08_0017,video_08,en,Advaita,17,"You can't come close to it, becomes hot. And yet, after everything is over, space remains exactly the same. It's neither burnt nor vaporized nor extinguished nor not even heated. Space doesn't get heated. It's the air in the space which gets heated. So these, the point I'm making is, These elements, earth, water, fire, air, they can't do anything to space itself. What to speak of the Atman which is prior to space in this in this sequence. Effect cannot harm the cause. So these four elements, they cannot harm their primordial cause space, let alone its antecedent which is the Atman.",10034,10622,,,103
en_video_08_0018,video_08,en,Advaita,18,"So the Atman cannot be affected by the elements. He puts it very Because the context is the Kurukshetra war, so he uses the language of warfare and says that body can be cut by weapons, but the real self, the spiritual self is not injured by weapons. Nor can it be burnt by fire, nor drowned by water, nor indeed dehydrated by air. 24. Achhedyoyam adahyoayam achhedyoyam adahyoayam akledyo ashushya evacha Akledyo asoshya eva cha. Nitya sarvagata sthanu. Nitya sarvagata sthanu. Achaloyam sanatana. Achaloyam sanatana. The first line is a repetition of the 23rd verse. So it says, this self, the Atman cannot be cut, Achedyam.",10623,11249,,,107
en_video_08_0019,video_08,en,Advaita,19,"Ayam Atma, Achedyo Ayam means Ayam Atma, this self, it cannot be cut or cleaved by weapons. Adahyo Ayam, this self cannot be burnt by fire. Akledhya, this self cannot be dissolved by water. Ashoshya, this self cannot be dehydrated by air. Just like what can be cut, burned, drowned, or dehydrated? The body, you don't seem to be very confident. Unless you have Superman's body or something like that, the body can be damaged or destroyed by these elements, but the self cannot be. It's a clear repetition of what was just said in the 23rd verse. Here's a point.",11250,11811,,,101
en_video_08_0020,video_08,en,Advaita,20,"Repetition. In fact, in Sanskrit literature, punarukti, there is, it's called a dosha, a fault. You should not repeat the same thing again and again. But in most great spiritual texts, teachings, you'll find plenty of repetition. I think it was Hridaya who went to Sri Ramakrishna and said, uncle, you say the same things. People keep, why will people keep coming to you if you keep repeating the same thing? You say something new once in a while. And Sri Ramakrishna scolds Hridaya, he says you rascal, these are my words. I'll tell them a 1000 times if I want to.",11812,12377,,,102
en_video_08_0021,video_08,en,Advaita,21,"What's it to you? Then like a little boy, he says, these are my words, these are my things. I'll tell it a 1000 times. What's it to you? Now clearly Krishna has repeated it here, but Um, in the commentary by Shankaracharya, he points out that this is not a fault. Why is it repeated? The, he says the matter is so subtle. The Atma Tattva is so subtle. And Sri Krishna has this great eagerness, desire that we may all be saved for our welfare. Sri Krishna wants to explain it in many ways. Shankaracharya says somewhere with different words, sometimes using different metaphors.",12378,12955,,,106
en_video_08_0022,video_08,en,Advaita,22,"Sri Krishna is telling the same thing, so that if you can explain the same thing in multiple ways, maybe we'll get it, some way will work for somebody and some way will work for somebody else. Once Swami Vivekananda was teaching and somebody said in the audience, Swamiji, I like you, I like it very much what you said. Swami said yes, so it is for you. And somebody said I didn't really make an impression upon me, this particular thing you said, then it's not for you. So, repetition is not a fault in these teachings, in the teachings of the great great masters, because they're doing it for our benefit.",12956,13563,,,113
en_video_08_0023,video_08,en,Advaita,23,"That's why different Upanishads, the Bhagavad Gita, um, other great texts written by the great spiritual masters, not only in Hinduism, in all religions. You will find more or less a few core teachings, but presented in extraordinarily different ways with wonderful examples, stories, you know, and so on. So, this is the that's the first line. Then the, um, second line is important. Nitya Sarvagata Sthanu Achalo Yam Sanatanah. Nitya means eternal. This self, see, in the first it was a negative, a series of negatives. This cannot be done to the self. What, what, what can destroy the body cannot destroy the self.",13564,14181,,,105
en_video_08_0024,video_08,en,Advaita,24,"Hence, it is Nitya, eternal. It because it cannot be destroyed, it is eternal. Eternal means not limited by time. There was never a time when this self did not, Atman did not exist. There will never come a time when this Atman will not exist. Not limited by time also means, there's never a time when this Atman was born or created, body is born. The body is born. There's never a time when the Atman is going to die or be destroyed, the body will be destroyed. Why one body? Many bodies will be destroyed. So Nitya, not limited in time.",14182,14719,,,103
en_video_08_0025,video_08,en,Advaita,25,"Then the second one. Sarvagata, all pervading. All pervading means not limited in space. Not limited in space. There are two points I would like to make here. When we say not limited in space, it sounds very philosophical. Oh, so there is some self which is not limited in space. But the way Sri Krishna presents it here, Sarvagata, pervading everything. Sarvam means everything. pervading everything. So when we talk about the Atman, it sounds very abstract. Some spiritual self, some pure consciousness, something. So no, Sarvagataha. This Atman is present in everything, which everything here. Right now, what you are experiencing as samsara, as this world, truly speaking, the Atman, the supreme spiritual reality pervades everything.",14720,15458,,,118
en_video_08_0026,video_08,en,Advaita,26,"Your own real self pervades everything. Sarvagata means pervading all this. And the second thing is that Sarvagata also means, see normally when we think of ourselves, The word is Dehagata. Uh, we think of ourselves as being in this body, as being in this body. And Sarvagata means not just in this body, but in everything. So our typical way of understanding ourselves is Dehagata, this body. He's contradicting this by saying Sarvagata in all bodies, in in everything. So the Atman is in everything. Sthanu. Sthanu means You know, immovable, like a, um, unchanging, like a pillar. Literally, Sthanu is actually a pillar.",15459,16081,,,105
en_video_08_0027,video_08,en,Advaita,27,"So unchanging like a pillar. Since it is not subject to change over time, it is not limited by time. It is eternal. Additionally, not a changing eternal. A river, for example, continuously flows, but at every moment it's a different water particles which are flowing past it. It's not like that. Samsara continuously flows. Atman is not a continuous flow. It is an unchanging eternity. So sthanu, not limited by time. Since it's not limited by space, it and it pervades everything, that which pervades everything cannot move from one place to another place. Achala. Achala chala means moving.",16082,16674,,,100
en_video_08_0028,video_08,en,Advaita,28,"Achala, motionless. It is that it is eternal, all pervasive, unchanging, still. Serene awareness. Sanatana. Sanatana literally means eternal also. Here it, the specific term Sanatana means not produced from an effect, some not produced from a cause. Something like a seed gives rise to a tree. This Atman is not produced by anything else. If you ask what is the cause of the Atman, no, no cause. It is the cause of all causes. It is the primordial being. It is being itself. So Sanatana. In fact, The name for Hinduism is Sanatana, Sanatana Dharma. Eternal religion. Eternal in the sense, not in the sense that it's a religion which is going to last for a very long time.",16675,17346,,,120
en_video_08_0029,video_08,en,Advaita,29,"Internal in the sense that the principles which are contained in the religion, they are the very stuff of religion. Wherever there is religion, this must be there. Basically, religion has two components. One is what I might call the lower religion. Lower religion in what sense? A wise way of living in samsara. Ethics, morals, a wise way of living in this world. In modern world we might say an eco-friendly sustainable way of living in this world. All that comes in that. And that's what I call conventional religion. And every religion must teach that. It's a foundation of.",17347,17924,,,101
en_video_08_0030,video_08,en,Advaita,30,"In fact, that's the boon of religion to civilization. Our civilizations are basically based on ethics and morals drawn from our religious traditions. So that's one part of it. But that's not really all of it, nor is it the most important part. The most important part is the higher religion, spirituality. That which enables us not only to live wisely in samsara, but enables us to transcend samsara. A final release from samsara. Moksha, Nirvana, salvation, every religion has a term for this. The final goal of spirituality, to overcome suffering, Dukkha. Buddhism starts with that, everything is Dukkha, how to overcome Dukkha.",17925,18555,,,104
en_video_08_0031,video_08,en,Advaita,31,"So, the higher religion which talks about Moksha. So, Dharma is one part and Moksha is another part of religion. These two together are the Sanatana, the eternal core of religion. That's why it's called Sanatana Dharma. In the Veda, you find two parts. Purva, the Karmakanda, Karma and Upasana, and the Gyanakanda, the knowledge portion. The first part, the prior part of the Veda, which is most of most of it, is concerned with rituals. With the fulfillment of desires within the limits of morals and ethics, this is a conventional religion part of it. It talks about various kinds of Vedic rituals which are hardly, which are obsolete today, which are hardly performed today.",18556,19233,,,116
en_video_08_0032,video_08,en,Advaita,32,"But that does not mean that part has become obsolete. In fact, it is the most Common type of religion, most people take that to be religion. Whether it's temples or churches or mosques, most people go to these places for having a better life. A peaceful life, let my family be alright, let me get peace of mind, let my health be alright, let my finances be okay, let God bless me and my family and my community and my nation and so on. So, all these worldly goals for which we depend on God also, that is the conventional part of religion, and most religion is basically that.",19234,19810,,,110
en_video_08_0033,video_08,en,Advaita,33,"And there's nothing wrong with it. Nothing wrong with it at all. We learn morals, ethics from religion, nothing wrong with it. But there is a higher part of religion. God realization, Nirvana, Moksha. What is the purpose of life? Who am I really? Is it possible to completely transcend sorrow? So that saints in all religions are concerned with this higher religion, spirituality, God realization. That is the actual purpose of religion. So these two parts. This the second part is Gyanakanda in the in the Upanishads. In the Vedas, the Upanishadic texts form the basis of the knowledge portion, the higher religion.",19811,20427,,,104
en_video_08_0034,video_08,en,Advaita,34,"And Bhagavad Gita is basically the message of the Upanishads. So it's entirely a text of higher religion. What today we might call spirituality. I don't want to go on a little more about this, but just, um, one thing I'll quickly mention. What is religion good for? Where did I mention this? I was in some some panel somewhere where, um, The discussion was that how do you get young people to become interested in religion? in the interfaith itself. So we talked about that. Um, but ultimately you see, religions in the world especially in this country, they're trying to make it modern and answer to problems of society and many religious leaders seem to think, yes that's what we should do.",20428,21120,,,124
en_video_08_0035,video_08,en,Advaita,35,"Religion should solve the problems of society today. I don't think so. In this country especially, we become much too responsive to the latest headlines. What is, they will ask especially in California, what is your church's view on such and such topic, you know, which is breaking news on CNN. I said, why should we have a view on this? Our view is on an eternal reality. Very quickly the eternal realities are forgotten. And then religion becomes about a host of very good causes, very good causes. But those causes keep changing every 5 years, 10 years, nowadays every 5 days.",21121,21700,,,103
en_video_08_0036,video_08,en,Advaita,36,"So, ultimately religion should not be, should religion should play a positive role in every aspect of life, definitely. But that's not the prime purpose of religion. Why I'm saying this is, In another conference in LA, I, I, there were some leaders of different churches talking about social justice. I raised a question, an objection. I said, as societies become more prosperous, more advanced, civil society takes hold, law abiding, as we see in the advanced countries of the West, and the other developing countries also, slowly it is changing in many places, changing for the better. You will see society begins to follow all these norms without the help of religion.",21701,22372,,,113
en_video_08_0037,video_08,en,Advaita,37,"You no longer need religious leaders to tell you to obey the law, to be good, to be law abiding, to be honest. It becomes part of civic life. There are lots of people. In this country, in Europe for example, who are very good, very honest, very law abiding, lot of integrity and have absolutely no interest in religion. And that's a sign of progress when society internalizes ethics in itself. I was in Australia a few years ago and uh They were telling me how it is in many respects it's virtually crime free, in some respects. New Zealand is almost virtually crime free.",22373,22945,,,106
en_video_08_0038,video_08,en,Advaita,38,"Um, corruption free. And also, to a great extent, religion free. Somebody told me that 30, 40 years ago, people were much more religious, much more corrupt. Uh, there were many problems in society. Now much less attendance has fallen in different denominations, not just one, in different religious organizations. But the standard of life and public morality has improved. Now what do you say to that? I read a paper on an anthropological paper published by the Royal Society which says religion basically had Um, a couple of roles to fulfill. One is in ancient times, in primitive societies, it was a barter kind of religion.",22946,23572,,,107
en_video_08_0039,video_08,en,Advaita,39,"You have to please God because life is short and uncertain. There is disease, wild animals, enemies, and God has to be pleased because to protect you from enemies, to protect your children, to protect your crops, All of this, and it's a dangerous kind of life, risky life, and you keep on holding on to this unseen power. So they, that kind of religion you will see, offerings are continuously made to God, prayers are made for protection. Every religion has this at its core. As society became more stable and progressed, not so much dangerous, risky, stable society.",23573,24141,,,100
en_video_08_0040,video_08,en,Advaita,40,"Now religion became the which which guarantees stability in society. The ethics of marriage, of honesty in business, you know, integrity, which keeps society together. I'm quoting from that paper. So religion became the source of morals and ethics. Again, very important for society. But as we go even further, and people are moral and ethical by themselves and without any reference to religion. So religion is no longer needed for, you know, life is pretty safe and guaranteed and law abiding society, pretty good. One, prosperous, safe. Two, medical treatment is good if your plan is good. And and two, second, morals and ethics, a civic society, civil society, it you people can be very good people without being particularly religious also.",24142,24887,,,123
en_video_08_0041,video_08,en,Advaita,41,"Then what is religion good for? If I don't need religion to protect me from diseases and attacks by enemies, one, I don't need religion to teach me how to be good. I'm good without religion also. Then what good is religion? It's a huge question. Unless you address that question, this continuous disappearance of people from churches and, you know, attendance going down. I have had so many religious leaders come complaining and worried about it, why people are not interested. They're not interested because what are you giving them? There is something that religion can give. The real thing, the core of religion is spirituality.",24888,25520,,,107
en_video_08_0042,video_08,en,Advaita,42,"And it is in these advanced societies where you have a good society, a stable society, now after all of this also, one is not satisfied. One is not happy. Show me who's happy. One is not happy. Then only the religions promise that suffering can be overcome. Do you see where I'm leading with this? The real purpose of religion is transcendence of samsara, not a better samsara. Sri Ramakrishna would put it in a simple way to Hridaya again. He said, you know, if this samsara of yours were real, I would have paved the roads of Kamarpukur with gold.",25521,26070,,,102
en_video_08_0043,video_08,en,Advaita,43,"Kamarpukur is the village he was born, little village in remote Bengal. He says if this is the only reality that exists, then I would have worked to improve this one. But this is not the ultimate purpose of religion. So, Sanatana. The eternal purpose of religion is God realization. Swami Vivekananda was absolutely clear. Each soul is potentially divine, and the goal is to manifest this divinity within. God realization. He says do it by meditation, do it by knowledge, do it by service, do it by love, one or more or all of these, and be free. Spiritual freedom.",26071,26636,,,101
en_video_08_0044,video_08,en,Advaita,44,"He doesn't say be good. He doesn't say be stable and happy and prosperous. Be free of samsara, he says. And that is the whole of religion, then he says books, temples, doctrines, and churches are secondary details. So, Nitya eternal, Sarvagataha all pervading or philosophically not limited by time, not limited by space, Sthanu unchanging because it's not limited by time. Achala, motionless because it's not limit, it is all pervading. And this eternal impersonal principle, Sanatana. Before I go forward, let me just mention this how we use it in spiritual life. One commentator very beautifully has pointed out these characteristics.",26637,27274,,,103
en_video_08_0045,video_08,en,Advaita,45,"Remember, these are your characteristics, characteristics of the spiritual self, of what we are really. Nitya. Nitya means eternal. Now, this commentator he says, look at the world, samsara. It is non-eternal. It is temporary. It is transient. In the words of Bhagwan Buddha, Anityam, Anityam, Sarvam, Anityam. Impermanent, impermanent, indeed all is impermanent. Not only impermanent, he goes on to say, Momentary. Kshanikam kshanikam sarvam kshanikam. Momentary, momentary, all is momentary. He goes on further to say, shunyam shunyam sarvam shunyam, empty, empty, indeed all is empty. And therefore, dukham dukham sarvam dukham. Suffering, suffering, all is suffering. If you hold on to this word, which is impermanent, Momentary and void, empty, emptiness, then suffering is guaranteed.",27275,28065,,,118
en_video_08_0046,video_08,en,Advaita,46,"So notice, the commentator says, notice the nature of the world you live in. It is impermanent. You have to spend some time on it. Impermanent sounds like a very neutral philosophical word. Everybody dies. That's the big, big fact about our lives. Swami Vivekananda put it in his beautiful rhetorical way. He says, Everybody dies. Saints die and sinners die. Emperors die and paupers die. The most learned die and the most ignorant die. Everybody dies. You cannot stop death. You cannot stop the death of the physical body. Consider our own lives. Parents and grandparents have gone. Old age, death.",28066,28665,,,102
en_video_08_0047,video_08,en,Advaita,47,"Children grow up and go away. Neighbors shift and move out. We ourselves move across. Cities and continents change. Our bodies are continuously changing, getting older. The winds of change are continuously all the time blowing. I was just thinking this particular city, we are this grand city we are living in. John Lennon called it the Rome, verily the Rome of our time, New York, especially Manhattan. 300 years ago, it was a set of scattered settlements around the Hudson River. 300 years before that, dense forests, cold river, few scattered. tribes moving on here and there. A few thousand years before that, not even any probably no human beings either.",28666,29325,,,112
en_video_08_0048,video_08,en,Advaita,48,"And in the museum I was seeing this very place at one time was underwater. If you go back millions of years, Huge prehistoric, terrifying underwater monsters floated past here, right here. All gone. The winds of time, they have not stopped blowing. They're blowing, blowing right now. And all that we see, this objective reality, this samsara which we call our samsara, will be gone like a dream. Buddha further goes on to say, what is this samsara like? He says, A bubble in midstream, a flash of lightning, a phantom in the dark, such indeed is your life.",29326,29883,,,100
en_video_08_0049,video_08,en,Advaita,49,"We, it's incredible how deluded we are about our own existence. Kabir's song, um, is thinking. In 2 days, this body will be one with the earth. Do din mein khakh mile, khakh milega do din. Kaha phirat magroori mein? Why do you go around with, you know, with so much pride and ego? When I drive past, there's a big cemetery on the way out to Queens. On that side you see, the cemetery is full of indispensable fellows. This is how you use the term Nitya, eternal. This samsara we are living in and every bit of it is transient.",29884,30410,,,102
en_video_08_0050,video_08,en,Advaita,50,"Every bit of it, every moment it is disappearing in our hands. But don't be afraid. If you just look at that, what what happens is terror seizes you. Terror seizes you. But this is what Sri Krishna is saying. There is an eternal reality which will not perish, which will not die, which will not go away, but it's not here in samsara, it's you. That is Nityam. This is how you use the term Nityam. Consider in contrast Samsara. Use the term Nitya, consider in contrast Samsara which is Anityam. Then use the term Sarvagata. Consider the fact that we, our, the first thing we think about ourselves is here I am in this body.",30411,31033,,,117
en_video_08_0051,video_08,en,Advaita,51,"And Krishna says, no. You are in everything. Swami Virajanandaji was the president of our order, very interesting. I've never seen him, of course, a long time ago, the great Swami. Um, he says in one place, he has a book towards the goal supreme, extraordinary book. He was a great Sadhaka, so he poured his entire life's spiritual realizations into that little book, towards the gold supreme and all that is just full of single sentences, 1, 2, 3, 4 numbered, 1, 2, 3, 4. So one of them, in one place he says, I don't know if that book or somewhere else.",31034,31589,,,104
en_video_08_0052,video_08,en,Advaita,52,"I think that book. This entire universe including this body is presented to you at once. So either I am all of it or none of it. What we do is, when I experience this samsara, I say I am this one. This is called in Sanskrit or Hindi, Dehagata. This one. And all of this is not me. This is subject, that is object, and samsara starts for me. What Virajan ji says and Krishna is saying here, either say I am all of this. If I am all of this, then all of this is presented to me the witness consciousness.",31590,32092,,,103
en_video_08_0053,video_08,en,Advaita,53,"Or I'm none of this. It's like a movie appearing in me. I watch, enjoy, it comes and disappears, impermanent, transient like a movie. This is how you use the term Sarvagata. See, It's one thing to learn the philosophy behind it, another thing to apply it immediately in your life. So what he says here is use the contrasts. Krishna says you are Sarvagata and how do we normally look at ourselves? Dehagata, one body. Khanu. Everything changes in this world. People change, bodies change, we are continuously changing. And Krishna says the Atman unchanging, not subject to change.",32093,32672,,,100
en_video_08_0054,video_08,en,Advaita,54,"Achala. In contrast, you see this word, achala means immovable. Everything in this world is moving. People are moving, objects are moving, states, you know, our waking, dreaming, deep sleep continuously revolving. The earth is moving, the planets are moving, everything is in motion. Krishna says you are not in motion. Use this contrast to extricate yourself from the mess you have landed in. So this is the meaning of the 24th verse. 25th verse, Krishna sums it all up. Sums what up? The teaching about the Atman, what he has been doing all along. Avyakto yam achinto yam Avyakto yam achinto yam Avikaryo yamachyute Avikaryo Yamachyute Tasmadevam Viditvainam Tasmadevam Viditvainam Nanu Shochitumarhasi Nanu Shochitumarhasi This self is said to be unmanifest, unthinkable, unchangeable, therefore knowing it to be such, you ought not to grieve.",32673,33519,,,135
en_video_08_0055,video_08,en,Advaita,55,"Take up the terms. Avyakta, unmanifest, what does it mean? You, the real you, you are not an object of the senses. This Atman we're talking about, you say, yeah, yeah, I know that. But no, drive it deep into your mind because we keep once in a while asking if it's there, why can't I see it? You can't see it because it cannot be seen. You never ask why can't I see atoms, and you don't doubt the existence of atoms. Why don't you see atoms? What is the answer? Why don't you see atoms right now? There's too small to see.",33520,34042,,,104
en_video_08_0056,video_08,en,Advaita,56,"They're too small to see. So that's why I don't see it. I don't see it, I can't see it, so it doesn't exist. No, the Atman is not an object of the senses. So it cannot be seen. Just because it, so it, because I can't see it, I can't, I don't say it doesn't exist. It's not an object of the senses, so it cannot be seen. It cannot be seen, it cannot be heard, it cannot be smelt, tasted, or touched. The body can be seen, heard, smelt, tasted, touched, but not the Atman. This subtle body is an object, it cannot be seen, smelled, tasted, touched, but it's an object to the mind.",34043,34621,,,117
en_video_08_0057,video_08,en,Advaita,57,"In the mind, you you notice your thoughts. We notice our feelings, desires, emotions, very clear to us. So these things, the subtle body is clearly an object to the mind, right? But the Atman is not an object to the mind either. Ajintyayam. If you take avyakta, that means unmanifest, not an object to the senses, can't be seen, smelled, heard, tasted or touched, one. And achintya, it's not something that can be imagined, conceived of or inferred. If you put them together, it means Atman is not an object. Not an object of language, not an object of thought, not an object of senses.",34622,35208,,,106
en_video_08_0058,video_08,en,Advaita,58,"But not being an object does not mean it does not exist, it exists, it is you. You are not an object. How do I know then I exist? If, if I, see, how do we know things exist? Only by making them objects of senses or the mind. I know you are here because I see you. You know I am speaking because you hear me. I know 2 + 2 is 4 not because I see it or hear it, but because I understand it. I know my name is Sarvapriyananda not because I see it or hear it, but because I remember it.",35209,35690,,,106
en_video_08_0059,video_08,en,Advaita,59,"Notice this. Understanding, remembering, imagining, these are all objects of subtle body. And there are physical objects are objects of the senses. Now, therefore I know these things, but Atman is none of them, is not not an object of the senses, not an object of the mind, then how do I know this Atman exists? You're great, Atman taught by Krishna. You're saying I'm not the body, at least I know the body exists, I can see it. You're wonderful Atman, I can't even see it and I'm supposed to believe it. And I'm supposed to believe I am that.",35691,36235,,,101
en_video_08_0060,video_08,en,Advaita,60,"You want me to let go of identification with the body, but then what do I hold on to? They say they have beautiful analogy in the Upanishads. A caterpillar. It goes, you know, like this on the leaves. It goes from one leaf, it extends itself, catches hold of another leaf, then lets go of the other leaf. You want me to let go of this leaf. Let go means at least metaphorically. Then show me the other leaf to catch hold of. Where is this? Atman. You're like, you you tell us. This Atman is not the object of pramanas.",36236,36754,,,102
en_video_08_0061,video_08,en,Advaita,61,"It is not proved by the sources of knowledge. Pramana means source of knowledge. What are the sources of knowledge? Pratyaksha, sense perception. Eyes, ears, tongue, skin, nose. None of them can reveal the Atman. These are Pratyaksha pramana, sense perception. What, what else are sources of knowledge? There are many things which we know which are not got from. Um, the from the senses. Anumana, inference. Inference. We get data and from that we make inference. Entire science is inference. You have a hypothesis, collect data, data is collected by the senses or instruments which augment the senses. And based on that, you make inferences.",36755,37397,,,106
en_video_08_0062,video_08,en,Advaita,62,"And we know that, we we have enormous scientific knowledge. But it's the Atman is not an object of inference. Why? We just read Achintya, it's not an object of the mind. Then how do we know that this Atman exists? We know this because Bertrand Russell says that if you want, you just have to believe, you know, book says it. The good book says that it exists. It just believes he gives in his humorous way, sarcastic way. He says, then I might as well believe in a flying teacup. There's a teacup in orbit around there. God is in heaven, the teacup is in heaven also.",37398,37965,,,109
en_video_08_0063,video_08,en,Advaita,63,"Why? I would choose to believe. You choose to believe on flimsy grounds, I also choose to believe on flimsy grounds. Hume, David Hume, the great philosopher, he said, You have to have evidence when you make claims, and he says extraordinary claims require extraordinary evidence. Not just ordinary evidence, you must prove it, may give extraordinary evidence. Sufficient evidence to prove it. Necessary grounds and sufficient, necessary reason and sufficient reason. What is that? Like light, we experience, somebody said light, who said light? Lives of saints, yes, but that's testimony. Yes, that's a pretty good actually, pretty good evidence because one source of knowledge for all of us, whether we like it or not, is authority.",37966,38699,,,118
en_video_08_0064,video_08,en,Advaita,64,"A lot of things we know today, we claim we know it. A lot of the science we know, we did not make the experiments. Data is published and given to us, we take it that yes, a body of scientists have discovered this, so it must be a peer-reviewed journal, huh? So, so it must be, it's tested. Sometimes it turns out to be false, but it's tested. So we accept it. So lives of saints, yes, testimony of saints across the world, they have said it. But somebody like a real skeptic like Bertrand Russell might say that I am a saint also and I say it doesn't exist, then.",38700,39263,,,112
en_video_08_0065,video_08,en,Advaita,65,"Our? The Neti Neti concept. Yes, but Neti Neti then you land up with what? We do Neti Neti, not this, not this, and then you land up with? That's the process, yes. The very fact that we are experiencing, let me ask you. I've always given you the example of the eyes, you know by it by now. The very fact that you I can see you all is a proof that you exist. So the proof for your existence, what is the source of my knowledge? Eyes. Now, how do I know the eyes exist? Because I cannot see the eyes.",39264,39762,,,103
en_video_08_0066,video_08,en,Advaita,66,"These together. If you see something, I see that you are seated there, I know you exist here. I cannot see an elephant, if there were an elephant in the room I would be able to see it. I cannot see an elephant, therefore I know, I know. I can confidently claim there is no elephant in the room. Now, eyes themselves, I can't see them. I can't see the eyes. Then how can I claim that there are eyes? Because? Because you see. See what? You exist because I see you. Eyes exist because I see what? anything. I've given that example so many times people, so it gets clichéd after some time.",39763,40349,,,114
en_video_08_0067,video_08,en,Advaita,67,"Another nice example I came across was, it's an of an earlier era of course. It says that So you see a photograph, a beautiful portrait, a photograph. How do you know that the photographer exists? Because photographer is not in the photograph, unless it's a selfie. That's why I said it's an old example before the selfies were invented. But unless it's a selfie, other than that, in any photograph, How do you know that there is a photographer? It's not there in the photograph. Because the photograph was taken. Nowadays, of course, many things are there. Selfie, timer is there, and so many things are there.",40350,40961,,,108
en_video_08_0068,video_08,en,Advaita,68,"Exactly in the same way, that you are consciousness, that you exist, even to raise this question you must exist. More precisely, in Vedanta this is follow this carefully. It says it is not revealed by the pramanas, by the sources of knowledge, but all pramanas function in its light. Because you are that consciousness, therefore, that consciousness plus mind, you have experience of thinking, desiring, loving, hating, remembering, forgetting. Not mind by itself, consciousness plus mind. Because of that consciousness, because of you the consciousness and the eyes, you have the conscious experience of seeing. You have the conscious experience of hearing, smelling, tasting, touching.",40962,41649,,,106
en_video_08_0069,video_08,en,Advaita,69,"So all the senses operate, the mind operates by its light, by your light. That is the proof that you exist. that you are having this series of conscious experiences. What kind of experiences? Seeing is an experience, hearing is an experience. Activities, talking, thinking, these are experiences. because you are that that because of that consciousness. Yes. I was just wondering if you could tell me about the pure experience. Alright, that's a very good question. She's asking, can we call it pure experience? What do you mean by pure experience? How would you distinguish it from impure experience?",41650,42251,,,100
en_video_08_0070,video_08,en,Advaita,70,"What does pure and impure? Pure and impure in this case does not mean good or bad. It means what? What? Okay, let's go this way. This is a good entry point. What is experience? What's the structure of experience? Any experience. What's there when you're experiencing a book, you're seeing a book. Subject and object, you are there, the experiencer, and the object is there in your experience. Subject and object. To reduce it to our terms, consciousness and its object. Consciousness and its object. Now these objects of experience keep changing. You can see a book, you can see my hand, you can see the clock.",42252,42862,,,108
en_video_08_0071,video_08,en,Advaita,71,"Book, hand, clock, they changed. But the consciousness which saw each of them is the same. Of course, using the same instruments, eyes. But now, when you use the instrument called ear, you're the object of your experience is sound, speech, music, noise. Different objects. But now you're using a different instrument. I is one instrument, ear is another instrument, but what's common to both of them? You, the conscious subject. Similarly with nose or tongue or touch, similarly with mind internally when you're not using external instruments, internally when you use the mind to remember something, to understand a mathematics problem.",42863,43499,,,102
en_video_08_0072,video_08,en,Advaita,72,"The object of your remembrance or forgetting, the mathematical problem itself, those are objects of the mind, but the consciousness is the same. The mind is now the instrument. So the instruments and their objects keep changing, you the conscious subject are common to all of them. Now, every experience is consciousness. plus object, and including instrument also in it. Consciousness on one side and instrument and object on the other side. This is called experience. If you neglect, if you do not Um, concentrate on the object. Just take the consciousness aspect of every experience. Consciousness, consciousness, consciousness. That is pure experience.",43500,44156,,,103
en_video_08_0073,video_08,en,Advaita,73,"That pure experience is Atman. In fact, one of the beautiful definitions of the ultimate reality of the Atman of Brahman, Anubhava Matram Param Brahma. Consciousness in itself, anubhava matram. Matram means in itself means minus its object. If you bring in the object, then it is simply consciousness seeing a book, hearing some words, feeling happy, feeling miserable. Awake, dreaming, sleeping. But in all of them, the consciousness itself is the Atman. Anubhava matram param Brahma. That's why if you ask them practically what is the upshot, that's why the Yogis what they do is, Patanjali Yogis. They try to actually do away with the objects of experience.",44157,44817,,,109
en_video_08_0074,video_08,en,Advaita,74,"That is called Samadhi. Can you remain absolutely aware and conscious, not fall asleep? And yet drop all objects. Imagine you are there. Right now, suppose you look at this, you're looking at the book. You are there, you're looking at the book. Now close your eyes. If you like, you can close your eyes. You are not looking at anything, maybe just a blankness, right? Right? Are you still there? That means without the functioning of the eyes, you still exist, right? If without the functioning of the eyes, I still exist, then the same thing holds if I do not hear, smell, taste, touch, none of the senses function.",44818,45434,,,111
en_video_08_0075,video_08,en,Advaita,75,"Will this consciousness still be there? Yeah. Now suppose I do not think, I do not remember, I do not desire, I do not hate, I do not do Vedanta vichara, you know, Vedantic thinking. Will the consciousness still be there? Mm. Now imagine the blankness of deep sleep. Just imagine, don't go into deep sleep. Imagine the blankness of deep sleep right now, absolutely blank. You are not even aware that you are sleeping. That kind of blankness, what it is like to be in deep sleep. Imagine that. Now, drop that blankness. Just, just let it go. Don't do anything else.",45435,45999,,,103
en_video_08_0076,video_08,en,Advaita,76,"Alright. Don't go into Samadhi. I'm just giving you a taste of what Samadhi could be like. This is not Samadhi. Don't delude yourself. Not so fast. Imagine extraordinary calmness, nobody else around. You sitting in a mountain fastness, like a Himalayan cave. Then imagine the world outside the cave has gone, and all of this I'm telling from personal experience. Imagine the world outside has gone, nothing outside. Now you close your eyes, you can't even see the cave. Nothing comes from the world outside, the world has disappeared. You have forgotten the world, the world has forgotten you.",46000,46593,,,100
en_video_08_0077,video_08,en,Advaita,77,"Now you lose awareness of your body. Now the thoughts, memories, desires shut down. A serene blankness reigns. Even this is not it. When you are ready, drop that blankness. I can't say anymore, drop that blankness. Let it go. What remains? Not even blankness. Not even deep sleep. One of our Swamis, he passed away long ago. He was in Kerala, Ishwaranandaji. He wrote a poem called Midnight Sun. Sun is shining, yet it's absolutely the dark of midnight. Somebody saw that and said that only an, only an enlightened person, only an enlightened person can write such a poem.",46594,47166,,,101
en_video_08_0078,video_08,en,Advaita,78,"Only a Brahma Gyani. Just midnight, no sun, no moon, that's deep sleep. But the sun's shining fully, yet it's midnight. The world drowned in darkness. That sun is your real nature. It's always shining. The Gyani realizes it even with eyes open in the waking also. Yes, somebody had a question. During this exercise, you know, what you just asked us to do, I felt towards the end there was a natural tendency to stop breathing. Kumbhaka happens. In extreme alertness, Have you seen, I've seen in National Geographic this cheetah hunting. Just before it bursts out into and catches an antelope or something.",47167,47772,,,105
en_video_08_0079,video_08,en,Advaita,79,"You've seen how still it becomes? I'm sure it stops breathing for a few seconds. That kind of alertness, but that's an alertness of hyperactivity, extremely physical, but that kind of alertness with absolute calmness. That is called Satva. In that state, enlightenment is possible. Not as a cheetah, not saying that. Alright, let me conclude with one note I wanted to give is this. I mentioned it earlier that a few weeks ago, I attended a discussion. It's called the Philosophy Cafe where the subject was the five great unsolved problems of philosophy. So this is something that Oxford University put out, press OUP put it out as a, um, I guess they want to encourage.",47773,48442,,,117
en_video_08_0080,video_08,en,Advaita,80,"It's like a gimmick. I mean the five great unsolved, all problems are unsolved in philosophy anyway. So anyhow. But it's interesting, what are the five great questions? They wanted to discuss it. What are the five great questions? One, the first one was, um, Is there free will? Second one was, what can we know at all? Question of epistemology, skepticism. Third one was, who am I? Sounds familiar. The fourth one was, what is death? Death means death of the, for the conscious person, for the person, not the physical aspect of death, which is of interest to doctors, but for you as a living being, what happens to me at death?",48443,49072,,,114
en_video_08_0081,video_08,en,Advaita,81,"That's the question. And then the last one was, what is justice? Now you will see, first four of them are concerned with consciousness. Free will, knowledge, who am I, of course, death, they're all concerned with consciousness. And I was just thinking, in these verses from 11 to 25, Krishna has given us, Sri Krishna has given us the answers, the Vedantic answers to these five questions. You may agree with it or you may not, but listen to these answers. What are the answers given by Vedanta to these five questions? Let's take it one by one. Um, the the third one first.",49073,49647,,,105
en_video_08_0082,video_08,en,Advaita,82,"Who am I? That is the question actually Krishna is trying to answer. He's saying that you are not the changing body, you are the unchanging consciousness, the self. You are not the body subject to death, uh, birth and death, but you are the unborn, undying. Consciousness. All pervading consciousness. Atman, you are Atman, that's the answer to the question, who are you? What you think of yourself, what most of human knowledge thinks of you as, is not the real truth, is not the reality about you. This is the answer given by Vedanta by Krishna here. One, most important.",49648,50221,,,102
en_video_08_0083,video_08,en,Advaita,83,"This is the first, maybe it's enough if you take this away. Everything else follows from this. Second, do we have free will? Krishna has not talked about free will here, but you have to derive the answer from this. What is the Vedantic idea of free will? First, if you ask, do you have free will? The first preliminary answer is yes. This Atman, not knowing itself under ignorance, identifies itself with a mind and body and says, I am the doer. Or as Krishna says here, I slay or I am slain. In the war, we read Emerson's poem.",50222,50750,,,101
en_video_08_0084,video_08,en,Advaita,84,"So first answer is yes, I am the doer. I'm the doer means I have free will. I can do this way, I can do that way. And then I set karma into motion. And because of karma, I do this and I get the result of karma. It's only by doing it out of free will that I deserve these good and bad results. That's the first answer, preliminary. Deeper answer, no. You don't have free will. Whether it's the Vedantic way of putting it that it is God's will alone which acts, you only think that you do, but it's actually Ishwara's will.",50751,51272,,,105
en_video_08_0085,video_08,en,Advaita,85,"Or whether it's modern neuroscience, Libet experiments and all they're saying that Uh, it is the brain which is doing it and you have an illusion of free will. The body is doing it, the brain and nervous system are acting and you think I have decided, no, the brain has just out of courtesy given you a memo, we are going to do this and it goes ahead and does it. The Libet, Benjamin Libet experiments actually in neuroscience they prove it. Of course, there are a lot of discussion. The scientist I had debated with in Ruben recently, he said it, he's saying, in fact his latest article is about free will.",51273,51880,,,114
en_video_08_0086,video_08,en,Advaita,86,"He said it's more complex than that, but anyway. So deeper examination shows that we do not have free will. In the Gita itself, Krishna will say, one verse is there which he has repeated three times in Gita. And the verse says, The 13th chapter he says, prakriti eva karmani kriyamanani sarvasha ya pashyati tathaatmanam kartaram sha pashyati. Prakriti alone does everything, nature does every action in the world. world is done by nature. Once you realize this, which means in neuroscience terms, brain and nervous system are doing everything. The body is doing everything. Once you realize this, then what happens?",51881,52497,,,103
en_video_08_0087,video_08,en,Advaita,87,"Krishna's point is, then you realize that you are the non-doing self, the non-agent self. Akartaram sapashyati. He realizes I am the consciousness which is not a doer. Okay. And Krishna has mentioned this verse three times in the Bhagavad Gita. And actually if we look at it practically in our body mind, how much of it are we in charge of? Do you produce the Multiple, if you're given charge of a factory producing all the biochemicals that your liver is producing, what a terrible job it would be, and that's just one liver. One doctor told me it will take a 50-acre factory to produce the various kinds of biochemicals, enzymes, and all which are being produced by just your liver.",52498,53182,,,123
en_video_08_0088,video_08,en,Advaita,88,"Suppose you were in charge, CEO. of the body and all its activities. We would be dead in within 30 minutes. Within 15 minutes or 1 minute itself we'll be dead. We'll be overwhelmed by it. The enormous amount of activities are going on without any involvement, any consultation also. No courtesy involved here. Then the body, the liver, the lungs, the circulatory systems, the endocrine system, then even the nervous system, they're not asking us. They know, no good, this fellow is useless. Don't involve him. It's like you're flying in a plane. If the pilot suddenly says, okay, take over.",53183,53773,,,102
en_video_08_0089,video_08,en,Advaita,89,"What will you feel like? That actually happened to me, but anyway, that's the story I'm forbidden to tell. Um, so what will you feel like? You can't do it. It's too difficult, and we don't do it. So many things are happening, how little of it we are actually in charge of. Akatta, you're not the doer. There's a second answer. Second answer to what? Question of free will. The first answer, yes, we have free will. Second level deeper answer, no, we don't have free will. Third level answer, final answer, again, yes. But not that we have free will, we have freedom as Atman, as pure consciousness.",53774,54372,,,110
en_video_08_0090,video_08,en,Advaita,90,"Swami Vivekananda says the word term free will is a contradiction in terms. Free will is a contradiction in terms. Will is part of causation. It's not free. So the Atman, you can be free, but you don't have free will. So that's the last answer and so and there is a the whole theory about it, then what do you do now? You have the appearance of free will, in reality you don't have free will, an ultimate goal is spiritual freedom, then what do you do? And the answer is to if you are interested in knowing, is that you use the illusion of free will, the appearance of free will, to acknowledge that only God has free will, not us.",54373,55004,,,123
en_video_08_0091,video_08,en,Advaita,91,"That means continuously use this so-called free will to surrender unto God. Keep on giving, giving back unto God what belongs to God. Okay. So this is the question of free will and its answer given by Krishna. Third, can we know anything at all? The question of knowledge. And the answer given by Sri Krishna again, you have to derive it. Vedanta says, what we know is samsara through our senses and our mind. It's a kind of knowledge. A vyavaharika transactional knowledge which helps us to live in this world, but it's not knowledge of reality. This is not knowledge of reality.",55005,55585,,,104
en_video_08_0092,video_08,en,Advaita,92,"Sri Ramakrishna put it in his very pithy way. He says, Aker gyan gyan, aneker gyan agyan. The knowledge of the one is real knowledge, the knowledge of the many is ignorance. Somebody I think Ayan Maj he was quoting Kant. Learned ignorance is the end of Kant or Hamilton. That is in the gospel itself. Knowledge, learned ignorance is the end of philosophy and the beginning of religion. So, the Mundaka Upanishad says that Paravidya and Aparavidya. Aparavidya is relative knowledge and Paravidya is knowledge of the transcendent reality, this is Atman. So this is Vedantic perspective on knowledge, what can we know?",55586,56201,,,104
en_video_08_0093,video_08,en,Advaita,93,"Then, what was the fourth question? Um, death. We just discussed it. Death is death of the physical body. It's like changing clothes. The subtle body goes on, Atman does not go or come or go anywhere. It is one consciousness, steady and unchanging. You are that unchanging Atman, steady Atman, not coming and going. In you this game goes on, and ultimately does not go on also. It's an appearance of Maya. And the last one is if you take up the question of justice, it's the whole question of karma. What in this world, what determines what's going on?",56202,56754,,,101
en_video_08_0094,video_08,en,Advaita,94,"Is there ultimately justice or not? We will say yes, in one sense, there is karma is the long run, long term justice and ultimately, We all get what what we deserve. So Vivekananda said, good good, bad bad, none escape the law. You can escape the law only by enlightenment, by realizing that you are the Atman. So this is what Sri Krishna would say to the five great unsolved problems of philosophy. Now you don't have to accept it. But let us at least consider these as pretty profound deep answers to these five questions. Very good. Om Shanti Shanti Shanti Hari Om.",56755,57323,,,105
en_video_08_0095,video_08,en,Advaita,95,Tat Sat Shri Ram Krishnarpanamastu,57324,57358,,,5
en_video_09_0000,video_09,en,Advaita,0,"Om Vasudeva Sutam Devam Kamsa Chanuramardanam Devaki Paramanandam Krishnam Vande Jagadguru So in the Bhagavad Gita, we are studying the second chapter, and Sri Krishna has just given the central teaching about the Atman. The Atman means the self, us. What is our real nature? Vedanta in that sense is very simple. It says that we do not truly know what we are. What is there here? We think it's a body mind, but it's something far more than that, far deeper than that. I like that saying that what is behind you and what is yet in front of you is as nothing compared to what is within you.",0,589,,,110
en_video_09_0001,video_09,en,Advaita,1,"What is behind you? All your past. What is yet ahead of you? Whatever is going to happen in life. We think these are the important things, my past and my future, that's what's important. None of that is anything compared, it's insignificant compared to what is within you. What is within us? There's nothing compared to what is within us. I think I must have told this joke earlier. It happened a year before last in Santa Barbara. I had quoted this thing more than once, and so somebody left a card in the ashram. saying that, um, and the card itself says, at the top of the card, it is not handwritten, it is printed.",590,1209,,,117
en_video_09_0002,video_09,en,Advaita,2,"Uh, what is behind you and what is ahead of you has nothing compared to what is within you. And inside the card it says, and what is within the freezer. So, we rushed and saw in the freezer somebody had left ice cream in the freezer. But the Atman, the doctrine of the Atman is that if we would truly know what we are, then all our problems would be solved. We are trying to solve the problems in a worldly way. But the real solution is a spiritual solution, and that spiritual solution is a knowledge of what I am.",1210,1725,,,102
en_video_09_0003,video_09,en,Advaita,3,"What am I? What, what did we learn? Uh, Sri Krishna said from verses 12 onwards. First of all, most important, again and again Sri Krishna has been saying this. You are immortal. You are not born with the birth of the body, you do not die with the death of the body. Nitya, Avinashi, indestructible. He said, weapons cannot cleave it, the water cannot drown it, and fire cannot burn it. It means the Atman, you, the self. Indestructible, immortal. Then we saw that other verse, um, 16th verse which says, ""Nasato vidyate bhava,"" a very profound verse, which implies not only are you eternal, immortal, but this reality which you are is the only reality of the universe.",1726,2395,,,120
en_video_09_0004,video_09,en,Advaita,4,"The Atman is real, the Anatman is an appearance. The self is the reality of which the not self. Not self, other than you, whatever you experience is an appearance of yourself. You are the reality of this universe. Don't feel all that happy, by you I don't mean You the person, the spiritual reality which is our common spiritual heritage, that's what I mean. Um, sometimes I feel people like Vedanta classes because it keeps saying nice and cool things about you. But remember, the you they talk about here is the spiritual you, the spiritual self. Then one more thing we learned here was Sarvagata, all pervading.",2396,3010,,,109
en_video_09_0005,video_09,en,Advaita,5,"It's not that we are separate little bits of consciousness in each body and mind. That's what it feels like because we are localized in bodies and minds. We think I am separate, you are separate, he is separate and she is separate. No. It says Sarvagata, it is one all-pervading reality. In that, in that oneness, many the plural universe appears. Like a dream universe. It's one mind, the dreamer's mind is one person dreaming, but in the dream you will find an entire world. Then what else did we learn? We learned Aprameya. It is not an object of any pramana of the sources of knowledge.",3011,3601,,,108
en_video_09_0006,video_09,en,Advaita,6,"You can't see it, hear it, smell it, taste it, touch it. It cannot be inferred by by by the mind and so on. It's not an object to these sources of knowledge, Aprameya. It is not a doer nor an experiencer of the results of action. In Sanskrit, Akarta Bhokta. And we we did all this. And then Now, we are on the 26th verse. Here, Sri Krishna sums up the teaching. Um, by the way of summation, he says he acknowledges how difficult it is. If you really think about it, it's stunning. We think we are the body, shows us you're not the body.",3602,4138,,,107
en_video_09_0007,video_09,en,Advaita,7,"We think we are this person in the body, you're not this person, you're not denying that it's there, but you are not it. And it says you are an infinite immortal spiritual being, consciousness itself, being itself, the absolute. So it's some tremendous fact. Somebody said actually it's easier to believe in God than to believe this. It's about you. But still it's so difficult to believe this about myself. I can still believe that there must be some kind of God, but this is so much, so tremendous. And yet it is you and it can be realized.",4139,4681,,,100
en_video_09_0008,video_09,en,Advaita,8,"Not a matter of just belief, definitely not. Vedanta aims to educate us, to show us how this is true. Um, last week at the University of Michigan, uh, there was a symposium on Advaita Vedanta and education, ancient wisdom and modern education. I think they've put up the videos online. You can see. So I gave a talk about this very same thing about knowing oneself. But you see, Shankara's Advaita Vedanta is a pedagogy, is a methodology of teaching. It's a way to show us a truth about ourselves. Or not one way, many ways are there, but basically to show us so that we have this insight, that aha moment.",4682,5288,,,113
en_video_09_0009,video_09,en,Advaita,9,"Oh, this is what I am. Then all your problems are solved, not externally. Everything that is there externally will continue, but it's no longer of any consequence to you. You are set free. So that's the goal of Vedanta. Now it's very difficult. Difficult to believe first of all, and then to make the breakthrough. Difficult even to take seriously. So Sri Krishna, he says it's quite possible that you don't believe any of it. He thinks, he thinks that Arjuna probably is not getting it. You know, good teachers, you might think they're like mind readers. You don't have to be.",5289,5866,,,103
en_video_09_0010,video_09,en,Advaita,10,"If you have taught in school, you know, especially grade school or kindergarten, one look into the faces of the kids and you know whether they're listening, whether they get it or they're thinking of something else. It's very easy. If you have been teaching for a long time, you don't have to be a telepath. I remember one of the finest teachers I ever met. He's a great scholar of Vedanta and he's a professor of physics too. Very formidable. His name is K. Ramasubramaniam. He's in IIT Mumbai. But one thing I liked about his teaching was I attended some of his classes as a young monk.",5867,6455,,,109
en_video_09_0011,video_09,en,Advaita,11,"He was trained under the Sringeri Shankaracharya directly. So, he was teaching us an abstruse text of Vedanta, and I still remember what was startling about his teaching was, he was absolutely, he knew what you were thinking. And one disconcerting habit he had was he would walk around speaking. His classes were very interesting, long classes, but you have to, you had to be hyper alert because the moment you were not alert, he would notice he's this. Tall, thin man with blazing eyes, he would notice and focus that pair of blazing eyes on you, and he would rush towards you literally and say, yes, tell me what I said.",6456,7078,,,112
en_video_09_0012,video_09,en,Advaita,12,"or ask a question related to what he was saying. Ask a question related to what he was saying. He'll just point to you, yes. So I've had my share of tough teachers. There's one teacher, a very great scholar. I had heard about his. It was inconvenient for me to go from the monastery to attend his classes, but I had heard about it. So I went to attend one class of his. And it is a very small group of students, but all the students are, they have all degrees in Sanskrit or Indian philosophy, they are retired teachers, people like that.",7079,7617,,,104
en_video_09_0013,video_09,en,Advaita,13,"So they're all sitting there and I I noticed why he has this tough reputation, this great scholar. I'm not talking about Ram Subramanyam now, I'm talking about somebody else. So he starts off the class with a 10 minute scolding. He starts by saying, I don't know why I bother to come here. I look at your faces and I know you don't understand anything. It's a shame. I tell you it's a shame. So 10 minutes we all sat like this. But I realized it was like par for course. He would do that every time. So they sort of take it in stride.",7618,8152,,,106
en_video_09_0014,video_09,en,Advaita,14,"And he would treat them like little, I mean you can't treat little children like that nowadays. They are in their 60s or 70s, the students. And he would ask a question, you would have to stand up to answer it. And he won't let you sit down until you have answered it. He'll help you. This lady, she stood up to answer a question and he kept on saying, I won't let you sit down till you give me the answer and she was giggling, but at least he didn't make the students stand up on the bench holding their ears or something like that, you know.",8153,8695,,,108
en_video_09_0015,video_09,en,Advaita,15,"So tough teachers. Krishna is like that, he immediately sees Arjun is not getting it. It's it's it's understandable. So he says 26th verse. Athachainam nityajatam, athachainam nityajatam, nityam vamanyase mritam, nityam vamanyase mritam, tathapi tvam mahabaho. Tathapi tvam mahabaho naivam shochitumarhasi naivam shochitumarhasi What does it mean? If, however, however means in spite of all this Vedantic teaching, if, however, you think that it, the self, you. You are born with the birth of the body and you die with the death of the body. Even then, oh mighty armed one, you ought not to grieve for it. What is he doing?",8696,9319,,,103
en_video_09_0016,video_09,en,Advaita,16,"He's taking a different stance now. He's coming down a couple of steps as it were. Instead of talking about an immortal consciousness, the one reality of the universe beyond all senses or sources of knowledge, a transcendent non-actor, non-experiencing awareness, instead of talking of that. He says, just as you know yourself right now. You think if you think that you are born, people are born with the birth of their body and people die with the death of the body, the self comes up with the birth of the body and the self dies with the death of the body, even then, You, you should not be shaken by this, by death.",9320,9938,,,114
en_video_09_0017,video_09,en,Advaita,17,"Why not? We'll come to that. But before that, it's interesting to think what point of view is this? What point of view is this? There are different candidates. I'll give you two which I've heard and I'll tell you what I think. One is the materialist. That's the most common point of view, say today for example, and all throughout history in every civilization. including the ancient Vedic civilization. There have been materialists who say, all this is nonsense. Body is all that exists, matter is all that exists. And we are living matter. We are born and in this body we exist, and when the body goes, we are finished, that's it.",9939,10571,,,114
en_video_09_0018,video_09,en,Advaita,18,"There's nothing before this, nothing after this. As far as you are concerned, the self is concerned, Atman. The Atman is nothing but the body. So this view was called the view of the Charvaka. Charvaka, the ancient Indian materialists, literally the Sanskrit word Charvaka comes from Charuvaka, sweet talk. Sweet talk means it's the most acceptable easy kind of philosophy. So what was their recommendation? Since you are born with the birth of the body and you die with the death of the body, make use of the time you have got, eat, drink and be merry. So they are the there's an Indian version to that.",10572,11176,,,108
en_video_09_0019,video_09,en,Advaita,19,"Many people we have heard of it. Yavat jivet sukham jivet, rinam kritva ghritam pivet. Bhasmibhutasya dehasya punaragamanam kuta. So it's the verses, there are verses of these ancient materialists. What do they recommend? As long as you live, as long as the body lives, live happily. How do you live happily? What's the recommendation? Ghritam Privet. This is difficult to translate. Literally means drink a lot of ghee. Now, today's closest would be you drink lots of Pepsi or Coke or something like that. You know, like have fun. Just indulge yourself. But it's expensive. Where do I get the money?",11177,11777,,,102
en_video_09_0020,video_09,en,Advaita,20,"He says, rinam kritva, borrow money, credit economic. Yeah, credit cards, max out your credit cards. But but but I have to pay back then. Says no. You don't have to pay back. Bhasmibhutasya dehasya punaragamanam kutah. When the body is burnt, when you die, the body is burnt. You're not going to come back anymore. Nobody's going to catch you. It is, the universe is the ultimate free lunch. Have fun. What about my kids or my they'll have to pay, who cares? That's their problem. We may think that's ridiculous, but that's actually mostly what we are doing.",11778,12336,,,100
en_video_09_0021,video_09,en,Advaita,21,"The economists, they talk about the price to be paid by future generations. If you consume a lot now, the price is in terms of debt. In terms of global warming, in terms of resource depletion, in terms of pollution, all that will actually have to be paid. But who will pay it? Children, grandchildren, great-grandchildren? If any are left after a few generations, some people say it's only 30 years now. That might be too alarmist. But so that is the materialist point of view, materialist point of view. And, uh, sweet. That's a very nice kind of philosophy.",12337,12896,,,100
en_video_09_0022,video_09,en,Advaita,22,"Have fun while it lasts. The problem is, according to all other schools of philosophy, not just Vedanta, every other school of thought in ancient India except the materialist, not only the world will last, but you will also last. And therefore what you do now, you'll have to pay the price for that. It's not that you get off scot-free, you will have to pay the price for that. So it doesn't really work ultimately, that kind of philosophy. And it's short sighted because the pleasures which we try to enjoy right now, not caring about what we have to pay, those pleasures are momentary and they have passed away.",12897,13510,,,111
en_video_09_0023,video_09,en,Advaita,23,"We still remember and the price is still there. Yes. Yes. Are you saying a generic term or are you referring to any specific school of thought, like, you know, right. So question is being asked, what do you mean by Veda? When you talk about Vedanta, is it a generic term or a specific school of thought? Both. There is specifically when I'm explaining the Bhagavad Gita or in fact any other scripture. the Upanishads, Bhagavad Gita, Brahma Sutras, whatever it is, or the texts which we are studying, the Mandukya Karika, Aparokshanubhuti. I am referring to a particular school of Vedanta, which is Advaita Vedanta, non-dual Vedanta of Shankaracharya.",13511,14161,,,111
en_video_09_0024,video_09,en,Advaita,24,"So it's an ancient school. It's actually the traditionalists will be annoyed if I say it's a non-dual Vedanta of Shankaracharya. Shankaracharya in the tradition is called Bhashyakara, the great commentator. But the texts of the school and the school itself predate Shankaracharya by centuries if not millennia. So that's the school I'm referring to and there's a reason why I'm referring to that school because that's the philosophical foundation of the order I belong to, the Ramakrishna order. But also, having said that, there are many other schools of Vedanta. There is Vishishtadvaita of Ramanuja, there is the Dvaita, the dualistic school of Madhva, there is the Dvaitadvaita of Nimbarkacharya, there is the Shuddhadvaita of Vallabhacharya, there is the Achintya Bheda Bhed whose descendants are the Harikrishnas.",14162,14981,,,128
en_video_09_0025,video_09,en,Advaita,25,"So, um, so there are, there's a whole series of Vedantic schools. Now, one thing which Swami Vivekananda and the early Swamis did when they came here, they presented the combined spiritual heritage of India as Vedanta. So, for example, this is the Vedanta Society of New York. But the first publication which came out from here, very famous, Swami Vivekananda's Raja Yoga. But it's actually a commentary on the Patanjali Yoga Sutras, which is the yoga school of philosophy which is distinct from the Vedanta, it's not even a school of Vedanta. So the entire the the the philosophy of meditation, the Bhakti schools and the Gyan schools, all of them were taught by the early Swamis and the general name was Vedanta.",14982,15696,,,124
en_video_09_0026,video_09,en,Advaita,26,"There's nothing wrong in that, because if you go back to India also, and if you look at Hinduism, modern Hinduism, you will find most of the practicing Hindus, where philosophical origins lie in some school of the Vedanta or the other. Nyaya, Vaisheshika, the school of ancient school, the logicians, or the Sankhya school or the Yoga school of Patanjali, these are more theoretical. academic now than actually practiced. People practice them but as but if you ask them, there are scholars of Nyaya for example. Logic. But if you ask actually ask the scholar of Nyaya in India today, what what are you practicing?",15697,16310,,,106
en_video_09_0027,video_09,en,Advaita,27,"You practicing the Nyaya Sutras of Gautama in your day to day, no no no. He'll probably turn out to be a devotee of Krishna or something like that. So those The Shri Vaishnavas, the Madhvas in Karnataka, even say for example the Swaminarayan sect in of Gujarat. Now all over the world, the Pushti Marga in Gujarat again. The different schools. The ISKCON, the Hare Krishna. So all of these are the modern phase of Hinduism. If you probe, if you probe, you will come across some school of Vedanta as the basis. So, in a general term, Vedanta means the spiritual heritage of India today, the philosophical foundations of modern Hinduism.",16311,16946,,,113
en_video_09_0028,video_09,en,Advaita,28,"But if you say specifically, I would like to pin you down to one school, then clearly it is the Advaita Vedanta of Shankara. But not in an exclusive sense. You can do that in an exclusivist sense, like Totapuri, the guru of Sri Ramakrishna. Only Advaita Vedanta, nothing else. So we don't do that. Yes. Does that answer your question? But it gave rise to two more questions. I'm coming to you. You first and then then she can ask, yes. There is, but I'm not qualified. It's a very deep subject. It's related to Tantra. I didn't mention Tantra.",16947,17490,,,101
en_video_09_0029,video_09,en,Advaita,29,"Tantra is an entirely Autonomous, I would say, school in Hinduism with a lot of followers, and there are many schools of Tantra. So Sri Vidya is a particular ritual with a philosophy associated with it. I really don't know enough about it to say anything more. There, you have to be initiated into it formally by a guru to practice it. Yes. the lady here. So, good explanation. I think one of my confusion I always have is related to Vishishtadvaita and Advaita with respect to. Yes. So the sense that I again maybe I'm misinterpreting it that Vishisht and Advaita is more devotional and more theistic than Advaita.",17491,18106,,,110
en_video_09_0030,video_09,en,Advaita,30,"I just want to hear your thoughts. Alright. I'll repeat the question. It's a good question that a bit about Vishishtadvaita and Advaita. Vishishtadvaita is the qualified monism associated with Ramanujacharya and the Sri Vaishnavas. And Advaita Vedanta, non-dual Vedanta. She asks is that the impression she has is that Vishishtadvaita is more devotional, more theistic than Advaita Vedanta. You are right. Um, there's a lot to be said about this. It's a vast history. Nearly a 1000 years of dialectics and many, many texts written on both sides. Ramanuja who came about 200 years. After Shankara, 250 years after Shankara, um, he gave a new set of commentaries on the Upanishads and the Bhagavad Gita.",18107,18808,,,116
en_video_09_0031,video_09,en,Advaita,31,"and the Brahma Sutras. He did not write separate commentaries in the Upanishads, but he wrote a separate commentary on the Brahma Sutras called Shri Bhashya and a commentary on the Bhagavad Gita, giving a different interpretation. from Advaita Vedanta. The core difference is this, I will not go into it because it's a it's a huge fascinating subject. I have a book written by Vasudev Shastri Abhyankar. called Advaita Moda, the delight of non-dualism. That's the name of the book. This was a great Pandit in the last century, 2 centuries ago. Last century in fact. And he was a non-dualist, but he was reading qualified monism so seriously, studying it, his other scholarly friend, Pandits, they teased him, are you becoming a qualified non-dualist, a qualified monist, Vishishtadvaita, are you moving away from non-dualism?",18809,19634,,,136
en_video_09_0032,video_09,en,Advaita,32,"So this scholar Abhyankar, he said, no. Um, I'm just studying it and to prove that he was still a loyal non-dualist, he wrote this book in which he points out 30, 30. Differences. No, 22 differences I think. 22 differences between non-dualism and Vishisht and qualified monism, the two systems. So there, there are many differences. Um. Ramanuja, who wrote the commentaries on Gita and Brahma Sutra, in his Brahma Sutra commentary, he starts by, see, you have touched upon a favorite subject of mine, so I'm finding it difficult to stop, but I'll just mention these two things and then stop.",19635,20226,,,103
en_video_09_0033,video_09,en,Advaita,33,"One is, he starts his commentary on the Brahma Sutras with a tremendous attack on Shankara's non-dualism. He calls Shankara's non-dualism the great opponent. The English is mild, the Sanskrit is more weighty. Maha Purva Paksha, the great opposing force or opponent. And he levels page after page. The first part of the commentary on the first sutra is a powerful attack and a good attack. It is said that sometimes, you know, when people do dialectics, criticize each other's positions, they Cut down a straw man. They set up a straw man and shoot it down. Something misrepresent your position, represent your position in a silly way and then makes it easy to dismiss.",20227,20895,,,115
en_video_09_0034,video_09,en,Advaita,34,"But Ramanuja doesn't do that. What Ramanuja does is he gives a faithful rendering, an acceptable rendering of non-dualism of Shankaracharya and then proceeds to cut it down mercilessly. In fact, it is said among scholars, I've heard, Ramanuja who attacks Shankara non-dualism. The the method of attacking in ancient India, the debate was called Vada. Vada means debate. One of the rules of Vada was if I'm going to attack you, To criticize your position, first I must state your position to your satisfaction. What a beautiful rule. You see, it would prevent so many quarrels. Normally when we are arguing against somebody, we are not really listening to the other person.",20896,21568,,,113
en_video_09_0035,video_09,en,Advaita,35,"We are thinking of our answer to that. I'm getting an answer ready. I'll give you such an answer. What you are saying, I'm not listening. But here it forces you. What did that person say? And you have to repeat back what that person said to that person's satisfaction. Sir, this is what you said, 1, 2, 3, 4, 5, 6, 7, 8. Yes. Now I am permitted to give a reply. What a beautiful thing. It can prevent quarrels from philosophers to the household, to boss and in the corporate sector, wherever. Anyway. It is said, Ramanuja presented Advaita Vedanta so fairly in his introduction, in his before starting his criticism of Advaita Vedanta, that a newcomer to Advaita Vedanta can actually learn Advaita Vedanta from that.",21569,22285,,,129
en_video_09_0036,video_09,en,Advaita,36,"It's such a fair presentation. A great scholar of non-dualism, Shankara Vedanta, who is no friend of qualified monists, he said to me, Ramanuja is a gentleman. But a 1000 years of dialectics. One of the great Ramanuja dialecticians was Vedanta Desika, I think. He wrote Shatadushani, a 100 objections. against Advaita Vedanta. And 100 years after that, or 200 years after that, another scholar wrote Shatabhushani, 100 ornaments of Advaita. That means refuting the 100 objections. And so on. This is the one thing I wanted to say, this is a very vast background. But coming to your point, Vishishtadvaita is definitely more theistic.",22286,22919,,,105
en_video_09_0037,video_09,en,Advaita,37,"Instead of saying I am Brahman, it says I am a part of Brahman. Brahman is the whole of which all of us we are parts. So the world is a part of Brahman, you and I we are parts of Brahman. And what do you have to do? Knowledge is helpful to realize that we are a part of Brahman. I am a part of Brahman, that is knowledge. Now, I the part, what will be my relation to the whole? Knowledge or devotion? Devotion. You are a tiny part of the whole. So your relation to the whole will be devotion.",22920,23412,,,103
en_video_09_0038,video_09,en,Advaita,38,"God is the whole, Brahman is the whole, and Brahman in Ramanuja's view is Saguna Brahman, Brahman with infinite auspicious qualities. If you get Ramanuja started on the qualities of God, then you have to have patience because he'll take a full page. Once he starts, what are the all knowing, all merciful, all loving, just, beautiful, gracious, and he'll go on and on and on. In fact, the Bhagavad Gita, Ramanuja's commentary on Bhagavad Gita, he starts off, the first page is one line, one single sentence of the qualities of God. He loses himself in ecstasy when he talks about God, but it is atheistic God.",23413,24022,,,108
en_video_09_0039,video_09,en,Advaita,39,"Not pure consciousness, pure being, beyond the universe, you know, I am Brahman is the only reality, the universe is an appearance and I am Brahman, Ramanuja would plug his ears. It's blasphemy for him to hear such things. So it's a very, very, very devotional philosophy. Yeah. Sorry for that little lecture. In fact, if you want to have a deeper understanding of Advaita Vedanta, the original classical Advaita Vedanta, it's good to study Vishishtadvaita also because they are often confused together. the the difference will make you understand both very clearly. The approaches are very because they sound similar but they are not similar.",24023,24666,,,106
en_video_09_0040,video_09,en,Advaita,40,"Yes. Of course there is, but it's a different approach altogether. In Advaita Vedanta, the question was, do we have Bhakti Yoga in Advaita Vedanta? Yes. But what, what does Bhakti Yoga serve in Advaita Vedanta? Twofold. One is at the preparatory stage, it is a very good preparation for knowledge. Bhakti is a support for knowledge. What will set you free? What is the ultimate? Bhakti or Gnana? The Shankara will say, obviously Gnana, there's no question. Knowledge will set you free. I am Brahman. And after becoming free, after becoming an enlightened person, when you again find yourself as an appearance, as an individual, an appearance.",24667,25309,,,108
en_video_09_0041,video_09,en,Advaita,41,"Then God is also an appearance to you. That individual in appearance can have devotion to God in appearance. Their bhakti is an expression of knowledge. I know you and I, thou and I are, we are one. But still, I am thy devotee and you are my Lord. It's a very beautiful attitude. Hanuman. He says, Shrinathe Janakinathe abheda paramatmani. Tathapi mama sarvasya sarvasva Shri Rama kamalalochan. He says I know Vishnu Saguna Brahman. Shrinath and Janakinath, Ramachandra, husband of Sita. They are one reality. Abheda Paramatmani. And if you look at it Advaita in a non-dualistic way, then we are all one reality.",25310,25922,,,105
en_video_09_0042,video_09,en,Advaita,42,"We know that. I know that. But even so, tathapi, even so. For me, everything is the lotus-eyed Rama. That's that's an expression of devotion of love. That can exist after full knowledge also. So Shankaracharya has no problem. He's not playing becoming a dualist by writing all these beautiful hymns to to Krishna, to Ganga, to Shiva, beautiful hymns. Some of the most beautiful hymns are written by Shankaracharya. who's a non-dualist, and he's not playing two roles there. That devotion is an expression of his knowledge. There is a very beautiful saying, I don't know who it is attributed to, the roles of Bhakti and Gyan, knowledge and devotion.",25923,26571,,,111
en_video_09_0043,video_09,en,Advaita,43,"Bodhat prak dvaitam mohaya. Before enlightenment, duality leads to samsara, delusion. We get trapped, which we call samsara. This this problem we have. It is because of plurality, duality. Prapte manishaya bhakti artham kalpitam dvaitam advaitadapi sundaram. After you become enlightened, one Brahman, I alone am that. After that, again when this world appears to you as it will, And you find yourself in this body and you're living the same life as before. Then what do you do? How do you live life in a false world? How do you live life? After having known the reality, Bhakti Artham Kalpitam Dwaitam.",26572,27175,,,102
en_video_09_0044,video_09,en,Advaita,44,"Duality. Kalpitam, imagined or projected for the sake of love, is more beautiful than non-duality. Advaitadapi sundaram. But who can say that? Only the person who has realized non-duality. So it's a it's a difference. I and the Lord are different, it's your projection. You know that you are not different. You are one, you have already realized it. Now it's a matter of delight. What do you do when you watch a movie? You know it's not real. You know there's nothing to it, but then you project a certain reality to it and then you react, you laugh and you cry and you cheer and you clap.",27176,27765,,,109
en_video_09_0045,video_09,en,Advaita,45,"All the while knowing the background is that it's a movie. Then delight comes, otherwise terror. You see, King Kong climbing Empire State Building, iconic figure picture, you know. And you say, oh, it's so enjoyable. And watching the movie theater, King Kong, this huge creature is climbing Empire State building. And if a tiny monkey comes in the theater, you'll scream and run away. Why? Because King Kong is an appearance, not there, and therefore you enjoy. But that monkey is there, it can bite. So delight, it becomes delight after non-dual realization. Madhusudan Saraswati who was a great non-dualist.",27766,28375,,,101
en_video_09_0046,video_09,en,Advaita,46,"In fact, the the acme of philosophical writing on non-dualism. Advaita Siddhi, one of the toughest books on non-dualism, which is an reply to an attack by dualists, written by Madhusudan Saraswati, master. I I myself once learned the new Navya Nyaya, the new school of the school of neologic which originated in Bengal. I learned that I went and we had each had to stand up and say why you are learning it. So he said you are a monk, why are you learning neologic. So I said I'm learning it to read Madhusudan Saraswati's Advaita Siddhi. So Advaita Siddhi, toughest book on non-dualism, Madhusudan Saraswati.",28376,28984,,,107
en_video_09_0047,video_09,en,Advaita,47,"But the same Madhusudan Saraswati has written a beautiful commentary on the Bhagavad Gita. And in one of the verses he says, I forget the original Sanskrit, what it means is this. If the Yogi in meditation wants to remain immersed in the in the light shining in his in his heart, the unmanifest light of consciousness shining in his heart, wants to remain immersed in that, let him do so. But what delights my mind's eyes, what delights my mind's eyes is the little blue boy playing on the bank of Yamuna. Krishna, the baby Krishna playing on the banks of Yamuna.",28985,29548,,,103
en_video_09_0048,video_09,en,Advaita,48,"Who is saying this? Madhusudan Saraswati. non-dualist. So bhakti is very much possible, but the philosophy of bhakti in Shankara's Advaita and the philosophy of bhakti in Ramanuja's Vishishtadvaita different. And in Ramanuja's Vishishtadvaita, bhakti is the supreme. In fact, the bhakti reaches its peak in what is called prapatti. Prapatti is complete surrender. So there's a lot of discussion about that in. So if you if you are interested in practice of bhakti, there are many things to be learned from Ramanuja's. I'll take this occasion to share one thing in the Gita itself. In this second chapter, one more insight, beautiful insight which Ramanuja gives, which you won't find here in the non-dualist interpretation.",29549,30272,,,116
en_video_09_0049,video_09,en,Advaita,49,"Ramanuja says, it will come in the Gita a little later. Control of the senses is necessary for enlightenment, it says. Krishna himself will again and again emphasize, strict self-control is necessary for enlightenment. And then he says, it's only after enlightenment that perfect sense control is possible. Ramanuja catches that. In his commentary he says, isn't it a vicious cycle? You want control over the senses and a controlled body, controlled mind so that you get enlightenment. But that will not happen until you are enlightened. And since one depends on the other, enlightenment is impossible, he says. Dushprapya, it is impossible to get.",30273,30921,,,105
en_video_09_0050,video_09,en,Advaita,50,"Then, then what do you do? Then Ramanuja says, that is why Bhakti is introduced. Moment you direct love towards God, the senses are automatically controlled. It's much easier to control even when you're not enlightened. If music is spiritual music, You want to smell nice things, flowers and incense for God. Want to eat nice things, offer, Prasad. Everything is connected to God. Our actions are connected to God, our senses are connected to God, our activities and thoughts are connected to God. And God In fact, the very word Krishna means the attractor, the one who attracts, the one who attracts our senses.",30922,31534,,,105
en_video_09_0051,video_09,en,Advaita,51,"Once you try a little bit, you will find a tremendous attraction in attraction of devotion, of love to God. And then the senses become much easier to control because they are now flowing Godward. Those senses are they have no problem there. A spiritual life becomes much easier. Okay, last question. I will not answer it, maybe but let's hear the question. You raised your hand, yes. I was just remembering a song. Yes, yes. Yes. the takeaway he gives him or the escape is really just to worship Krishna in every in every sentence. In fact, knowing that song, it doesn't even seem after hearing that song that Shankaracharya was a monologue.",31535,32176,,,114
en_video_09_0052,video_09,en,Advaita,52,"Right. Yes. That's why I said he's asking about the song Bhaja Govindam, which is very popular. Bhaja Govindam literally means if you translate into English, worship Govinda or Krishna. That's why I said, some of the most beautiful dualist, beautiful devotional hymns have been composed by Shankaracharya. But now you know that to judge a philosopher, a saint philosopher like Shankaracharya, you must take the entire body of his work. You can't take little from here. Many people take only the hymns. Then he'll turn out to be a complete bhakta, devotee. But surprisingly, he's a devotee of Shiva, of the divine mother, of Krishna, of Ganga.",32177,32819,,,108
en_video_09_0053,video_09,en,Advaita,53,"He's intensely devotional. But then if you take the Bhashyas, the commentaries on the Upanishads and the Bhagavad Gita and the Brahma Sutras, then it falls into place. Basically, devotion is helpful. What he will basically say there is, if you ask then why haven't you talked about knowledge in that hymn? Worship Krishna, by the grace of Krishna, you will get knowledge and get freedom. I'm not putting it this way. If you see the commentaries again and again in the Gita, it will come. Whenever devotion is prescribed, Shankaracharya will chime in. Yes, this is great because it leads to knowledge.",32820,33420,,,103
en_video_09_0054,video_09,en,Advaita,54,"And so then after knowledge you get enlightenment. So like that. That's a very beautiful hymn, very popular. Bhaja Govindam, Bhaja Govindam, Govindam Bhaja Moodamate. Oh fool, worship, take the name of God. He saw this person memorizing Sanskrit grammar, sutras. Grammar is in the form of sutras. There are 4000 plus sutras of Panini. Now one sutra this person was sitting by the bank of the river and memorizing, have to memorize a lot. So he's memorizing, the sutra goes like this, Dukrin Karane, Dukrin Karane, Dukrin Karane, sit and memorize. And Shankaracharya felt sad for this person that a few days later he'll die.",33421,34044,,,106
en_video_09_0055,video_09,en,Advaita,55,"And all he has done his lifetime is grammar. And then he sings, Dinamapi Rajani Sayam Pratah Shishira Vasanto Punaraya Ayat. Kala kridati gacchati ayu tadapi na munchati asha vayu. Bhaja Govindam bhaja Govindam Govindam bhaja moodavate. Prapte sannihite kale nahi nahi rakshati dukh krinkarane. He sings. that you're seeing that person memorize Sanskrit grammar rules, sutras. Um, nowadays you would call them algorithms. They're like that. Um. And he says, evening has come. Again it will become morning. Day turns into evening. Um. Spring, autumn into winter, winter into spring and so on, the seasons come and go. Time is dancing, Kalah kridati, time plays on.",34045,34708,,,107
en_video_09_0056,video_09,en,Advaita,56,"Gacchati ayu, your life is running out. Never to come back again, your days are running out. Then, He says, but the the flame of this desire, Asha here means desire, not hope in the positive sense, that just this little more and then everything will be good. I'll make one more click on the stock exchange, and then I'll be set for life. This gadget, iPhone 8, that's that, that's it, and then I'll be really happy. And that thing, and that's it, I'll be really happy. This relationship, that vacation, I'll be really happy, and so on. No.",34709,35248,,,100
en_video_09_0057,video_09,en,Advaita,57,"None of it is at the end. Nothing, nothing in this way, nothing can be, um, uh, nothing will come to a conclusion. It will just go on and on and on. Never, never will you get fulfillment. Then, He says, worship the Lord, worship the Lord, worship the Lord, you fool. When the time comes, prapte sannihite kale, when the time, that time comes means the time of death. When the time of death draws near, nahi nahi rakshati dukhrin karane. Your Sanskrit grammar will not help you. Only the Lord can help you. And it's a beautiful hymn.",35249,35781,,,100
en_video_09_0058,video_09,en,Advaita,58,"It goes on and on and on, very touching, very touching. So it evokes devotion for God. Alright. But here, um, the materialist view is put forward, that's one point of view. Another point of view, it's not the materialist view, it's, um, it could be the Buddhist view. The Buddhist view is the Atman, the self, is not a permanent entity like the Hindus say it is. It is born and destroyed every moment. There is a self, but it's a continuous stream. William James, he coined the term stream of consciousness. The Buddhist view is something like that.",35782,36331,,,100
en_video_09_0059,video_09,en,Advaita,59,"We are a continuous stream, born and dying every moment to moment to moment to moment. Could be that view also. Um. I think it's basically what Vedic Hindus believed at that time. Not a materialist view, not the Buddhist view, but the view that we are subtle bodies. We are born with the birth of this body, this body dies where we go on propelled by our past karma to other worlds and other lives and we are born, we die and we are born and we die. That view he's talking about. And why do I think that?",36332,36836,,,100
en_video_09_0060,video_09,en,Advaita,60,"We'll see the next few verses, they support this conclusion. Now the question here is, is that even if you think you are born with the birth of the body and you die with the death of the body and you don't agree to the Vedantic view or the Advaitic view of the Atman, even then you should not grieve. Why not? Powerful verse 27. This verse is not philosophy, it's common sense. Jatasya hi dhruvo mrityu. Jatasya hi dhruvo mrityu. Dhruvam janma mritasya cha. Dhruvam janma mritasya cha tasmad apariharye arthe tasmad apariharye arthe natvam shochitumarhasi. Natvam shochitumarhasi. Very poetic.",36837,37430,,,101
en_video_09_0061,video_09,en,Advaita,61,"To one who is born, death is certain. Crisp Sanskrit phrase, Jatasya hi dhruvo mrityu. Death is certain to one who is born. Dhruvam janma mritasya cha, and this is more problematic. Birth again is certain for the one who has died. He'll go on to other lives, he or she. Therefore, what's the upshot of all of this? Apariharyarthi. The inevitable, the unchangeable, where we have no choice at all. What's the point of bewailing the inevitable? says that which is a fundamental fact which cannot be changed at all. Jatasya hi dhruvo mrityu. For those who are born, death is certain.",37431,38011,,,103
en_video_09_0062,video_09,en,Advaita,62,"Swami Vivekananda puts it very powerfully. Saints die and sinners die. Poppers die and emperors die. The learned die and equally do the ignorant die. All will die. This is certain. It has nothing to do with belief, non-belief, spirituality, science, medicine, nothing. One will ultimately die. Even Avatar, whether it's Buddha or Jesus or Krishna or Rama or Ramakrishna, their physical body has gone. One Swami was joking, said, said we use better words when it comes to spiritual personalities. He has ascended. to his divine heavenly abode or divine abode. Okay, he may have ascended, but basically it means that the body died.",38012,38641,,,105
en_video_09_0063,video_09,en,Advaita,63,"The person is dead. In India, we say for monks, when the monks passed away, we didn't say he died. He attained Samadhi, Maha Samadhi. But basically the meaning is that the body is dead, the body is gone. The person is dead. Jatasya hi dhruvo mrityu, a simple fact worth meditating upon. Swami Vivekananda taught this to a disciple on the acceptance of death, contemplation of death. The disciple said it'll lead to lead to terror and depression. And Swami Vivekananda thoughtfully said at beginning, in the beginning it might, but afterwards will come a great freedom and strength.",38642,39223,,,100
en_video_09_0064,video_09,en,Advaita,64,"Jatasya hi dhruvo mrityu. There is no choice here. And you need not be afraid. Sri Krishna says if you accept the Advaitic point of view, you need not be afraid at all. It is nothing to you really. Just like changing a suit of clothes. He said that, like changing old clothes. If you do not accept the Advaitic point of view, even then it's nothing to you because it's inevitable. And he says, you are not destroyed. The next part is, dhruvam janma mritasya cha. Birth will be is certain for those who have died. Now, this phrase, inclusion of this phrase shows that it's not the materialistic point of view.",39224,39832,,,113
en_video_09_0065,video_09,en,Advaita,65,"If it was the materialistic point of view, you're dead finished. No religion is possible, nothing more matters after that. But the moment Krishna says, ""Dhruvam janma mritasya cha,"" after death, again birth is certain, propelled by our past karma. So with this phrase, he has introduced the entire karma and rebirth idea. Which is so common in India. I say India, not Vedanta, not Hinduism. One Vedanta, a great Vedanta teacher said, these two things, Karma and rebirth. The doctrine of Karma and the doctrine of rebirth. In Hindi, Karma or Punarjanma, Karmavad Punarjanma. Doctrine of rebirth. These two are truly profound doctrines, teachings.",39833,40478,,,105
en_video_09_0066,video_09,en,Advaita,66,"Why? He says we disagree on almost everything else, whether God exists or not. Buddhists don't talk about God, Jains don't talk about God. There are schools of Hinduism which do not talk about God. Whether God is with form or without form, whether God exists or not, then what is the way to enlightenment? Is it bhakti, a devotion? Is it knowledge, gyana? Is it meditation? Is it austerity? What is it? Many, many views. Not only that, do you exist? On that also there is dispute. The Buddhist says there's no permanent self. It's a stream of changes, flux.",40479,41036,,,101
en_video_09_0067,video_09,en,Advaita,67,"Kshanikam, kshanikam, sarvam kshanikam. Momentary, momentary, all is momentary. Shunyam, shunyam, sarvam shunyam. Empty, empty, all is empty. And the Hindu says there is an eternal self. All these differences are admitted, wide variety of views, viewpoints in Indian philosophy. Yet, this this Vedanta teacher was saying, yet. These two, karma and rebirth, are common across the board. Jain, Jains, Buddhists, Sikhs, Hindus, and all the varieties of Hindus, Vaishnavas, Shaivas, Shaktas, non-dualists, dualists, qualified monists. Uh, difference, identity in difference, achintya bheda bheda. So many schools, tantriks, everybody except the materialist accepts that there is karma and there is rebirth.",41037,41739,,,101
en_video_09_0068,video_09,en,Advaita,68,"Is it non-dualist? He says, take it seriously. Yeh gambhir baat hai. Yes. No. It's only for the rest of us. So, for, uh, for what Krishna, remember, up to now Krishna was teaching the highest Advaita. Pure consciousness, Atman, it's not born. There's no question of rebirth. Let me tell you this funny story I told you earlier. One of our monks, he was in the Himalayas in a little cottage. He was studying the Hindu or Indian idea of rebirth. Many lives, punarjanma. And the Abrahamic idea that there's only one life. Jews, Christians, Muslims, they say there's only one life.",41740,42317,,,103
en_video_09_0069,video_09,en,Advaita,69,"You didn't exist earlier, you were created by the creator, and then this life is there, after that you wait. in in stasis or something for a long time until you get your heavenly life or or the hellish fire, whatever. Now, there's only one life. You don't get many bodies, many many lives. So which is true. Both can't be true. Though actually both are true. You know how? The way I understand it is, if you take the broader, if you take the holistic world view, there are many births and deaths. If you take one birth and death, that's one life.",42318,42864,,,104
en_video_09_0070,video_09,en,Advaita,70,"If you don't know what came before that, if you don't know what comes after that, you will just say there was only one life. And this is what, this is a conscious choice. A conscious choice. If you actually go to the Bible and the Old Testament, there are any number of references to past lives. I was such, now I am this. So there are many such references. There was a committee in the during the Roman Empire and they studied this matter. Many lives or one life and the resolution was that let's rule out many lives and we will decide.",42865,43402,,,104
en_video_09_0071,video_09,en,Advaita,71,"The committee decided there's going to be one life from now on. because it was not advantageous to a particular Roman emperor, I think, something like that, some some kind of choice was made. So in the ancient history of all religions, many lives are admitted. Anyhow. The point is one life or many lives. So this monk, he was studying both sides and this way and that way and all the other monks in that cottage, they were annoyed with him. They got bored of listening to these arguments. So he took his argument outside. In another ashram nearby, there was a great non-dualist master, a monk, who was an extreme Gaudapada type of non-dualist, Ajatavada, what we are studying in Mandukya Karika.",43403,44099,,,124
en_video_09_0072,video_09,en,Advaita,72,"So he goes there. He says, Swami, these are the arguments in favor of many lives, punarjanma, reincarnation. These are the arguments in favor of one life, that there's only eka janmavada, one life. Then that Swami said, that teacher, he said, oh Swami, why are you talking about all of this? When there is no birth, where is the question of rebirth? Read Mandukya. Because according to Mandukya, you are not even born once, let alone many lives. Atman is not even born once. The whole thing is Maya, is an appearance. In Hindi he said, Are Mahatma ji, jab janm hi nahi to punarjanm kahega?",44100,44689,,,107
en_video_09_0073,video_09,en,Advaita,73,"Aap Mandukya padhiye. And that Swami came back and told me, our Swami, he was furious. You can't argue with these non-dualists. I've got a serious question to ask and he will simply go to Maya and Brahman and the whole question is dismissed. Yes. But then you said, didn't you say everybody accepts karma and rebirth? So non-dualist also accept, you said? Yes, but remember non-dualism, vyavaharika paramarthika. Transactional level, empirical level, relative level, this world. Everything is accepted. Paramarthic in the absolute sense, only Brahman. There was a time, When Shankara was teaching in and the other schools of Hinduism, he said this Brahman alone is real, world is an appearance, I am Brahman, these fellows are atheists.",44690,45426,,,120
en_video_09_0074,video_09,en,Advaita,74,"Some said these fellows are Buddhists. And the dualist Hindus attacked the non-dualist saying that Prachanna Bauddha, these people are crypto Buddhists. Even now Shankar is called a crypto Buddhist by some because they seem to deny conventional religion. They ask. The dualists. Do you believe the Ganges is a holy river? Do you go to temples and bow down before God? Do you perform the ceremonies for departed ancestors, Shraddha? Because you're saying the world is false. You're saying the world is false. So are you denying religion? You guys are atheists. So, we had to explain that is Shankara and his disciples had to explain that listen, we accept everything.",45427,46093,,,112
en_video_09_0075,video_09,en,Advaita,75,"There are two levels of reality. One is the ultimate reality, which is Brahman, where the question of there it's not that you do not accept religion and you are an atheist, neither theist nor atheist, nothing matters there. Here in this world, we are as much of theists as you are. We are very happy to go to go on pilgrimages and take a dip in the holy Ganges and any religious activity is very good because we regard it as very good preparation for the ultimate knowledge. At a transactional level, we call it vyavaharika, relative level. Aren't you studying Vedanta?",46094,46663,,,103
en_video_09_0076,video_09,en,Advaita,76,"Where are you studying Vedanta? Is Brahman studying Vedanta or you're coming to class and attending classes? If that is real, then why can't you go to a temple and bow down or a church and sing hymns? Why can't you do social service and give alms to the poor person? Everything is accepted at this level, but ultimately from Brahman point of view, everything is an appearance. And you are, you are that ultimate reality. So this, this was Shankara's point of view. Yeah. Okay, quickly. Can we say knowledge starts with Krishna and it will culminate into Advaita?",46664,47226,,,100
en_video_09_0077,video_09,en,Advaita,77,"Some people look at it that way. Does knowledge start with Vishishtadvaita? Why only Vishishtadvaita? Dvaita, let us say. We go from a dualistic point of view to a qualified monistic to a non-dualistic point of view. I have no objection and Swami Vivekananda himself has spoken that way, a ladder theory. But the problem is, will the dualist and the qualified monist accept it that you are the middle rung in the ladder or the lowest rung in the ladder? I don't think so. For a non-dualist, no problem. Non-dualist, as long as non-dualism is the highest rung, we are fine with it.",47227,47807,,,104
en_video_09_0078,video_09,en,Advaita,78,"We are fine with it. And the non-dualist does this, but it's a little demeaning for. For the dualist. Dualist, can the dualist do this? Usually they cannot because the non-dualist can give a relative reality to dualism. But the dualist cannot speak in terms of relative reality and absolute reality. For the dualist, there is only one reality, this is it. This is it. Then where is God? Somewhere, there's also a place called heaven, there is God in heaven, and all of this is this one reality. But what the Advaitin does is, this is an appearance and right here is the absolute reality Brahman which we are trying to show you.",47808,48435,,,114
en_video_09_0079,video_09,en,Advaita,79,"So the Non-dualist can make space for dualism. Dualism cannot easily make space for non-dualism. That's why you'll find the dualist schools usually they're furious with non-dualists. And there are dualist schools who say that, um, you know, they will say about other religions in Hinduism, they're a little narrow kind of dualists who say about other religions, even they can be rescued. But these non-dualists are the worst. They can never be rescued. They are finished. Let me go ahead. So, the whole idea of karma and reincarnation is introduced here in this little narrow little phrase. Dhruvam janma mritasya cha.",48436,49054,,,102
en_video_09_0080,video_09,en,Advaita,80,"The certain is birth for those who die. When we die, propelled by our past karma, what dies? Physical body, we've discussed this earlier. Three bodies. Physical body, subtle body, causal body, beyond that the Atman. Now when the when death comes, death comes for the physical body. The subtle body and the causal body, they say that it sort of curls up into a seed-like form and it goes away. And it is reborn again when it gets another suitable physical body. How do you how does it get a physical body? Based on its past karma. We all have enormous stores of past karma.",49055,49627,,,106
en_video_09_0081,video_09,en,Advaita,81,"A part of that gives us a particular physical body. That part of my karma which has given me this physical body is called Prarabdha Karma. Literally if you translate, well begun. It has started to give results. And so whatever I experience in this life, all the major events of my life are because of that past karma. I have a degree of freedom. But my parents, my health, my lifespan. So the lifespan of this physical body depends on that slice of my past karma which has generated this physical body. Once that is exhausted, this body will die.",49628,50174,,,101
en_video_09_0082,video_09,en,Advaita,82,"And the next Another slice of my karma will become active and generate a new body for me. Next life. What will happen? The subtle body and the causal body will inhabit that and then slowly develop into maturity as that physical body. It blooms into maturity then it'll start working again. Not very different from when you take, you know, earlier when a computer would crash, we used to have the programs in floppy disk. So we would take the floppy disk and put it into the new computer and it would start working again. Now in the disk itself, floppy disk itself, it's not usable.",50175,50756,,,107
en_video_09_0083,video_09,en,Advaita,83,"It's not usable. It's there, everything is there, but not usable. But once you put it, you need a new computer, when you put it in there, then you can see everything again. Similarly, our subtle body. tendencies, our karma, our vasanas, desires, all are there, but not functioning. They can't function without a physical body. When you are put into a new physical body, as the body develops, that subtle body also develops along with it. And then you get a new life. This is what he means, dhruvam janma mritasya cha. Certain is birth for the dead, but for whom?",50757,51319,,,102
en_video_09_0084,video_09,en,Advaita,84,"Only for the enlightened. That we have many lives is not good news for the Hindu. It's bad news. It's a thing to be gotten out of. There was a joke, a cartoon when this Christian born again Christian guy is saying to the Hindu, look, I'm a born again Christian. And the Hindu is saying, oh, I'm a born again and again and again and again Hindu. Very cute cartoon. It is to because why is it bad? Ultimately, it's not bad in itself. It keeps on giving us a stream of experiences. Ultimately, It is bad because it is under limitation, we do not know who we truly are, and it is subject to endless suffering.",51320,51925,,,118
en_video_09_0085,video_09,en,Advaita,85,"Endless suffering. Yes. Yeah. One thing that is, you know, empowering to me with respect to Advaita Vedanta is nobody is respecting. Yes. You take 1000, 1000 lives or 100 lives or whatever, at the end of the day you are gonna realize, you know, the ultimate truth. Absolutely. Not only that, not only at the end of the day, you are that absolute truth right now. That that is most empowering. Even if I do not realize it, I am perfectly safe right now, you are perfectly safe right now, everything is alright from that point of view. So so so the point I was trying to make is to me, you know, the number of births is is is not so significant because I will I am Brahman but I will Yes, but remember one thing, Krishna is switching his standpoint here.",51926,52678,,,144
en_video_09_0086,video_09,en,Advaita,86,"He notices that you say you are finding Advaita empowering, Arjuna was not finding it empowering. Krishna notices that. So he's switching to a more common sense approach. Something that Arjuna being a Hindu of those times would be more accustomed to thinking. You think that you are born with this body, you existed in other bodies earlier and you will exist later on. That's what you think. He says, yes, that's what we have been taught. Even then you should not grieve for about death of this this body. That's what Krishna is trying to say. Already he has said even if, but if he has used those words, that means all that I have taught till now, Advaita, if it's not sinking in, if it seems fantastic, impossible.",52679,53395,,,130
en_video_09_0087,video_09,en,Advaita,87,"In that case, let me give you some common sense advice. That also it will work that you should not feel disturbed by death. Yes. All right, go on. One can say more about that, yeah. Yeah. Would then would we consider our religion as a construct to the goal of evolution. Correct. Ultimately, many great philosophers have said that the purpose of all of this is enlightenment, freedom, perfection. as different as Shankara and Hegel and others they've said, ultimately it's moving towards, um, call it a spiritual realization, call it a perfection, call it an enlightenment. So that's what we are doing, reading the pages of life in a book.",53396,54035,,,112
en_video_09_0088,video_09,en,Advaita,88,"Each page is one life. Turn over page, one life gone another. And the soul is, soul means a subtle body, is evolving, learning, growing, that's one way of looking at it. What would be the purpose of all of this? Attainment of our real nature which is infinity, from the limited to the infinite. That's where we are going. The beautiful prayer from the unreal to the real, from darkness unto light, from death. What is death? Not one death. Many deaths. In one way it's more terrifying, many deaths. Uh, to immortality, beyond death. This thing about being reborn, Krishna puts it nicely, the for the dead rebirth is certain.",54036,54660,,,112
en_video_09_0089,video_09,en,Advaita,89,"Upanishads give a very shocking language. Mrityu sa mrityumapnoti ya ya naneva pashyati. Who sees plurality here, difference here, dualism here. That one, what is the result? That one goes from death to death. Could have been nicer, you know, could have said goes from birth to birth. No, that one goes from death to death, to shock, the shock value. Yes. Okay, the lady first and then the. How exactly is the very complex information associated with the subtle body transferred from one back to the other because there is something obvious in this material world that is. That is true.",54661,55247,,,102
en_video_09_0090,video_09,en,Advaita,90,"You're saying that how is the information transferred? There's nothing obvious going from one body to another in the material world. That's true. If we could find that, then religion would have a scientific basis. There, that's why I said what Krishna is saying here is not the materialist point of view, is the conventional religious point of view of ancient Hindus. Bodies die but you go on. What goes on if you ask what is the basis for transformation of all the transfer of all this information? Sukshma Sharira. If you ask what is Sukshma Sharira, they will say it is made of Sukshma Tanmatra.",55248,55846,,,106
en_video_09_0091,video_09,en,Advaita,91,"According to the ancient cosmology, these physical bodies are made of 5 elements. This is a kind of thinking which Many ancient civilizations had space, fire, air, fire, water, earth. So this is a combination of these elements has made this body, but What ancient Indian cosmology goes a step further or deeper. It says our subtle bodies are also made of these elements. These elements have a gross aspect, physical aspect, which is this. So this is earth, in that there'll be liquid, that is water. In there it is heat, it's hot. So that is fire and so on.",55847,56404,,,101
en_video_09_0092,video_09,en,Advaita,92,"But there are subtle aspects of this. Um, the five elements come in sukshma and sthula. So the the subtle aspects are called Sukshma Tanmatra. Yogis are supposed to be able to see that. The subtle and we also see it in a certain way. How? Think a thought. Feel an emotion. Experience a desire, love, hate, all those things which you are experiencing right now, those are the subtle elements. What is happening in the physical body? Neurons are firing in the brain, which is gross element, according to Vedantic terms or Sankhya terms. But what you are experiencing, That is the proof of the existence of subtle elements.",56405,57025,,,110
en_video_09_0093,video_09,en,Advaita,93,"You know, I will immediately talk about the hard problem of consciousness. Business here. But yes, for the first time in modern science, we have narrowed down the problem until you can explain a simple thing like Think of a rose, think of that beautiful flower right now, experience the redness, the shape of the flower. Explain it in terms of neuronal activity of the brain, the experience you are having. You cannot. It's come to a dead end, literally. And I'm seeing now time and time again symposiums, conferences, consciousness, consciousness, consciousness, what is consciousness? Again, there's a we have a informal sort of philosophy cafe which I wander into sometimes and we discuss it.",57026,57721,,,116
en_video_09_0094,video_09,en,Advaita,94,"The next topic is again, um, is consciousness fundamental. It's happening across the top philosophies, neuroscience departments, they're trying to, neuroscience departments are trying to reduce consciousness to the brain. Then your question will be valid. There is nothing which is transmitted after death, how will the subtle body go, where is the subtle body? Then there's no subtle body, the Charvaka will be right. But they are unable to reduce the consciousness or mind to the physical brain. Then what is consciousness or mind? You can't deny it exists because you are experiencing it. I am experiencing it. Everybody is experiencing it.",57722,58365,,,103
en_video_09_0095,video_09,en,Advaita,95,"In fact, that's all that we experience. The very word experience. means consciousness is there and some kind of subtle body is there. Otherwise no experience is possible. So, there's a subtle body to answer your question, Sukshma Sharira which goes from physical body to dead physical body to a new living physical body, a baby maybe and then be reborn in that body. It's a proof that it exists. I can give you first person proof that you you are experiencing it yourself. But show me that it something leaves this physical body and goes, it must be a kind of matter which we have not discovered.",58366,58962,,,108
en_video_09_0096,video_09,en,Advaita,96,"I don't know. That is the question mark. If you ever discover that, you know, it will have a tremendous impact. It will prove that religion is real. That something goes on after death will prove that religion is real. Alright, let's, uh, you had a question at the end? Yeah. Let's see at them because we have run out of time. The first is I was wondering if there is this critique of of Vedanta that comes to my mind. I was wondering whether people have written how Vedanta answers it. Is that Sansara or the endless cycle of life and death is a problem because it's an endless cycle, but fortunately we don't remember it, so it's not a problem in that respect.",58963,59624,,,125
en_video_09_0097,video_09,en,Advaita,97,"So is Vedanta just giving a solution to a problem but by first telling us No, but not of the body. After enlightenment, the body at no question, no point is the body reborn, right? The subtle body is reborn in a new physical body. What happens at death? Yeah. So, to answer that question, it's Upanishads say that at the point of enlightenment, the enlightened person continues as long as the karma for that particular body lasts. That is called Jeevan Mukti. When that the karma for that body is exhausted, that body falls apart just like for every one of us, but there's a difference.",59625,60211,,,107
en_video_09_0098,video_09,en,Advaita,98,"The difference is for the subtle body also dissolves away for that person. For us, the subtle body continues. Why would that happen? Remember, what is the purpose of the whole thing? Purpose is enlightenment. So in one sense, the purpose of nature is served. And this idea actually has come from a more ancient teaching of Sankhya, Prakriti Purusha. Prakriti means nature, nature does everything for the experience and enlightenment, experience and release, bhoga apavarga of the Purusha. That idea is incorporated into Advaita, the subtle body dissolves after enlightenment. Upanishads are there for who say this. Going back to your first question, question is, is Vedanta solution in search of a problem?",60212,60918,,,114
en_video_09_0099,video_09,en,Advaita,99,"That many lives will be will be free from the cycle of birth and death. I don't even know about the cycle of birth and death. I'll be free from a problem which I don't know about. Actually, if you investigate, The human condition, you will come across this birth and death problem as it is something pervasive in Indian thought. But that's not the only way that Vedanta can be framed. Suppose people ask, suppose in a in a society which does not believe in believe in past lives and future lives, just this life. Does Vedanta have any use?",60919,61458,,,101
en_video_09_0100,video_09,en,Advaita,100,"Tremendous use. Vedanta says you can make it neutral from that perspective. You can directly say what is the purpose of Vedanta? Atyantika dukha nivritti paramananda praptisha. Complete cessation of sorrow here and now, this life sorrow. An attainment of deep lasting peace and bliss, this life. Forget past life, forget future life, you need not talk about it. That was because of the cultural context of India in those days. That was the solution to this whole cycle of birth and death. And as that master said, take it seriously. Because you start thinking about life in itself, if you take time to be real, action to be real, cause and effect to be real, once you take that and we do take these things to be real, immediately the consequence implication will be we were and we will be.",61459,62248,,,141
en_video_09_0101,video_09,en,Advaita,101,"If we were and if we will be, then in that case karma and birth and death are there. So it's a very deep kind of conclusion. Yes, not directly obvious. If it was directly obvious, even materialists would accept it. And if the hard problem of consciousness is solved in that way, that they find something which survives and encodes personal information after death. Then you have it. If not, you need not talk in those terms, talk just in the terms of this life. Answer to suffering. Alright. Om Shanti Shanti Shantihi Harihi Om Tatsat Shri Ram Krishna Rupanamastu",62249,62812,,,101
en_video_10_0000,video_10,en,Advaita,0,"Om Vasudeva Sutam Devam Kamsa Chanuramardanam Devaki Paramanandam Krishnam Vande Jagadgurum. We are studying the Bhagavad Gita and we are in the second chapter. Of the 18 chapters, the second chapter is the most important. It basically contains the essence of the teaching. And in the second chapter, the teaching about the Atman, ourself, who we really are. That is the central teaching. So that's what Sri Krishna has been telling Arjuna till now. We have covered that part. We have studied about that. While wrapping up that teaching, the doctrine of the Atman, Sri Krishna mentions two important concepts in Indian thought.",0,627,,,103
en_video_10_0001,video_10,en,Advaita,1,"Um, not just Hindu Vedanta or Hindu thought but also Buddhist, Jain, Sikh, Indian and important concept of the Indic worldview. What are these two concepts? The first one is given in verse 27 and the second one in 28. We have done up to 27 last time. In 27, Sri Krishna said, For those who die, for those who are born, death is certain. Jatasya hi dhruvo mrityu. Death is certain for those who are born. This is common sense, we all know this. This is one truth that we all know without any kind of religion, whether you're theist, atheist, whether you follow a religion, Buddhist, Christian, Hindu.",628,1227,,,110
en_video_10_0002,video_10,en,Advaita,2,"Whatever you are, whatever we are, we know that death is certain. But the second part of that verse, Dhruvam Janma Mritasya cha, that is something new. For those who are dead, rebirth is certain. So we die, this body dies, which means that we do not die with the death of the body. There's something that is that continues and is again reborn in other lives in other bodies. So this idea, the doctrine of of Um, reincarnation. Punarjanma, many lives, many bodies. Um, this doctrine, it's a central feature of Indian thought. I've had occasion to mention this earlier that in spite of the tremendous diversity in ideas about God, There are different schools of Hinduism which believe in God, but God may be with form, may be without form, may be male or female or beyond gender.",1228,2005,,,140
en_video_10_0003,video_10,en,Advaita,3,"There are schools of Hinduism which do not believe in God. There's Buddhism, which does not believe in God, there's Jainism, which does not believe in God. There are different ideas about the nature of this universe, about what is the nature of the human problem and what is the solution. So many different ideas are there, so many different practices are there. But there's one thing common to all these streams of thought, all throughout in ancient India, all of them, they believed in this idea, this concept of reincarnation, that this is not the only life that we have had.",2006,2584,,,102
en_video_10_0004,video_10,en,Advaita,4,"We have had many lives in the past, and we will continue to do so. Therefore, we do not die with the death of the body. Death is death of the physical body, but something continues over, there is an afterlife and there are many lives in fact to come. So this is a very fundamental part of the Indic worldview. And why Indic worldview? I was just thinking, all the religions of the world, They all believe in some kind of afterlife. I was at the New York Ethical Society, you know the one just down, it's on 64th, I think.",2585,3106,,,102
en_video_10_0005,video_10,en,Advaita,5,"It's a very old institution. It's 1876, 1877. So their leader, we were in a discussion yesterday in the evening and Their leader was telling me how it came to be founded. It's in 1876. Felix Adler, who a Jewish man from Brooklyn, who was training to be a rabbi. He went to Germany and studied philosophy. And it seems his mother warned him, nothing good will come of that. And it didn't, depending on your perspective, because then he lost faith in God. He said he's not, he doesn't, he can't believe anymore in religion and God and all of that, but definitely he believes in values and ethics and meaning in life, so he founded the ethical society here.",3107,3761,,,121
en_video_10_0006,video_10,en,Advaita,6,"Anyhow, we were in a discussion and somebody raised the question, what is so terrible if after death there is nothing? Simply, that's the end. Of course, there is matter. I mean, the body will disintegrate into the elements and so on. Um, the energy in this body will be released into the system. But there's no personal continuity. There's no continuity of the sentient being which we regard ourselves to be. This one does not exist anymore after death. What's so terrible about it? What's so terrible about it? What's wrong with that? The only thing that I commented was to the discussion was, um, what is terrible about it and what's wrong with that?",3762,4415,,,116
en_video_10_0007,video_10,en,Advaita,7,"That it's a huge question. But note one thing. All the religions of the world, from the most primitive cave dwellers, they also talk, you see in the paintings there is their depictions of death and a spirit world afterwards. All religions of the world. All the traditions, the native traditions in Australia, in America here, in India, in every part of the world, and all the major world religions. Judaism, Christianity, Islam, Buddhism, Jainism, Hinduism, all its varieties, Sikhism. All religions of the world, Taoism, Shintoism, Daoism, all of them, Confucianism, all of them believe that there is something that continues after death.",4416,5055,,,104
en_video_10_0008,video_10,en,Advaita,8,"One lady she said, no, no, I don't think there's any afterlife in Judaism. I I've heard this from Jewish people that in Judaism we don't there's no heaven, hell, nothing after death. But that's a wrong idea. You just have to Google it once, after life in Judaism, immediately you'll get enormous amount of information. The thing is, and if you in fact look at the Bible, the Old Testament. All this idea of an immortal soul and heaven and hell, was the whole thing invented by Jesus? No. In fact, Jesus, his contribution is not so much original as taking out the essential spiritual teachings of the existing Judaic traditions.",5056,5683,,,112
en_video_10_0009,video_10,en,Advaita,9,"and giving them in a new creative concentrated form. It's not that he invented something anew. So those were all there in the in the Hebrew texts. In fact, if you look at the entire Judaic tradition, all the texts including the Rabbinic tradition down the ages, they are vague or sometimes clear that there is an afterlife. Maimonides, the great teacher, he spoke about. Uh, not only one afterlife, but a greater afterlife after that afterlife. So, very close to, I was just thinking the Vedanta idea that we have many lives, but ultimately the reality is all that will stop and we realize ourselves as Brahman.",5684,6295,,,108
en_video_10_0010,video_10,en,Advaita,10,"So an afterlife. After the afterlife also makes sense actually. Anyhow, so you have all these views, but I noticed one thing. I just, all courtesy Google, it takes a 5-minute search. You get all the data. I noticed one thing, there is no Jewish teacher throughout the history of Judaism who has said clearly there is no afterlife. That nobody has said clearly what a materialist might say, there is nothing after death. It all ends with death. No Jewish teacher has ever said that. And I might instinct to ask, was that that would be the case? It's impossible to have religion without nothing beyond death.",6296,6902,,,108
en_video_10_0011,video_10,en,Advaita,11,"So, it's not just Hinduism. Every religion says there's something after death, but the Indian religions go further and say that that afterlife, It's like a cycle, repetition. We are reborn again and again. Some others may say that no, we are not reborn again and again, but we continue to exist in some kind of suspended animation until certain things will happen and so on. But every religion agrees that death is not the end. So that's that's the point. Now, Sri Krishna introduces that idea here. An associated idea with reincarnation is the law of karma or the doctrine of karma.",6903,7486,,,103
en_video_10_0012,video_10,en,Advaita,12,"I wouldn't say law of karma, doctrine of karma. What propels birth and death and rebirth? What's behind all of that? And the Hindu idea, in fact the Indian idea, Hindu, Buddhist, Jain, Sikh, is that it is cause and effect. Everything that we see, these are consequences of certain causes. set in motion in past lives. And what we do now consciously, our causes being set in motion now, forces being set in motion now, which will give results in future. Since we we have this life, it's an effect of past causes, so we must have existed in the past.",7487,8035,,,102
en_video_10_0013,video_10,en,Advaita,13,"If if this is true, if this train of thinking is true, then we must have some in some form existed in the past. And if all our karma is not existed in this present life, if we generate new karma, new causes in this life, then we will have to exist to get the results of those karmas in the future. So many lives in the past and many lives extending to the foreseeable future. That's what Sri Krishna introduced in 27th verse. We did this last time. The second important conception he introduces, uh, in 28th verse, we shall see.",8036,8564,,,102
en_video_10_0014,video_10,en,Advaita,14,"Avyaktadini bhutani Avyaktadini bhutani vyaktamadhyani Bharatam Nidhyani Bharata avyakta nidhananyeva avyakta nidhananyeva tatra ka paridevana tatra ka paridevana Oh, descendant of Bharata, he means Arjuna. All beings have the unmanifest as their beginning, are manifest in the middle, and have their dissolution in the unmanifest itself. So why lament for them? Here, the Indian idea of creation and destruction, or more precisely projection and withdrawal, is mentioned here. He says, since we have existed in the past, and we will exist in the future after death also, but how we were in the past is not known to us. We were not in this form, and what we will be in the future is not known to us.",8565,9264,,,118
en_video_10_0015,video_10,en,Advaita,15,"Certainly, we will not be in this body. So that was unmanifest, it was not visible, not not not present for our experience and the future is also not visible. But what is available right now is this life. So this is manifest. But it goes beyond this. What he wants to say is, everything in this universe, this state in which we find them, he calls it vyakta or manifest. Manifest means available for experience. They are available for experience. You can see them, hear them, talk with them, or if any object, time, space, matter, energy, living beings, all of them, they are manifest now.",9265,9854,,,107
en_video_10_0016,video_10,en,Advaita,16,"You can see. But, there was a time when these were not there. Now the question is, did they not exist at all, or did they exist in some unmanifest form? The Vedantic idea which Krishna is introducing here is, the idea of creation and destruction is, not that there is creation from nothing. There is creation from something, and not that destruction is something into nothing, it is something into something else. Let me make it a little more, um, let me make it a little more clear. Suppose, um, like an example is from a seed. In the seed there is no tree.",9855,10413,,,105
en_video_10_0017,video_10,en,Advaita,17,"Right now there is a tree, but before this tree was there, it was a seed. It did not pop out of existence from thin air. It was there as a seed, and everything that you see in the tree, at least in outline, was there in the genetic material encoded in that seed. But it was unmanifest. What do I mean by unmanifest? When I say everything of the tree was there in the seed, I don't mean that if you investigate the seed, will you find roots and branches and leaves and fruits and birds and nests on, no, nothing.",10414,10925,,,102
en_video_10_0018,video_10,en,Advaita,18,"Nothing, you will not find any of that. And yet, the entire potential of the tree was there in the seed. And now we know it much better with the advances in genetics, for the last 100, 200 years we have known it. Especially with the discovery of in the recent years of of the chromosomes and the DNA. Um, so we know the the fact that what we see expressed as living beings, the characteristics of ourselves, they were all there in the seed. So it is transmuted, it was in an unmanifest form. When it sprouts and develops, you see a gradual manifestation of an unmanifest, of a pre-existing unmanifest potential.",10926,11537,,,113
en_video_10_0019,video_10,en,Advaita,19,"And the tree may die, but what what the tree was is again encoded in a seed. So it goes back into the unmanifest, that's what we say. Another a simpler example is a potter. He takes clay and molds it into a pot, and if he's not satisfied, he may push it all back into a featureless lump of clay. Now, one way of looking at it is that the pot was entirely there in the clay, every bit of it was there in the clay. The potter just gave it a shape. And when it destroys the shape, it's not that the part is gone.",11538,12047,,,107
en_video_10_0020,video_10,en,Advaita,20,"The reality called the part was nothing but the clay, and it has gone back to the clay. So it was the part was pre-existing in the clay in an unmanifest form. When you when you call it a part, it's manifest. But afterwards when it's again a lump of clay, we'll say the pot is still there in an unmanifest form. The thing is, unmanifest means you cannot see it, hear it, smell it, taste it, touch it. You can't take it to pottery barn and and and sell it. You can't put water in it, you can't you can't use it.",12048,12557,,,103
en_video_10_0021,video_10,en,Advaita,21,"So unmanifest means it's not available for transactions. But in a potential form, it's there. That is the Hindu idea of creation. The idea of this entire universe, it has not come out of nothing. It existed in an unmanifest form, for the entire universe it's not a seed or a lump of clay, rather, in Vedanta we call it Maya. It existed as Maya, the power of God, Ishwara Shakti, the power of God. And then creation started in Sanskrit Srishti. Srishti means projection. So what was already there in Maya in an unmanifest form? Was in Maya, this would you, would you have found stars and galaxies and plants and Vedanta societies and things like that in Maya?",12558,13216,,,120
en_video_10_0022,video_10,en,Advaita,22,"No. None of it, neither time nor space nor matter nor energy, none of it was there. But when Srishti starts, all of it is projected out. And so you have this universe. this physical universe which we see, time, space, matter, energy, stars and planets and life and all of that. And the idea is one day it will all be destroyed. What is destruction? What is destruction? Not complete destruction. This whole thing will again go back into its potential form as Maya. And then after a timeless duration, duration without time, again projection starts, Srishti. So when projection starts, unmanifest to manifest.",13217,13825,,,105
en_video_10_0023,video_10,en,Advaita,23,"Stars and planets, you know, matter and time and space and energy are projected out. Now you may call it a Big Bang or whatever, and the entire universe is presented before us. And after an immeasurable period of time, again it collapses back into again, I don't know, today you might call it a singularity or something, but even beyond that into the unmanifest, which is Maya. So all beings have their beginning in the unmanifest, in the middle they are manifest. What is middle? We call it a living being, we call it a universe, and the end is again unmanifest.",13826,14389,,,103
en_video_10_0024,video_10,en,Advaita,24,"We call it death, we call it the destruction of the universe. So this is the idea of creation. existence and destruction in Vedanta in Sanskrit, srishti sthiti pralaya. srishti sthiti pralaya. And the idea in Vedanta is, so not only Vedanta in any religion, God is said to be the cause of creation, the creator in every religion, every theistic religion. So what is the idea of of God in in Vedanta? Brahman with the power of Maya is the cause of the Projection of this universe, its sustenance, and its eventual reabsorption. So from Brahman it emerges, in Brahman it exists, in into Brahman it disappears.",14390,14997,,,108
en_video_10_0025,video_10,en,Advaita,25,"This whole process happens because of Brahman's power called Maya. So this is the idea. Another example would be our life. Every day when we dream, we have an experience of a dream world. The dream world emerges from our mind. And we are ourselves there in the dream world. It's all an experience projected, a virtual reality projected by our minds every night. Now all the people and the things and the events and the places, all of that in the dream world. They were there in seed form in our mind. It's from our subconscious mind, the material.",14998,15545,,,100
en_video_10_0026,video_10,en,Advaita,26,"The mind takes the material and generates a dream world. And when we wake up, what happens? Where does the dream world go? It disappears back into an unmanifest form within the mind, but the seeds are there. We can continue to have similar dreams again. So, this is basically the idea of creation and destruction in Vedanta in Hinduism. There is a technical, yes, hold on to the question. There is a technical word for this. Uh, I have explained it already, but let me introduce the term Satkaryavada. Do come in, there's enough space. Yes, you come and sit.",15546,16104,,,101
en_video_10_0027,video_10,en,Advaita,27,"Satkaryavada literally means pre-existence of the effect in the form of the cause. Now we can understand. Karya means effect. Karana means cause. And the question is, is the effect an entirely new thing or was it existing in some other form earlier? The answer given by this theory, it's a theory of causation. There are other theories of causation also. But this is the theory adopted by many Indian schools including Vedanta. which says that the effect pre-existed in the cause. So, like the if you say the tree pre-existed as a potential in the seed. The pots all pre-existed as possibilities in in clay.",16105,16712,,,106
en_video_10_0028,video_10,en,Advaita,28,"Um, so the universe pre-existed, uh, as a potential in Maya. So this is called Satkaryavada. The effect pre-existing as the cause. Suppose somebody says a beautiful statue is sculpted by a master sculptor. Now, in one sense, it's a creation of that person's genius. But if you look at the material itself, every bit of it is there. One way of thinking of this sculpting is that he just removes the unnecessary parts. So an existing sculpture emerges from the rock or marble or whatever it is. So that's one way of looking at it. This is what he has introduced here.",16713,17278,,,103
en_video_10_0029,video_10,en,Advaita,29,"They were two hands up. Let's quickly deal with the questions. I'll come to you. Um, Swamiji, since we're talking about death, um, why is there a universal fear of death? I mean, Sentient beings are thinking beings. You can understand why they are afraid of the unknown and see other things suffer and so on. But even in animals, you know, even a fly wants to live. Why is, why is this universal? Yes, this is deep and fundamental. I've earlier mentioned that book, The Denial of Death, Ernest Becker. Yes. It is a deep rooted fear. Many people might say, no, no, I'm not afraid of it.",17279,17864,,,109
en_video_10_0030,video_10,en,Advaita,30,"I don't even think about it. Ah, there is the thing, you don't even think about it. Ernst Becker, who was a very well-known psychoanalyst, in his book Denial of Death, he says, it's the dominant fear of of our lives, especially in the later part of our lives, it plays a role and it often plays a subconscious role. It drives us. So and he has a very interesting take on it. Now why are we afraid of it? Well, there are many obvious reasons. We are first of all, we are afraid of, we we expect pain and suffering at the time of death.",17865,18399,,,106
en_video_10_0031,video_10,en,Advaita,31,"Vedanta would say that we have gone through many such deaths in the past. So that impression is there, the terror of that transition is there in our mind. So that's what we expect. Another thing is, Everything coming to an end, who likes that? Every bit of what we are, what we are used to. Father, mother, brother, sister, husband, wife, friends, enemies. Um, everything, our life coming to an end, this body itself, it's going to go. And what's after that? Maybe nothing. or maybe a complete unknown. If I do exist, it's an unknown existence. Or maybe it's a void, it's nothing.",18400,18980,,,105
en_video_10_0032,video_10,en,Advaita,32,"So terror seizes us. In fact, Jung, Carl Jung, he says that one of the causes of psychopathology in Most of my middle-aged patients, the central cause is this unspoken fear of death. He says it expresses itself as a variety of mental maladies. Alright. So, Swamiji, whenever we read Advaitic texts, like let's say Aparikshanukuti. So there when we would giving the example of taking a pot and philosophically like breaking it down to clay. Maybe say that we are going from the pot vision to the clay vision. Yes. The conclusion, the way it was concluded used to be that there was never a pot.",18981,19573,,,107
en_video_10_0033,video_10,en,Advaita,33,"because always actually. And now when we discuss the theory of creation and destruction as per Vedanta, then how do you say that they are like synonymous? Right. So this is a general idea which he's giving. It's not only Advaita Vedanta, Sankhya also accepts it. Now, the special spin put on it by Advaita Vedanta is that when the potter makes a pot out of clay. That's all that Krishna is saying here. From the unmanifest, it becomes manifest as what? As a pot. Earlier, there was no sign of a pot, it was just clay. Now it's clearly apart.",19574,20115,,,101
en_video_10_0034,video_10,en,Advaita,34,"So that is called creation. More precisely, if you want to define it, what is creation according to this particular school of Indian philosophy, Satkaryavada, from cause to effect. Creation is the, um, the manifestation of the effect, that it takes a certain name and form and you can experience it, see it, that is called creation. Now, the special spin that Advaita Vedanta puts on it is, Advaita is asking, when the potter makes a pot, Clay into pot. Has he made something new substance-wise? Is there a new thing? Are there now two things, clay and pot? Can you numerically count them separately?",20116,20716,,,105
en_video_10_0035,video_10,en,Advaita,35,"We say no. Then what is the nature of the pot then? It is clay, and yet it's not clay, something new. So then what is new? Name and form and use. And this name, form and use in Sanskrit, Nama Rupa Vyavahara is called Maya. Right. The difference is this. It is a lot of discussion, they call it the debate between Parinama and Vivarta, real transformation versus apparent transformation. The Sankhya schools and many of the devotional schools of Vedanta, the dualistic schools, they say, actually Brahman has transformed itself, himself or herself into the universe. It's an actual transformation.",20717,21313,,,102
en_video_10_0036,video_10,en,Advaita,36,"And so like milk becomes curd or yogurt, and it's actually transformed. You cannot there say that it's milk appearing as yogurt. If somebody wants a glass of milk and you say, here is a cup of yogurt. And you say, but I wanted milk. Oh, it is milk. Didn't you go to the Vedanta class? It's it's milk with the name and form of yogurt. No, that won't cut the ice, it won't it won't do. It is yogurt. It has actually been transformed into yogurt. But I'll come to that. Uh, but but in the case of what what Vedanta wants to say that the universe is not like that.",21314,21874,,,112
en_video_10_0037,video_10,en,Advaita,37,"It's not an actual transformation of Brahman. It's more like snake and rope. So when the rope is appearing as the snake, it has not actually transformed into the snake. It is the rope. Even when it looks like a snake, when even when we're scared of it, it's still just the rope and there's no snake at all. Only temporarily due to the effect of error, We think that it's ignorance and error. We think it's a snake. We even feel that we saw a snake. So that is called vivarta, apparent transformation. That's what Vedanta wants to say.",21875,22409,,,100
en_video_10_0038,video_10,en,Advaita,38,"And that's why Vedanta wants to say that the pot is nothing more than the clay. But the Sankhya philosopher would say, no, no, the pot is something new. You have, you have done, actually done. That's more closer to our common sense. That's not, that's the way we mostly think that something new has come up. The potter has done something new. Right. Question. Swami Patsiananda from this particular verse he explained it as a mystery and it's something that theologians in all the spectrum of religions like to use when they cannot explain something convincingly. Mystery. Mystery. Yeah, the mystery is coming now.",22410,23024,,,105
en_video_10_0039,video_10,en,Advaita,39,"Next verse is said, it's going to talk about a mystery. Right. Is that what you wanted to say? We are doing 28. The mystery is coming in 29. 29 is all about mystery. Let's read 29 then. We are leading into 29. Let's just hear the questions. I will not answer them now, but let's hear the questions. When you die, doesn't Maya get stayed behind? The what? Universe is in Maya. Maya is not in the universe. Universe is in Maya. Yes. So how do we get in this transaction reactivity? We are constantly doing actions and generating power.",23025,23558,,,101
en_video_10_0040,video_10,en,Advaita,40,"Yes. So how do we get met in religion? Does an unselfish So that's a question, how, what was the word you did you say, how do you get a net neutral, a neutral balance? It's never going to happen that way. Vedanta says the only way you can transcend this is by realizing that you are Brahman and so you go beyond the realm of karma altogether. Swami Vivekananda says good, good, bad, bad and none escape the law, but whosoever wears a form, form means this one, wears the chain too. What's the chain? And a beginningless chain of cause and effect, karma, which has produced this one.",23559,24141,,,110
en_video_10_0041,video_10,en,Advaita,41,"Then what is Vedanta? Far beyond name and form is Atman ever free. Know thou art that Sanyasi bold and say Om Tat Sat Om. If you know yourself as that, you are free. The chain of cause and effect, according to Vedanta, it's also illusory. Knowledge will destroy it completely. Um, Gita also says, all karmas are destroyed by knowledge. So, how karma can be destroyed by knowledge? Only possible. What is it that knowledge can destroy? Ignorance. And the product of ignorance is never real. The snake produced by ignorance is an error, a mistake. There's no real snake there.",24142,24716,,,102
en_video_10_0042,video_10,en,Advaita,42,"The dream, all the things that happened in dream, it's in an ignorance of our deep of our sleep. So they are not real. The solution for the dream problem is waking up. The solution for the snake problem is the knowledge of the rope. Right? The solution for samsara problem is not more karma or better karma, but waking up to our real nature. Having said that, in this transactional world, what do we do then? What are we supposed to do? Waking up is all well and good, but I'm unable to wake up. Now what do I do?",24717,25230,,,101
en_video_10_0043,video_10,en,Advaita,43,"So Krishna will actually talk about that later on. Once this topic is concluded, the very next topic is Karma Yoga. What do we do? These are very powerful forces that we have set in motion. We are not aware of that. What we are right now is the result of all of that. Swami Vivekananda says, karma. What we are today is the net result of all we have done and thought in the past. So what we do now and think now has a tremendous effect on what we are going to experience in lives to come. So how to deal with that, that will come later.",25231,25767,,,109
en_video_10_0044,video_10,en,Advaita,44,"But if you want a straight answer, the real answer, wake up. Wake up to what? Wake up to your real nature, what you are. What is my real nature? That's what we talked about. But it's also a mystery, that's what's going to come now. 29th verse. It's a very mysterious verse. He's summing up the entire teaching, he's characterizing it as a great mystery. If it is so direct, Why don't I experience it? If I am the Atman, why don't I know myself as such? Why do I think I'm a body, mind, a person? If it is everywhere, how come I don't see it anywhere?",25768,26318,,,109
en_video_10_0045,video_10,en,Advaita,45,"If it is all the time, why don't I see it anytime? That is the question. And here's the answer, or no answer, this is the thing. 29th verse. Aashcharyavat pashyati kashchidenam. Aashcharyavat pashyati kashchidenam. Aashcharyavat vadati tathaiva chanya. Aashcharyavat vadati tathaiva chaanya. Aashcharyavat chaina manya shrinoti. Aashcharyavat chainamanya shrinoti shrutvapyenam vedana chaiva kashchet shrutvapyenam vedana chaiva kashchet One sees this self, Atman, as a wonder, mystery, if you want to use the word mystery, as a wonder. Another talks of it as a wonder. Another hears of it as a wonder, as a mystery. And some others, again, even after hearing about it, they don't know it, they don't realize it.",26319,27031,,,112
en_video_10_0046,video_10,en,Advaita,46,"So what does it mean? He's basically talking about the extraordinarily subtle nature of the teaching. So let's go into this verse. What does it mean? And remember, all the time I'm giving you mostly a non-dualistic interpretation. So if you pick up an interpretation of the Gita from a dualistic school, from a Bhakti school, you'll get a different take on it. Alright, the first one. Some see it, some person sees this, this means the Atman as a wonder, as a mystery. Why is it a wonder or a mystery? Pashyati, pashyati means sees, one sees it. The thing is, This Atman, the one which we are trying to understand, our real nature, is not an object of the senses.",27032,27695,,,122
en_video_10_0047,video_10,en,Advaita,47,"It is not something that you can see, not something, though you are using the word see, pashya. Pashya means to see. But not, it also means not just literally see with eyes. It also means get an insight to realize, to come. We use it in English also, getting an insight. We say, oh, I see. That means, oh, I understand. So pashyati, it's not something that you can actually see with your eyes. It's not something that you can hear or smell or taste or touch. It's not also something that one can actually conceive of and come to an understanding with the mind.",27696,28256,,,106
en_video_10_0048,video_10,en,Advaita,48,"In say, teachers say, Indriya, man, buddhi ka vishay nahi hai. It's not an object of the senses, it's not an object for the mind or the intellect, and therefore it's a mystery. Something that I can understand, not a mystery. Something that I can see, hear, smell, taste, touch, not a mystery. But something that is there and yet it's beyond my sensory apparatus, it's beyond my intellectual capacity, then it's a mystery. So some see it as a wonder. Why is it so? This Atman, see, every knowledge in this, in our experience, requires three things: knower, the knowable object, and knowledge.",28257,28848,,,104
en_video_10_0049,video_10,en,Advaita,49,"Gyata, Gneya, Gnana in Sanskrit. The knower, the knowable object, and the knowledge of that object. So it is called Triputi. Triputi means the three, the three, um, three aspects of epistemology. Um, or you can put it this way, the knower and the instrument of knowledge and the object of knowledge. So you are listening to me. You are the knower. My words are something that you know, and you're using your the whole sensory apparatus of your ears and mind to know this. So there are three here. The knower, the known, and the instrument of knowledge, or knowledge itself, whatever you can call it.",28849,29448,,,107
en_video_10_0050,video_10,en,Advaita,50,"So, Tripurti. In the case of Atma, none of these three will work. First of all, it's not an object to be known because why, why is it not an object? because it doesn't exist, huh? Is that true? Why is it not an object? Because then what is it? It's a subject, it's you yourself. It's not a thing that you know, it is you yourself. It is the knower oneself. So, it cannot be an object of knowledge. It is beyond the range of all the instruments of knowledge. So the instruments of knowledge do not work there.",29449,29957,,,100
en_video_10_0051,video_10,en,Advaita,51,"And so one, at least the knower is there, I am there. Yes, it's your very, very self. So you cannot say that you are the knower of that self in the sense of knowing, you know, in the sense in which you see things, hear things, smell things, in the sense in which we memorize things, understand things. In none of these senses are you the knower of the Atman. Even the enlightened person, the person who has become enlightened has realized I am this. Even that person is not a knower in this sense, in the sense we are normally used to.",29958,30493,,,104
en_video_10_0052,video_10,en,Advaita,52,"So, to put it this way, these three, the triputi, knower, known, knowledge, or knower, known, and the instruments of knowledge do not apply here. So, so it's a mystery. Therefore it's a mystery. But then how is it known? Is it completely unknown? No, we don't say that. If it was completely unknown then the book would be of no use. It can be known. But how? Quite apart from all of this, is there any other way of knowing? Is there any other way of seeing it? Is there any other way of realizing it? Yes. The Atman is known by itself.",30494,31029,,,104
en_video_10_0053,video_10,en,Advaita,53,"It knows itself by itself. There's no other way of putting it. It's an entirely unique thing. Nothing else works here. Let me give you an example. In a dark room, there is something in a dark room. Now you take a light and you go there, shine the light upon that object. Maybe it's a book or something. And then you can see the object. An object is necessary, the light is necessary, your eyes are necessary, all of them are necessary to know that. Alright. So there is an object of knowledge which is separate from you, which is not you.",31030,31568,,,103
en_video_10_0054,video_10,en,Advaita,54,"There are instruments of knowledge, the light is a necessary condition, your eyes are a necessary condition, mind has to be alert, all of that, and you the knower, all are necessary. Three are necessary for knowing it. Now suppose you are in that dark room. Um, I ask you, how did you know that there is a book? I saw it. How did you see it? With my own eyes, with the help of the light. Now if I ask you, are you there in that dark room? Yes, I am there. How do you know? With what light, with what eyes do you know?",31569,32086,,,106
en_video_10_0055,video_10,en,Advaita,55,"Suppose there is no light. Now can you say that there is a book? No, I can't say it. Can you say whether you are there or not? Yes, yes, I can say I am there. Shut your eyes in the dark room. No light, no eyes. Close your eyes. Can you now say whether there is a book or not? No. Can you say are you there? Will you say, let me open my eyes first, let me see. No. Let me switch on the light first. No. Let me ask my friend, can you see me? Am I there?",32087,32538,,,101
en_video_10_0056,video_10,en,Advaita,56,"No. You are continuously revealed to yourself without any effort. Even that, so is that Atman? No, even that is not there. That is the reflected consciousness in the mind that points to the real consciousness. That has to be grasped. So this gives an indication of what it means. of knowing oneself by oneself. We do it all the time. Our own existence is revealed to us by itself. Then what is the problem? The problem is this continuous self-revelation that I am doesn't seem to be of much use. In fact, it is the source of all problems for us because it immediately becomes entangled with body, with mind, and all the problems of body and mind.",32539,33185,,,119
en_video_10_0057,video_10,en,Advaita,57,"I am. Immediately it becomes I am sick. Oh. I am cold. Winter solstice. I saw in a computer even in the Google is shivering, it says winter solstice. I am but cold. I am poor, or I am a student and I have to, there's an exam coming up. I'm in tension. All sorts of problems, world problems, body problems, mind problems, relationship problems, the I am is entangled. The pure I am, we have no sense of that. that Vedant is trying to reveal that to us. Vedant is trying to show us that the I am is actually not entangled with with the body mind problems.",33186,33739,,,109
en_video_10_0058,video_10,en,Advaita,58,"The body mind and its problems. Anyway, that's the project. So my point here was If I say, the Atman is, the true self is known by itself, do you get a sense of what is meant by knowing something by itself? It knows itself by itself. This statement, is it making some sense to you when I say the way you know yourself in a dark room where you cannot see anything, hear anything, your eyes are closed, yet you absolutely without any doubt, you know that you are there. That is a, that gives you a sense of what is meant here.",33740,34264,,,104
en_video_10_0059,video_10,en,Advaita,59,"This is said to be this self-knowledge, the knowledge of the self. There's a word they use in Sanskrit, Karana Nirpeksha. Independent of instrument of knowledge. There is knowledge which is dependent on the instruments of knowledge. What we see depends on eyes, what we hear depends on ears. What we think and remember depends on the mind and memory. They are instruments. If you think that if you don't agree, just ask a person whose memory is failing. That person clearly sees that something, I am there, but there's something within me that's failing. It's clearly an instrument. Memory is an instrument, mind is an instrument, intellect is an instrument.",34265,34923,,,111
en_video_10_0060,video_10,en,Advaita,60,"See, I'm not as quick as I used to be. Intellect is an instrument. These are all instruments and they deliver knowledge. They produce, they generate knowledge for us. They operate upon their respective objects. What do I mean respective objects? The eyes operate on form, the ears operate on sound, the tongue on taste and the nose on smell and so on. These are instruments and the knowledge they generate is born of the action of these instruments. Without these instruments, that knowledge will not be generated. That knowledge depends on these instruments. Knowledge depends upon its source. But the self knowledge, the knowledge of the self, Atma Jnana is independent of these instruments.",34924,35617,,,115
en_video_10_0061,video_10,en,Advaita,61,"It may take the help of the instruments. You need all these instruments to come to Vedanta class, to listen to Vedanta class, to even understand and memorize the verses, you need all the instruments. But the realization when it comes, It comes in the Atman by the Atman. You yourself have to intuit yourself. And in a flash you realize this is what I am. Swamiji, on a scale of 110, how difficult is it to get the realization? Just that we are not trying. Is it too difficult or is it 1 to 10? 1 to 10 I can't rank it.",35618,36136,,,103
en_video_10_0062,video_10,en,Advaita,62,"1 to 10 if you if you ask for a ranking, the answer is it's a mystery. But but your the second part you asked is how difficult is it? Is it that we are not trying? It answer is always it depends. How easy is it? It's it's the easiest of all things. It's continuously available to us, it is effortlessly available to us. How easy is it? It's not at all easy. The difficult in terms of the difficulty, the difficulty is generated by us. It's not that the Atman, is there any difficulty in realizing the Atman.",36137,36644,,,100
en_video_10_0063,video_10,en,Advaita,63,"We have generated the difficulty. Now, It is easily available to us if you sincerely seek for it. That's the only answer that I can say. Sri Ramakrishna puts it in bhakti terms, vyakulata, intense desire to know it. A monk once said this, that a sincere seeking must be there. If sincerely, energetically, passionately seek it, you will know it. It's it's all guaranteed, but you'll have to do it. Nobody else can do it for you. Up to the last point people can help you. Vedanta class can help you, the guru can help you, philosophers can help you.",36645,37193,,,101
en_video_10_0064,video_10,en,Advaita,64,"Your own practices with the instruments can help you. Remember, all practices, spiritual practices are done with the instruments. If you want to do good deeds, you need the body. If you want to repeat the name of God, you need the mind and the hands to count, the Japa and all of that. So all of these, you require the instruments, all these practices. They have their effects, but they can't lead you to the ultimate realization. They can get you to the very edge where you realize by yourself. Atman, it says, the Atman reveals itself upon whom it has its grace.",37194,37758,,,104
en_video_10_0065,video_10,en,Advaita,65,"Yamevaesha vrinute tasyesha vivrinute tanum swam, Kathopanishad. It says, Who will realize? That one will realize to whom the Atman reveals itself. Atman means you yourself. You will realize it if you if the true you reveals yourself to yourself. Now, in the Bhakti schools, the interpretation of this is very easy because they will immediately say, Bhagwan, God, whomever God is gracious upon, God reveals himself to that, that being. So it's a direct interpretation, but it's a little difficult for a non-dualist to interpret. It puts Shankaracharya in a spot because it says the Atman reveals, Upanishad just directly says, That.",37759,38391,,,103
en_video_10_0066,video_10,en,Advaita,66,"Is that Atman or God or whatever? That to whomever it is, it reveals itself to that to whomever it chooses. To whomever it chooses, it reveals itself. In terms of God talk, in the talk of theistic religion, it's pretty easy. Whomever God chooses will reveal, whomever God is gracious upon. But in the sense of Atman in a non-dualism, what will you do? Whomever it chooses, whom does it choose? And there Shankaracharya says this exactly what you pointed out. Whom does it choose? Shankaracharya writes in his commentary, it chooses the one who chooses it. The one who seeks it, the one who wants it, the one who chooses it.",38392,39015,,,113
en_video_10_0067,video_10,en,Advaita,67,"Hold on to your questions. Let me finish this verse. Don't forget your questions. So, reveals itself by itself, that's one point. That's why it's a wonder because nothing else is like this. All this, what am I explaining? I'm explaining the first word, wonder, Aashcharyam. Aashcharyam means Wonder, mystery. So I'm all, this while I've been explaining the first word in this verse. Um. Enam, this one. This one means the Atmanam, Dehi, it's called the indweller in the body. We have covered this but it's good to repeat. I'll keep repeating. So many questions are answered by this framework.",39016,39608,,,101
en_video_10_0068,video_10,en,Advaita,68,"What is the framework? What is the Atman? It's the Krishna prefers to call it the indweller in the body, Dehi. Shariri, the one in this body, in the Sharira. We actually have three bodies according to Vedanta. I said no, I have just this one. I can't manage one, now three, just imagine the medical insurance. Don't worry, it's not three physical. physical bodies. You have one physical body, like this one. But within this body, there is what Vedanta calls a subtle body, Sukshma Sharira. And innermost is what is called a causal body, Karana Sharira. In Sanskrit, Sthula Sharira, physical body, Sukshma Sharira, subtle body.",39609,40235,,,108
en_video_10_0069,video_10,en,Advaita,69,"Karana Sharira, causal body. If you want further details, what exactly the physical body we all understand, this one, the one which doctor weighs and examines and pokes and prods, that is the physical body. Um, the subtle body is when we look inside and we find thoughts, feelings, desires, emotions, memories. What we call the person I am, not accessible to the doctor. Not accessible to your physician. No. Isn't it, sir? Which instrument can discover your, your whether you prefer cappuccino or latte? Which instrument? They can at the most scan some parts of your brain and find some corresponding neuronal activity, but your desire itself, your thoughts, your beliefs, the actual first person experience you're having, which instrument?",40236,40977,,,121
en_video_10_0070,video_10,en,Advaita,70,"Nothing. At the most they can go to the brain and see some activity there. So that subtle bodies is the thoughts, feelings, emotions, ideas, what we feel inside, that is the subtle body. If you go beyond that, beyond that means in your inner experience, you will hit a blank wall. Nothing. What else is there beyond that? If you dismiss the physical body, suppose you have no sensation of the body, you hear nothing, see nothing, smell nothing, taste nothing, touch nothing. You remember nothing, you do not talk internally, you do not desire anything, hate anything. I do not, uh, I'm not trying to understand anything, look for anything.",40978,41617,,,112
en_video_10_0071,video_10,en,Advaita,71,"Stop. It's a blankness. That blankness is called the causal body. The Atman is beyond, it helps to think of it as encased, though it's not encased in that sense, but it's it's a first step. Think of it as other than the real I is not this body, is not even the person. That's a big step. Most of us are sort of irrevocably committed to the idea that I am a person in a body. Not even the person. Not even the blankness which ensues when you dismiss the person intellectually. Beyond that is the Atman. That's what Krishna is trying to point out.",41618,42163,,,106
en_video_10_0072,video_10,en,Advaita,72,"So these three bodies. Further detail, if you want further detail. The physical body, sthula shareera, is composed of, is what is called the Annamaya Kosha. The made of the food and drink that we have eaten, converted into physical body. The subtle body has three components. Mano Pranamaya Kosha, Manomaya Kosha, Vijnanamaya Kosha. The vital sheath, the mental sheath, and the sheath of the intellect. That is the subtle body. And the causal body is called Anandamaya Kosha, the the sheath of bliss. Why we will not go into it today. If you want further detail, go further into and see, you know, turn up the resolution of the microscope.",42164,42803,,,111
en_video_10_0073,video_10,en,Advaita,73,"What are these, the subtle body, what is it made of further? Physical body we know, the doctors have tremendous knowledge of the physical body, down to cellular and intracellular level. The subtle body if you look, Pranamaya Kosha, Manomaya Kosha, Vijnanamaya Kosha. Further if you look closer, it reveals itself as 19 parts. So in Vedanta, 19 parts the way Vedanta understands it. Um, the five sense organs, the five, not the physical part of it, the powers, activities, the functions of those organs. Five sense organs, the five motor organs, the five pranas, they call Pancha Prana, the vital activity, the physiological prana.",42804,43434,,,105
en_video_10_0074,video_10,en,Advaita,74,"Five pranas and mana, buddhi, chitta, ahankara, mind, intellect, memory, and ego. 19 parts, 5 + 5 + 5 + 4. This, these are the three bodies and when what am I trying to explain here? The word 'enam' means this. This what? This self. This self is not any of these. It is the dweller in this three body system. This triple body system apart from physical body, apart from subtle body, apart from causal body, there is a reality. The witness consciousness, that is the Atman. Hence, hence it's a mystery. We're still explaining the first word, mystery.",43435,43984,,,100
en_video_10_0075,video_10,en,Advaita,75,"Why is it a mystery? There are any number of mysteries in the physical body. We're still plumbing the complexity and the marvel of the physical body. The mysteries become even more difficult in the subtle body. And causal body beyond our thinking. We don't even, it's not even in ordinary discourse. But Atman is beyond that, hence a mystery. So who can realize it? He says, kashchit. A rare one, a rare one. Who is that rare one? Here it refers to the qualified seeker. So Vedanta has a system, a list of qualities which are required. Do you remember them?",43985,44542,,,102
en_video_10_0076,video_10,en,Advaita,76,"The fourfold qualification? Viveka, the analysis between the eternal and non-eternal, Vairagya, dispassion for the non-eternal, the sixfold treasure. Calmness of mind, Shama, control of the senses, Dama, Titiksha, spiritual forbearance, Uparati, withdrawal from messing around with the world too much, then Samadhana, settling down in our Vedantic pursuit and Shraddha. affirmed faith that there is something in this, I I will realize it. So sixfold treasure and finally the fourth one, Mumukshutvam, an intense desire for freedom. So we must have plenty of fuel in all of these four engines to propel us to this realization. Now he says kashchit, only a rare one has all these qualities.",44543,45231,,,109
en_video_10_0077,video_10,en,Advaita,77,"That's why it becomes difficult. Don't be discouraged. We all have it to some extent. You all have it to some extent, otherwise you won't be sitting here today on a Friday evening. Why waste a perfect Friday evening, you know, before a weekend in Manhattan, that too, and come and listen to a 5000 year old philosophy because there's a spiritual inquiry, because there's a spiritual thirst. When these qualifications are rattled off, people tend to get rattled. Maybe it's not for me. Maybe I'm never going to do it. Somebody asked Ramana Maharshi. You know, he of the who am I fame?",45232,45815,,,104
en_video_10_0078,video_10,en,Advaita,78,"Somebody asked, am I qualified to realize this truth? Because if you look at all this, you feel discouraged. Am I qualified to realize, become enlightened? Am I qualified? And Raman Maharshi said, did you say I? Because the method is the whole project is who am I. If you say I, you are qualified because you have an I to investigate. You are qualified. So we are all, we have all got an I to, we have the self. We are that. After all, we are that. Of course, we are qualified. But we have to work on it.",45816,46320,,,100
en_video_10_0079,video_10,en,Advaita,79,"Okay. Next comes another mystery. Aashcharyavat vadati tate vachanya. Another one teaches it, it's a mystery. To see it itself, to realize itself, it's a mystery, to teach it is another mystery. Why is it a mystery? Almost run out of time. This this verse is a mysterious verse. Why why is it a mystery to teach it? Anya means the other, other here means the the teacher. The teacher, for the teacher this has a special problem because it is beyond language. Beyond conception, that which is beyond language, how can you speak it? Vadati means speaks. Teaches Vedanta, teaches about the Atman.",46321,46914,,,104
en_video_10_0080,video_10,en,Advaita,80,"Krishna is teaching Arjuna with what? With words. What is the vehicle of teaching? What is the vehicle of communication? Words. language, and yet you have clearly defined the Atman as something beyond words, then how do you do it? Mystery. In the Keno Upanishad, there is a beautiful point where the teacher is about to teach. The student has gone to the teacher. Na vidmo na vijanimo yataitad anushishyat. The teacher says, we do not know. It is it we we do not know it. The Atman you are seeking. The teacher says we do not know it, nor do we know how to teach it.",46915,47481,,,107
en_video_10_0081,video_10,en,Advaita,81,"Can you teach us enlightenment about the self, self knowledge of Vedanta? The teacher says we do not know how it can be taught. Well, at least you are enlightened, right? Am I wrong on that count? He says, you know it, right? Teacher says, we do not know it also. Before the student gets up and storms out, having wasted an afternoon maybe going to the teacher, teacher says, hold on. Um, there is a way, and it's a way taught to us by our, by the ancient masters, by which the lineage of masters have attained enlightenment age after age.",47482,48021,,,102
en_video_10_0082,video_10,en,Advaita,82,"I can try it on you and see if it works. And the language there in the is, um, Navayani mo yatetad anushishyad. Iti shushruma purvesham yanastadvichakshire. Hence we have heard from the ancient ones who have taught us in this way. What is the way? Let me try it. Hold on to the question, let me try it. We can try it right now, see if it works on you. It can't be expressed, it can't be known. Now you know why it cannot be known. We already discussed it. It cannot be known as an object. But you you can lead a person to enlightenment.",48022,48558,,,107
en_video_10_0083,video_10,en,Advaita,83,"Let's try it. How? The Kenopanishad teacher says, this is how we were taught by ancient ones, it worked for us. Let's see if it works for you. Alright, what is it? Anyadeva tadviditad atho aviditadadhi. You want to know the Atman, yes. It is other than that Atman is other than anything that you know. Whatever you know, you know all of us we know something. Whatever we know, what we have read, heard, tasted, touched, smelled, what we have conceived of, what we whatever we know in life till today. It's not the Atman. Oh, so it's an unknown.",48559,49103,,,101
en_video_10_0084,video_10,en,Advaita,84,"It is beyond all that is unknown also. Whatever remains for you to know, whatever is in the universe which you do not know. See, it cleanly divides into two things, mutually exclusive sets at this moment. One is something that you know, all that you know. You can put it all that you believe, know, hear, everything. And there is a huge circle. I think it's Einstein who said that the sea of the unknown, you know, it's like a little island that we know and it's surrounded by vast sea of unknown. So it's a vast sea of unknown.",49104,49632,,,101
en_video_10_0085,video_10,en,Advaita,85,"Atman is not what you know and that unknown thing. Atman is not there also. It's not an unknown thing, it's not a known thing. Then what is it? What is the only thing that is not known, not unknown? I'll let me make it even more clear. All things in this universe can be divided into two for each of us. Things you know, things you do not know. What is the one, one reality which does not fall in the things you know and the things that you do not know? You, the knower. The knower. Among the knowables, there are two kinds, the known and the unknown, right now for you, for every one of us.",49633,50224,,,119
en_video_10_0086,video_10,en,Advaita,86,"But apart from the known, apart from the unknown, there is the knower. Did it work? Are you enlightened? You are laughing. If you're not enlightened, then we need further detail. Could you, could you explain it to us a little further? It sounds interesting. 18 chapters, Bhagavad Gita. 700 verses. Yes, question. Yes. Yes. So Dakshinamurti Stotram talks about, it's a beautiful hymn composed by Adi Shankaracharya. Dakshinamurti is the south facing Shiva. The the iconography is Shiva as teacher, one who teaches Brahma Gyan or the knowledge of Atman, enlightenment and faces south and has this posture. This this is called a Mudra.",50225,50857,,,105
en_video_10_0087,video_10,en,Advaita,87,"Chin Mudra. You know what is Chin Mudra? Now you can understand. These three, these three are the three bodies: physical body, subtle body, causal body. Three bodies. This is the Atman. This is the I. Instead of identifying with these three, you take it and identify it with the Atman. That is enlightenment. Chin Mudra. Chin Mudra. Chin means consciousness. Actually, it's exactly the process is embodied in this. This is the whole teaching. It's very interesting also. It's something that is common to all human beings and some of the higher apes. It is called the opposable thumb.",50858,51441,,,100
en_video_10_0088,video_10,en,Advaita,88,"It enables civilization to, because of this, we have civilization actually. There are animals who can't do this. They have paws like this. Only human beings and some other creatures are there. This enables us to use tools, opposable thumb. Also another thing you will notice. Anybody in the world who need, need not, science of mudras is a vast thing. Anybody in the world who does not even know this. Anybody who's trying to convey something to others, I have I have something interesting to tell you. It's and convey not in the sense of gossip. Convey in the sense of an of a of a subtle idea or realization, an insight.",51442,52064,,,113
en_video_10_0089,video_10,en,Advaita,89,"They will do this. Have you noticed? You'll notice? This is what I want to tell you. They do this automatically. It doesn't have to be a Vedanta or Dakshinavati or anything like that. It's something psychological. So these, these, it's a different subject. It's a vast subject called Mudras. Mudras means the way you place your hands and the fingers, the different postures, and they have meanings, symbolic meanings, and they have effect on your mind. So when you meditate, we put our hands like this. Chin mudra upside down like this. There are other mudras, this is one mudra.",52065,52644,,,101
en_video_10_0090,video_10,en,Advaita,90,"This is one mudra. And there are, you use them in pujas, they have immediate effect on the mind. This is one mudra. This is another mudra. So all of these are different mudras. Um, and they have different meanings and they're different effects on the person who does it. And this was a very ancient, um, I would say a science in itself, of which we only have the vestiges left. Alright. Yes, quickly. Ramakrishna, what was the prime legacy? spiritual document that he spiritual document? Yeah, yeah, for his own like for his own spiritual. Spiritual document in the sense book.",52645,53222,,,103
en_video_10_0091,video_10,en,Advaita,91,"He, well if you look at the Gospel of Sri Ramakrishna Kathamrita, you will find he refers to Gita. He, he recommends the Gita strongly. In Bengali he says Gita khub boi Gita purbe. Gita is a very good book, read the Gita. He speaks very favorably about Adhyatma Ramayana. And about Vedantic scriptures, whenever they were mentioned, he would actually fold his hands and bow his head about the Upanishads and the Gita too also. Vedas, any Vedic hymn was chanted. Many other scriptures come into the story of Sri Ramakrishna. For example, some Bhakti texts are there, Bhagavat is mentioned, then Ashtavakra is something that he valued.",53223,53856,,,109
en_video_10_0092,video_10,en,Advaita,92,"It was a very radical non-dualistic text. Also remember, he was not particularly textual himself. He was critical of Pandits who, um, who were masters of the text and yet were not enlightened. We're going to come to that now. Uh, why after all of this you're still not enlightened, we'll see. So these are some of the texts which come up in the story of Sri Ramakrishna. Now, the question remains, so it cannot be expressed by speech and why cannot not, can it not be today? I'll just leave you with this. Why can it not be expressed by speech and how do the teachers manage to teach it, which makes it a wonder?",53857,54469,,,116
en_video_10_0093,video_10,en,Advaita,93,"Why it cannot be expressed by speech? Um, that I have a talk. You should look up on YouTube, uh, paradox of language. Advaita Vedanta and the paradox of language. This Atman, Brahman, why is it beyond language? And if it is beyond language, then how do you express it through language? Because Gita is language, Upanishads are language, all the texts are language. So there are strategies which are involved. If you're interested, I can take it up next time and alright, we could spend some time on it next time also. Let me complete the verse, we'll revert back to that point next time before we go ahead.",54470,55076,,,110
en_video_10_0094,video_10,en,Advaita,94,"Um, so that makes it a mystery because everything else can be expressed by language, this cannot be expressed by language, and yet the teacher has to express it by language, hence a mystery. Another point, the teacher also has to be extraordinary. The qualifications of the teacher, I'll just mention it here. Upanishads say, Shrotriya akamahata brahmanishta. Shrotriya means well versed in Vedanta. Akamahata means literally not, not damaged or injured by desire. That the teacher must not have any kind of worldly desire. Yes, teacher has a desire that you become enlightened, that's all right. But the teacher should not have any other worldly expectation from a student.",55077,55751,,,110
en_video_10_0095,video_10,en,Advaita,95,"You hear you are making donations, but the traditional Vedanta school in ancient times, it's the teacher who had to pay for you. So actually I should pay for you to stay stuck. study, all your stay and study and everything is free. So you stay and and when after you're finished, then when you leave, then you you give something for the it's called Guru Dakshina. So that was the idea. Guru Dakshina means an offering to the teacher. And that's why these ashrams were maintained by donations from kings and all. And in those days Vedanti teachers had the same problem today, looking for donations and grants because we find one of the greatest discussions on Vedanta in the Brihadaranyaka Upanishad where Yajnavalkya, the great master of Vedanta goes to the emperor, the king.",55752,56528,,,136
en_video_10_0096,video_10,en,Advaita,96,"Janaka. And the king says, have you come for donations, which means he had been coming pretty often for donations. Literally says for cows, in those days cows were the wealth. Have you come for cows or do you want to have a discussion on philosophy? And Yagyavalkya says, both. One of, uh, and there's a discussion. It's a fantastic piece, Brihadaranyaka Upanishad, one of the most ancient, the most ancient available Upanishad, and an extraordinary discussion. One of our Swamis in New Delhi is going with the file to a central government office there to get grants for the Ashram.",56529,57111,,,101
en_video_10_0097,video_10,en,Advaita,97,"And the officer to whom he had gone approached, Swami. Um, have you come for money or for discussion about Brahman? And Swami says both. And then he came and told us the story. Do you want to discuss philosophy or have you come here for money? Actually, the officer said, Swami, the money we will give you, talk about something good for a change, not just how much money you need. So that was the discussion. So the teacher, Akamahata, should not have any worldly desire. And finally, Brahmanishta must be established in Brahman. Best is if the teacher is enlightened.",57112,57680,,,102
en_video_10_0098,video_10,en,Advaita,98,"But how do you know if the teacher is enlightened? How many enlightened teachers will you get? So established in Brahman means the one who who is whose life is dedicated to Brahman, not a part-time Vedanta teacher. At the very least, this person must be, must be a serious seeker of Brahman, completely dedicated to the, to cultivating Vedanta and seeking enlightenment. So Brahmanishta means established in Brahman. In the Sanskrit word Nishtha, in Indian languages also it's there. So these are the three qualifications of the teacher. That is what is meant by the teacher is also unique.",57681,58271,,,100
en_video_10_0099,video_10,en,Advaita,99,"The student has the qualifications, you remember fourfold qualification and the teacher also has these qualifications. I'll end with a story, so we couldn't complete this verse. We'll do it next time. Uh, I'll end with a story of how Latu Maharaj, Swami Adbhutananda, who had no formal education to speak of, is called one of the miracles of Sri Ramakrishna. He attained enlightenment, Brahma Jnana. Now, he saw his brother monks, Vivekananda and others, studying Vedanta. Studying philosophy, Vedanta, history, so many things. And Latu Marat said, why all this? This is not necessary for enlightenment. Our master showed us the direct path to enlightenment.",58272,58930,,,106
en_video_10_0100,video_10,en,Advaita,100,"All this study, so many books, not necessary. And then he himself says later on. That is true, you all need it because you are going to be teachers of of of humanity. So as teachers, you need all of this. Sri Ramakrishna used to say, rather gruesome example, to kill yourself, don't. To to to kill yourself, you just one needs just a nail, a nail. But to to fight with the enemy, you need a sword and a shield. What he meant by that is, self-realization just for yourself is not so difficult. Um, simple teachings are enough.",58931,59456,,,100
en_video_10_0101,video_10,en,Advaita,101,"I mean the teacher says other than the known, other than the unknown, enough. If you follow that up, Ramana Maharshi says who am I? Follow that up, it's enough. But if you have to convey this teaching to others and many others of different temperaments, different backgrounds, so you need a wide range of learning and a command over these this philosophy and different philosophies. So the teacher is also unique, the one who teaches this mystery. Om shanti shanti shantihi Hari Om. Tat Sat Shri Ram Krishna Rupanamastu",59457,59976,,,90
